scenario,circo,dept,commune_ancre,inscrits,bureaux,pred_G,pred_CD,pred_ED,pred_AB,ic90_G,ic90_CD,ic90_ED,pred_AU,ic90_AU,part_radicale,gauche_meilleur_pole,gauche_qualifiee,marge_t2,adversaire,score,score_label,vainqueur,couverture_2024,couverture_source,fiabilite
union,01-01,01,Bourg-En-Bresse,86843,114,21.7,33.7,44.1,45.5,7.6,9.7,6.0,0.3,3.3,1.0,21.7,0,,ED,5,quasi impossible,ED,100.0,mesure,mesuree
union,01-02,01,Miribel,99770,105,21.6,32.2,46.4,45.4,7.6,9.7,6.0,0.0,3.3,1.0,21.6,0,,ED,5,quasi impossible,ED,100.0,mesure,mesuree
union,01-03,01,Valserhône,84130,110,24.6,36.9,36.4,50.0,7.6,9.7,6.0,2.0,3.3,1.0,24.6,0,,CD,5,quasi impossible,CD,100.0,mesure,mesuree
union,01-04,01,Bourg-En-Bresse,94415,116,18.6,31.6,50.1,47.1,7.6,9.7,6.0,0.0,3.3,1.0,18.6,0,,ED,5,quasi impossible,ED,100.0,mesure,mesuree
union,01-05,01,Oyonnax,77526,138,22.0,33.3,43.6,48.0,7.6,9.7,6.0,1.1,3.3,1.0,22.0,0,,ED,5,quasi impossible,ED,100.0,mesure,mesuree
union,02-01,02,Laon,72024,224,15.9,25.8,57.3,50.0,7.6,9.7,6.0,0.9,3.3,1.0,15.9,0,,ED,5,quasi impossible,ED,100.0,mesure,mesuree
union,02-02,02,Saint-Quentin,73165,138,13.3,35.6,50.6,51.1,7.6,9.7,6.0,0.4,3.3,1.0,13.3,0,,ED,5,quasi impossible,ED,100.0,mesure,mesuree
union,02-03,02,Hirson,65988,203,41.2,0.1,58.5,52.3,7.6,9.7,6.0,0.2,3.3,1.0,41.2,1,-17.2,ED,4,difficile,ED,100.0,mesure,mesuree
union,02-04,02,Soissons,78549,143,18.0,23.3,58.1,54.4,7.6,9.7,6.0,0.6,3.3,1.0,18.0,0,,ED,5,quasi impossible,ED,100.0,mesure,mesuree
union,02-05,02,Château-Thierry,82511,263,16.8,25.8,56.8,50.3,7.6,9.7,6.0,0.6,3.3,1.0,16.8,0,,ED,5,quasi impossible,ED,100.0,mesure,mesuree
union,03-01,03,Moulins,88547,172,31.3,25.0,43.8,44.8,7.6,9.7,6.0,0.0,3.3,1.0,31.3,1,-3.8,ED,3,disputé,ED,100.0,mesure,mesuree
union,03-02,03,Montluçon,79877,145,27.0,31.1,40.7,44.6,7.6,9.7,6.0,1.1,3.3,1.0,27.0,1,-2.9,ED,3,disputé,ED,100.0,mesure,mesuree
union,03-03,03,Vichy,80068,131,19.8,36.8,42.4,44.6,7.6,9.7,6.0,1.0,3.3,1.0,19.8,0,,ED,5,quasi impossible,CD,100.0,mesure,mesuree
union,04-01,04,Digne-Les-Bains,58004,132,27.9,19.2,51.1,44.0,7.6,9.7,6.0,1.8,3.3,1.0,27.9,1,-19.4,ED,4,difficile,ED,100.0,mesure,mesuree
union,04-02,04,Manosque,62568,131,31.1,21.2,46.1,44.4,7.6,9.7,6.0,1.5,3.3,1.0,31.1,1,-10.8,ED,4,difficile,ED,100.0,mesure,mesuree
union,05-01,05,Gap,59179,110,29.5,26.0,42.9,43.6,7.6,9.7,6.0,1.5,3.3,1.0,29.5,1,-4.3,ED,3,disputé,ED,100.0,mesure,mesuree
union,05-02,05,Briançon,54517,97,32.9,26.0,37.7,41.0,7.6,9.7,6.0,3.1,3.3,1.0,32.9,1,4.3,ED,2,jouable,G,100.0,mesure,mesuree
union,06-01,06,Nice,81347,94,27.4,33.7,36.6,50.6,7.6,9.7,6.0,2.5,3.3,1.0,27.4,1,2.6,ED,2,jouable,CD,100.0,mesure,mesuree
union,06-02,06,Grasse,87215,144,20.3,26.8,51.3,49.0,7.6,9.7,6.0,1.7,3.3,1.0,20.3,0,,ED,5,quasi impossible,ED,100.0,mesure,mesuree
union,06-03,06,Nice,91724,108,29.7,23.9,45.4,52.1,7.6,9.7,6.0,1.1,3.3,1.0,29.7,1,-10.9,ED,4,difficile,ED,100.0,mesure,mesuree
union,06-04,06,Menton,85660,122,16.8,23.0,58.7,51.1,7.6,9.7,6.0,1.7,3.3,1.0,16.8,0,,ED,5,quasi impossible,ED,100.0,mesure,mesuree
union,06-05,06,Nice,89884,122,25.6,23.2,47.4,49.7,7.6,9.7,6.0,3.9,3.3,1.0,25.6,1,-17.2,ED,4,difficile,ED,100.0,mesure,mesuree
union,06-06,06,Cagnes-Sur-Mer,80186,94,15.2,30.5,53.7,48.0,7.6,9.7,6.0,0.8,3.3,1.0,15.2,0,,ED,5,quasi impossible,ED,100.0,mesure,mesuree
union,06-07,06,Antibes,96284,116,17.3,39.8,41.7,46.1,7.6,9.7,6.0,1.4,3.3,1.0,17.3,0,,ED,5,quasi impossible,CD,100.0,mesure,mesuree
union,06-08,06,Cannes,84414,94,13.0,38.9,46.0,50.8,7.6,9.7,6.0,2.4,3.3,1.0,13.0,0,,ED,5,quasi impossible,ED,100.0,mesure,mesuree
union,06-09,06,Le Cannet,82386,88,17.1,34.2,46.6,49.1,7.6,9.7,6.0,2.3,3.3,1.0,17.1,0,,ED,5,quasi impossible,ED,100.0,mesure,mesuree
union,07-01,07,Le Teil,78947,128,38.1,14.9,45.9,45.4,7.6,9.7,6.0,1.0,3.3,1.0,38.1,1,-4.8,ED,3,disputé,ED,100.0,mesure,mesuree
union,07-02,07,Annonay,97138,136,22.8,34.3,40.4,42.2,7.6,9.7,6.0,2.4,3.3,1.0,22.8,1,-5.6,ED,3,disputé,CD,100.0,mesure,mesuree
union,07-03,07,Aubenas,81022,175,31.3,29.7,37.3,39.5,7.6,9.7,6.0,1.5,3.3,1.0,31.3,1,4.4,ED,2,jouable,G,100.0,mesure,mesuree
union,08-01,08,Charleville-Mézières,70664,226,18.2,30.6,50.9,49.4,7.6,9.7,6.0,0.2,3.3,1.0,18.2,0,,ED,5,quasi impossible,ED,100.0,mesure,mesuree
union,08-02,08,Charleville-Mézières,60281,108,16.0,39.6,43.1,52.1,7.6,9.7,6.0,1.1,3.3,1.0,16.0,0,,ED,5,quasi impossible,CD,100.0,mesure,mesuree
union,08-03,08,Sedan,54387,223,9.6,43.8,45.6,48.1,7.6,9.7,6.0,0.8,3.3,1.0,9.6,0,,ED,5,quasi impossible,CD,100.0,mesure,mesuree
union,09-01,09,Foix,57416,211,53.7,0.0,45.2,42.4,7.6,9.7,6.0,1.8,3.3,1.0,53.7,1,8.6,ED,1,victoire facile,G,100.0,mesure,mesuree
union,09-02,09,Pamiers,62051,165,51.2,1.6,45.4,44.2,7.6,9.7,6.0,1.8,3.3,1.0,51.2,1,6.1,ED,2,jouable,G,100.0,mesure,mesuree
union,10-01,10,Troyes,63973,238,10.5,31.3,57.7,47.4,7.6,9.7,6.0,0.5,3.3,1.0,10.5,0,,ED,5,quasi impossible,ED,100.0,mesure,mesuree
union,10-02,10,Troyes,73976,182,14.0,36.2,49.3,46.4,7.6,9.7,6.0,0.4,3.3,1.0,14.0,0,,ED,5,quasi impossible,ED,100.0,mesure,mesuree
union,10-03,10,Troyes,65463,114,23.4,26.8,49.5,50.9,7.6,9.7,6.0,0.3,3.3,1.0,23.4,0,,ED,5,quasi impossible,ED,100.0,mesure,mesuree
union,11-01,11,Carcassonne,97086,166,28.7,15.3,55.6,46.7,7.6,9.7,6.0,0.5,3.3,1.0,28.7,1,-23.8,ED,4,difficile,ED,100.0,mesure,mesuree
union,11-02,11,Narbonne,90860,99,26.0,20.5,52.5,48.2,7.6,9.7,6.0,1.1,3.3,1.0,26.0,1,-22.4,ED,4,difficile,ED,100.0,mesure,mesuree
union,11-03,11,Castelnaudary,88789,320,33.0,15.0,51.1,41.9,7.6,9.7,6.0,0.9,3.3,1.0,33.0,1,-15.0,ED,4,difficile,ED,100.0,mesure,mesuree
union,12-01,12,Rodez,77598,136,19.9,43.8,35.2,39.9,7.6,9.7,6.0,1.1,3.3,1.0,19.9,0,,CD,5,quasi impossible,CD,100.0,mesure,mesuree
union,12-02,12,Villefranche-De-Rouergue,68217,132,34.7,27.4,36.1,38.8,7.6,9.7,6.0,1.7,3.3,1.0,34.7,1,8.2,ED,2,jouable,G,100.0,mesure,mesuree
union,12-03,12,Millau,72271,158,28.5,32.1,38.6,40.1,7.6,9.7,6.0,0.7,3.3,1.0,28.5,1,1.1,ED,2,jouable,CD,100.0,mesure,mesuree
union,13-01,13,Marseille,81211,72,26.3,22.3,51.2,53.2,7.6,9.7,6.0,0.4,3.3,1.0,26.3,1,-20.5,ED,4,difficile,ED,100.0,mesure,mesuree
union,13-02,13,Marseille,83554,77,27.5,32.4,40.3,46.6,7.6,9.7,6.0,0.1,3.3,1.0,27.5,1,-1.5,ED,3,disputé,CD,100.0,mesure,mesuree
union,13-03,13,Marseille,73955,67,34.6,13.7,51.6,58.4,7.6,9.7,6.0,0.4,3.3,1.0,34.6,1,-14.2,ED,4,difficile,ED,100.0,mesure,mesuree
union,13-04,13,Marseille,64567,60,66.3,5.5,25.6,56.4,7.6,9.7,6.0,2.8,3.3,1.0,66.3,1,41.8,ED,1,victoire facile,G,100.0,mesure,mesuree
union,13-05,13,Marseille,74450,67,46.2,17.7,35.6,49.6,7.6,9.7,6.0,0.7,3.3,1.0,46.2,1,14.1,ED,1,victoire facile,G,100.0,mesure,mesuree
union,13-06,13,Marseille,76852,74,26.0,27.4,46.0,53.2,7.6,9.7,6.0,0.8,3.3,1.0,26.0,0,,ED,5,quasi impossible,ED,100.0,mesure,mesuree
union,13-07,13,Marseille,67165,64,54.4,3.9,37.4,66.2,7.6,9.7,6.0,4.6,3.3,1.0,54.4,1,17.7,ED,1,victoire facile,G,100.0,mesure,mesuree
union,13-08,13,Salon-De-Provence,102899,104,19.8,30.2,49.1,48.5,7.6,9.7,6.0,0.9,3.3,1.0,19.8,0,,ED,5,quasi impossible,ED,100.0,mesure,mesuree
union,13-09,13,Aubagne,99711,101,23.7,25.6,50.1,49.8,7.6,9.7,6.0,0.8,3.3,1.0,23.7,0,,ED,5,quasi impossible,ED,100.0,mesure,mesuree
union,13-10,13,Allauch,109874,115,21.7,24.0,54.3,46.6,7.6,9.7,6.0,0.2,3.3,1.0,21.7,0,,ED,5,quasi impossible,ED,100.0,mesure,mesuree
union,13-11,13,Aix-En-Provence,91371,93,25.9,28.0,45.7,48.1,7.6,9.7,6.0,0.6,3.3,1.0,25.9,1,-10.0,ED,4,difficile,ED,100.0,mesure,mesuree
union,13-12,13,Vitrolles,95365,96,21.5,18.3,60.4,54.3,7.6,9.7,6.0,0.0,3.3,1.0,21.5,1,-35.3,ED,4,difficile,ED,100.0,mesure,mesuree
union,13-13,13,Martigues,93211,95,36.7,8.8,53.5,53.5,7.6,9.7,6.0,1.1,3.3,1.0,36.7,1,-15.1,ED,4,difficile,ED,100.0,mesure,mesuree
union,13-14,13,Aix-En-Provence,99168,102,29.7,30.8,38.5,45.5,7.6,9.7,6.0,1.0,3.3,1.0,29.7,1,2.0,ED,2,jouable,CD,100.0,mesure,mesuree
union,13-15,13,Châteaurenard,104600,109,18.7,25.8,55.3,47.0,7.6,9.7,6.0,0.2,3.3,1.0,18.7,0,,ED,5,quasi impossible,ED,100.0,mesure,mesuree
union,13-16,13,Arles,91684,95,28.5,16.0,56.3,51.9,7.6,9.7,6.0,0.0,3.3,1.0,28.5,1,-24.6,ED,4,difficile,ED,100.0,mesure,mesuree
union,14-01,14,Caen,73296,84,35.8,35.8,28.6,41.5,7.6,9.7,6.0,0.0,3.3,1.0,35.8,1,-8.6,CD,4,difficile,G,100.0,mesure,mesuree
union,14-02,14,Caen,68236,81,42.7,23.6,33.2,46.5,7.6,9.7,6.0,0.4,3.3,1.0,42.7,1,17.8,ED,1,victoire facile,G,100.0,mesure,mesuree
union,14-03,14,Lisieux,79965,187,18.3,33.8,47.7,47.5,7.6,9.7,6.0,0.1,3.3,1.0,18.3,0,,ED,5,quasi impossible,ED,100.0,mesure,mesuree
union,14-04,14,Ouistreham,104874,171,18.8,39.0,40.7,44.0,7.6,9.7,6.0,1.5,3.3,1.0,18.8,0,,ED,5,quasi impossible,CD,100.0,mesure,mesuree
union,14-05,14,Bayeux,91224,188,23.2,36.5,39.8,41.8,7.6,9.7,6.0,0.5,3.3,1.0,23.2,1,-3.9,ED,3,disputé,CD,100.0,mesure,mesuree
union,14-06,14,Vire Normandie,96333,210,22.8,33.6,42.4,44.1,7.6,9.7,6.0,1.0,3.3,1.0,22.8,1,-7.8,ED,3,disputé,ED,100.0,mesure,mesuree
union,15-01,15,Aurillac,62314,117,18.1,46.3,34.1,40.6,7.6,9.7,6.0,1.4,3.3,1.0,18.1,0,,CD,5,quasi impossible,CD,100.0,mesure,mesuree
union,15-02,15,Saint-Flour,52310,176,11.2,50.7,36.3,40.3,7.6,9.7,6.0,1.8,3.3,1.0,11.2,0,,CD,5,quasi impossible,CD,100.0,mesure,mesuree
union,16-01,16,Angoulême,84158,101,35.7,26.7,37.4,46.5,7.6,9.7,6.0,0.0,3.3,1.0,35.7,1,7.6,ED,2,jouable,G,100.0,mesure,mesuree
union,16-02,16,Cognac,81709,183,21.6,32.2,45.2,45.6,7.6,9.7,6.0,1.0,3.3,1.0,21.6,0,,ED,5,quasi impossible,ED,100.0,mesure,mesuree
union,16-03,16,Brie,89903,223,29.2,21.8,46.8,43.6,7.6,9.7,6.0,2.1,3.3,1.0,29.2,1,-13.2,ED,4,difficile,ED,100.0,mesure,mesuree
union,17-01,17,La Rochelle,111882,123,69.4,0.0,30.9,46.6,7.6,9.7,6.0,1.0,3.3,1.0,69.4,1,38.6,ED,1,victoire facile,G,100.0,mesure,mesuree
union,17-02,17,Rochefort,111788,133,27.0,30.9,41.1,45.4,7.6,9.7,6.0,0.8,3.3,1.0,27.0,1,-3.3,ED,3,disputé,ED,100.0,mesure,mesuree
union,17-03,17,Saintes,83726,178,29.5,24.0,45.4,45.5,7.6,9.7,6.0,1.0,3.3,1.0,29.5,1,-7.5,ED,3,disputé,ED,100.0,mesure,mesuree
union,17-04,17,Royan,94544,200,15.2,33.9,49.3,45.2,7.6,9.7,6.0,1.6,3.3,1.0,15.2,0,,ED,5,quasi impossible,ED,100.0,mesure,mesuree
union,17-05,17,Tonnay-Charente,117414,145,20.4,29.0,49.1,44.5,7.6,9.7,6.0,1.5,3.3,1.0,20.4,0,,ED,5,quasi impossible,ED,100.0,mesure,mesuree
union,18-01,18,Bourges,70401,128,22.6,31.7,44.2,46.6,7.6,9.7,6.0,1.4,3.3,1.0,22.6,0,,ED,5,quasi impossible,ED,100.0,mesure,mesuree
union,18-02,18,Vierzon,67997,104,29.5,23.9,45.2,49.5,7.6,9.7,6.0,1.4,3.3,1.0,29.5,1,-10.9,ED,4,difficile,ED,100.0,mesure,mesuree
union,18-03,18,Bourges,83403,202,16.7,33.1,49.0,46.3,7.6,9.7,6.0,1.2,3.3,1.0,16.7,0,,ED,5,quasi impossible,ED,100.0,mesure,mesuree
union,19-01,19,Tulle,91442,217,36.0,25.4,36.9,38.1,7.6,9.7,6.0,1.6,3.3,1.0,36.0,1,8.1,ED,2,jouable,G,100.0,mesure,mesuree
union,19-02,19,Brive-La-Gaillarde,93265,163,26.3,32.3,40.2,41.9,7.6,9.7,6.0,1.2,3.3,1.0,26.3,1,-2.6,ED,3,disputé,CD,100.0,mesure,mesuree
union,21-01,21,Dijon,70495,82,32.5,35.5,32.1,41.4,7.6,9.7,6.0,0.0,3.3,1.0,32.5,1,-12.6,CD,4,difficile,CD,100.0,mesure,mesuree
union,21-02,21,Dijon,71295,125,28.2,30.1,41.5,45.7,7.6,9.7,6.0,0.0,3.3,1.0,28.2,1,-2.8,ED,3,disputé,ED,100.0,mesure,mesuree
union,21-03,21,Dijon,72426,93,32.1,25.9,42.7,47.7,7.6,9.7,6.0,0.0,3.3,1.0,32.1,1,-1.5,ED,3,disputé,ED,100.0,mesure,mesuree
union,21-04,21,Châtillon-Sur-Seine,67447,359,20.0,34.2,45.6,41.5,7.6,9.7,6.0,0.0,3.3,1.0,20.0,0,,ED,5,quasi impossible,ED,100.0,mesure,mesuree
union,21-05,21,Beaune,85576,248,17.7,34.1,48.2,44.8,7.6,9.7,6.0,0.0,3.3,1.0,17.7,0,,ED,5,quasi impossible,ED,100.0,mesure,mesuree
union,22-01,22,Saint-Brieuc,89063,107,34.4,32.4,32.2,41.3,7.6,9.7,6.0,0.9,3.3,1.0,34.4,1,-7.7,CD,3,disputé,G,100.0,mesure,mesuree
union,22-02,22,Dinan,104517,130,24.2,36.8,37.3,39.0,7.6,9.7,6.0,1.7,3.3,1.0,24.2,1,-0.3,ED,3,disputé,CD,100.0,mesure,mesuree
union,22-03,22,Lamballe-Armor,89421,131,20.4,45.4,32.3,39.8,7.6,9.7,6.0,1.7,3.3,1.0,20.4,0,,CD,5,quasi impossible,CD,100.0,mesure,mesuree
union,22-04,22,Guingamp,81566,144,35.5,24.4,39.1,40.3,7.6,9.7,6.0,1.0,3.3,1.0,35.5,1,4.9,ED,2,jouable,G,100.0,mesure,mesuree
union,22-05,22,Lannion,107217,139,33.0,30.2,35.1,38.0,7.6,9.7,6.0,1.9,3.3,1.0,33.0,1,8.5,ED,2,jouable,G,100.0,mesure,mesuree
union,23-01,23,Guéret,89980,279,23.7,36.4,38.0,40.7,7.6,9.7,6.0,2.0,3.3,1.0,23.7,1,-1.6,ED,3,disputé,CD,100.0,mesure,mesuree
union,24-01,24,Périgueux,77426,105,32.0,24.1,43.6,43.3,7.6,9.7,6.0,0.2,3.3,1.0,32.0,1,-3.1,ED,3,disputé,ED,100.0,mesure,mesuree
union,24-02,24,Bergerac,84286,191,29.4,22.2,47.5,43.5,7.6,9.7,6.0,1.0,3.3,1.0,29.4,1,-10.4,ED,4,difficile,ED,100.0,mesure,mesuree
union,24-03,24,Brantôme En Périgord,66947,182,28.3,25.6,45.4,38.6,7.6,9.7,6.0,0.6,3.3,1.0,28.3,1,-8.1,ED,4,difficile,ED,100.0,mesure,mesuree
union,24-04,24,Boulazac Isle Manoire,89941,211,35.1,21.9,41.0,40.0,7.6,9.7,6.0,2.0,3.3,1.0,35.1,1,1.8,ED,2,jouable,G,100.0,mesure,mesuree
union,25-01,25,Besançon,75793,134,34.7,28.2,37.7,45.4,7.6,9.7,6.0,0.0,3.3,1.0,34.7,1,6.9,ED,2,jouable,G,100.0,mesure,mesuree
union,25-02,25,Besançon,78875,142,32.2,31.2,36.8,42.9,7.6,9.7,6.0,0.0,3.3,1.0,32.2,1,6.3,ED,2,jouable,G,100.0,mesure,mesuree
union,25-03,25,Montbéliard,64748,197,19.6,32.5,47.2,47.7,7.6,9.7,6.0,0.7,3.3,1.0,19.6,0,,ED,5,quasi impossible,ED,100.0,mesure,mesuree
union,25-04,25,Audincourt,65469,94,24.4,23.2,52.4,52.1,7.6,9.7,6.0,0.1,3.3,1.0,24.4,1,-23.4,ED,4,difficile,ED,100.0,mesure,mesuree
union,25-05,25,Pontarlier,83261,188,14.9,47.5,36.2,45.7,7.6,9.7,6.0,1.0,3.3,1.0,14.9,0,,CD,5,quasi impossible,CD,100.0,mesure,mesuree
union,26-01,26,Valence,73659,81,31.2,31.4,36.9,47.8,7.6,9.7,6.0,0.4,3.3,1.0,31.2,1,5.3,ED,2,jouable,CD,100.0,mesure,mesuree
union,26-02,26,Montélimar,97115,106,21.7,28.6,49.5,49.2,7.6,9.7,6.0,0.2,3.3,1.0,21.7,0,,ED,5,quasi impossible,ED,100.0,mesure,mesuree
union,26-03,26,Crest,108753,283,36.4,24.5,38.1,38.6,7.6,9.7,6.0,0.9,3.3,1.0,36.4,1,6.9,ED,2,jouable,G,100.0,mesure,mesuree
union,26-04,26,Romans-Sur-Isère,100702,126,26.2,30.2,42.8,45.4,7.6,9.7,6.0,0.6,3.3,1.0,26.2,1,-6.1,ED,3,disputé,ED,100.0,mesure,mesuree
union,27-01,27,Evreux,87391,151,21.2,25.5,52.1,50.1,7.6,9.7,6.0,1.1,3.3,1.0,21.2,0,,ED,5,quasi impossible,ED,100.0,mesure,mesuree
union,27-02,27,Evreux,79112,171,20.0,29.2,50.4,46.8,7.6,9.7,6.0,0.3,3.3,1.0,20.0,0,,ED,5,quasi impossible,ED,100.0,mesure,mesuree
union,27-03,27,Pont-Audemer,84868,189,14.4,31.1,53.9,46.3,7.6,9.7,6.0,0.4,3.3,1.0,14.4,0,,ED,5,quasi impossible,ED,100.0,mesure,mesuree
union,27-04,27,Louviers,90761,127,32.3,19.0,48.6,49.3,7.6,9.7,6.0,0.0,3.3,1.0,32.3,1,-12.5,ED,4,difficile,ED,100.0,mesure,mesuree
union,27-05,27,Vernon,89810,165,20.1,27.8,51.5,48.2,7.6,9.7,6.0,0.6,3.3,1.0,20.1,0,,ED,5,quasi impossible,ED,100.0,mesure,mesuree
union,28-01,28,Chartres,90304,123,21.7,37.1,40.2,46.2,7.6,9.7,6.0,1.0,3.3,1.0,21.7,0,,ED,5,quasi impossible,CD,100.0,mesure,mesuree
union,28-02,28,Dreux,75563,130,24.8,30.5,43.6,52.8,7.6,9.7,6.0,1.2,3.3,1.0,24.8,0,,ED,5,quasi impossible,ED,100.0,mesure,mesuree
union,28-03,28,Lucé,71148,134,10.0,41.3,46.7,47.6,7.6,9.7,6.0,2.0,3.3,1.0,10.0,0,,ED,5,quasi impossible,ED,100.0,mesure,mesuree
union,28-04,28,Châteaudun,67351,164,12.5,38.4,48.4,47.0,7.6,9.7,6.0,0.6,3.3,1.0,12.5,0,,ED,5,quasi impossible,ED,100.0,mesure,mesuree
union,29-01,29,Quimper,92336,103,30.5,36.4,31.2,39.7,7.6,9.7,6.0,1.7,3.3,1.0,30.5,1,-15.3,CD,4,difficile,CD,100.0,mesure,mesuree
union,29-02,29,Brest,78166,95,39.6,30.0,29.9,45.0,7.6,9.7,6.0,0.4,3.3,1.0,39.6,1,0.6,CD,2,jouable,G,100.0,mesure,mesuree
union,29-03,29,Brest,92952,105,28.7,35.7,33.9,42.1,7.6,9.7,6.0,1.7,3.3,1.0,28.7,1,-17.2,CD,4,difficile,CD,100.0,mesure,mesuree
union,29-04,29,Morlaix,84364,101,29.5,36.7,31.9,40.7,7.6,9.7,6.0,1.9,3.3,1.0,29.5,1,-16.7,CD,4,difficile,CD,100.0,mesure,mesuree
union,29-05,29,Guipavas,98753,114,26.8,38.2,32.5,41.6,7.6,9.7,6.0,2.5,3.3,1.0,26.8,1,-21.2,CD,4,difficile,CD,100.0,mesure,mesuree
union,29-06,29,Plougastel-Daoulas,91534,120,33.3,27.4,36.1,40.8,7.6,9.7,6.0,3.2,3.3,1.0,33.3,1,6.8,ED,2,jouable,G,100.0,mesure,mesuree
union,29-07,29,Douarnenez,81962,96,29.4,34.0,32.6,38.8,7.6,9.7,6.0,4.1,3.3,1.0,29.4,1,-14.3,CD,4,difficile,CD,100.0,mesure,mesuree
union,29-08,29,Concarneau,90158,98,35.3,25.3,37.5,42.7,7.6,9.7,6.0,1.8,3.3,1.0,35.3,1,6.7,ED,2,jouable,G,100.0,mesure,mesuree
union,2A-01,2A,Ajaccio,52490,93,13.0,36.2,29.2,44.0,7.6,9.7,6.0,21.5,3.3,1.0,13.0,0,,CD,5,quasi impossible,CD,100.0,mesure,mesuree
union,2A-02,2A,Ajaccio,62495,128,17.7,23.8,31.8,45.5,7.6,9.7,6.0,26.7,3.3,1.0,17.7,0,,ED,5,quasi impossible,ED,100.0,mesure,mesuree
union,2B-01,2B,Bastia,59107,92,18.0,26.6,27.3,46.0,7.6,9.7,6.0,28.0,3.3,1.0,18.0,0,,AU,5,quasi impossible,AU,100.0,mesure,mesuree
union,2B-02,2B,Calvi,66505,232,10.1,37.2,23.0,39.3,7.6,9.7,6.0,29.8,3.3,1.0,10.1,0,,CD,5,quasi impossible,CD,100.0,mesure,mesuree
union,30-01,30,Nîmes,89331,90,27.2,21.1,50.8,54.2,7.6,9.7,6.0,1.1,3.3,1.0,27.2,1,-19.4,ED,4,difficile,ED,100.0,mesure,mesuree
union,30-02,30,Vauvert,95398,96,20.4,21.0,58.7,49.1,7.6,9.7,6.0,0.0,3.3,1.0,20.4,0,,ED,5,quasi impossible,ED,100.0,mesure,mesuree
union,30-03,30,Bagnols-Sur-Cèze,95926,106,21.5,24.7,53.7,46.5,7.6,9.7,6.0,0.1,3.3,1.0,21.5,0,,ED,5,quasi impossible,ED,100.0,mesure,mesuree
union,30-04,30,Alès,95047,146,25.7,20.1,53.6,47.7,7.6,9.7,6.0,0.6,3.3,1.0,25.7,1,-23.8,ED,4,difficile,ED,100.0,mesure,mesuree
union,30-05,30,Alès,98971,196,34.3,18.6,45.8,44.8,7.6,9.7,6.0,1.2,3.3,1.0,34.3,1,-7.8,ED,3,disputé,ED,100.0,mesure,mesuree
union,30-06,30,Nîmes,85573,82,28.3,23.1,47.5,50.4,7.6,9.7,6.0,1.3,3.3,1.0,28.3,1,-14.6,ED,4,difficile,ED,100.0,mesure,mesuree
union,31-01,31,Toulouse,83781,92,46.4,23.8,29.2,42.6,7.6,9.7,6.0,0.3,3.3,1.0,46.4,1,25.5,ED,1,victoire facile,G,100.0,mesure,mesuree
union,31-02,31,Toulouse,102980,111,44.0,22.2,33.7,41.9,7.6,9.7,6.0,0.0,3.3,1.0,44.0,1,18.1,ED,1,victoire facile,G,100.0,mesure,mesuree
union,31-03,31,Toulouse,79504,87,37.2,34.8,28.7,37.3,7.6,9.7,6.0,0.0,3.3,1.0,37.2,1,-6.2,CD,3,disputé,G,100.0,mesure,mesuree
union,31-04,31,Toulouse,68769,72,54.8,20.8,24.3,43.8,7.6,9.7,6.0,0.0,3.3,1.0,54.8,1,34.7,ED,1,victoire facile,G,100.0,mesure,mesuree
union,31-05,31,Aucamville,106453,123,27.5,24.8,46.4,45.3,7.6,9.7,6.0,1.0,3.3,1.0,27.5,1,-10.2,ED,4,difficile,ED,100.0,mesure,mesuree
union,31-06,31,Tournefeuille,112437,142,36.4,26.0,37.9,41.9,7.6,9.7,6.0,0.0,3.3,1.0,36.4,1,7.5,ED,2,jouable,G,100.0,mesure,mesuree
union,31-07,31,Muret,106857,137,31.4,21.4,45.9,45.6,7.6,9.7,6.0,1.2,3.3,1.0,31.4,1,-10.2,ED,4,difficile,ED,100.0,mesure,mesuree
union,31-08,31,Saint-Gaudens,86096,313,39.8,13.5,45.6,42.9,7.6,9.7,6.0,1.1,3.3,1.0,39.8,1,-3.1,ED,3,disputé,ED,100.0,mesure,mesuree
union,31-09,31,Toulouse,80653,90,48.9,18.0,33.3,45.0,7.6,9.7,6.0,0.0,3.3,1.0,48.9,1,19.2,ED,1,victoire facile,G,100.0,mesure,mesuree
union,31-10,31,Saint-Orens-De-Gameville,104172,169,35.5,27.5,37.1,37.6,7.6,9.7,6.0,0.0,3.3,1.0,35.5,1,8.1,ED,2,jouable,G,100.0,mesure,mesuree
union,32-01,32,Auch,71480,281,32.3,23.9,42.7,39.1,7.6,9.7,6.0,1.1,3.3,1.0,32.3,1,-2.1,ED,3,disputé,ED,100.0,mesure,mesuree
union,32-02,32,L'Isle-Jourdain,73646,228,44.2,13.2,41.1,40.5,7.6,9.7,6.0,1.5,3.3,1.0,44.2,1,5.7,ED,2,jouable,G,100.0,mesure,mesuree
union,33-01,33,Le Bouscat,30851,33,32.3,37.0,30.9,43.0,7.6,9.7,6.0,0.0,3.3,1.0,32.3,1,-14.0,CD,4,difficile,CD,100.0,mesure,mesuree
union,33-02,33,Bordeaux,9551,8,39.0,37.2,24.4,39.2,7.6,9.7,6.0,0.0,3.3,1.0,39.0,1,-5.5,CD,3,disputé,G,100.0,mesure,mesuree
union,33-03,33,Villenave-D'Ornon,75711,77,48.9,21.7,29.2,45.9,7.6,9.7,6.0,0.0,3.3,1.0,48.9,1,24.1,ED,1,victoire facile,G,100.0,mesure,mesuree
union,33-04,33,Cenon,96496,106,42.1,17.7,39.8,51.7,7.6,9.7,6.0,0.3,3.3,1.0,42.1,1,5.8,ED,2,jouable,G,100.0,mesure,mesuree
union,33-05,33,Eysines,123063,134,26.8,23.0,49.2,47.0,7.6,9.7,6.0,0.9,3.3,1.0,26.8,1,-17.8,ED,4,difficile,ED,100.0,mesure,mesuree
union,33-06,33,Mérignac,102534,119,35.9,29.1,34.9,42.9,7.6,9.7,6.0,0.0,3.3,1.0,35.9,1,11.2,ED,1,victoire facile,G,100.0,mesure,mesuree
union,33-07,33,Pessac,80692,83,39.2,30.3,30.3,42.0,7.6,9.7,6.0,0.3,3.3,1.0,39.2,1,19.4,ED,1,victoire facile,G,100.0,mesure,mesuree
union,33-08,33,La Teste-De-Buch,113453,121,17.3,36.9,43.8,43.5,7.6,9.7,6.0,2.2,3.3,1.0,17.3,0,,ED,5,quasi impossible,CD,100.0,mesure,mesuree
union,33-09,33,Léognan,103847,144,27.5,26.1,45.5,44.2,7.6,9.7,6.0,0.7,3.3,1.0,27.5,1,-8.9,ED,4,difficile,ED,100.0,mesure,mesuree
union,33-10,33,Libourne,83589,144,24.0,25.1,50.4,45.1,7.6,9.7,6.0,0.5,3.3,1.0,24.0,1,-17.7,ED,4,difficile,ED,100.0,mesure,mesuree
union,33-11,33,Saint-André-De-Cubzac,99153,123,21.3,18.9,59.1,48.8,7.6,9.7,6.0,0.6,3.3,1.0,21.3,1,-34.0,ED,4,difficile,ED,100.0,mesure,mesuree
union,33-12,33,Créon,88165,179,31.0,25.5,43.0,42.3,7.6,9.7,6.0,0.4,3.3,1.0,31.0,1,-3.2,ED,3,disputé,ED,100.0,mesure,mesuree
union,34-01,34,Montpellier,90612,86,35.6,22.8,41.4,48.5,7.6,9.7,6.0,0.2,3.3,1.0,35.6,1,-1.3,ED,3,disputé,ED,100.0,mesure,mesuree
union,34-02,34,Montpellier,67226,56,60.0,14.8,24.9,51.0,7.6,9.7,6.0,0.1,3.3,1.0,60.0,1,38.0,ED,1,victoire facile,G,100.0,mesure,mesuree
union,34-03,34,Castelnau-Le-Lez,93020,95,38.2,22.7,39.5,43.1,7.6,9.7,6.0,0.0,3.3,1.0,38.2,1,6.7,ED,2,jouable,G,100.0,mesure,mesuree
union,34-04,34,Mèze,116365,158,33.9,18.8,47.2,43.8,7.6,9.7,6.0,0.1,3.3,1.0,33.9,1,-9.5,ED,4,difficile,ED,100.0,mesure,mesuree
union,34-05,34,Clermont-L'Hérault,100010,175,34.7,10.7,53.3,46.0,7.6,9.7,6.0,1.2,3.3,1.0,34.7,1,-16.5,ED,4,difficile,ED,100.0,mesure,mesuree
union,34-06,34,Béziers,91541,98,21.4,41.0,35.1,48.5,7.6,9.7,6.0,2.5,3.3,1.0,21.4,0,,CD,5,quasi impossible,CD,100.0,mesure,mesuree
union,34-07,34,Sète,106997,109,25.3,18.1,55.8,48.4,7.6,9.7,6.0,1.1,3.3,1.0,25.3,1,-26.9,ED,4,difficile,ED,100.0,mesure,mesuree
union,34-08,34,Montpellier,89614,88,34.7,18.8,46.2,48.9,7.6,9.7,6.0,0.4,3.3,1.0,34.7,1,-7.7,ED,3,disputé,ED,100.0,mesure,mesuree
union,34-09,34,Montpellier,90642,78,28.1,25.3,45.9,49.5,7.6,9.7,6.0,0.7,3.3,1.0,28.1,1,-9.0,ED,4,difficile,ED,100.0,mesure,mesuree
union,35-01,35,Rennes,93560,99,44.5,29.1,26.0,41.5,7.6,9.7,6.0,0.3,3.3,1.0,44.5,1,7.6,CD,2,jouable,G,100.0,mesure,mesuree
union,35-02,35,Rennes,93529,111,39.0,34.2,26.4,37.6,7.6,9.7,6.0,0.3,3.3,1.0,39.0,1,-3.1,CD,3,disputé,G,100.0,mesure,mesuree
union,35-03,35,Pacé,90425,113,37.9,27.5,34.8,43.0,7.6,9.7,6.0,0.0,3.3,1.0,37.9,1,12.7,ED,1,victoire facile,G,100.0,mesure,mesuree
union,35-04,35,Guichen,97237,113,32.5,28.3,37.7,43.9,7.6,9.7,6.0,1.3,3.3,1.0,32.5,1,4.7,ED,2,jouable,G,100.0,mesure,mesuree
union,35-05,35,Vitré,110903,140,25.8,39.4,34.6,43.8,7.6,9.7,6.0,0.0,3.3,1.0,25.8,1,-24.0,CD,4,difficile,CD,100.0,mesure,mesuree
union,35-06,35,Fougères,89904,125,23.0,39.7,36.4,42.6,7.6,9.7,6.0,0.8,3.3,1.0,23.0,1,-27.6,CD,4,difficile,CD,100.0,mesure,mesuree
union,35-07,35,Saint-Malo,105960,119,19.2,44.2,34.1,41.9,7.6,9.7,6.0,2.6,3.3,1.0,19.2,0,,CD,5,quasi impossible,CD,100.0,mesure,mesuree
union,35-08,35,Rennes,83811,82,52.2,24.3,23.0,40.0,7.6,9.7,6.0,0.2,3.3,1.0,52.2,1,21.0,CD,1,victoire facile,G,100.0,mesure,mesuree
union,36-01,36,Châteauroux,77075,133,20.5,33.9,45.0,47.5,7.6,9.7,6.0,0.6,3.3,1.0,20.5,0,,ED,5,quasi impossible,ED,100.0,mesure,mesuree
union,36-02,36,Issoudun,87371,193,21.0,31.6,45.9,43.9,7.6,9.7,6.0,1.3,3.3,1.0,21.0,0,,ED,5,quasi impossible,ED,100.0,mesure,mesuree
union,37-01,37,Tours,71964,71,46.1,26.0,27.7,47.0,7.6,9.7,6.0,0.0,3.3,1.0,46.1,1,27.5,ED,1,victoire facile,G,100.0,mesure,mesuree
union,37-02,37,Amboise,93120,110,23.0,33.8,43.0,44.1,7.6,9.7,6.0,0.1,3.3,1.0,23.0,1,-8.2,ED,4,difficile,ED,100.0,mesure,mesuree
union,37-03,37,Saint-Avertin,98520,138,26.8,32.0,38.6,43.5,7.6,9.7,6.0,2.7,3.3,1.0,26.8,1,-0.6,ED,3,disputé,CD,100.0,mesure,mesuree
union,37-04,37,Joué-Lès-Tours,92734,131,29.6,29.9,39.9,45.7,7.6,9.7,6.0,0.5,3.3,1.0,29.6,1,0.1,ED,2,jouable,CD,100.0,mesure,mesuree
union,37-05,37,Saint-Cyr-Sur-Loire,86747,111,23.0,33.9,43.1,44.9,7.6,9.7,6.0,0.0,3.3,1.0,23.0,1,-8.2,ED,4,difficile,ED,100.0,mesure,mesuree
union,38-01,38,Grenoble,84335,87,39.9,35.2,26.4,38.1,7.6,9.7,6.0,0.0,3.3,1.0,39.9,1,-3.3,CD,3,disputé,G,100.0,mesure,mesuree
union,38-02,38,Echirolles,79215,90,42.5,20.4,38.0,49.3,7.6,9.7,6.0,0.0,3.3,1.0,42.5,1,8.6,ED,1,victoire facile,G,100.0,mesure,mesuree
union,38-03,38,Grenoble,56152,56,52.0,19.0,30.1,46.0,7.6,9.7,6.0,0.0,3.3,1.0,52.0,1,25.7,ED,1,victoire facile,G,100.0,mesure,mesuree
union,38-04,38,Seyssinet-Pariset,91954,159,42.4,18.1,39.1,44.4,7.6,9.7,6.0,0.3,3.3,1.0,42.4,1,6.9,ED,2,jouable,G,100.0,mesure,mesuree
union,38-05,38,Saint-Egrève,106949,126,37.4,23.6,39.2,42.8,7.6,9.7,6.0,0.0,3.3,1.0,37.4,1,6.4,ED,2,jouable,G,100.0,mesure,mesuree
union,38-06,38,Bourgoin-Jallieu,91054,104,18.4,28.7,52.8,49.4,7.6,9.7,6.0,0.0,3.3,1.0,18.4,0,,ED,5,quasi impossible,ED,100.0,mesure,mesuree
union,38-07,38,Roussillon,97000,133,18.1,34.9,46.4,45.7,7.6,9.7,6.0,0.6,3.3,1.0,18.1,0,,ED,5,quasi impossible,ED,100.0,mesure,mesuree
union,38-08,38,Vienne,82842,86,22.5,32.5,44.8,46.6,7.6,9.7,6.0,0.2,3.3,1.0,22.5,0,,ED,5,quasi impossible,ED,100.0,mesure,mesuree
union,38-09,38,Voiron,101320,122,28.1,31.4,40.3,44.2,7.6,9.7,6.0,0.2,3.3,1.0,28.1,1,-1.2,ED,3,disputé,CD,100.0,mesure,mesuree
union,38-10,38,Villefontaine,97742,101,25.6,26.4,48.2,50.1,7.6,9.7,6.0,0.0,3.3,1.0,25.6,1,-13.3,ED,4,difficile,ED,100.0,mesure,mesuree
union,39-01,39,Lons-Le-Saunier,64925,207,23.1,33.1,43.9,43.0,7.6,9.7,6.0,0.0,3.3,1.0,23.1,1,-9.2,ED,4,difficile,ED,100.0,mesure,mesuree
union,39-02,39,Champagnole,55723,170,22.2,37.7,38.9,45.3,7.6,9.7,6.0,0.9,3.3,1.0,22.2,0,,ED,5,quasi impossible,CD,100.0,mesure,mesuree
union,39-03,39,Dole,70205,184,24.0,31.3,44.7,44.0,7.6,9.7,6.0,0.0,3.3,1.0,24.0,1,-9.7,ED,4,difficile,ED,100.0,mesure,mesuree
union,40-01,40,Mont-De-Marsan,105314,161,24.5,30.9,42.9,43.3,7.6,9.7,6.0,1.6,3.3,1.0,24.5,1,-7.6,ED,3,disputé,ED,100.0,mesure,mesuree
union,40-02,40,Dax,121061,143,27.6,31.5,38.5,42.8,7.6,9.7,6.0,2.1,3.3,1.0,27.6,1,0.1,ED,2,jouable,CD,100.0,mesure,mesuree
union,40-03,40,Aire-Sur-L'Adour,98891,212,36.2,21.2,41.6,40.5,7.6,9.7,6.0,0.9,3.3,1.0,36.2,1,2.0,ED,2,jouable,G,100.0,mesure,mesuree
union,41-01,41,Blois,82064,95,19.8,37.2,41.8,45.6,7.6,9.7,6.0,1.2,3.3,1.0,19.8,0,,ED,5,quasi impossible,CD,100.0,mesure,mesuree
union,41-02,41,Romorantin-Lanthenay,80280,105,14.6,27.7,57.2,47.4,7.6,9.7,6.0,0.4,3.3,1.0,14.6,0,,ED,5,quasi impossible,ED,100.0,mesure,mesuree
union,41-03,41,Vendôme,81054,191,16.2,36.4,46.5,43.5,7.6,9.7,6.0,0.7,3.3,1.0,16.2,0,,ED,5,quasi impossible,ED,100.0,mesure,mesuree
union,42-01,42,Saint-Etienne,63963,73,42.3,20.1,38.6,50.4,7.6,9.7,6.0,0.0,3.3,1.0,42.3,1,7.7,ED,2,jouable,G,100.0,mesure,mesuree
union,42-02,42,Saint-Etienne,50889,56,43.0,22.7,34.7,51.8,7.6,9.7,6.0,0.0,3.3,1.0,43.0,1,12.8,ED,1,victoire facile,G,100.0,mesure,mesuree
union,42-03,42,Saint-Chamond,84404,94,26.4,28.8,45.0,49.6,7.6,9.7,6.0,0.0,3.3,1.0,26.4,1,-8.6,ED,4,difficile,ED,100.0,mesure,mesuree
union,42-04,42,Saint-Just-Saint-Rambert,104493,140,25.4,29.8,44.7,47.5,7.6,9.7,6.0,0.2,3.3,1.0,25.4,1,-8.9,ED,4,difficile,ED,100.0,mesure,mesuree
union,42-05,42,Roanne,101589,140,18.7,39.3,41.8,44.0,7.6,9.7,6.0,0.2,3.3,1.0,18.7,0,,ED,5,quasi impossible,CD,100.0,mesure,mesuree
union,42-06,42,Montbrison,111075,168,15.9,39.6,44.2,44.1,7.6,9.7,6.0,0.1,3.3,1.0,15.9,0,,ED,5,quasi impossible,CD,100.0,mesure,mesuree
union,43-01,43,Monistrol-Sur-Loire,100864,127,17.4,45.4,36.8,41.8,7.6,9.7,6.0,0.2,3.3,1.0,17.4,0,,CD,5,quasi impossible,CD,100.0,mesure,mesuree
union,43-02,43,Le Puy-En-Velay,78617,197,18.3,44.4,35.4,41.0,7.6,9.7,6.0,1.8,3.3,1.0,18.3,0,,CD,5,quasi impossible,CD,100.0,mesure,mesuree
union,44-01,44,Nantes,77342,85,43.2,31.7,25.3,41.0,7.6,9.7,6.0,0.0,3.3,1.0,43.2,1,3.9,CD,2,jouable,G,100.0,mesure,mesuree
union,44-02,44,Nantes,88472,92,50.8,26.5,21.9,39.8,7.6,9.7,6.0,0.4,3.3,1.0,50.8,1,17.7,CD,1,victoire facile,G,100.0,mesure,mesuree
union,44-03,44,Saint-Herblain,97601,105,44.9,25.0,27.3,45.3,7.6,9.7,6.0,2.6,3.3,1.0,44.9,1,26.3,ED,1,victoire facile,G,100.0,mesure,mesuree
union,44-04,44,Rezé,93228,94,47.4,23.9,28.0,43.6,7.6,9.7,6.0,0.5,3.3,1.0,47.4,1,27.8,ED,1,victoire facile,G,100.0,mesure,mesuree
union,44-05,44,Nantes,120804,130,35.8,32.0,31.4,42.3,7.6,9.7,6.0,0.7,3.3,1.0,35.8,1,-5.7,CD,3,disputé,G,100.0,mesure,mesuree
union,44-06,44,Châteaubriant,117288,130,32.5,27.6,38.0,46.8,7.6,9.7,6.0,1.8,3.3,1.0,32.5,1,4.1,ED,2,jouable,G,100.0,mesure,mesuree
union,44-07,44,La Baule-Escoublac,114995,119,23.7,36.2,39.5,43.5,7.6,9.7,6.0,0.6,3.3,1.0,23.7,1,-3.2,ED,3,disputé,CD,100.0,mesure,mesuree
union,44-08,44,Saint-Nazaire,88015,89,44.0,19.2,35.3,49.0,7.6,9.7,6.0,1.3,3.3,1.0,44.0,1,12.5,ED,1,victoire facile,G,100.0,mesure,mesuree
union,44-09,44,Pornic,125922,134,27.8,30.6,39.7,44.5,7.6,9.7,6.0,1.8,3.3,1.0,27.8,1,-1.2,ED,3,disputé,CD,100.0,mesure,mesuree
union,44-10,44,Vertou,125522,126,30.0,36.7,31.7,42.4,7.6,9.7,6.0,1.5,3.3,1.0,30.0,1,-16.2,CD,4,difficile,CD,100.0,mesure,mesuree
union,45-01,45,Orléans,76728,85,29.1,34.8,35.1,45.2,7.6,9.7,6.0,1.0,3.3,1.0,29.1,1,6.2,ED,2,jouable,CD,100.0,mesure,mesuree
union,45-02,45,Orléans,88601,119,30.6,28.1,40.1,48.8,7.6,9.7,6.0,1.2,3.3,1.0,30.6,1,0.3,ED,2,jouable,G,100.0,mesure,mesuree
union,45-03,45,Gien,70445,101,16.4,31.3,52.2,46.2,7.6,9.7,6.0,0.1,3.3,1.0,16.4,0,,ED,5,quasi impossible,ED,100.0,mesure,mesuree
union,45-04,45,Amilly,74099,115,17.6,26.8,53.7,49.6,7.6,9.7,6.0,1.9,3.3,1.0,17.6,0,,ED,5,quasi impossible,ED,100.0,mesure,mesuree
union,45-05,45,Fleury-Les-Aubrais,73581,150,18.0,32.1,48.8,48.2,7.6,9.7,6.0,0.9,3.3,1.0,18.0,0,,ED,5,quasi impossible,ED,100.0,mesure,mesuree
union,45-06,45,Orléans,76084,92,28.7,31.6,38.6,46.1,7.6,9.7,6.0,1.0,3.3,1.0,28.7,1,1.1,ED,2,jouable,CD,100.0,mesure,mesuree
union,46-01,46,Cahors,73047,190,28.5,40.6,29.4,36.0,7.6,9.7,6.0,1.4,3.3,1.0,28.5,1,-20.9,CD,4,difficile,CD,100.0,mesure,mesuree
union,46-02,46,Figeac,66320,189,42.9,20.8,34.5,36.7,7.6,9.7,6.0,1.7,3.3,1.0,42.9,1,15.6,ED,1,victoire facile,G,100.0,mesure,mesuree
union,47-01,47,Agen,86865,123,24.4,25.1,50.2,44.6,7.6,9.7,6.0,0.2,3.3,1.0,24.4,1,-17.0,ED,4,difficile,ED,100.0,mesure,mesuree
union,47-02,47,Marmande,76944,167,24.4,21.5,54.0,44.9,7.6,9.7,6.0,0.1,3.3,1.0,24.4,1,-25.2,ED,4,difficile,ED,100.0,mesure,mesuree
union,47-03,47,Villeneuve-Sur-Lot,75786,160,26.9,24.2,47.6,44.7,7.6,9.7,6.0,1.4,3.3,1.0,26.9,1,-12.3,ED,4,difficile,ED,100.0,mesure,mesuree
union,48-01,48,Mende,59764,188,31.0,29.8,34.2,37.1,7.6,9.7,6.0,4.8,3.3,1.0,31.0,1,7.2,ED,2,jouable,G,100.0,mesure,mesuree
union,49-01,49,Angers,87796,92,34.3,34.6,31.3,44.5,7.6,9.7,6.0,0.0,3.3,1.0,34.3,1,-9.7,CD,4,difficile,CD,100.0,mesure,mesuree
union,49-02,49,Angers,92512,98,28.4,39.2,31.2,43.6,7.6,9.7,6.0,1.0,3.3,1.0,28.4,1,-20.2,CD,4,difficile,CD,100.0,mesure,mesuree
union,49-03,49,Baugé-En-Anjou,71631,104,19.1,37.4,42.8,47.1,7.6,9.7,6.0,0.5,3.3,1.0,19.1,0,,ED,5,quasi impossible,CD,100.0,mesure,mesuree
union,49-04,49,Saumur,75902,110,18.5,38.5,41.4,45.0,7.6,9.7,6.0,1.5,3.3,1.0,18.5,0,,ED,5,quasi impossible,CD,100.0,mesure,mesuree
union,49-05,49,Cholet,79056,76,20.5,43.2,34.9,48.2,7.6,9.7,6.0,1.3,3.3,1.0,20.5,0,,CD,5,quasi impossible,CD,100.0,mesure,mesuree
union,49-06,49,Beaupréau-En-Mauges,96342,105,23.9,38.9,35.2,46.0,7.6,9.7,6.0,2.0,3.3,1.0,23.9,1,-25.6,CD,4,difficile,CD,100.0,mesure,mesuree
union,49-07,49,Segré-En-Anjou Bleu,82426,107,28.9,34.7,35.5,45.1,7.6,9.7,6.0,0.7,3.3,1.0,28.9,1,5.6,ED,2,jouable,CD,100.0,mesure,mesuree
union,50-01,50,Saint-Lô,86727,180,16.0,45.1,37.6,45.3,7.6,9.7,6.0,1.1,3.3,1.0,16.0,0,,CD,5,quasi impossible,CD,100.0,mesure,mesuree
union,50-02,50,Granville,96780,179,17.3,42.8,39.1,43.1,7.6,9.7,6.0,0.8,3.3,1.0,17.3,0,,CD,5,quasi impossible,CD,100.0,mesure,mesuree
union,50-03,50,Coutances,110539,224,22.3,35.0,38.5,43.1,7.6,9.7,6.0,4.1,3.3,1.0,22.3,1,-4.0,ED,3,disputé,CD,100.0,mesure,mesuree
union,50-04,50,Cherbourg-En-Cotentin,88663,125,32.0,29.9,37.5,47.9,7.6,9.7,6.0,0.5,3.3,1.0,32.0,1,5.0,ED,2,jouable,G,100.0,mesure,mesuree
union,51-01,51,Reims,74097,84,25.7,32.1,41.4,51.6,7.6,9.7,6.0,0.6,3.3,1.0,25.7,0,,ED,5,quasi impossible,CD,100.0,mesure,mesuree
union,51-02,51,Reims,74345,133,23.5,33.7,42.6,49.4,7.6,9.7,6.0,0.0,3.3,1.0,23.5,0,,ED,5,quasi impossible,CD,100.0,mesure,mesuree
union,51-03,51,Epernay,78476,171,17.8,30.6,49.4,49.5,7.6,9.7,6.0,2.0,3.3,1.0,17.8,0,,ED,5,quasi impossible,ED,100.0,mesure,mesuree
union,51-04,51,Châlons-En-Champagne,77894,171,17.9,33.9,48.0,50.7,7.6,9.7,6.0,0.1,3.3,1.0,17.9,0,,ED,5,quasi impossible,ED,100.0,mesure,mesuree
union,51-05,51,Vitry-Le-François,75602,276,6.7,42.6,50.2,46.3,7.6,9.7,6.0,0.4,3.3,1.0,6.7,0,,ED,5,quasi impossible,ED,100.0,mesure,mesuree
union,52-01,52,Chaumont,69171,330,16.0,29.6,50.1,45.7,7.6,9.7,6.0,4.2,3.3,1.0,16.0,0,,ED,5,quasi impossible,ED,100.0,mesure,mesuree
union,52-02,52,Saint-Dizier,59043,231,8.8,30.4,60.6,50.7,7.6,9.7,6.0,0.2,3.3,1.0,8.8,0,,ED,5,quasi impossible,ED,100.0,mesure,mesuree
union,53-01,53,Laval,73427,100,46.0,18.9,35.0,46.5,7.6,9.7,6.0,0.1,3.3,1.0,46.0,1,14.8,ED,1,victoire facile,G,100.0,mesure,mesuree
union,53-02,53,Château-Gontier-Sur-Mayenne,79759,139,19.8,42.0,37.1,46.1,7.6,9.7,6.0,1.0,3.3,1.0,19.8,0,,CD,5,quasi impossible,CD,100.0,mesure,mesuree
union,53-03,53,Mayenne,72655,117,16.1,45.6,37.3,46.5,7.6,9.7,6.0,0.9,3.3,1.0,16.1,0,,CD,5,quasi impossible,CD,100.0,mesure,mesuree
union,54-01,54,Nancy,83269,96,36.7,29.2,33.3,47.0,7.6,9.7,6.0,0.7,3.3,1.0,36.7,1,13.6,ED,1,victoire facile,G,100.0,mesure,mesuree
union,54-02,54,Nancy,67916,82,39.4,29.8,31.5,46.1,7.6,9.7,6.0,0.0,3.3,1.0,39.4,1,18.3,ED,1,victoire facile,G,100.0,mesure,mesuree
union,54-03,54,Longwy,80382,137,30.6,21.9,46.6,57.7,7.6,9.7,6.0,1.0,3.3,1.0,30.6,1,-11.7,ED,4,difficile,ED,100.0,mesure,mesuree
union,54-04,54,Lunéville,95841,248,17.5,33.6,48.3,48.4,7.6,9.7,6.0,0.6,3.3,1.0,17.5,0,,ED,5,quasi impossible,ED,100.0,mesure,mesuree
union,54-05,54,Toul,78674,211,43.4,8.8,47.5,48.7,7.6,9.7,6.0,0.1,3.3,1.0,43.4,1,-2.3,ED,3,disputé,ED,100.0,mesure,mesuree
union,54-06,54,Pont-À-Mousson,87566,161,28.5,21.7,49.0,52.9,7.6,9.7,6.0,0.7,3.3,1.0,28.5,1,-16.2,ED,4,difficile,ED,100.0,mesure,mesuree
union,55-01,55,Bar-Le-Duc,74962,304,12.7,34.6,51.9,47.0,7.6,9.7,6.0,0.7,3.3,1.0,12.7,0,,ED,5,quasi impossible,ED,100.0,mesure,mesuree
union,55-02,55,Verdun,59230,273,17.5,28.6,53.8,50.1,7.6,9.7,6.0,0.0,3.3,1.0,17.5,0,,ED,5,quasi impossible,ED,100.0,mesure,mesuree
union,56-01,56,Vannes,114184,122,27.9,37.0,33.2,39.6,7.6,9.7,6.0,2.0,3.3,1.0,27.9,1,-19.1,CD,4,difficile,CD,100.0,mesure,mesuree
union,56-02,56,Auray,112956,120,23.3,37.5,36.5,40.4,7.6,9.7,6.0,2.6,3.3,1.0,23.3,1,-25.1,CD,4,difficile,CD,100.0,mesure,mesuree
union,56-03,56,Pontivy,98154,112,21.1,36.4,39.9,43.7,7.6,9.7,6.0,2.3,3.3,1.0,21.1,0,,ED,5,quasi impossible,CD,100.0,mesure,mesuree
union,56-04,56,Ploërmel,111535,141,13.3,48.4,37.0,41.7,7.6,9.7,6.0,1.1,3.3,1.0,13.3,0,,CD,5,quasi impossible,CD,100.0,mesure,mesuree
union,56-05,56,Lorient,80820,85,33.1,30.9,34.5,44.4,7.6,9.7,6.0,1.7,3.3,1.0,33.1,1,9.4,ED,2,jouable,G,100.0,mesure,mesuree
union,56-06,56,Hennebont,93830,114,22.5,33.5,41.1,42.9,7.6,9.7,6.0,2.8,3.3,1.0,22.5,1,-6.9,ED,3,disputé,CD,100.0,mesure,mesuree
union,57-01,57,Metz,93930,111,27.9,25.1,45.6,54.2,7.6,9.7,6.0,1.4,3.3,1.0,27.9,1,-12.6,ED,4,difficile,ED,100.0,mesure,mesuree
union,57-02,57,Metz,75015,105,30.7,27.1,41.2,49.7,7.6,9.7,6.0,1.1,3.3,1.0,30.7,1,-1.1,ED,3,disputé,ED,100.0,mesure,mesuree
union,57-03,57,Metz,76057,109,28.4,31.9,39.3,49.9,7.6,9.7,6.0,0.4,3.3,1.0,28.4,1,0.3,ED,2,jouable,CD,100.0,mesure,mesuree
union,57-04,57,Sarrebourg,80777,282,8.1,45.3,45.5,48.4,7.6,9.7,6.0,0.9,3.3,1.0,8.1,0,,ED,5,quasi impossible,CD,100.0,mesure,mesuree
union,57-05,57,Sarreguemines,72095,117,10.3,37.1,50.9,53.2,7.6,9.7,6.0,1.7,3.3,1.0,10.3,0,,ED,5,quasi impossible,ED,100.0,mesure,mesuree
union,57-06,57,Forbach,66393,99,19.7,23.0,55.7,60.6,7.6,9.7,6.0,1.8,3.3,1.0,19.7,0,,ED,5,quasi impossible,ED,100.0,mesure,mesuree
union,57-07,57,Saint-Avold,89245,173,15.2,26.5,58.6,55.6,7.6,9.7,6.0,0.0,3.3,1.0,15.2,0,,ED,5,quasi impossible,ED,100.0,mesure,mesuree
union,57-08,57,Hayange,90707,125,27.3,18.6,53.5,60.4,7.6,9.7,6.0,0.7,3.3,1.0,27.3,1,-22.5,ED,4,difficile,ED,100.0,mesure,mesuree
union,57-09,57,Thionville,100711,154,22.5,33.0,43.5,51.9,7.6,9.7,6.0,1.0,3.3,1.0,22.5,0,,ED,5,quasi impossible,ED,100.0,mesure,mesuree
union,58-01,58,Nevers,73850,114,22.0,30.2,46.1,48.3,7.6,9.7,6.0,1.7,3.3,1.0,22.0,0,,ED,5,quasi impossible,ED,100.0,mesure,mesuree
union,58-02,58,Varennes-Vauzelles,78765,262,23.9,24.6,49.9,43.8,7.6,9.7,6.0,1.7,3.3,1.0,23.9,1,-17.4,ED,4,difficile,ED,100.0,mesure,mesuree
union,59-01,59,Lille,61672,63,56.2,16.9,26.2,49.3,7.6,9.7,6.0,0.6,3.3,1.0,56.2,1,33.3,ED,1,victoire facile,G,100.0,mesure,mesuree
union,59-02,59,Villeneuve-D'Ascq,87355,80,47.9,22.3,29.9,49.5,7.6,9.7,6.0,0.0,3.3,1.0,47.9,1,22.4,ED,1,victoire facile,G,100.0,mesure,mesuree
union,59-03,59,Maubeuge,91620,144,40.6,4.8,54.1,58.4,7.6,9.7,6.0,0.6,3.3,1.0,40.6,1,-12.5,ED,4,difficile,ED,100.0,mesure,mesuree
union,59-04,59,Lambersart,100044,98,27.4,38.6,33.5,46.0,7.6,9.7,6.0,0.5,3.3,1.0,27.4,1,-21.3,CD,4,difficile,CD,100.0,mesure,mesuree
union,59-05,59,Haubourdin,98309,102,23.3,31.8,45.2,47.1,7.6,9.7,6.0,0.0,3.3,1.0,23.3,0,,ED,5,quasi impossible,ED,100.0,mesure,mesuree
union,59-06,59,Orchies,94232,91,19.0,40.9,40.7,42.1,7.6,9.7,6.0,0.0,3.3,1.0,19.0,0,,CD,5,quasi impossible,CD,100.0,mesure,mesuree
union,59-07,59,Wasquehal,73444,70,30.6,33.3,35.8,50.9,7.6,9.7,6.0,0.6,3.3,1.0,30.6,1,6.4,ED,2,jouable,CD,100.0,mesure,mesuree
union,59-08,59,Roubaix,68933,74,48.6,13.2,36.1,63.9,7.6,9.7,6.0,2.4,3.3,1.0,48.6,1,15.1,ED,1,victoire facile,G,100.0,mesure,mesuree
union,59-09,59,Marcq-En-Baroeul,92045,83,29.5,40.5,28.8,47.0,7.6,9.7,6.0,1.3,3.3,1.0,29.5,1,-19.6,CD,4,difficile,CD,100.0,mesure,mesuree
union,59-10,59,Tourcoing,83192,78,25.2,33.7,40.3,56.7,7.6,9.7,6.0,0.9,3.3,1.0,25.2,0,,ED,5,quasi impossible,CD,100.0,mesure,mesuree
union,59-11,59,Lille,93191,93,40.3,23.2,36.7,49.8,7.6,9.7,6.0,0.0,3.3,1.0,40.3,1,8.2,ED,1,victoire facile,G,100.0,mesure,mesuree
union,59-12,59,Hautmont,93070,139,16.9,24.2,58.0,52.8,7.6,9.7,6.0,1.1,3.3,1.0,16.9,0,,ED,5,quasi impossible,ED,100.0,mesure,mesuree
union,59-13,59,Dunkerque,86045,94,40.8,7.8,50.3,58.6,7.6,9.7,6.0,1.3,3.3,1.0,40.8,1,-7.9,ED,3,disputé,ED,100.0,mesure,mesuree
union,59-14,59,Dunkerque,99449,116,13.6,35.1,51.4,48.6,7.6,9.7,6.0,0.0,3.3,1.0,13.6,0,,ED,5,quasi impossible,ED,100.0,mesure,mesuree
union,59-15,59,Hazebrouck,97601,117,16.8,34.1,49.1,47.6,7.6,9.7,6.0,0.0,3.3,1.0,16.8,0,,ED,5,quasi impossible,ED,100.0,mesure,mesuree
union,59-16,59,Sin-Le-Noble,84041,86,30.9,12.6,57.6,56.0,7.6,9.7,6.0,0.0,3.3,1.0,30.9,1,-24.2,ED,4,difficile,ED,100.0,mesure,mesuree
union,59-17,59,Douai,72899,78,26.9,19.3,53.3,53.5,7.6,9.7,6.0,0.7,3.3,1.0,26.9,1,-22.5,ED,4,difficile,ED,100.0,mesure,mesuree
union,59-18,59,Cambrai,90068,127,11.5,35.0,53.3,51.8,7.6,9.7,6.0,0.2,3.3,1.0,11.5,0,,ED,5,quasi impossible,ED,100.0,mesure,mesuree
union,59-19,59,Denain,80890,84,21.9,15.6,63.6,57.0,7.6,9.7,6.0,0.0,3.3,1.0,21.9,1,-38.6,ED,4,difficile,ED,100.0,mesure,mesuree
union,59-20,59,Saint-Amand-Les-Eaux,82190,92,35.4,10.9,54.8,57.8,7.6,9.7,6.0,0.0,3.3,1.0,35.4,1,-17.2,ED,4,difficile,ED,100.0,mesure,mesuree
union,59-21,59,Valenciennes,78274,88,21.9,28.4,49.7,54.5,7.6,9.7,6.0,0.0,3.3,1.0,21.9,0,,ED,5,quasi impossible,ED,100.0,mesure,mesuree
union,60-01,60,Beauvais,82738,185,17.4,32.8,48.9,49.4,7.6,9.7,6.0,0.6,3.3,1.0,17.4,0,,ED,5,quasi impossible,ED,100.0,mesure,mesuree
union,60-02,60,Beauvais,88836,194,18.5,23.6,57.3,49.9,7.6,9.7,6.0,0.4,3.3,1.0,18.5,0,,ED,5,quasi impossible,ED,100.0,mesure,mesuree
union,60-03,60,Creil,74495,87,31.1,20.3,48.0,55.5,7.6,9.7,6.0,0.8,3.3,1.0,31.1,1,-12.8,ED,4,difficile,ED,100.0,mesure,mesuree
union,60-04,60,Senlis,93744,126,15.3,36.8,47.1,47.1,7.6,9.7,6.0,0.9,3.3,1.0,15.3,0,,ED,5,quasi impossible,ED,100.0,mesure,mesuree
union,60-05,60,Compiègne,73645,104,20.6,31.4,48.2,49.2,7.6,9.7,6.0,0.0,3.3,1.0,20.6,0,,ED,5,quasi impossible,ED,100.0,mesure,mesuree
union,60-06,60,Compiègne,75808,141,17.9,28.8,53.4,49.3,7.6,9.7,6.0,0.0,3.3,1.0,17.9,0,,ED,5,quasi impossible,ED,100.0,mesure,mesuree
union,60-07,60,Nogent-Sur-Oise,76106,99,26.6,27.2,45.2,50.9,7.6,9.7,6.0,1.0,3.3,1.0,26.6,1,-9.1,ED,4,difficile,ED,100.0,mesure,mesuree
union,61-01,61,Alençon,67262,153,25.1,31.4,41.5,46.2,7.6,9.7,6.0,1.9,3.3,1.0,25.1,1,-5.4,ED,3,disputé,ED,100.0,mesure,mesuree
union,61-02,61,L'Aigle,64536,203,13.9,37.8,46.0,44.4,7.6,9.7,6.0,2.2,3.3,1.0,13.9,0,,ED,5,quasi impossible,ED,100.0,mesure,mesuree
union,61-03,61,Flers,70653,173,16.9,43.1,38.2,45.1,7.6,9.7,6.0,1.7,3.3,1.0,16.9,0,,CD,5,quasi impossible,CD,100.0,mesure,mesuree
union,62-01,62,Vitry-En-Artois,104632,310,15.9,26.6,58.4,47.1,7.6,9.7,6.0,0.0,3.3,1.0,15.9,0,,ED,5,quasi impossible,ED,100.0,mesure,mesuree
union,62-02,62,Arras,88596,111,22.9,32.5,45.3,45.9,7.6,9.7,6.0,0.0,3.3,1.0,22.9,0,,ED,5,quasi impossible,ED,100.0,mesure,mesuree
union,62-03,62,Lens,83041,88,32.6,9.0,58.4,57.5,7.6,9.7,6.0,0.1,3.3,1.0,32.6,1,-24.0,ED,4,difficile,ED,100.0,mesure,mesuree
union,62-04,62,Berck,89124,201,13.0,38.9,47.2,45.6,7.6,9.7,6.0,1.0,3.3,1.0,13.0,0,,ED,5,quasi impossible,ED,100.0,mesure,mesuree
union,62-05,62,Boulogne-Sur-Mer,88328,111,32.4,19.7,48.4,52.6,7.6,9.7,6.0,0.0,3.3,1.0,32.4,1,-12.0,ED,4,difficile,ED,100.0,mesure,mesuree
union,62-06,62,Guînes,94643,193,13.0,33.0,54.1,46.6,7.6,9.7,6.0,0.0,3.3,1.0,13.0,0,,ED,5,quasi impossible,ED,100.0,mesure,mesuree
union,62-07,62,Calais,94659,103,15.6,31.9,51.6,54.8,7.6,9.7,6.0,0.9,3.3,1.0,15.6,0,,ED,5,quasi impossible,ED,100.0,mesure,mesuree
union,62-08,62,Saint-Omer,92388,117,33.4,15.6,50.5,49.6,7.6,9.7,6.0,0.5,3.3,1.0,33.4,1,-13.9,ED,4,difficile,ED,100.0,mesure,mesuree
union,62-09,62,Béthune,80762,87,17.7,29.2,53.0,48.4,7.6,9.7,6.0,0.2,3.3,1.0,17.7,0,,ED,5,quasi impossible,ED,100.0,mesure,mesuree
union,62-10,62,Bruay-La-Buissière,89095,110,17.1,16.3,67.3,55.0,7.6,9.7,6.0,0.0,3.3,1.0,17.1,1,-47.0,ED,4,difficile,ED,100.0,mesure,mesuree
union,62-11,62,Hénin-Beaumont,93335,97,22.5,10.3,68.0,57.2,7.6,9.7,6.0,0.0,3.3,1.0,22.5,1,-43.5,ED,4,difficile,ED,100.0,mesure,mesuree
union,62-12,62,Liévin,94391,107,24.1,13.2,63.5,56.1,7.6,9.7,6.0,0.0,3.3,1.0,24.1,1,-36.8,ED,4,difficile,ED,100.0,mesure,mesuree
union,63-01,63,Clermont-Ferrand,83788,84,39.1,27.3,33.8,48.7,7.6,9.7,6.0,0.0,3.3,1.0,39.1,1,14.8,ED,1,victoire facile,G,100.0,mesure,mesuree
union,63-02,63,Riom,90283,171,37.9,22.9,39.0,41.4,7.6,9.7,6.0,0.1,3.3,1.0,37.9,1,7.0,ED,2,jouable,G,100.0,mesure,mesuree
union,63-03,63,Clermont-Ferrand,90194,156,33.3,34.2,32.2,40.0,7.6,9.7,6.0,0.1,3.3,1.0,33.3,1,-10.5,CD,4,difficile,CD,100.0,mesure,mesuree
union,63-04,63,Issoire,101981,155,27.4,34.8,37.2,43.5,7.6,9.7,6.0,0.4,3.3,1.0,27.4,1,2.3,ED,2,jouable,CD,100.0,mesure,mesuree
union,63-05,63,Pont-Du-Château,105052,173,41.5,17.5,41.3,44.6,7.6,9.7,6.0,0.0,3.3,1.0,41.5,1,3.7,ED,2,jouable,G,100.0,mesure,mesuree
union,64-01,64,Pau,69447,85,33.3,30.3,34.1,42.7,7.6,9.7,6.0,2.2,3.3,1.0,33.3,1,9.8,ED,2,jouable,G,100.0,mesure,mesuree
union,64-02,64,Pau,84389,128,27.3,30.8,38.2,40.8,7.6,9.7,6.0,3.6,3.3,1.0,27.3,1,-0.0,ED,3,disputé,CD,100.0,mesure,mesuree
union,64-03,64,Orthez,83955,213,57.8,3.8,37.3,42.5,7.6,9.7,6.0,1.1,3.3,1.0,57.8,1,21.2,ED,1,victoire facile,G,100.0,mesure,mesuree
union,64-04,64,Oloron-Sainte-Marie,80792,250,29.4,28.1,30.9,38.3,7.6,9.7,6.0,11.5,3.3,1.0,29.4,1,8.3,ED,2,jouable,G,100.0,mesure,mesuree
union,64-05,64,Bayonne,100288,97,31.3,27.9,34.3,43.3,7.6,9.7,6.0,6.2,3.3,1.0,31.3,1,6.8,ED,2,jouable,G,100.0,mesure,mesuree
union,64-06,64,Biarritz,106617,106,24.5,36.9,29.7,41.8,7.6,9.7,6.0,8.9,3.3,1.0,24.5,1,-21.3,CD,4,difficile,CD,100.0,mesure,mesuree
union,65-01,65,Tarbes,87328,336,36.2,22.8,38.4,41.3,7.6,9.7,6.0,2.6,3.3,1.0,36.2,1,5.8,ED,2,jouable,G,100.0,mesure,mesuree
union,65-02,65,Tarbes,88496,224,31.5,24.1,41.6,42.7,7.6,9.7,6.0,2.7,3.3,1.0,31.5,1,-1.6,ED,3,disputé,ED,100.0,mesure,mesuree
union,66-01,66,Perpignan,74058,80,23.0,22.8,52.4,50.7,7.6,9.7,6.0,2.0,3.3,1.0,23.0,1,-24.8,ED,4,difficile,ED,100.0,mesure,mesuree
union,66-02,66,Canet-En-Roussillon,104416,126,17.1,19.1,61.4,49.5,7.6,9.7,6.0,2.6,3.3,1.0,17.1,0,,ED,5,quasi impossible,ED,100.0,mesure,mesuree
union,66-03,66,Perpignan,84595,155,25.5,19.6,50.4,47.3,7.6,9.7,6.0,4.5,3.3,1.0,25.5,1,-21.0,ED,4,difficile,ED,100.0,mesure,mesuree
union,66-04,66,Argelès-Sur-Mer,101277,120,26.1,17.4,54.0,46.3,7.6,9.7,6.0,2.6,3.3,1.0,26.1,1,-24.5,ED,4,difficile,ED,100.0,mesure,mesuree
union,67-01,67,Strasbourg,62481,65,53.0,23.1,22.6,44.2,7.6,9.7,6.0,1.2,3.3,1.0,53.0,1,23.1,CD,1,victoire facile,G,100.0,mesure,mesuree
union,67-02,67,Strasbourg,71094,70,45.2,25.4,28.3,47.2,7.6,9.7,6.0,0.9,3.3,1.0,45.2,1,25.8,ED,1,victoire facile,G,100.0,mesure,mesuree
union,67-03,67,Strasbourg,70945,78,38.6,28.4,30.4,49.3,7.6,9.7,6.0,2.6,3.3,1.0,38.6,1,18.1,ED,1,victoire facile,G,100.0,mesure,mesuree
union,67-04,67,Lingolsheim,99049,114,18.4,40.8,38.2,45.2,7.6,9.7,6.0,2.6,3.3,1.0,18.4,0,,CD,5,quasi impossible,CD,100.0,mesure,mesuree
union,67-05,67,Sélestat,107594,125,16.4,37.3,41.3,47.3,7.6,9.7,6.0,4.7,3.3,1.0,16.4,0,,ED,5,quasi impossible,CD,100.0,mesure,mesuree
union,67-06,67,Obernai,97539,121,14.4,39.4,42.9,46.9,7.6,9.7,6.0,3.1,3.3,1.0,14.4,0,,ED,5,quasi impossible,CD,100.0,mesure,mesuree
union,67-07,67,Saverne,86142,180,9.9,41.8,43.1,47.7,7.6,9.7,6.0,5.1,3.3,1.0,9.9,0,,ED,5,quasi impossible,CD,100.0,mesure,mesuree
union,67-08,67,Wissembourg,94678,144,6.1,42.0,48.0,50.5,7.6,9.7,6.0,3.8,3.3,1.0,6.1,0,,ED,5,quasi impossible,ED,100.0,mesure,mesuree
union,67-09,67,Haguenau,95422,106,11.9,39.7,44.0,49.4,7.6,9.7,6.0,4.3,3.3,1.0,11.9,0,,ED,5,quasi impossible,CD,100.0,mesure,mesuree
union,68-01,68,Colmar,78987,82,16.2,43.3,37.3,50.1,7.6,9.7,6.0,3.1,3.3,1.0,16.2,0,,CD,5,quasi impossible,CD,100.0,mesure,mesuree
union,68-02,68,Guebwiller,92476,114,16.5,40.0,39.1,45.6,7.6,9.7,6.0,4.1,3.3,1.0,16.5,0,,CD,5,quasi impossible,CD,100.0,mesure,mesuree
union,68-03,68,Saint-Louis,86586,156,14.4,37.9,41.4,48.3,7.6,9.7,6.0,6.1,3.3,1.0,14.4,0,,ED,5,quasi impossible,CD,100.0,mesure,mesuree
union,68-04,68,Wittelsheim,104237,124,16.4,32.3,48.6,50.2,7.6,9.7,6.0,2.6,3.3,1.0,16.4,0,,ED,5,quasi impossible,ED,100.0,mesure,mesuree
union,68-05,68,Mulhouse,75776,90,26.7,34.4,36.1,51.7,7.6,9.7,6.0,2.8,3.3,1.0,26.7,1,2.6,ED,2,jouable,CD,100.0,mesure,mesuree
union,68-06,68,Mulhouse,94174,117,22.6,28.9,45.4,53.3,7.6,9.7,6.0,3.2,3.3,1.0,22.6,0,,ED,5,quasi impossible,ED,100.0,mesure,mesuree
union,69-01,69,Lyon,70790,73,43.8,30.7,26.2,40.8,7.6,9.7,6.0,0.0,3.3,1.0,43.8,1,5.2,CD,2,jouable,G,100.0,mesure,mesuree
union,69-02,69,Lyon,74611,75,47.0,28.5,23.1,35.7,7.6,9.7,6.0,1.2,3.3,1.0,47.0,1,11.6,CD,1,victoire facile,G,100.0,mesure,mesuree
union,69-03,69,Lyon,70822,73,52.0,25.0,24.4,37.7,7.6,9.7,6.0,0.0,3.3,1.0,52.0,1,19.7,CD,1,victoire facile,G,100.0,mesure,mesuree
union,69-04,69,Lyon,78040,83,36.6,37.9,26.5,36.6,7.6,9.7,6.0,0.0,3.3,1.0,36.6,1,-9.2,CD,4,difficile,CD,100.0,mesure,mesuree
union,69-05,69,Caluire-Et-Cuire,86749,99,24.1,42.5,33.7,39.8,7.6,9.7,6.0,0.0,3.3,1.0,24.1,1,-28.5,CD,4,difficile,CD,100.0,mesure,mesuree
union,69-06,69,Villeurbanne,90839,79,61.1,10.6,27.3,51.1,7.6,9.7,6.0,0.9,3.3,1.0,61.1,1,35.9,ED,1,victoire facile,G,100.0,mesure,mesuree
union,69-07,69,Vaulx-En-Velin,72607,71,44.5,25.0,28.7,55.9,7.6,9.7,6.0,2.2,3.3,1.0,44.5,1,20.8,ED,1,victoire facile,G,100.0,mesure,mesuree
union,69-08,69,Ecully,104640,137,21.1,39.6,39.5,41.9,7.6,9.7,6.0,0.0,3.3,1.0,21.1,0,,CD,5,quasi impossible,CD,100.0,mesure,mesuree
union,69-09,69,Villefranche-Sur-Saône,97598,125,20.8,38.0,41.0,45.5,7.6,9.7,6.0,0.2,3.3,1.0,20.8,0,,ED,5,quasi impossible,CD,100.0,mesure,mesuree
union,69-10,69,Saint-Genis-Laval,98181,112,22.4,41.3,37.2,41.0,7.6,9.7,6.0,0.0,3.3,1.0,22.4,1,-30.0,CD,4,difficile,CD,100.0,mesure,mesuree
union,69-11,69,Givors,95693,110,24.2,33.7,41.8,45.9,7.6,9.7,6.0,0.2,3.3,1.0,24.2,1,-5.8,ED,3,disputé,CD,100.0,mesure,mesuree
union,69-12,69,Oullins-Pierre-Bénite,75443,87,27.4,40.9,32.4,40.4,7.6,9.7,6.0,0.0,3.3,1.0,27.4,1,-23.2,CD,4,difficile,CD,100.0,mesure,mesuree
union,69-13,69,Meyzieu,86873,101,24.1,32.4,43.4,48.5,7.6,9.7,6.0,0.3,3.3,1.0,24.1,0,,ED,5,quasi impossible,ED,100.0,mesure,mesuree
union,69-14,69,Vénissieux,75928,82,45.3,15.2,38.1,59.8,7.6,9.7,6.0,1.8,3.3,1.0,45.3,1,10.3,ED,1,victoire facile,G,100.0,mesure,mesuree
union,70-01,70,Vesoul,88355,352,15.7,30.9,53.0,43.9,7.6,9.7,6.0,0.3,3.3,1.0,15.7,0,,ED,5,quasi impossible,ED,100.0,mesure,mesuree
union,70-02,70,Héricourt,89378,262,19.5,25.4,56.0,46.2,7.6,9.7,6.0,0.0,3.3,1.0,19.5,0,,ED,5,quasi impossible,ED,100.0,mesure,mesuree
union,71-01,71,Mâcon,75060,141,25.3,32.6,41.4,45.8,7.6,9.7,6.0,0.7,3.3,1.0,25.3,1,-4.7,ED,3,disputé,CD,100.0,mesure,mesuree
union,71-02,71,Paray-Le-Monial,76621,175,15.2,41.5,42.1,43.9,7.6,9.7,6.0,1.2,3.3,1.0,15.2,0,,ED,5,quasi impossible,CD,100.0,mesure,mesuree
union,71-03,71,Autun,73980,156,17.9,32.8,49.8,44.9,7.6,9.7,6.0,0.0,3.3,1.0,17.9,0,,ED,5,quasi impossible,ED,100.0,mesure,mesuree
union,71-04,71,Chalon-Sur-Saône,83477,150,30.2,20.7,49.1,48.0,7.6,9.7,6.0,0.0,3.3,1.0,30.2,1,-14.8,ED,4,difficile,ED,100.0,mesure,mesuree
union,71-05,71,Chalon-Sur-Saône,85091,112,23.9,35.5,40.5,47.8,7.6,9.7,6.0,0.2,3.3,1.0,23.9,0,,ED,5,quasi impossible,CD,100.0,mesure,mesuree
union,72-01,72,Le Mans,73766,110,26.0,34.9,38.8,46.5,7.6,9.7,6.0,0.2,3.3,1.0,26.0,1,-0.6,ED,3,disputé,CD,100.0,mesure,mesuree
union,72-02,72,Le Mans,83764,99,42.0,16.6,41.5,52.5,7.6,9.7,6.0,0.0,3.3,1.0,42.0,1,3.7,ED,2,jouable,G,100.0,mesure,mesuree
union,72-03,72,La Flèche,85878,129,19.0,30.6,49.8,48.9,7.6,9.7,6.0,0.6,3.3,1.0,19.0,0,,ED,5,quasi impossible,ED,100.0,mesure,mesuree
union,72-04,72,Le Mans,81439,115,28.6,26.8,43.4,49.0,7.6,9.7,6.0,1.1,3.3,1.0,28.6,1,-5.4,ED,3,disputé,ED,100.0,mesure,mesuree
union,72-05,72,Le Mans,87032,153,25.9,27.7,46.4,49.2,7.6,9.7,6.0,0.0,3.3,1.0,25.9,1,-10.9,ED,4,difficile,ED,100.0,mesure,mesuree
union,73-01,73,Aix-Les-Bains,92486,127,22.9,33.9,41.9,43.8,7.6,9.7,6.0,1.2,3.3,1.0,22.9,1,-7.1,ED,3,disputé,CD,100.0,mesure,mesuree
union,73-02,73,Albertville,75626,118,22.2,34.8,39.5,47.2,7.6,9.7,6.0,3.2,3.3,1.0,22.2,0,,ED,5,quasi impossible,CD,100.0,mesure,mesuree
union,73-03,73,La Ravoire,73609,133,20.9,37.5,41.4,42.6,7.6,9.7,6.0,0.0,3.3,1.0,20.9,0,,ED,5,quasi impossible,CD,100.0,mesure,mesuree
union,73-04,73,Chambéry,79612,100,36.8,25.1,36.6,43.9,7.6,9.7,6.0,1.5,3.3,1.0,36.8,1,9.0,ED,1,victoire facile,G,100.0,mesure,mesuree
union,74-01,74,Annecy,106505,118,21.9,39.4,37.7,44.1,7.6,9.7,6.0,0.8,3.3,1.0,21.9,0,,CD,5,quasi impossible,CD,100.0,mesure,mesuree
union,74-02,74,Annecy,98954,109,25.9,38.0,34.2,44.4,7.6,9.7,6.0,1.7,3.3,1.0,25.9,1,-22.4,CD,4,difficile,CD,100.0,mesure,mesuree
union,74-03,74,Bonneville,89010,107,23.2,32.8,41.2,47.7,7.6,9.7,6.0,2.4,3.3,1.0,23.2,0,,ED,5,quasi impossible,CD,100.0,mesure,mesuree
union,74-04,74,Annemasse,89378,107,25.4,38.6,32.0,52.1,7.6,9.7,6.0,3.8,3.3,1.0,25.4,0,,CD,5,quasi impossible,CD,100.0,mesure,mesuree
union,74-05,74,Thonon-Les-Bains,101666,113,23.6,35.5,37.3,48.9,7.6,9.7,6.0,3.4,3.3,1.0,23.6,0,,ED,5,quasi impossible,CD,100.0,mesure,mesuree
union,74-06,74,Sallanches,81261,89,21.6,34.9,41.3,48.8,7.6,9.7,6.0,2.0,3.3,1.0,21.6,0,,ED,5,quasi impossible,CD,100.0,mesure,mesuree
union,75-01,75,Paris,70315,51,27.5,52.3,20.1,36.6,7.6,9.7,6.0,0.0,3.3,1.0,27.5,1,-30.8,CD,4,difficile,CD,100.0,mesure,mesuree
union,75-02,75,Paris,74579,54,30.3,47.7,20.1,34.8,7.6,9.7,6.0,1.7,3.3,1.0,30.3,1,-23.4,CD,4,difficile,CD,100.0,mesure,mesuree
union,75-03,75,Paris,72159,48,47.4,34.4,18.5,39.0,7.6,9.7,6.0,0.0,3.3,1.0,47.4,1,7.5,CD,2,jouable,G,100.0,mesure,mesuree
union,75-04,75,Paris,73204,48,15.4,60.7,23.8,39.3,7.6,9.7,6.0,0.0,3.3,1.0,15.4,0,,CD,5,quasi impossible,CD,100.0,mesure,mesuree
union,75-05,75,Paris,57005,39,60.4,23.2,16.9,37.5,7.6,9.7,6.0,0.0,3.3,1.0,60.4,1,32.1,CD,1,victoire facile,G,100.0,mesure,mesuree
union,75-06,75,Paris,81237,48,63.9,19.4,17.0,38.3,7.6,9.7,6.0,0.0,3.3,1.0,63.9,1,39.4,CD,1,victoire facile,G,100.0,mesure,mesuree
union,75-07,75,Paris,61637,38,55.5,28.1,17.3,35.3,7.6,9.7,6.0,0.0,3.3,1.0,55.5,1,22.2,CD,1,victoire facile,G,100.0,mesure,mesuree
union,75-08,75,Paris,85297,59,50.8,28.7,20.5,39.2,7.6,9.7,6.0,0.1,3.3,1.0,50.8,1,16.0,CD,1,victoire facile,G,100.0,mesure,mesuree
union,75-09,75,Paris,69990,45,53.6,25.4,20.8,40.3,7.6,9.7,6.0,0.3,3.3,1.0,53.6,1,22.0,CD,1,victoire facile,G,100.0,mesure,mesuree
union,75-10,75,Paris,69062,44,52.0,26.9,20.7,40.2,7.6,9.7,6.0,0.3,3.3,1.0,52.0,1,18.9,CD,1,victoire facile,G,100.0,mesure,mesuree
union,75-11,75,Paris,72872,51,43.0,37.6,19.8,34.8,7.6,9.7,6.0,0.0,3.3,1.0,43.0,1,-0.5,CD,3,disputé,G,100.0,mesure,mesuree
union,75-12,75,Paris,75515,50,26.4,50.3,23.1,35.9,7.6,9.7,6.0,0.0,3.3,1.0,26.4,1,-30.8,CD,4,difficile,CD,100.0,mesure,mesuree
union,75-13,75,Paris,77751,51,36.1,40.7,23.0,38.9,7.6,9.7,6.0,0.1,3.3,1.0,36.1,1,-11.6,CD,4,difficile,CD,100.0,mesure,mesuree
union,75-14,75,Paris,76408,52,11.1,63.5,25.5,38.8,7.6,9.7,6.0,0.0,3.3,1.0,11.1,0,,CD,5,quasi impossible,CD,100.0,mesure,mesuree
union,75-15,75,Paris,79598,51,67.7,14.3,18.5,41.4,7.6,9.7,6.0,0.0,3.3,1.0,67.7,1,52.0,ED,1,victoire facile,G,100.0,mesure,mesuree
union,75-16,75,Paris,76417,49,66.3,15.4,18.4,44.1,7.6,9.7,6.0,0.0,3.3,1.0,66.3,1,51.0,ED,1,victoire facile,G,100.0,mesure,mesuree
union,75-17,75,Paris,63138,38,66.9,13.8,18.6,47.2,7.6,9.7,6.0,0.6,3.3,1.0,66.9,1,51.1,ED,1,victoire facile,G,100.0,mesure,mesuree
union,75-18,75,Paris,70320,44,52.5,30.4,17.0,37.6,7.6,9.7,6.0,0.0,3.3,1.0,52.5,1,17.1,CD,1,victoire facile,G,100.0,mesure,mesuree
union,76-01,76,Rouen,66601,72,46.7,26.1,27.2,44.7,7.6,9.7,6.0,0.0,3.3,1.0,46.7,1,28.7,ED,1,victoire facile,G,100.0,mesure,mesuree
union,76-02,76,Bois-Guillaume,95776,145,22.5,35.8,40.9,41.6,7.6,9.7,6.0,0.9,3.3,1.0,22.5,1,-5.9,ED,3,disputé,CD,100.0,mesure,mesuree
union,76-03,76,Sotteville-Lès-Rouen,69807,79,52.1,12.1,35.8,52.6,7.6,9.7,6.0,0.0,3.3,1.0,52.1,1,18.8,ED,1,victoire facile,G,100.0,mesure,mesuree
union,76-04,76,Le Grand-Quevilly,85523,108,37.4,15.9,47.0,52.1,7.6,9.7,6.0,0.0,3.3,1.0,37.4,1,-6.4,ED,3,disputé,ED,100.0,mesure,mesuree
union,76-05,76,Barentin,94874,128,32.3,19.1,49.3,48.1,7.6,9.7,6.0,0.0,3.3,1.0,32.3,1,-13.1,ED,4,difficile,ED,100.0,mesure,mesuree
union,76-06,76,Dieppe,109261,222,34.9,15.0,50.6,47.1,7.6,9.7,6.0,0.0,3.3,1.0,34.9,1,-12.7,ED,4,difficile,ED,100.0,mesure,mesuree
union,76-07,76,Le Havre,83825,91,30.5,33.0,35.5,47.7,7.6,9.7,6.0,1.1,3.3,1.0,30.5,1,6.5,ED,2,jouable,CD,100.0,mesure,mesuree
union,76-08,76,Le Havre,66184,75,45.3,16.1,38.4,56.8,7.6,9.7,6.0,0.1,3.3,1.0,45.3,1,10.1,ED,1,victoire facile,G,100.0,mesure,mesuree
union,76-09,76,Fécamp,94910,165,18.5,30.1,51.8,46.8,7.6,9.7,6.0,0.0,3.3,1.0,18.5,0,,ED,5,quasi impossible,ED,100.0,mesure,mesuree
union,76-10,76,Yvetot,108932,256,16.5,30.9,51.2,44.5,7.6,9.7,6.0,1.3,3.3,1.0,16.5,0,,ED,5,quasi impossible,ED,100.0,mesure,mesuree
union,77-01,77,Melun,71339,76,33.1,25.8,39.8,52.5,7.6,9.7,6.0,1.4,3.3,1.0,33.1,1,-1.5,ED,3,disputé,ED,100.0,mesure,mesuree
union,77-02,77,Fontainebleau,80444,113,26.6,30.5,42.0,45.4,7.6,9.7,6.0,1.1,3.3,1.0,26.6,1,-4.8,ED,3,disputé,ED,100.0,mesure,mesuree
union,77-03,77,Montereau-Fault-Yonne,76326,102,28.0,27.5,43.3,49.6,7.6,9.7,6.0,1.3,3.3,1.0,28.0,1,-5.6,ED,3,disputé,ED,100.0,mesure,mesuree
union,77-04,77,Provins,88697,173,19.0,27.0,53.0,49.4,7.6,9.7,6.0,1.0,3.3,1.0,19.0,0,,ED,5,quasi impossible,ED,100.0,mesure,mesuree
union,77-05,77,Coulommiers,88987,103,24.7,27.8,46.2,51.1,7.6,9.7,6.0,1.3,3.3,1.0,24.7,0,,ED,5,quasi impossible,ED,100.0,mesure,mesuree
union,77-06,77,Meaux,82904,99,30.0,22.6,46.5,54.2,7.6,9.7,6.0,1.0,3.3,1.0,30.0,1,-11.9,ED,4,difficile,ED,100.0,mesure,mesuree
union,77-07,77,Villeparisis,89223,100,32.0,23.3,43.5,52.7,7.6,9.7,6.0,1.4,3.3,1.0,32.0,1,-6.9,ED,3,disputé,ED,100.0,mesure,mesuree
union,77-08,77,Bussy-Saint-Georges,94910,93,35.9,27.6,35.6,51.6,7.6,9.7,6.0,1.1,3.3,1.0,35.9,1,9.9,ED,1,victoire facile,G,100.0,mesure,mesuree
union,77-09,77,Pontault-Combault,87735,97,30.8,24.8,42.7,52.1,7.6,9.7,6.0,1.8,3.3,1.0,30.8,1,-6.9,ED,3,disputé,ED,100.0,mesure,mesuree
union,77-10,77,Chelles,79389,77,41.9,25.9,30.6,52.9,7.6,9.7,6.0,1.8,3.3,1.0,41.9,1,16.5,ED,1,victoire facile,G,100.0,mesure,mesuree
union,77-11,77,Savigny-Le-Temple,65734,61,52.5,10.5,36.7,56.0,7.6,9.7,6.0,0.7,3.3,1.0,52.5,1,17.9,ED,1,victoire facile,G,100.0,mesure,mesuree
union,78-01,78,Versailles,83470,62,26.4,43.9,30.3,39.9,7.6,9.7,6.0,0.0,3.3,1.0,26.4,1,-26.6,CD,4,difficile,CD,100.0,mesure,mesuree
union,78-02,78,Versailles,85852,83,25.3,44.5,31.0,37.1,7.6,9.7,6.0,0.0,3.3,1.0,25.3,1,-28.5,CD,4,difficile,CD,100.0,mesure,mesuree
union,78-03,78,Le Chesnay-Rocquencourt,83521,84,21.6,46.5,32.6,40.0,7.6,9.7,6.0,0.0,3.3,1.0,21.6,1,-34.7,CD,4,difficile,CD,100.0,mesure,mesuree
union,78-04,78,Houilles,79688,67,25.8,46.0,28.7,39.9,7.6,9.7,6.0,0.0,3.3,1.0,25.8,1,-28.9,CD,4,difficile,CD,100.0,mesure,mesuree
union,78-05,78,Sartrouville,76766,72,26.4,54.3,19.1,40.9,7.6,9.7,6.0,0.6,3.3,1.0,26.4,1,-33.6,CD,4,difficile,CD,100.0,mesure,mesuree
union,78-06,78,Saint-Germain-En-Laye,76446,81,28.3,42.2,29.1,44.1,7.6,9.7,6.0,0.7,3.3,1.0,28.3,1,-22.7,CD,4,difficile,CD,100.0,mesure,mesuree
union,78-07,78,Conflans-Sainte-Honorine,81613,86,33.0,32.8,33.1,47.1,7.6,9.7,6.0,1.4,3.3,1.0,33.0,1,11.3,ED,2,jouable,G,100.0,mesure,mesuree
union,78-08,78,Mantes-La-Jolie,75347,84,41.5,17.8,37.6,55.3,7.6,9.7,6.0,3.5,3.3,1.0,41.5,1,7.5,ED,2,jouable,G,100.0,mesure,mesuree
union,78-09,78,Les Mureaux,91899,124,29.4,27.0,41.8,48.8,7.6,9.7,6.0,1.9,3.3,1.0,29.4,1,-2.9,ED,3,disputé,ED,100.0,mesure,mesuree
union,78-10,78,Rambouillet,91685,105,25.6,38.6,35.9,40.2,7.6,9.7,6.0,0.1,3.3,1.0,25.6,1,-23.8,CD,4,difficile,CD,100.0,mesure,mesuree
union,78-11,78,Elancourt,70630,73,42.1,27.0,29.4,47.5,7.6,9.7,6.0,1.7,3.3,1.0,42.1,1,22.2,ED,1,victoire facile,G,100.0,mesure,mesuree
union,78-12,78,Poissy,70613,85,31.4,35.9,32.6,43.6,7.6,9.7,6.0,0.3,3.3,1.0,31.4,1,-14.3,CD,4,difficile,CD,100.0,mesure,mesuree
union,79-01,79,Niort,91748,129,30.2,36.4,32.4,43.8,7.6,9.7,6.0,0.7,3.3,1.0,30.2,1,-16.0,CD,4,difficile,CD,100.0,mesure,mesuree
union,79-02,79,Parthenay,98054,196,38.4,20.0,40.7,45.4,7.6,9.7,6.0,0.7,3.3,1.0,38.4,1,1.7,ED,2,jouable,G,100.0,mesure,mesuree
union,79-03,79,Bressuire,85314,145,16.7,41.2,40.6,46.6,7.6,9.7,6.0,1.4,3.3,1.0,16.7,0,,CD,5,quasi impossible,CD,100.0,mesure,mesuree
union,80-01,80,Amiens,83104,128,36.6,19.6,43.7,50.4,7.6,9.7,6.0,0.0,3.3,1.0,36.6,1,-3.2,ED,3,disputé,ED,100.0,mesure,mesuree
union,80-02,80,Amiens,76061,87,30.1,35.8,34.5,47.2,7.6,9.7,6.0,0.0,3.3,1.0,30.1,1,-16.0,CD,4,difficile,CD,100.0,mesure,mesuree
union,80-03,80,Friville-Escarbotin,81800,229,12.8,33.8,53.2,44.4,7.6,9.7,6.0,0.1,3.3,1.0,12.8,0,,ED,5,quasi impossible,ED,100.0,mesure,mesuree
union,80-04,80,Corbie,85080,261,15.3,30.7,53.7,46.0,7.6,9.7,6.0,0.1,3.3,1.0,15.3,0,,ED,5,quasi impossible,ED,100.0,mesure,mesuree
union,80-05,80,Albert,81191,270,13.5,28.3,58.3,48.4,7.6,9.7,6.0,0.0,3.3,1.0,13.5,0,,ED,5,quasi impossible,ED,100.0,mesure,mesuree
union,81-01,81,Albi,85344,132,28.2,27.6,43.6,42.6,7.6,9.7,6.0,0.6,3.3,1.0,28.2,1,-5.8,ED,3,disputé,ED,100.0,mesure,mesuree
union,81-02,81,Albi,110310,194,31.1,21.6,45.0,41.8,7.6,9.7,6.0,2.4,3.3,1.0,31.1,1,-6.4,ED,3,disputé,ED,100.0,mesure,mesuree
union,81-03,81,Castres,104780,165,25.3,27.3,46.2,42.0,7.6,9.7,6.0,1.1,3.3,1.0,25.3,1,-11.3,ED,4,difficile,ED,100.0,mesure,mesuree
union,82-01,82,Montauban,93424,126,37.9,14.0,46.8,44.6,7.6,9.7,6.0,1.3,3.3,1.0,37.9,1,-6.0,ED,3,disputé,ED,100.0,mesure,mesuree
union,82-02,82,Castelsarrasin,96517,168,33.1,11.9,54.3,45.5,7.6,9.7,6.0,0.7,3.3,1.0,33.1,1,-18.8,ED,4,difficile,ED,100.0,mesure,mesuree
union,83-01,83,Toulon,71099,89,20.3,27.8,51.0,50.3,7.6,9.7,6.0,1.1,3.3,1.0,20.3,0,,ED,5,quasi impossible,ED,100.0,mesure,mesuree
union,83-02,83,Toulon,92819,104,19.8,21.5,56.8,50.9,7.6,9.7,6.0,2.0,3.3,1.0,19.8,0,,ED,5,quasi impossible,ED,100.0,mesure,mesuree
union,83-03,83,Hyères,103272,121,17.4,27.8,53.0,47.0,7.6,9.7,6.0,2.0,3.3,1.0,17.4,0,,ED,5,quasi impossible,ED,100.0,mesure,mesuree
union,83-04,83,Sainte-Maxime,108501,120,12.4,23.0,63.3,50.7,7.6,9.7,6.0,1.4,3.3,1.0,12.4,0,,ED,5,quasi impossible,ED,100.0,mesure,mesuree
union,83-05,83,Fréjus,97222,105,11.1,25.9,61.6,50.5,7.6,9.7,6.0,1.7,3.3,1.0,11.1,0,,ED,5,quasi impossible,ED,100.0,mesure,mesuree
union,83-06,83,Saint-Maximin-La-Sainte-Baume,125513,139,16.1,22.4,59.4,49.0,7.6,9.7,6.0,2.2,3.3,1.0,16.1,0,,ED,5,quasi impossible,ED,100.0,mesure,mesuree
union,83-07,83,La Seyne-Sur-Mer,102865,112,17.0,26.7,55.1,50.8,7.6,9.7,6.0,1.6,3.3,1.0,17.0,0,,ED,5,quasi impossible,ED,100.0,mesure,mesuree
union,83-08,83,Draguignan,109475,134,17.6,22.1,57.9,49.0,7.6,9.7,6.0,2.4,3.3,1.0,17.6,0,,ED,5,quasi impossible,ED,100.0,mesure,mesuree
union,84-01,84,Avignon,74020,91,37.9,15.8,45.4,55.1,7.6,9.7,6.0,1.1,3.3,1.0,37.9,1,-4.3,ED,3,disputé,ED,100.0,mesure,mesuree
union,84-02,84,Cavaillon,85625,101,22.4,23.5,53.4,47.6,7.6,9.7,6.0,0.7,3.3,1.0,22.4,0,,ED,5,quasi impossible,ED,100.0,mesure,mesuree
union,84-03,84,Sorgues,79341,92,18.5,20.8,60.6,49.8,7.6,9.7,6.0,0.2,3.3,1.0,18.5,0,,ED,5,quasi impossible,ED,100.0,mesure,mesuree
union,84-04,84,Orange,89795,111,17.7,23.3,58.8,49.0,7.6,9.7,6.0,0.4,3.3,1.0,17.7,0,,ED,5,quasi impossible,ED,100.0,mesure,mesuree
union,84-05,84,Pertuis,84944,112,23.9,26.4,48.4,46.6,7.6,9.7,6.0,1.3,3.3,1.0,23.9,1,-15.3,ED,4,difficile,ED,100.0,mesure,mesuree
union,85-01,85,Challans,115462,125,23.1,38.1,37.3,46.8,7.6,9.7,6.0,1.3,3.3,1.0,23.1,0,,CD,5,quasi impossible,CD,100.0,mesure,mesuree
union,85-02,85,La Roche-Sur-Yon,113458,131,22.3,35.9,40.7,44.6,7.6,9.7,6.0,1.1,3.3,1.0,22.3,0,,ED,5,quasi impossible,CD,100.0,mesure,mesuree
union,85-03,85,Les Sables-D'Olonne,131344,127,15.2,41.0,41.6,43.7,7.6,9.7,6.0,2.3,3.3,1.0,15.2,0,,ED,5,quasi impossible,CD,100.0,mesure,mesuree
union,85-04,85,Montaigu-Vendée,104717,105,17.4,53.0,28.3,44.8,7.6,9.7,6.0,1.0,3.3,1.0,17.4,0,,CD,5,quasi impossible,CD,100.0,mesure,mesuree
union,85-05,85,Fontenay-Le-Comte,82485,122,17.4,37.7,43.2,45.1,7.6,9.7,6.0,1.7,3.3,1.0,17.4,0,,ED,5,quasi impossible,CD,100.0,mesure,mesuree
union,86-01,86,Poitiers,81053,100,37.8,26.0,35.0,45.2,7.6,9.7,6.0,0.9,3.3,1.0,37.8,1,11.9,ED,1,victoire facile,G,100.0,mesure,mesuree
union,86-02,86,Poitiers,78411,88,37.5,28.8,32.5,41.7,7.6,9.7,6.0,1.0,3.3,1.0,37.5,1,15.0,ED,1,victoire facile,G,100.0,mesure,mesuree
union,86-03,86,Chauvigny,72043,134,27.8,26.7,44.7,43.9,7.6,9.7,6.0,0.7,3.3,1.0,27.8,1,-7.5,ED,3,disputé,ED,100.0,mesure,mesuree
union,86-04,86,Châtellerault,73679,132,21.4,29.9,47.9,48.3,7.6,9.7,6.0,0.7,3.3,1.0,21.4,0,,ED,5,quasi impossible,ED,100.0,mesure,mesuree
union,87-01,87,Limoges,83948,114,35.1,24.7,39.1,43.5,7.6,9.7,6.0,1.0,3.3,1.0,35.1,1,4.7,ED,2,jouable,G,100.0,mesure,mesuree
union,87-02,87,Limoges,98338,137,36.2,21.6,42.1,41.3,7.6,9.7,6.0,0.0,3.3,1.0,36.2,1,1.6,ED,2,jouable,G,100.0,mesure,mesuree
union,87-03,87,Limoges,81393,127,32.4,25.9,40.5,43.3,7.6,9.7,6.0,1.1,3.3,1.0,32.4,1,1.0,ED,2,jouable,G,100.0,mesure,mesuree
union,88-01,88,Epinal,75984,132,16.0,41.1,41.9,47.7,7.6,9.7,6.0,0.9,3.3,1.0,16.0,0,,ED,5,quasi impossible,CD,100.0,mesure,mesuree
union,88-02,88,Saint-Dié-Des-Vosges,71896,148,14.0,34.1,52.3,48.0,7.6,9.7,6.0,0.0,3.3,1.0,14.0,0,,ED,5,quasi impossible,ED,100.0,mesure,mesuree
union,88-03,88,Gérardmer,63350,83,13.2,46.7,38.5,44.3,7.6,9.7,6.0,1.5,3.3,1.0,13.2,0,,CD,5,quasi impossible,CD,100.0,mesure,mesuree
union,88-04,88,Neufchâteau,64121,290,21.4,29.2,50.3,44.8,7.6,9.7,6.0,0.0,3.3,1.0,21.4,0,,ED,5,quasi impossible,ED,100.0,mesure,mesuree
union,89-01,89,Auxerre,74973,158,23.1,29.9,46.2,44.6,7.6,9.7,6.0,0.7,3.3,1.0,23.1,1,-12.7,ED,4,difficile,ED,100.0,mesure,mesuree
union,89-02,89,Avallon,72260,255,20.7,26.1,52.0,46.6,7.6,9.7,6.0,1.0,3.3,1.0,20.7,0,,ED,5,quasi impossible,ED,100.0,mesure,mesuree
union,89-03,89,Sens,89716,161,21.8,21.8,55.9,50.1,7.6,9.7,6.0,0.5,3.3,1.0,21.8,1,-29.7,ED,4,difficile,ED,100.0,mesure,mesuree
union,90-01,90,Belfort,47553,81,20.5,35.8,43.1,46.8,7.6,9.7,6.0,0.5,3.3,1.0,20.5,0,,ED,5,quasi impossible,CD,100.0,mesure,mesuree
union,90-02,90,Belfort,46433,70,25.9,31.8,42.5,46.0,7.6,9.7,6.0,0.0,3.3,1.0,25.9,1,-5.4,ED,3,disputé,ED,100.0,mesure,mesuree
union,91-01,91,Evry-Courcouronnes,69794,79,47.4,20.3,31.0,56.9,7.6,9.7,6.0,1.5,3.3,1.0,47.4,1,20.5,ED,1,victoire facile,G,100.0,mesure,mesuree
union,91-02,91,Etampes,92918,124,28.0,25.4,45.8,48.7,7.6,9.7,6.0,0.8,3.3,1.0,28.0,1,-8.9,ED,4,difficile,ED,100.0,mesure,mesuree
union,91-03,91,Brétigny-Sur-Orge,97409,106,33.8,25.9,38.9,45.7,7.6,9.7,6.0,1.5,3.3,1.0,33.8,1,4.0,ED,2,jouable,G,100.0,mesure,mesuree
union,91-04,91,Longjumeau,97943,110,29.1,31.8,37.9,44.7,7.6,9.7,6.0,1.4,3.3,1.0,29.1,1,2.3,ED,2,jouable,CD,100.0,mesure,mesuree
union,91-05,91,Gif-Sur-Yvette,68066,71,40.2,35.9,24.7,38.2,7.6,9.7,6.0,0.0,3.3,1.0,40.2,1,-3.0,CD,3,disputé,G,100.0,mesure,mesuree
union,91-06,91,Massy,81352,86,52.8,16.9,29.7,47.3,7.6,9.7,6.0,0.8,3.3,1.0,52.8,1,26.5,ED,1,victoire facile,G,100.0,mesure,mesuree
union,91-07,91,Savigny-Sur-Orge,74148,72,39.6,26.5,32.5,51.1,7.6,9.7,6.0,1.6,3.3,1.0,39.6,1,16.5,ED,1,victoire facile,G,100.0,mesure,mesuree
union,91-08,91,Yerres,76565,86,33.1,22.8,43.4,49.9,7.6,9.7,6.0,1.1,3.3,1.0,33.1,1,-5.8,ED,3,disputé,ED,100.0,mesure,mesuree
union,91-09,91,Draveil,79787,90,37.2,24.8,35.5,49.8,7.6,9.7,6.0,2.8,3.3,1.0,37.2,1,6.7,ED,2,jouable,G,100.0,mesure,mesuree
union,91-10,91,Sainte-Geneviève-Des-Bois,62824,66,45.8,19.9,33.1,54.4,7.6,9.7,6.0,1.4,3.3,1.0,45.8,1,16.7,ED,1,victoire facile,G,100.0,mesure,mesuree
union,92-01,92,Colombes,66736,66,64.0,11.9,23.7,57.2,7.6,9.7,6.0,0.9,3.3,1.0,64.0,1,42.7,ED,1,victoire facile,G,100.0,mesure,mesuree
union,92-02,92,Asnières-Sur-Seine,68943,65,37.6,41.5,21.3,39.8,7.6,9.7,6.0,0.0,3.3,1.0,37.6,1,-10.2,CD,4,difficile,CD,100.0,mesure,mesuree
union,92-03,92,Courbevoie,83095,81,27.4,49.8,22.7,39.4,7.6,9.7,6.0,0.1,3.3,1.0,27.4,1,-29.2,CD,4,difficile,CD,100.0,mesure,mesuree
union,92-04,92,Nanterre,80390,82,51.3,22.7,25.8,49.0,7.6,9.7,6.0,0.4,3.3,1.0,51.3,1,30.1,ED,1,victoire facile,G,100.0,mesure,mesuree
union,92-05,92,Levallois-Perret,77069,77,35.9,41.3,22.8,43.5,7.6,9.7,6.0,0.2,3.3,1.0,35.9,1,-12.3,CD,4,difficile,CD,100.0,mesure,mesuree
union,92-06,92,Neuilly-Sur-Seine,76447,81,16.8,56.3,27.8,38.0,7.6,9.7,6.0,0.0,3.3,1.0,16.8,0,,CD,5,quasi impossible,CD,100.0,mesure,mesuree
union,92-07,92,Rueil-Malmaison,88339,90,22.5,50.3,27.0,38.8,7.6,9.7,6.0,0.7,3.3,1.0,22.5,1,-35.9,CD,4,difficile,CD,100.0,mesure,mesuree
union,92-08,92,Meudon,69015,73,31.1,45.1,24.6,37.0,7.6,9.7,6.0,0.0,3.3,1.0,31.1,1,-21.4,CD,4,difficile,CD,100.0,mesure,mesuree
union,92-09,92,Boulogne-Billancourt,63463,61,19.6,58.0,23.1,37.0,7.6,9.7,6.0,0.0,3.3,1.0,19.6,0,,CD,5,quasi impossible,CD,100.0,mesure,mesuree
union,92-10,92,Issy-Les-Moulineaux,78246,83,35.0,41.4,24.3,38.7,7.6,9.7,6.0,0.0,3.3,1.0,35.0,1,-13.7,CD,4,difficile,CD,100.0,mesure,mesuree
union,92-11,92,Montrouge,71659,76,51.7,24.3,24.1,43.6,7.6,9.7,6.0,0.0,3.3,1.0,51.7,1,20.2,CD,1,victoire facile,G,100.0,mesure,mesuree
union,92-12,92,Clamart,93165,101,37.9,35.9,26.0,40.6,7.6,9.7,6.0,0.4,3.3,1.0,37.9,1,-5.8,CD,3,disputé,G,100.0,mesure,mesuree
union,92-13,92,Antony,88374,91,35.2,41.8,24.1,38.3,7.6,9.7,6.0,0.0,3.3,1.0,35.2,1,-13.9,CD,4,difficile,CD,100.0,mesure,mesuree
union,93-01,93,Epinay-Sur-Seine,64571,67,68.6,9.4,21.5,57.4,7.6,9.7,6.0,0.7,3.3,1.0,68.6,1,49.0,ED,1,victoire facile,G,100.0,mesure,mesuree
union,93-02,93,Saint-Denis,59304,59,76.4,1.2,21.6,63.3,7.6,9.7,6.0,1.3,3.3,1.0,76.4,1,55.1,ED,1,victoire facile,G,100.0,mesure,mesuree
union,93-03,93,Noisy-Le-Grand,76122,80,41.8,27.1,28.3,50.3,7.6,9.7,6.0,3.0,3.3,1.0,41.8,1,23.0,ED,1,victoire facile,G,100.0,mesure,mesuree
union,93-04,93,Le Blanc-Mesnil,67437,65,65.8,4.6,25.0,64.1,7.6,9.7,6.0,5.1,3.3,1.0,65.8,1,41.7,ED,1,victoire facile,G,100.0,mesure,mesuree
union,93-05,93,Drancy,65908,66,51.5,21.9,24.5,60.3,7.6,9.7,6.0,2.6,3.3,1.0,51.5,1,31.3,ED,1,victoire facile,G,100.0,mesure,mesuree
union,93-06,93,Aubervilliers,58257,47,70.8,6.2,20.9,57.1,7.6,9.7,6.0,2.4,3.3,1.0,70.8,1,51.2,ED,1,victoire facile,G,100.0,mesure,mesuree
union,93-07,93,Montreuil,82459,75,77.2,3.1,19.7,50.4,7.6,9.7,6.0,0.1,3.3,1.0,77.2,1,58.2,ED,1,victoire facile,G,100.0,mesure,mesuree
union,93-08,93,Rosny-Sous-Bois,60435,65,46.9,19.7,32.4,52.8,7.6,9.7,6.0,1.3,3.3,1.0,46.9,1,18.4,ED,1,victoire facile,G,100.0,mesure,mesuree
union,93-09,93,Noisy-Le-Sec,72519,73,64.4,11.2,24.1,53.7,7.6,9.7,6.0,0.7,3.3,1.0,64.4,1,42.5,ED,1,victoire facile,G,100.0,mesure,mesuree
union,93-10,93,Aulnay-Sous-Bois,67983,81,49.2,22.4,26.8,58.2,7.6,9.7,6.0,2.1,3.3,1.0,49.2,1,26.8,ED,1,victoire facile,G,100.0,mesure,mesuree
union,93-11,93,Sevran,64617,73,63.4,8.0,27.5,62.7,7.6,9.7,6.0,1.7,3.3,1.0,63.4,1,37.5,ED,1,victoire facile,G,100.0,mesure,mesuree
union,93-12,93,Livry-Gargan,65314,70,40.4,22.8,33.6,57.3,7.6,9.7,6.0,3.7,3.3,1.0,40.4,1,11.3,ED,1,victoire facile,G,100.0,mesure,mesuree
union,94-01,94,Saint-Maur-Des-Fossés,82182,76,34.1,39.1,27.5,42.8,7.6,9.7,6.0,0.0,3.3,1.0,34.1,1,-13.2,CD,4,difficile,CD,100.0,mesure,mesuree
union,94-02,94,Créteil,60632,67,55.8,16.6,27.2,54.4,7.6,9.7,6.0,0.8,3.3,1.0,55.8,1,31.9,ED,1,victoire facile,G,100.0,mesure,mesuree
union,94-03,94,Limeil-Brévannes,74372,80,39.9,24.9,33.6,53.5,7.6,9.7,6.0,1.9,3.3,1.0,39.9,1,11.2,ED,1,victoire facile,G,100.0,mesure,mesuree
union,94-04,94,Sucy-En-Brie,72020,78,31.9,32.9,34.2,47.5,7.6,9.7,6.0,1.3,3.3,1.0,31.9,1,9.2,ED,2,jouable,CD,100.0,mesure,mesuree
union,94-05,94,Champigny-Sur-Marne,85636,85,37.1,34.4,27.7,46.9,7.6,9.7,6.0,1.1,3.3,1.0,37.1,1,-5.6,CD,3,disputé,G,100.0,mesure,mesuree
union,94-06,94,Fontenay-Sous-Bois,82431,80,42.6,33.8,24.0,39.6,7.6,9.7,6.0,0.0,3.3,1.0,42.6,1,1.7,CD,2,jouable,G,100.0,mesure,mesuree
union,94-07,94,L'Haÿ-Les-Roses,65684,61,41.9,29.2,27.2,49.2,7.6,9.7,6.0,2.0,3.3,1.0,41.9,1,4.5,CD,2,jouable,G,100.0,mesure,mesuree
union,94-08,94,Maisons-Alfort,74524,78,34.4,41.5,23.8,40.3,7.6,9.7,6.0,0.4,3.3,1.0,34.4,1,-14.2,CD,4,difficile,CD,100.0,mesure,mesuree
union,94-09,94,Vitry-Sur-Seine,54445,59,60.2,11.6,27.2,53.9,7.6,9.7,6.0,1.3,3.3,1.0,60.2,1,35.3,ED,1,victoire facile,G,100.0,mesure,mesuree
union,94-10,94,Ivry-Sur-Seine,64451,73,63.2,11.8,25.3,51.0,7.6,9.7,6.0,0.0,3.3,1.0,63.2,1,40.2,ED,1,victoire facile,G,100.0,mesure,mesuree
union,94-11,94,Villejuif,66060,68,58.1,18.1,24.1,48.8,7.6,9.7,6.0,0.0,3.3,1.0,58.1,1,37.6,ED,1,victoire facile,G,100.0,mesure,mesuree
union,95-01,95,Pontoise,82785,132,31.7,26.3,40.9,46.9,7.6,9.7,6.0,1.2,3.3,1.0,31.7,1,0.0,ED,2,jouable,G,100.0,mesure,mesuree
union,95-02,95,Saint-Ouen-L'Aumône,78709,80,33.8,27.0,37.4,49.0,7.6,9.7,6.0,1.9,3.3,1.0,33.8,1,5.9,ED,2,jouable,G,100.0,mesure,mesuree
union,95-03,95,Herblay-Sur-Seine,94424,104,35.8,27.6,35.5,48.9,7.6,9.7,6.0,1.3,3.3,1.0,35.8,1,10.1,ED,1,victoire facile,G,100.0,mesure,mesuree
union,95-04,95,Franconville,76262,75,38.1,28.8,33.2,47.7,7.6,9.7,6.0,0.2,3.3,1.0,38.1,1,15.1,ED,1,victoire facile,G,100.0,mesure,mesuree
union,95-05,95,Argenteuil,70843,67,55.0,16.8,25.2,57.7,7.6,9.7,6.0,3.4,3.3,1.0,55.0,1,33.1,ED,1,victoire facile,G,100.0,mesure,mesuree
union,95-06,95,Sannois,75753,75,38.0,30.6,30.8,49.3,7.6,9.7,6.0,0.9,3.3,1.0,38.0,1,18.0,ED,1,victoire facile,G,100.0,mesure,mesuree
union,95-07,95,Montmorency,68539,70,38.8,25.4,35.6,52.3,7.6,9.7,6.0,0.6,3.3,1.0,38.8,1,8.3,ED,1,victoire facile,G,100.0,mesure,mesuree
union,95-08,95,Garges-Lès-Gonesse,51214,53,54.4,16.2,28.1,63.4,7.6,9.7,6.0,2.2,3.3,1.0,54.4,1,29.6,ED,1,victoire facile,G,100.0,mesure,mesuree
union,95-09,95,Goussainville,69303,86,39.9,20.8,38.3,57.9,7.6,9.7,6.0,1.4,3.3,1.0,39.9,1,5.7,ED,2,jouable,G,100.0,mesure,mesuree
union,95-10,95,Cergy,62461,68,46.4,23.2,29.8,52.1,7.6,9.7,6.0,0.8,3.3,1.0,46.4,1,21.2,ED,1,victoire facile,G,100.0,mesure,mesuree
union,ZA-01,ZA,Les Abymes,75757,105,88.7,0.0,16.8,73.4,7.6,9.7,6.0,8.3,3.3,1.0,88.7,1,71.9,ED,1,victoire facile,G,100.0,mesure,mesuree
union,ZA-02,ZA,Le Gosier,88708,115,51.7,11.4,20.1,70.9,7.6,9.7,6.0,16.8,3.3,1.0,51.7,1,33.9,ED,1,victoire facile,G,100.0,mesure,mesuree
union,ZA-03,ZA,Baie-Mahault,85766,103,61.5,0.0,31.4,72.2,7.6,9.7,6.0,9.4,3.3,1.0,61.5,1,30.0,ED,1,victoire facile,G,100.0,mesure,mesuree
union,ZA-04,ZA,Capesterre-Belle-Eau,68730,96,60.2,11.6,15.8,71.3,7.6,9.7,6.0,12.3,3.3,1.0,60.2,1,46.7,ED,1,victoire facile,G,100.0,mesure,mesuree
union,ZB-01,ZB,Le Lamentin,80328,85,89.1,0.0,16.2,77.1,7.6,9.7,6.0,7.3,3.3,1.0,89.1,1,72.8,ED,1,victoire facile,G,100.0,mesure,mesuree
union,ZB-02,ZB,Sainte-Marie,79675,101,70.3,7.4,17.0,72.6,7.6,9.7,6.0,5.3,3.3,1.0,70.3,1,54.7,ED,1,victoire facile,G,100.0,mesure,mesuree
union,ZB-03,ZB,Fort-De-France,60258,61,78.7,0.0,15.3,75.6,7.6,9.7,6.0,14.4,3.3,1.0,78.7,1,63.4,ED,1,victoire facile,G,100.0,mesure,mesuree
union,ZB-04,ZB,Ducos,84422,86,47.0,6.6,11.6,71.0,7.6,9.7,6.0,34.6,3.3,1.0,47.0,1,12.4,AU,1,victoire facile,G,100.0,mesure,mesuree
union,ZC-01,ZC,Cayenne,55455,74,47.7,16.6,11.5,69.1,7.6,9.7,6.0,23.9,3.3,1.0,47.7,1,23.8,AU,1,victoire facile,G,100.0,mesure,mesuree
union,ZC-02,ZC,Saint-Laurent-Du-Maroni,47194,60,47.2,27.7,8.1,74.6,7.6,9.7,6.0,16.9,3.3,1.0,47.2,1,17.0,CD,1,victoire facile,G,100.0,mesure,mesuree
union,ZD-01,ZD,Saint-Denis,88547,106,50.0,14.2,31.7,66.4,7.6,9.7,6.0,4.1,3.3,1.0,50.0,1,21.1,ED,1,victoire facile,G,100.0,mesure,mesuree
union,ZD-02,ZD,Saint-Paul,101743,142,53.0,7.1,21.9,67.4,7.6,9.7,6.0,17.9,3.3,1.0,53.0,1,32.5,ED,1,victoire facile,G,100.0,mesure,mesuree
union,ZD-03,ZD,Le Tampon,98835,129,29.9,31.1,34.0,64.5,7.6,9.7,6.0,5.0,3.3,1.0,29.9,0,,ED,5,quasi impossible,CD,100.0,mesure,mesuree
union,ZD-04,ZD,Saint-Pierre,111483,160,42.8,23.2,28.4,60.6,7.6,9.7,6.0,5.4,3.3,1.0,42.8,1,19.0,ED,1,victoire facile,G,100.0,mesure,mesuree
union,ZD-05,ZD,Saint-Benoît,90636,118,54.8,10.5,28.4,68.6,7.6,9.7,6.0,6.2,3.3,1.0,54.8,1,28.5,ED,1,victoire facile,G,100.0,mesure,mesuree
union,ZD-06,ZD,Sainte-Marie,84755,111,59.1,9.1,27.8,67.6,7.6,9.7,6.0,4.0,3.3,1.0,59.1,1,33.2,ED,1,victoire facile,G,100.0,mesure,mesuree
union,ZD-07,ZD,Saint-Paul,121146,164,42.1,25.2,26.0,66.3,7.6,9.7,6.0,6.5,3.3,1.0,42.1,1,21.1,ED,1,victoire facile,G,100.0,mesure,mesuree
union,ZM-01,ZM,Mamoudzou,45660,76,3.5,67.7,8.9,54.2,7.6,9.7,6.0,19.8,3.3,1.0,3.5,0,,CD,5,quasi impossible,CD,100.0,mesure,mesuree
union,ZM-02,ZM,Sada,52449,107,0.0,66.5,28.0,53.2,7.6,9.7,6.0,6.9,3.3,1.0,0.0,0,,CD,5,quasi impossible,CD,100.0,mesure,mesuree
union,ZN-01,ZN,Nouméa,97070,107,18.5,51.2,14.7,57.4,7.6,9.7,6.0,15.6,3.3,1.0,18.5,1,-37.1,CD,4,difficile,CD,100.0,mesure,mesuree
union,ZN-02,ZN,Dumbéa,121185,181,26.2,44.3,11.5,54.2,7.6,9.7,6.0,17.9,3.3,1.0,26.2,1,-21.6,CD,4,difficile,CD,100.0,mesure,mesuree
union,ZP-01,ZP,Papeete,73776,112,21.8,50.8,12.2,54.4,7.6,9.7,6.0,15.1,3.3,1.0,21.8,1,-32.7,CD,4,difficile,CD,100.0,mesure,mesuree
union,ZP-02,ZP,Mahina,65826,73,20.0,48.0,11.7,59.7,7.6,9.7,6.0,20.3,3.3,1.0,20.0,0,,CD,5,quasi impossible,CD,100.0,mesure,mesuree
union,ZP-03,ZP,Faaa,62717,65,21.2,48.5,8.4,55.3,7.6,9.7,6.0,21.8,3.3,1.0,21.2,0,,CD,5,quasi impossible,CD,100.0,mesure,mesuree
union,ZS-01,ZS,Saint-Pierre,5069,4,43.9,31.0,15.5,46.1,7.6,9.7,6.0,9.6,3.3,1.0,43.9,1,8.3,CD,1,victoire facile,G,100.0,mesure,mesuree
union,ZW-01,ZW,Wallis-Et-Futuna,717,1,6.3,80.4,11.5,22.8,7.6,9.7,6.0,1.6,3.3,1.0,6.3,0,,CD,5,quasi impossible,CD,100.0,mesure,mesuree
union,ZX-01,ZX,Saint-Martin,25227,24,0.0,72.9,15.2,71.5,7.6,9.7,6.0,15.5,3.3,1.0,0.0,0,,CD,5,quasi impossible,CD,100.0,mesure,mesuree
union,ZZ-01,ZZ,Montreal,265932,15,29.6,43.7,19.1,72.1,7.6,9.7,6.0,7.6,3.3,1.0,29.6,1,-19.8,CD,4,difficile,CD,100.0,mesure,mesuree
union,ZZ-02,ZZ,Mexico,81400,25,30.7,39.1,20.4,80.0,7.6,9.7,6.0,9.8,3.3,1.0,30.7,1,-14.5,CD,4,difficile,CD,100.0,mesure,mesuree
union,ZZ-03,ZZ,Londres,160634,11,33.8,42.0,16.1,65.0,7.6,9.7,6.0,8.1,3.3,1.0,33.8,1,-13.0,CD,4,difficile,CD,100.0,mesure,mesuree
union,ZZ-04,ZZ,Bruxelles,158039,3,33.5,39.9,19.3,63.4,7.6,9.7,6.0,7.3,3.3,1.0,33.5,1,-12.1,CD,4,difficile,CD,100.0,mesure,mesuree
union,ZZ-05,ZZ,Madrid,115502,6,30.3,36.2,25.1,69.9,7.6,9.7,6.0,8.4,3.3,1.0,30.3,1,-13.5,CD,4,difficile,CD,100.0,mesure,mesuree
union,ZZ-06,ZZ,Geneve,159746,2,26.1,44.1,22.7,70.1,7.6,9.7,6.0,7.1,3.3,1.0,26.1,1,-24.7,CD,4,difficile,CD,100.0,mesure,mesuree
union,ZZ-07,ZZ,Berlin,130824,22,34.2,40.3,16.5,63.5,7.6,9.7,6.0,8.9,3.3,1.0,34.2,1,-11.1,CD,4,difficile,CD,100.0,mesure,mesuree
union,ZZ-08,ZZ,Tel Aviv,144844,12,9.1,62.4,16.1,81.0,7.6,9.7,6.0,12.4,3.3,1.0,9.1,0,,CD,5,quasi impossible,CD,100.0,mesure,mesuree
union,ZZ-09,ZZ,Casablanca,130387,18,50.4,22.9,17.8,80.1,7.6,9.7,6.0,9.0,3.3,1.0,50.4,1,22.2,CD,1,victoire facile,G,100.0,mesure,mesuree
union,ZZ-10,ZZ,Beyrouth,113791,46,24.8,41.5,23.7,74.6,7.6,9.7,6.0,10.0,3.3,1.0,24.8,1,-23.8,CD,4,difficile,CD,100.0,mesure,mesuree
union,ZZ-11,ZZ,Sydney,104526,48,31.2,35.2,25.6,66.7,7.6,9.7,6.0,8.1,3.3,1.0,31.2,1,-11.6,CD,4,difficile,CD,100.0,mesure,mesuree
split2,01-01,01,Bourg-En-Bresse,86843,114,21.7,33.7,44.1,45.5,7.6,9.7,6.0,0.3,3.3,0.295,15.3,0,,ED,5,quasi impossible,ED,100.0,mesure,mesuree
split2,01-02,01,Miribel,99770,105,21.6,32.2,46.4,45.4,7.6,9.7,6.0,0.0,3.3,0.363,13.8,0,,ED,5,quasi impossible,ED,100.0,mesure,mesuree
split2,01-03,01,Valserhône,84130,110,24.6,36.9,36.4,50.0,7.6,9.7,6.0,2.0,3.3,0.382,15.2,0,,CD,5,quasi impossible,CD,100.0,mesure,mesuree
split2,01-04,01,Bourg-En-Bresse,94415,116,18.6,31.6,50.1,47.1,7.6,9.7,6.0,0.0,3.3,0.284,13.3,0,,ED,5,quasi impossible,ED,100.0,mesure,mesuree
split2,01-05,01,Oyonnax,77526,138,22.0,33.3,43.6,48.0,7.6,9.7,6.0,1.1,3.3,0.421,12.7,0,,ED,5,quasi impossible,ED,100.0,mesure,mesuree
split2,02-01,02,Laon,72024,224,15.9,25.8,57.3,50.0,7.6,9.7,6.0,0.9,3.3,0.329,10.6,0,,ED,5,quasi impossible,ED,100.0,mesure,mesuree
split2,02-02,02,Saint-Quentin,73165,138,13.3,35.6,50.6,51.1,7.6,9.7,6.0,0.4,3.3,0.379,8.3,0,,ED,5,quasi impossible,ED,100.0,mesure,mesuree
split2,02-03,02,Hirson,65988,203,41.2,0.1,58.5,52.3,7.6,9.7,6.0,0.2,3.3,0.302,28.8,1,-20.7,ED,4,difficile,ED,100.0,mesure,mesuree
split2,02-04,02,Soissons,78549,143,18.0,23.3,58.1,54.4,7.6,9.7,6.0,0.6,3.3,0.395,10.9,0,,ED,5,quasi impossible,ED,100.0,mesure,mesuree
split2,02-05,02,Château-Thierry,82511,263,16.8,25.8,56.8,50.3,7.6,9.7,6.0,0.6,3.3,0.389,10.2,0,,ED,5,quasi impossible,ED,100.0,mesure,mesuree
split2,03-01,03,Moulins,88547,172,31.3,25.0,43.8,44.8,7.6,9.7,6.0,0.0,3.3,0.267,22.9,1,-6.1,ED,3,disputé,ED,100.0,mesure,mesuree
split2,03-02,03,Montluçon,79877,145,27.0,31.1,40.7,44.6,7.6,9.7,6.0,1.1,3.3,0.312,18.6,0,,ED,5,quasi impossible,CD,100.0,mesure,mesuree
split2,03-03,03,Vichy,80068,131,19.8,36.8,42.4,44.6,7.6,9.7,6.0,1.0,3.3,0.29,14.0,0,,ED,5,quasi impossible,CD,100.0,mesure,mesuree
split2,04-01,04,Digne-Les-Bains,58004,132,27.9,19.2,51.1,44.0,7.6,9.7,6.0,1.8,3.3,0.335,18.5,0,,ED,5,quasi impossible,ED,100.0,mesure,mesuree
split2,04-02,04,Manosque,62568,131,31.1,21.2,46.1,44.4,7.6,9.7,6.0,1.5,3.3,0.377,19.4,0,,ED,5,quasi impossible,ED,100.0,mesure,mesuree
split2,05-01,05,Gap,59179,110,29.5,26.0,42.9,43.6,7.6,9.7,6.0,1.5,3.3,0.32,20.1,0,,ED,5,quasi impossible,ED,100.0,mesure,mesuree
split2,05-02,05,Briançon,54517,97,32.9,26.0,37.7,41.0,7.6,9.7,6.0,3.1,3.3,0.306,22.8,1,1.5,ED,2,jouable,G,100.0,mesure,mesuree
split2,06-01,06,Nice,81347,94,27.4,33.7,36.6,50.6,7.6,9.7,6.0,2.5,3.3,0.369,17.3,0,,ED,5,quasi impossible,CD,100.0,mesure,mesuree
split2,06-02,06,Grasse,87215,144,20.3,26.8,51.3,49.0,7.6,9.7,6.0,1.7,3.3,0.331,13.6,0,,ED,5,quasi impossible,ED,100.0,mesure,mesuree
split2,06-03,06,Nice,91724,108,29.7,23.9,45.4,52.1,7.6,9.7,6.0,1.1,3.3,0.464,15.9,0,,ED,5,quasi impossible,ED,100.0,mesure,mesuree
split2,06-04,06,Menton,85660,122,16.8,23.0,58.7,51.1,7.6,9.7,6.0,1.7,3.3,0.374,10.5,0,,ED,5,quasi impossible,ED,100.0,mesure,mesuree
split2,06-05,06,Nice,89884,122,25.6,23.2,47.4,49.7,7.6,9.7,6.0,3.9,3.3,0.287,18.2,0,,ED,5,quasi impossible,ED,100.0,mesure,mesuree
split2,06-06,06,Cagnes-Sur-Mer,80186,94,15.2,30.5,53.7,48.0,7.6,9.7,6.0,0.8,3.3,0.373,9.5,0,,ED,5,quasi impossible,ED,100.0,mesure,mesuree
split2,06-07,06,Antibes,96284,116,17.3,39.8,41.7,46.1,7.6,9.7,6.0,1.4,3.3,0.332,11.6,0,,ED,5,quasi impossible,CD,100.0,mesure,mesuree
split2,06-08,06,Cannes,84414,94,13.0,38.9,46.0,50.8,7.6,9.7,6.0,2.4,3.3,0.471,6.9,0,,ED,5,quasi impossible,ED,100.0,mesure,mesuree
split2,06-09,06,Le Cannet,82386,88,17.1,34.2,46.6,49.1,7.6,9.7,6.0,2.3,3.3,0.375,10.7,0,,ED,5,quasi impossible,ED,100.0,mesure,mesuree
split2,07-01,07,Le Teil,78947,128,38.1,14.9,45.9,45.4,7.6,9.7,6.0,1.0,3.3,0.339,25.2,1,-8.5,ED,4,difficile,ED,100.0,mesure,mesuree
split2,07-02,07,Annonay,97138,136,22.8,34.3,40.4,42.2,7.6,9.7,6.0,2.4,3.3,0.318,15.6,0,,ED,5,quasi impossible,CD,100.0,mesure,mesuree
split2,07-03,07,Aubenas,81022,175,31.3,29.7,37.3,39.5,7.6,9.7,6.0,1.5,3.3,0.346,20.5,0,,ED,5,quasi impossible,CD,100.0,mesure,mesuree
split2,08-01,08,Charleville-Mézières,70664,226,18.2,30.6,50.9,49.4,7.6,9.7,6.0,0.2,3.3,0.298,12.8,0,,ED,5,quasi impossible,ED,100.0,mesure,mesuree
split2,08-02,08,Charleville-Mézières,60281,108,16.0,39.6,43.1,52.1,7.6,9.7,6.0,1.1,3.3,0.375,10.0,0,,ED,5,quasi impossible,CD,100.0,mesure,mesuree
split2,08-03,08,Sedan,54387,223,9.6,43.8,45.6,48.1,7.6,9.7,6.0,0.8,3.3,0.338,6.4,0,,ED,5,quasi impossible,CD,100.0,mesure,mesuree
split2,09-01,09,Foix,57416,211,53.7,0.0,45.2,42.4,7.6,9.7,6.0,1.8,3.3,0.347,35.1,1,3.3,ED,2,jouable,G,100.0,mesure,mesuree
split2,09-02,09,Pamiers,62051,165,51.2,1.6,45.4,44.2,7.6,9.7,6.0,1.8,3.3,0.356,33.0,1,1.0,ED,2,jouable,G,100.0,mesure,mesuree
split2,10-01,10,Troyes,63973,238,10.5,31.3,57.7,47.4,7.6,9.7,6.0,0.5,3.3,0.315,7.2,0,,ED,5,quasi impossible,ED,100.0,mesure,mesuree
split2,10-02,10,Troyes,73976,182,14.0,36.2,49.3,46.4,7.6,9.7,6.0,0.4,3.3,0.319,9.5,0,,ED,5,quasi impossible,ED,100.0,mesure,mesuree
split2,10-03,10,Troyes,65463,114,23.4,26.8,49.5,50.9,7.6,9.7,6.0,0.3,3.3,0.447,13.0,0,,ED,5,quasi impossible,ED,100.0,mesure,mesuree
split2,11-01,11,Carcassonne,97086,166,28.7,15.3,55.6,46.7,7.6,9.7,6.0,0.5,3.3,0.314,19.7,1,-26.3,ED,4,difficile,ED,100.0,mesure,mesuree
split2,11-02,11,Narbonne,90860,99,26.0,20.5,52.5,48.2,7.6,9.7,6.0,1.1,3.3,0.334,17.3,0,,ED,5,quasi impossible,ED,100.0,mesure,mesuree
split2,11-03,11,Castelnaudary,88789,320,33.0,15.0,51.1,41.9,7.6,9.7,6.0,0.9,3.3,0.313,22.7,1,-17.9,ED,4,difficile,ED,100.0,mesure,mesuree
split2,12-01,12,Rodez,77598,136,19.9,43.8,35.2,39.9,7.6,9.7,6.0,1.1,3.3,0.278,14.4,0,,CD,5,quasi impossible,CD,100.0,mesure,mesuree
split2,12-02,12,Villefranche-De-Rouergue,68217,132,34.7,27.4,36.1,38.8,7.6,9.7,6.0,1.7,3.3,0.315,23.8,1,5.1,ED,2,jouable,G,100.0,mesure,mesuree
split2,12-03,12,Millau,72271,158,28.5,32.1,38.6,40.1,7.6,9.7,6.0,0.7,3.3,0.292,20.2,0,,ED,5,quasi impossible,CD,100.0,mesure,mesuree
split2,13-01,13,Marseille,81211,72,26.3,22.3,51.2,53.2,7.6,9.7,6.0,0.4,3.3,0.369,16.6,0,,ED,5,quasi impossible,ED,100.0,mesure,mesuree
split2,13-02,13,Marseille,83554,77,27.5,32.4,40.3,46.6,7.6,9.7,6.0,0.1,3.3,0.369,17.3,0,,ED,5,quasi impossible,CD,100.0,mesure,mesuree
split2,13-03,13,Marseille,73955,67,34.6,13.7,51.6,58.4,7.6,9.7,6.0,0.4,3.3,0.369,21.9,1,-17.8,ED,4,difficile,ED,100.0,mesure,mesuree
split2,13-04,13,Marseille,64567,60,66.3,5.5,25.6,56.4,7.6,9.7,6.0,2.8,3.3,0.369,41.8,1,35.0,ED,1,victoire facile,G,100.0,mesure,mesuree
split2,13-05,13,Marseille,74450,67,46.2,17.7,35.6,49.6,7.6,9.7,6.0,0.7,3.3,0.369,29.1,1,9.3,ED,2,jouable,G,100.0,mesure,mesuree
split2,13-06,13,Marseille,76852,74,26.0,27.4,46.0,53.2,7.6,9.7,6.0,0.8,3.3,0.369,16.4,0,,ED,5,quasi impossible,ED,100.0,mesure,mesuree
split2,13-07,13,Marseille,67165,64,54.4,3.9,37.4,66.2,7.6,9.7,6.0,4.6,3.3,0.369,34.3,1,12.1,ED,2,jouable,G,100.0,mesure,mesuree
split2,13-08,13,Salon-De-Provence,102899,104,19.8,30.2,49.1,48.5,7.6,9.7,6.0,0.9,3.3,0.404,11.8,0,,ED,5,quasi impossible,ED,100.0,mesure,mesuree
split2,13-09,13,Aubagne,99711,101,23.7,25.6,50.1,49.8,7.6,9.7,6.0,0.8,3.3,0.41,14.0,0,,ED,5,quasi impossible,ED,100.0,mesure,mesuree
split2,13-10,13,Allauch,109874,115,21.7,24.0,54.3,46.6,7.6,9.7,6.0,0.2,3.3,0.357,13.9,0,,ED,5,quasi impossible,ED,100.0,mesure,mesuree
split2,13-11,13,Aix-En-Provence,91371,93,25.9,28.0,45.7,48.1,7.6,9.7,6.0,0.6,3.3,0.365,16.4,0,,ED,5,quasi impossible,ED,100.0,mesure,mesuree
split2,13-12,13,Vitrolles,95365,96,21.5,18.3,60.4,54.3,7.6,9.7,6.0,0.0,3.3,0.466,11.5,0,,ED,5,quasi impossible,ED,100.0,mesure,mesuree
split2,13-13,13,Martigues,93211,95,36.7,8.8,53.5,53.5,7.6,9.7,6.0,1.1,3.3,0.456,20.0,1,-19.7,ED,4,difficile,ED,100.0,mesure,mesuree
split2,13-14,13,Aix-En-Provence,99168,102,29.7,30.8,38.5,45.5,7.6,9.7,6.0,1.0,3.3,0.323,20.1,0,,ED,5,quasi impossible,CD,100.0,mesure,mesuree
split2,13-15,13,Châteaurenard,104600,109,18.7,25.8,55.3,47.0,7.6,9.7,6.0,0.2,3.3,0.34,12.4,0,,ED,5,quasi impossible,ED,100.0,mesure,mesuree
split2,13-16,13,Arles,91684,95,28.5,16.0,56.3,51.9,7.6,9.7,6.0,0.0,3.3,0.505,14.4,0,,ED,5,quasi impossible,ED,100.0,mesure,mesuree
split2,14-01,14,Caen,73296,84,35.8,35.8,28.6,41.5,7.6,9.7,6.0,0.0,3.3,0.294,25.3,1,-11.5,CD,4,difficile,CD,100.0,mesure,mesuree
split2,14-02,14,Caen,68236,81,42.7,23.6,33.2,46.5,7.6,9.7,6.0,0.4,3.3,0.376,26.6,1,13.3,ED,2,jouable,G,100.0,mesure,mesuree
split2,14-03,14,Lisieux,79965,187,18.3,33.8,47.7,47.5,7.6,9.7,6.0,0.1,3.3,0.307,12.7,0,,ED,5,quasi impossible,ED,100.0,mesure,mesuree
split2,14-04,14,Ouistreham,104874,171,18.8,39.0,40.7,44.0,7.6,9.7,6.0,1.5,3.3,0.274,13.7,0,,ED,5,quasi impossible,CD,100.0,mesure,mesuree
split2,14-05,14,Bayeux,91224,188,23.2,36.5,39.8,41.8,7.6,9.7,6.0,0.5,3.3,0.258,17.2,0,,ED,5,quasi impossible,CD,100.0,mesure,mesuree
split2,14-06,14,Vire Normandie,96333,210,22.8,33.6,42.4,44.1,7.6,9.7,6.0,1.0,3.3,0.306,15.9,0,,ED,5,quasi impossible,CD,100.0,mesure,mesuree
split2,15-01,15,Aurillac,62314,117,18.1,46.3,34.1,40.6,7.6,9.7,6.0,1.4,3.3,0.258,13.4,0,,CD,5,quasi impossible,CD,100.0,mesure,mesuree
split2,15-02,15,Saint-Flour,52310,176,11.2,50.7,36.3,40.3,7.6,9.7,6.0,1.8,3.3,0.268,8.2,0,,CD,5,quasi impossible,CD,100.0,mesure,mesuree
split2,16-01,16,Angoulême,84158,101,35.7,26.7,37.4,46.5,7.6,9.7,6.0,0.0,3.3,0.369,22.5,0,,ED,5,quasi impossible,CD,100.0,mesure,mesuree
split2,16-02,16,Cognac,81709,183,21.6,32.2,45.2,45.6,7.6,9.7,6.0,1.0,3.3,0.276,15.6,0,,ED,5,quasi impossible,ED,100.0,mesure,mesuree
split2,16-03,16,Brie,89903,223,29.2,21.8,46.8,43.6,7.6,9.7,6.0,2.1,3.3,0.273,21.3,0,,ED,5,quasi impossible,ED,100.0,mesure,mesuree
split2,17-01,17,La Rochelle,111882,123,69.4,0.0,30.9,46.6,7.6,9.7,6.0,1.0,3.3,0.271,50.6,1,33.3,ED,1,victoire facile,G,100.0,mesure,mesuree
split2,17-02,17,Rochefort,111788,133,27.0,30.9,41.1,45.4,7.6,9.7,6.0,0.8,3.3,0.272,19.6,0,,ED,5,quasi impossible,CD,100.0,mesure,mesuree
split2,17-03,17,Saintes,83726,178,29.5,24.0,45.4,45.5,7.6,9.7,6.0,1.0,3.3,0.277,21.3,0,,ED,5,quasi impossible,ED,100.0,mesure,mesuree
split2,17-04,17,Royan,94544,200,15.2,33.9,49.3,45.2,7.6,9.7,6.0,1.6,3.3,0.272,11.0,0,,ED,5,quasi impossible,ED,100.0,mesure,mesuree
split2,17-05,17,Tonnay-Charente,117414,145,20.4,29.0,49.1,44.5,7.6,9.7,6.0,1.5,3.3,0.255,15.2,0,,ED,5,quasi impossible,ED,100.0,mesure,mesuree
split2,18-01,18,Bourges,70401,128,22.6,31.7,44.2,46.6,7.6,9.7,6.0,1.4,3.3,0.283,16.2,0,,ED,5,quasi impossible,ED,100.0,mesure,mesuree
split2,18-02,18,Vierzon,67997,104,29.5,23.9,45.2,49.5,7.6,9.7,6.0,1.4,3.3,0.316,20.2,0,,ED,5,quasi impossible,ED,100.0,mesure,mesuree
split2,18-03,18,Bourges,83403,202,16.7,33.1,49.0,46.3,7.6,9.7,6.0,1.2,3.3,0.28,12.0,0,,ED,5,quasi impossible,ED,100.0,mesure,mesuree
split2,19-01,19,Tulle,91442,217,36.0,25.4,36.9,38.1,7.6,9.7,6.0,1.6,3.3,0.281,25.9,1,5.2,ED,2,jouable,G,100.0,mesure,mesuree
split2,19-02,19,Brive-La-Gaillarde,93265,163,26.3,32.3,40.2,41.9,7.6,9.7,6.0,1.2,3.3,0.292,18.6,0,,ED,5,quasi impossible,CD,100.0,mesure,mesuree
split2,21-01,21,Dijon,70495,82,32.5,35.5,32.1,41.4,7.6,9.7,6.0,0.0,3.3,0.289,23.1,1,-15.2,CD,4,difficile,CD,100.0,mesure,mesuree
split2,21-02,21,Dijon,71295,125,28.2,30.1,41.5,45.7,7.6,9.7,6.0,0.0,3.3,0.298,19.8,0,,ED,5,quasi impossible,CD,100.0,mesure,mesuree
split2,21-03,21,Dijon,72426,93,32.1,25.9,42.7,47.7,7.6,9.7,6.0,0.0,3.3,0.421,18.6,0,,ED,5,quasi impossible,ED,100.0,mesure,mesuree
split2,21-04,21,Châtillon-Sur-Seine,67447,359,20.0,34.2,45.6,41.5,7.6,9.7,6.0,0.0,3.3,0.298,14.1,0,,ED,5,quasi impossible,ED,100.0,mesure,mesuree
split2,21-05,21,Beaune,85576,248,17.7,34.1,48.2,44.8,7.6,9.7,6.0,0.0,3.3,0.288,12.6,0,,ED,5,quasi impossible,ED,100.0,mesure,mesuree
split2,22-01,22,Saint-Brieuc,89063,107,34.4,32.4,32.2,41.3,7.6,9.7,6.0,0.9,3.3,0.289,24.4,1,-10.5,CD,4,difficile,CD,100.0,mesure,mesuree
split2,22-02,22,Dinan,104517,130,24.2,36.8,37.3,39.0,7.6,9.7,6.0,1.7,3.3,0.268,17.7,0,,ED,5,quasi impossible,CD,100.0,mesure,mesuree
split2,22-03,22,Lamballe-Armor,89421,131,20.4,45.4,32.3,39.8,7.6,9.7,6.0,1.7,3.3,0.275,14.8,0,,CD,5,quasi impossible,CD,100.0,mesure,mesuree
split2,22-04,22,Guingamp,81566,144,35.5,24.4,39.1,40.3,7.6,9.7,6.0,1.0,3.3,0.287,25.3,1,2.1,ED,2,jouable,G,100.0,mesure,mesuree
split2,22-05,22,Lannion,107217,139,33.0,30.2,35.1,38.0,7.6,9.7,6.0,1.9,3.3,0.264,24.3,1,6.0,ED,2,jouable,G,100.0,mesure,mesuree
split2,23-01,23,Guéret,89980,279,23.7,36.4,38.0,40.7,7.6,9.7,6.0,2.0,3.3,0.319,16.1,0,,ED,5,quasi impossible,CD,100.0,mesure,mesuree
split2,24-01,24,Périgueux,77426,105,32.0,24.1,43.6,43.3,7.6,9.7,6.0,0.2,3.3,0.299,22.5,1,-5.8,ED,3,disputé,ED,100.0,mesure,mesuree
split2,24-02,24,Bergerac,84286,191,29.4,22.2,47.5,43.5,7.6,9.7,6.0,1.0,3.3,0.304,20.4,0,,ED,5,quasi impossible,ED,100.0,mesure,mesuree
split2,24-03,24,Brantôme En Périgord,66947,182,28.3,25.6,45.4,38.6,7.6,9.7,6.0,0.6,3.3,0.308,19.6,0,,ED,5,quasi impossible,ED,100.0,mesure,mesuree
split2,24-04,24,Boulazac Isle Manoire,89941,211,35.1,21.9,41.0,40.0,7.6,9.7,6.0,2.0,3.3,0.296,24.7,1,-1.1,ED,3,disputé,ED,100.0,mesure,mesuree
split2,25-01,25,Besançon,75793,134,34.7,28.2,37.7,45.4,7.6,9.7,6.0,0.0,3.3,0.305,24.2,1,3.9,ED,2,jouable,G,100.0,mesure,mesuree
split2,25-02,25,Besançon,78875,142,32.2,31.2,36.8,42.9,7.6,9.7,6.0,0.0,3.3,0.278,23.2,1,3.8,ED,2,jouable,CD,100.0,mesure,mesuree
split2,25-03,25,Montbéliard,64748,197,19.6,32.5,47.2,47.7,7.6,9.7,6.0,0.7,3.3,0.399,11.8,0,,ED,5,quasi impossible,ED,100.0,mesure,mesuree
split2,25-04,25,Audincourt,65469,94,24.4,23.2,52.4,52.1,7.6,9.7,6.0,0.1,3.3,0.467,13.0,0,,ED,5,quasi impossible,ED,100.0,mesure,mesuree
split2,25-05,25,Pontarlier,83261,188,14.9,47.5,36.2,45.7,7.6,9.7,6.0,1.0,3.3,0.281,10.7,0,,CD,5,quasi impossible,CD,100.0,mesure,mesuree
split2,26-01,26,Valence,73659,81,31.2,31.4,36.9,47.8,7.6,9.7,6.0,0.4,3.3,0.413,18.3,0,,ED,5,quasi impossible,CD,100.0,mesure,mesuree
split2,26-02,26,Montélimar,97115,106,21.7,28.6,49.5,49.2,7.6,9.7,6.0,0.2,3.3,0.383,13.4,0,,ED,5,quasi impossible,ED,100.0,mesure,mesuree
split2,26-03,26,Crest,108753,283,36.4,24.5,38.1,38.6,7.6,9.7,6.0,0.9,3.3,0.342,23.9,1,3.4,ED,2,jouable,G,100.0,mesure,mesuree
split2,26-04,26,Romans-Sur-Isère,100702,126,26.2,30.2,42.8,45.4,7.6,9.7,6.0,0.6,3.3,0.354,16.9,0,,ED,5,quasi impossible,ED,100.0,mesure,mesuree
split2,27-01,27,Evreux,87391,151,21.2,25.5,52.1,50.1,7.6,9.7,6.0,1.1,3.3,0.336,14.1,0,,ED,5,quasi impossible,ED,100.0,mesure,mesuree
split2,27-02,27,Evreux,79112,171,20.0,29.2,50.4,46.8,7.6,9.7,6.0,0.3,3.3,0.311,13.8,0,,ED,5,quasi impossible,ED,100.0,mesure,mesuree
split2,27-03,27,Pont-Audemer,84868,189,14.4,31.1,53.9,46.3,7.6,9.7,6.0,0.4,3.3,0.294,10.2,0,,ED,5,quasi impossible,ED,100.0,mesure,mesuree
split2,27-04,27,Louviers,90761,127,32.3,19.0,48.6,49.3,7.6,9.7,6.0,0.0,3.3,0.371,20.3,1,-15.8,ED,4,difficile,ED,100.0,mesure,mesuree
split2,27-05,27,Vernon,89810,165,20.1,27.8,51.5,48.2,7.6,9.7,6.0,0.6,3.3,0.374,12.6,0,,ED,5,quasi impossible,ED,100.0,mesure,mesuree
split2,28-01,28,Chartres,90304,123,21.7,37.1,40.2,46.2,7.6,9.7,6.0,1.0,3.3,0.316,14.9,0,,ED,5,quasi impossible,CD,100.0,mesure,mesuree
split2,28-02,28,Dreux,75563,130,24.8,30.5,43.6,52.8,7.6,9.7,6.0,1.2,3.3,0.583,14.5,0,,ED,5,quasi impossible,ED,100.0,mesure,mesuree
split2,28-03,28,Lucé,71148,134,10.0,41.3,46.7,47.6,7.6,9.7,6.0,2.0,3.3,0.344,6.6,0,,ED,5,quasi impossible,ED,100.0,mesure,mesuree
split2,28-04,28,Châteaudun,67351,164,12.5,38.4,48.4,47.0,7.6,9.7,6.0,0.6,3.3,0.334,8.3,0,,ED,5,quasi impossible,ED,100.0,mesure,mesuree
split2,29-01,29,Quimper,92336,103,30.5,36.4,31.2,39.7,7.6,9.7,6.0,1.7,3.3,0.253,22.7,1,-17.5,CD,4,difficile,CD,100.0,mesure,mesuree
split2,29-02,29,Brest,78166,95,39.6,30.0,29.9,45.0,7.6,9.7,6.0,0.4,3.3,0.237,30.2,1,-2.1,CD,3,disputé,G,100.0,mesure,mesuree
split2,29-03,29,Brest,92952,105,28.7,35.7,33.9,42.1,7.6,9.7,6.0,1.7,3.3,0.242,21.7,1,-19.2,CD,4,difficile,CD,100.0,mesure,mesuree
split2,29-04,29,Morlaix,84364,101,29.5,36.7,31.9,40.7,7.6,9.7,6.0,1.9,3.3,0.271,21.5,1,-18.9,CD,4,difficile,CD,100.0,mesure,mesuree
split2,29-05,29,Guipavas,98753,114,26.8,38.2,32.5,41.6,7.6,9.7,6.0,2.5,3.3,0.249,20.1,0,,CD,5,quasi impossible,CD,100.0,mesure,mesuree
split2,29-06,29,Plougastel-Daoulas,91534,120,33.3,27.4,36.1,40.8,7.6,9.7,6.0,3.2,3.3,0.276,24.1,1,4.3,ED,2,jouable,G,100.0,mesure,mesuree
split2,29-07,29,Douarnenez,81962,96,29.4,34.0,32.6,38.8,7.6,9.7,6.0,4.1,3.3,0.276,21.3,1,-16.6,CD,4,difficile,CD,100.0,mesure,mesuree
split2,29-08,29,Concarneau,90158,98,35.3,25.3,37.5,42.7,7.6,9.7,6.0,1.8,3.3,0.267,25.9,1,4.0,ED,2,jouable,G,100.0,mesure,mesuree
split2,2A-01,2A,Ajaccio,52490,93,13.0,36.2,29.2,44.0,7.6,9.7,6.0,21.5,3.3,0.271,9.5,0,,CD,5,quasi impossible,CD,100.0,mesure,mesuree
split2,2A-02,2A,Ajaccio,62495,128,17.7,23.8,31.8,45.5,7.6,9.7,6.0,26.7,3.3,0.315,12.1,0,,ED,5,quasi impossible,ED,100.0,mesure,mesuree
split2,2B-01,2B,Bastia,59107,92,18.0,26.6,27.3,46.0,7.6,9.7,6.0,28.0,3.3,0.314,12.4,0,,AU,5,quasi impossible,AU,100.0,mesure,mesuree
split2,2B-02,2B,Calvi,66505,232,10.1,37.2,23.0,39.3,7.6,9.7,6.0,29.8,3.3,0.24,7.6,0,,CD,5,quasi impossible,CD,100.0,mesure,mesuree
split2,30-01,30,Nîmes,89331,90,27.2,21.1,50.8,54.2,7.6,9.7,6.0,1.1,3.3,0.473,14.3,0,,ED,5,quasi impossible,ED,100.0,mesure,mesuree
split2,30-02,30,Vauvert,95398,96,20.4,21.0,58.7,49.1,7.6,9.7,6.0,0.0,3.3,0.402,12.2,0,,ED,5,quasi impossible,ED,100.0,mesure,mesuree
split2,30-03,30,Bagnols-Sur-Cèze,95926,106,21.5,24.7,53.7,46.5,7.6,9.7,6.0,0.1,3.3,0.353,13.9,0,,ED,5,quasi impossible,ED,100.0,mesure,mesuree
split2,30-04,30,Alès,95047,146,25.7,20.1,53.6,47.7,7.6,9.7,6.0,0.6,3.3,0.338,17.0,0,,ED,5,quasi impossible,ED,100.0,mesure,mesuree
split2,30-05,30,Alès,98971,196,34.3,18.6,45.8,44.8,7.6,9.7,6.0,1.2,3.3,0.365,21.8,1,-11.3,ED,4,difficile,ED,100.0,mesure,mesuree
split2,30-06,30,Nîmes,85573,82,28.3,23.1,47.5,50.4,7.6,9.7,6.0,1.3,3.3,0.348,18.4,0,,ED,5,quasi impossible,ED,100.0,mesure,mesuree
split2,31-01,31,Toulouse,83781,92,46.4,23.8,29.2,42.6,7.6,9.7,6.0,0.3,3.3,0.346,30.3,1,21.0,ED,1,victoire facile,G,100.0,mesure,mesuree
split2,31-02,31,Toulouse,102980,111,44.0,22.2,33.7,41.9,7.6,9.7,6.0,0.0,3.3,0.286,31.4,1,14.6,ED,2,jouable,G,100.0,mesure,mesuree
split2,31-03,31,Toulouse,79504,87,37.2,34.8,28.7,37.3,7.6,9.7,6.0,0.0,3.3,0.273,27.1,1,-9.0,CD,4,difficile,CD,100.0,mesure,mesuree
split2,31-04,31,Toulouse,68769,72,54.8,20.8,24.3,43.8,7.6,9.7,6.0,0.0,3.3,0.369,34.6,1,29.1,ED,1,victoire facile,G,100.0,mesure,mesuree
split2,31-05,31,Aucamville,106453,123,27.5,24.8,46.4,45.3,7.6,9.7,6.0,1.0,3.3,0.337,18.2,0,,ED,5,quasi impossible,ED,100.0,mesure,mesuree
split2,31-06,31,Tournefeuille,112437,142,36.4,26.0,37.9,41.9,7.6,9.7,6.0,0.0,3.3,0.318,24.8,1,4.3,ED,2,jouable,G,100.0,mesure,mesuree
split2,31-07,31,Muret,106857,137,31.4,21.4,45.9,45.6,7.6,9.7,6.0,1.2,3.3,0.349,20.5,0,,ED,5,quasi impossible,ED,100.0,mesure,mesuree
split2,31-08,31,Saint-Gaudens,86096,313,39.8,13.5,45.6,42.9,7.6,9.7,6.0,1.1,3.3,0.288,28.3,1,-6.3,ED,3,disputé,ED,100.0,mesure,mesuree
split2,31-09,31,Toulouse,80653,90,48.9,18.0,33.3,45.0,7.6,9.7,6.0,0.0,3.3,0.338,32.4,1,14.6,ED,2,jouable,G,100.0,mesure,mesuree
split2,31-10,31,Saint-Orens-De-Gameville,104172,169,35.5,27.5,37.1,37.6,7.6,9.7,6.0,0.0,3.3,0.282,25.5,1,5.3,ED,2,jouable,G,100.0,mesure,mesuree
split2,32-01,32,Auch,71480,281,32.3,23.9,42.7,39.1,7.6,9.7,6.0,1.1,3.3,0.272,23.5,1,-4.6,ED,3,disputé,ED,100.0,mesure,mesuree
split2,32-02,32,L'Isle-Jourdain,73646,228,44.2,13.2,41.1,40.5,7.6,9.7,6.0,1.5,3.3,0.254,32.9,1,2.5,ED,2,jouable,G,100.0,mesure,mesuree
split2,33-01,33,Le Bouscat,30851,33,32.3,37.0,30.9,43.0,7.6,9.7,6.0,0.0,3.3,0.27,23.5,1,-16.4,CD,4,difficile,CD,100.0,mesure,mesuree
split2,33-02,33,Bordeaux,9551,8,39.0,37.2,24.4,39.2,7.6,9.7,6.0,0.0,3.3,0.369,24.6,1,-9.5,CD,4,difficile,CD,100.0,mesure,mesuree
split2,33-03,33,Villenave-D'Ornon,75711,77,48.9,21.7,29.2,45.9,7.6,9.7,6.0,0.0,3.3,0.351,31.8,1,19.3,ED,1,victoire facile,G,100.0,mesure,mesuree
split2,33-04,33,Cenon,96496,106,42.1,17.7,39.8,51.7,7.6,9.7,6.0,0.3,3.3,0.422,24.3,1,0.8,ED,2,jouable,G,100.0,mesure,mesuree
split2,33-05,33,Eysines,123063,134,26.8,23.0,49.2,47.0,7.6,9.7,6.0,0.9,3.3,0.292,19.0,0,,ED,5,quasi impossible,ED,100.0,mesure,mesuree
split2,33-06,33,Mérignac,102534,119,35.9,29.1,34.9,42.9,7.6,9.7,6.0,0.0,3.3,0.291,25.4,1,8.3,ED,2,jouable,G,100.0,mesure,mesuree
split2,33-07,33,Pessac,80692,83,39.2,30.3,30.3,42.0,7.6,9.7,6.0,0.3,3.3,0.304,27.3,1,16.1,ED,2,jouable,G,100.0,mesure,mesuree
split2,33-08,33,La Teste-De-Buch,113453,121,17.3,36.9,43.8,43.5,7.6,9.7,6.0,2.2,3.3,0.237,13.2,0,,ED,5,quasi impossible,CD,100.0,mesure,mesuree
split2,33-09,33,Léognan,103847,144,27.5,26.1,45.5,44.2,7.6,9.7,6.0,0.7,3.3,0.297,19.3,0,,ED,5,quasi impossible,ED,100.0,mesure,mesuree
split2,33-10,33,Libourne,83589,144,24.0,25.1,50.4,45.1,7.6,9.7,6.0,0.5,3.3,0.331,16.0,0,,ED,5,quasi impossible,ED,100.0,mesure,mesuree
split2,33-11,33,Saint-André-De-Cubzac,99153,123,21.3,18.9,59.1,48.8,7.6,9.7,6.0,0.6,3.3,0.323,14.4,0,,ED,5,quasi impossible,ED,100.0,mesure,mesuree
split2,33-12,33,Créon,88165,179,31.0,25.5,43.0,42.3,7.6,9.7,6.0,0.4,3.3,0.315,21.2,0,,ED,5,quasi impossible,ED,100.0,mesure,mesuree
split2,34-01,34,Montpellier,90612,86,35.6,22.8,41.4,48.5,7.6,9.7,6.0,0.2,3.3,0.324,24.0,1,-4.5,ED,3,disputé,ED,100.0,mesure,mesuree
split2,34-02,34,Montpellier,67226,56,60.0,14.8,24.9,51.0,7.6,9.7,6.0,0.1,3.3,0.369,37.8,1,31.8,ED,1,victoire facile,G,100.0,mesure,mesuree
split2,34-03,34,Castelnau-Le-Lez,93020,95,38.2,22.7,39.5,43.1,7.6,9.7,6.0,0.0,3.3,0.314,26.2,1,3.3,ED,2,jouable,G,100.0,mesure,mesuree
split2,34-04,34,Mèze,116365,158,33.9,18.8,47.2,43.8,7.6,9.7,6.0,0.1,3.3,0.355,21.9,1,-12.9,ED,4,difficile,ED,100.0,mesure,mesuree
split2,34-05,34,Clermont-L'Hérault,100010,175,34.7,10.7,53.3,46.0,7.6,9.7,6.0,1.2,3.3,0.343,22.8,1,-19.8,ED,4,difficile,ED,100.0,mesure,mesuree
split2,34-06,34,Béziers,91541,98,21.4,41.0,35.1,48.5,7.6,9.7,6.0,2.5,3.3,0.429,12.3,0,,CD,5,quasi impossible,CD,100.0,mesure,mesuree
split2,34-07,34,Sète,106997,109,25.3,18.1,55.8,48.4,7.6,9.7,6.0,1.1,3.3,0.372,15.9,0,,ED,5,quasi impossible,ED,100.0,mesure,mesuree
split2,34-08,34,Montpellier,89614,88,34.7,18.8,46.2,48.9,7.6,9.7,6.0,0.4,3.3,0.384,21.4,1,-11.4,ED,4,difficile,ED,100.0,mesure,mesuree
split2,34-09,34,Montpellier,90642,78,28.1,25.3,45.9,49.5,7.6,9.7,6.0,0.7,3.3,0.394,17.0,0,,ED,5,quasi impossible,ED,100.0,mesure,mesuree
split2,35-01,35,Rennes,93560,99,44.5,29.1,26.0,41.5,7.6,9.7,6.0,0.3,3.3,0.281,32.0,1,4.1,CD,2,jouable,G,100.0,mesure,mesuree
split2,35-02,35,Rennes,93529,111,39.0,34.2,26.4,37.6,7.6,9.7,6.0,0.3,3.3,0.273,28.3,1,-6.1,CD,3,disputé,G,100.0,mesure,mesuree
split2,35-03,35,Pacé,90425,113,37.9,27.5,34.8,43.0,7.6,9.7,6.0,0.0,3.3,0.279,27.3,1,9.7,ED,2,jouable,G,100.0,mesure,mesuree
split2,35-04,35,Guichen,97237,113,32.5,28.3,37.7,43.9,7.6,9.7,6.0,1.3,3.3,0.316,22.2,0,,ED,5,quasi impossible,CD,100.0,mesure,mesuree
split2,35-05,35,Vitré,110903,140,25.8,39.4,34.6,43.8,7.6,9.7,6.0,0.0,3.3,0.278,18.6,0,,CD,5,quasi impossible,CD,100.0,mesure,mesuree
split2,35-06,35,Fougères,89904,125,23.0,39.7,36.4,42.6,7.6,9.7,6.0,0.8,3.3,0.297,16.2,0,,CD,5,quasi impossible,CD,100.0,mesure,mesuree
split2,35-07,35,Saint-Malo,105960,119,19.2,44.2,34.1,41.9,7.6,9.7,6.0,2.6,3.3,0.241,14.6,0,,CD,5,quasi impossible,CD,100.0,mesure,mesuree
split2,35-08,35,Rennes,83811,82,52.2,24.3,23.0,40.0,7.6,9.7,6.0,0.2,3.3,0.327,35.1,1,16.2,CD,1,victoire facile,G,100.0,mesure,mesuree
split2,36-01,36,Châteauroux,77075,133,20.5,33.9,45.0,47.5,7.6,9.7,6.0,0.6,3.3,0.328,13.8,0,,ED,5,quasi impossible,ED,100.0,mesure,mesuree
split2,36-02,36,Issoudun,87371,193,21.0,31.6,45.9,43.9,7.6,9.7,6.0,1.3,3.3,0.279,15.2,0,,ED,5,quasi impossible,ED,100.0,mesure,mesuree
split2,37-01,37,Tours,71964,71,46.1,26.0,27.7,47.0,7.6,9.7,6.0,0.0,3.3,0.369,29.1,1,22.7,ED,1,victoire facile,G,100.0,mesure,mesuree
split2,37-02,37,Amboise,93120,110,23.0,33.8,43.0,44.1,7.6,9.7,6.0,0.1,3.3,0.297,16.2,0,,ED,5,quasi impossible,CD,100.0,mesure,mesuree
split2,37-03,37,Saint-Avertin,98520,138,26.8,32.0,38.6,43.5,7.6,9.7,6.0,2.7,3.3,0.319,18.2,0,,ED,5,quasi impossible,CD,100.0,mesure,mesuree
split2,37-04,37,Joué-Lès-Tours,92734,131,29.6,29.9,39.9,45.7,7.6,9.7,6.0,0.5,3.3,0.34,19.5,0,,ED,5,quasi impossible,CD,100.0,mesure,mesuree
split2,37-05,37,Saint-Cyr-Sur-Loire,86747,111,23.0,33.9,43.1,44.9,7.6,9.7,6.0,0.0,3.3,0.28,16.6,0,,ED,5,quasi impossible,CD,100.0,mesure,mesuree
split2,38-01,38,Grenoble,84335,87,39.9,35.2,26.4,38.1,7.6,9.7,6.0,0.0,3.3,0.268,29.2,1,-6.3,CD,3,disputé,G,100.0,mesure,mesuree
split2,38-02,38,Echirolles,79215,90,42.5,20.4,38.0,49.3,7.6,9.7,6.0,0.0,3.3,0.45,23.4,1,3.2,ED,2,jouable,G,100.0,mesure,mesuree
split2,38-03,38,Grenoble,56152,56,52.0,19.0,30.1,46.0,7.6,9.7,6.0,0.0,3.3,0.332,34.7,1,20.9,ED,1,victoire facile,G,100.0,mesure,mesuree
split2,38-04,38,Seyssinet-Pariset,91954,159,42.4,18.1,39.1,44.4,7.6,9.7,6.0,0.3,3.3,0.318,28.9,1,3.1,ED,2,jouable,G,100.0,mesure,mesuree
split2,38-05,38,Saint-Egrève,106949,126,37.4,23.6,39.2,42.8,7.6,9.7,6.0,0.0,3.3,0.313,25.6,1,3.1,ED,2,jouable,G,100.0,mesure,mesuree
split2,38-06,38,Bourgoin-Jallieu,91054,104,18.4,28.7,52.8,49.4,7.6,9.7,6.0,0.0,3.3,0.382,11.4,0,,ED,5,quasi impossible,ED,100.0,mesure,mesuree
split2,38-07,38,Roussillon,97000,133,18.1,34.9,46.4,45.7,7.6,9.7,6.0,0.6,3.3,0.345,11.8,0,,ED,5,quasi impossible,ED,100.0,mesure,mesuree
split2,38-08,38,Vienne,82842,86,22.5,32.5,44.8,46.6,7.6,9.7,6.0,0.2,3.3,0.388,13.8,0,,ED,5,quasi impossible,ED,100.0,mesure,mesuree
split2,38-09,38,Voiron,101320,122,28.1,31.4,40.3,44.2,7.6,9.7,6.0,0.2,3.3,0.332,18.8,0,,ED,5,quasi impossible,CD,100.0,mesure,mesuree
split2,38-10,38,Villefontaine,97742,101,25.6,26.4,48.2,50.1,7.6,9.7,6.0,0.0,3.3,0.413,15.0,0,,ED,5,quasi impossible,ED,100.0,mesure,mesuree
split2,39-01,39,Lons-Le-Saunier,64925,207,23.1,33.1,43.9,43.0,7.6,9.7,6.0,0.0,3.3,0.303,16.1,0,,ED,5,quasi impossible,ED,100.0,mesure,mesuree
split2,39-02,39,Champagnole,55723,170,22.2,37.7,38.9,45.3,7.6,9.7,6.0,0.9,3.3,0.351,14.4,0,,ED,5,quasi impossible,CD,100.0,mesure,mesuree
split2,39-03,39,Dole,70205,184,24.0,31.3,44.7,44.0,7.6,9.7,6.0,0.0,3.3,0.329,16.1,0,,ED,5,quasi impossible,ED,100.0,mesure,mesuree
split2,40-01,40,Mont-De-Marsan,105314,161,24.5,30.9,42.9,43.3,7.6,9.7,6.0,1.6,3.3,0.268,17.9,0,,ED,5,quasi impossible,ED,100.0,mesure,mesuree
split2,40-02,40,Dax,121061,143,27.6,31.5,38.5,42.8,7.6,9.7,6.0,2.1,3.3,0.245,20.8,0,,ED,5,quasi impossible,CD,100.0,mesure,mesuree
split2,40-03,40,Aire-Sur-L'Adour,98891,212,36.2,21.2,41.6,40.5,7.6,9.7,6.0,0.9,3.3,0.233,27.8,1,-0.3,ED,3,disputé,ED,100.0,mesure,mesuree
split2,41-01,41,Blois,82064,95,19.8,37.2,41.8,45.6,7.6,9.7,6.0,1.2,3.3,0.343,13.0,0,,ED,5,quasi impossible,CD,100.0,mesure,mesuree
split2,41-02,41,Romorantin-Lanthenay,80280,105,14.6,27.7,57.2,47.4,7.6,9.7,6.0,0.4,3.3,0.308,10.1,0,,ED,5,quasi impossible,ED,100.0,mesure,mesuree
split2,41-03,41,Vendôme,81054,191,16.2,36.4,46.5,43.5,7.6,9.7,6.0,0.7,3.3,0.302,11.3,0,,ED,5,quasi impossible,ED,100.0,mesure,mesuree
split2,42-01,42,Saint-Etienne,63963,73,42.3,20.1,38.6,50.4,7.6,9.7,6.0,0.0,3.3,0.381,26.2,1,3.2,ED,2,jouable,G,100.0,mesure,mesuree
split2,42-02,42,Saint-Etienne,50889,56,43.0,22.7,34.7,51.8,7.6,9.7,6.0,0.0,3.3,0.369,27.1,1,8.4,ED,2,jouable,G,100.0,mesure,mesuree
split2,42-03,42,Saint-Chamond,84404,94,26.4,28.8,45.0,49.6,7.6,9.7,6.0,0.0,3.3,0.428,15.1,0,,ED,5,quasi impossible,ED,100.0,mesure,mesuree
split2,42-04,42,Saint-Just-Saint-Rambert,104493,140,25.4,29.8,44.7,47.5,7.6,9.7,6.0,0.2,3.3,0.389,15.5,0,,ED,5,quasi impossible,ED,100.0,mesure,mesuree
split2,42-05,42,Roanne,101589,140,18.7,39.3,41.8,44.0,7.6,9.7,6.0,0.2,3.3,0.318,12.7,0,,ED,5,quasi impossible,CD,100.0,mesure,mesuree
split2,42-06,42,Montbrison,111075,168,15.9,39.6,44.2,44.1,7.6,9.7,6.0,0.1,3.3,0.288,11.3,0,,ED,5,quasi impossible,CD,100.0,mesure,mesuree
split2,43-01,43,Monistrol-Sur-Loire,100864,127,17.4,45.4,36.8,41.8,7.6,9.7,6.0,0.2,3.3,0.297,12.2,0,,CD,5,quasi impossible,CD,100.0,mesure,mesuree
split2,43-02,43,Le Puy-En-Velay,78617,197,18.3,44.4,35.4,41.0,7.6,9.7,6.0,1.8,3.3,0.292,13.0,0,,CD,5,quasi impossible,CD,100.0,mesure,mesuree
split2,44-01,44,Nantes,77342,85,43.2,31.7,25.3,41.0,7.6,9.7,6.0,0.0,3.3,0.268,31.6,1,0.6,CD,2,jouable,G,100.0,mesure,mesuree
split2,44-02,44,Nantes,88472,92,50.8,26.5,21.9,39.8,7.6,9.7,6.0,0.4,3.3,0.369,32.1,1,12.4,CD,1,victoire facile,G,100.0,mesure,mesuree
split2,44-03,44,Saint-Herblain,97601,105,44.9,25.0,27.3,45.3,7.6,9.7,6.0,2.6,3.3,0.318,30.6,1,22.3,ED,1,victoire facile,G,100.0,mesure,mesuree
split2,44-04,44,Rezé,93228,94,47.4,23.9,28.0,43.6,7.6,9.7,6.0,0.5,3.3,0.309,32.8,1,23.7,ED,1,victoire facile,G,100.0,mesure,mesuree
split2,44-05,44,Nantes,120804,130,35.8,32.0,31.4,42.3,7.6,9.7,6.0,0.7,3.3,0.264,26.3,1,-8.3,CD,4,difficile,G,100.0,mesure,mesuree
split2,44-06,44,Châteaubriant,117288,130,32.5,27.6,38.0,46.8,7.6,9.7,6.0,1.8,3.3,0.311,22.4,0,,ED,5,quasi impossible,CD,100.0,mesure,mesuree
split2,44-07,44,La Baule-Escoublac,114995,119,23.7,36.2,39.5,43.5,7.6,9.7,6.0,0.6,3.3,0.252,17.7,0,,ED,5,quasi impossible,CD,100.0,mesure,mesuree
split2,44-08,44,Saint-Nazaire,88015,89,44.0,19.2,35.3,49.0,7.6,9.7,6.0,1.3,3.3,0.303,30.6,1,8.8,ED,2,jouable,G,100.0,mesure,mesuree
split2,44-09,44,Pornic,125922,134,27.8,30.6,39.7,44.5,7.6,9.7,6.0,1.8,3.3,0.286,19.8,0,,ED,5,quasi impossible,CD,100.0,mesure,mesuree
split2,44-10,44,Vertou,125522,126,30.0,36.7,31.7,42.4,7.6,9.7,6.0,1.5,3.3,0.271,21.9,1,-18.5,CD,4,difficile,CD,100.0,mesure,mesuree
split2,45-01,45,Orléans,76728,85,29.1,34.8,35.1,45.2,7.6,9.7,6.0,1.0,3.3,0.316,19.9,0,,ED,5,quasi impossible,CD,100.0,mesure,mesuree
split2,45-02,45,Orléans,88601,119,30.6,28.1,40.1,48.8,7.6,9.7,6.0,1.2,3.3,0.397,18.5,0,,ED,5,quasi impossible,CD,100.0,mesure,mesuree
split2,45-03,45,Gien,70445,101,16.4,31.3,52.2,46.2,7.6,9.7,6.0,0.1,3.3,0.335,10.9,0,,ED,5,quasi impossible,ED,100.0,mesure,mesuree
split2,45-04,45,Amilly,74099,115,17.6,26.8,53.7,49.6,7.6,9.7,6.0,1.9,3.3,0.407,10.4,0,,ED,5,quasi impossible,ED,100.0,mesure,mesuree
split2,45-05,45,Fleury-Les-Aubrais,73581,150,18.0,32.1,48.8,48.2,7.6,9.7,6.0,0.9,3.3,0.383,11.1,0,,ED,5,quasi impossible,ED,100.0,mesure,mesuree
split2,45-06,45,Orléans,76084,92,28.7,31.6,38.6,46.1,7.6,9.7,6.0,1.0,3.3,0.349,18.7,0,,ED,5,quasi impossible,CD,100.0,mesure,mesuree
split2,46-01,46,Cahors,73047,190,28.5,40.6,29.4,36.0,7.6,9.7,6.0,1.4,3.3,0.287,20.3,1,-23.2,CD,4,difficile,CD,100.0,mesure,mesuree
split2,46-02,46,Figeac,66320,189,42.9,20.8,34.5,36.7,7.6,9.7,6.0,1.7,3.3,0.303,29.9,1,12.0,ED,2,jouable,G,100.0,mesure,mesuree
split2,47-01,47,Agen,86865,123,24.4,25.1,50.2,44.6,7.6,9.7,6.0,0.2,3.3,0.347,16.0,0,,ED,5,quasi impossible,ED,100.0,mesure,mesuree
split2,47-02,47,Marmande,76944,167,24.4,21.5,54.0,44.9,7.6,9.7,6.0,0.1,3.3,0.342,16.1,0,,ED,5,quasi impossible,ED,100.0,mesure,mesuree
split2,47-03,47,Villeneuve-Sur-Lot,75786,160,26.9,24.2,47.6,44.7,7.6,9.7,6.0,1.4,3.3,0.367,17.0,0,,ED,5,quasi impossible,ED,100.0,mesure,mesuree
split2,48-01,48,Mende,59764,188,31.0,29.8,34.2,37.1,7.6,9.7,6.0,4.8,3.3,0.307,21.5,1,4.5,ED,2,jouable,CD,100.0,mesure,mesuree
split2,49-01,49,Angers,87796,92,34.3,34.6,31.3,44.5,7.6,9.7,6.0,0.0,3.3,0.281,24.6,1,-12.4,CD,4,difficile,CD,100.0,mesure,mesuree
split2,49-02,49,Angers,92512,98,28.4,39.2,31.2,43.6,7.6,9.7,6.0,1.0,3.3,0.308,19.7,0,,CD,5,quasi impossible,CD,100.0,mesure,mesuree
split2,49-03,49,Baugé-En-Anjou,71631,104,19.1,37.4,42.8,47.1,7.6,9.7,6.0,0.5,3.3,0.288,13.6,0,,ED,5,quasi impossible,CD,100.0,mesure,mesuree
split2,49-04,49,Saumur,75902,110,18.5,38.5,41.4,45.0,7.6,9.7,6.0,1.5,3.3,0.271,13.5,0,,ED,5,quasi impossible,CD,100.0,mesure,mesuree
split2,49-05,49,Cholet,79056,76,20.5,43.2,34.9,48.2,7.6,9.7,6.0,1.3,3.3,0.283,14.7,0,,CD,5,quasi impossible,CD,100.0,mesure,mesuree
split2,49-06,49,Beaupréau-En-Mauges,96342,105,23.9,38.9,35.2,46.0,7.6,9.7,6.0,2.0,3.3,0.264,17.6,0,,CD,5,quasi impossible,CD,100.0,mesure,mesuree
split2,49-07,49,Segré-En-Anjou Bleu,82426,107,28.9,34.7,35.5,45.1,7.6,9.7,6.0,0.7,3.3,0.274,21.0,0,,ED,5,quasi impossible,CD,100.0,mesure,mesuree
split2,50-01,50,Saint-Lô,86727,180,16.0,45.1,37.6,45.3,7.6,9.7,6.0,1.1,3.3,0.273,11.6,0,,CD,5,quasi impossible,CD,100.0,mesure,mesuree
split2,50-02,50,Granville,96780,179,17.3,42.8,39.1,43.1,7.6,9.7,6.0,0.8,3.3,0.261,12.8,0,,CD,5,quasi impossible,CD,100.0,mesure,mesuree
split2,50-03,50,Coutances,110539,224,22.3,35.0,38.5,43.1,7.6,9.7,6.0,4.1,3.3,0.255,16.6,0,,ED,5,quasi impossible,CD,100.0,mesure,mesuree
split2,50-04,50,Cherbourg-En-Cotentin,88663,125,32.0,29.9,37.5,47.9,7.6,9.7,6.0,0.5,3.3,0.274,23.2,0,,ED,5,quasi impossible,CD,100.0,mesure,mesuree
split2,51-01,51,Reims,74097,84,25.7,32.1,41.4,51.6,7.6,9.7,6.0,0.6,3.3,0.301,18.0,0,,ED,5,quasi impossible,CD,100.0,mesure,mesuree
split2,51-02,51,Reims,74345,133,23.5,33.7,42.6,49.4,7.6,9.7,6.0,0.0,3.3,0.309,16.2,0,,ED,5,quasi impossible,CD,100.0,mesure,mesuree
split2,51-03,51,Epernay,78476,171,17.8,30.6,49.4,49.5,7.6,9.7,6.0,2.0,3.3,0.306,12.4,0,,ED,5,quasi impossible,ED,100.0,mesure,mesuree
split2,51-04,51,Châlons-En-Champagne,77894,171,17.9,33.9,48.0,50.7,7.6,9.7,6.0,0.1,3.3,0.357,11.5,0,,ED,5,quasi impossible,ED,100.0,mesure,mesuree
split2,51-05,51,Vitry-Le-François,75602,276,6.7,42.6,50.2,46.3,7.6,9.7,6.0,0.4,3.3,0.313,4.6,0,,ED,5,quasi impossible,ED,100.0,mesure,mesuree
split2,52-01,52,Chaumont,69171,330,16.0,29.6,50.1,45.7,7.6,9.7,6.0,4.2,3.3,0.294,11.3,0,,ED,5,quasi impossible,ED,100.0,mesure,mesuree
split2,52-02,52,Saint-Dizier,59043,231,8.8,30.4,60.6,50.7,7.6,9.7,6.0,0.2,3.3,0.38,5.5,0,,ED,5,quasi impossible,ED,100.0,mesure,mesuree
split2,53-01,53,Laval,73427,100,46.0,18.9,35.0,46.5,7.6,9.7,6.0,0.1,3.3,0.283,32.9,1,11.2,ED,2,jouable,G,100.0,mesure,mesuree
split2,53-02,53,Château-Gontier-Sur-Mayenne,79759,139,19.8,42.0,37.1,46.1,7.6,9.7,6.0,1.0,3.3,0.276,14.3,0,,CD,5,quasi impossible,CD,100.0,mesure,mesuree
split2,53-03,53,Mayenne,72655,117,16.1,45.6,37.3,46.5,7.6,9.7,6.0,0.9,3.3,0.273,11.7,0,,CD,5,quasi impossible,CD,100.0,mesure,mesuree
split2,54-01,54,Nancy,83269,96,36.7,29.2,33.3,47.0,7.6,9.7,6.0,0.7,3.3,0.325,24.8,1,10.2,ED,2,jouable,G,100.0,mesure,mesuree
split2,54-02,54,Nancy,67916,82,39.4,29.8,31.5,46.1,7.6,9.7,6.0,0.0,3.3,0.399,23.7,1,13.9,ED,2,jouable,G,100.0,mesure,mesuree
split2,54-03,54,Longwy,80382,137,30.6,21.9,46.6,57.7,7.6,9.7,6.0,1.0,3.3,0.454,16.7,0,,ED,5,quasi impossible,ED,100.0,mesure,mesuree
split2,54-04,54,Lunéville,95841,248,17.5,33.6,48.3,48.4,7.6,9.7,6.0,0.6,3.3,0.326,11.8,0,,ED,5,quasi impossible,ED,100.0,mesure,mesuree
split2,54-05,54,Toul,78674,211,43.4,8.8,47.5,48.7,7.6,9.7,6.0,0.1,3.3,0.294,30.6,1,-5.9,ED,3,disputé,ED,100.0,mesure,mesuree
split2,54-06,54,Pont-À-Mousson,87566,161,28.5,21.7,49.0,52.9,7.6,9.7,6.0,0.7,3.3,0.388,17.5,0,,ED,5,quasi impossible,ED,100.0,mesure,mesuree
split2,55-01,55,Bar-Le-Duc,74962,304,12.7,34.6,51.9,47.0,7.6,9.7,6.0,0.7,3.3,0.296,9.0,0,,ED,5,quasi impossible,ED,100.0,mesure,mesuree
split2,55-02,55,Verdun,59230,273,17.5,28.6,53.8,50.1,7.6,9.7,6.0,0.0,3.3,0.286,12.5,0,,ED,5,quasi impossible,ED,100.0,mesure,mesuree
split2,56-01,56,Vannes,114184,122,27.9,37.0,33.2,39.6,7.6,9.7,6.0,2.0,3.3,0.236,21.3,1,-21.0,CD,4,difficile,CD,100.0,mesure,mesuree
split2,56-02,56,Auray,112956,120,23.3,37.5,36.5,40.4,7.6,9.7,6.0,2.6,3.3,0.248,17.5,0,,CD,5,quasi impossible,CD,100.0,mesure,mesuree
split2,56-03,56,Pontivy,98154,112,21.1,36.4,39.9,43.7,7.6,9.7,6.0,2.3,3.3,0.267,15.5,0,,ED,5,quasi impossible,CD,100.0,mesure,mesuree
split2,56-04,56,Ploërmel,111535,141,13.3,48.4,37.0,41.7,7.6,9.7,6.0,1.1,3.3,0.293,9.4,0,,CD,5,quasi impossible,CD,100.0,mesure,mesuree
split2,56-05,56,Lorient,80820,85,33.1,30.9,34.5,44.4,7.6,9.7,6.0,1.7,3.3,0.28,23.8,1,6.8,ED,2,jouable,CD,100.0,mesure,mesuree
split2,56-06,56,Hennebont,93830,114,22.5,33.5,41.1,42.9,7.6,9.7,6.0,2.8,3.3,0.264,16.6,0,,ED,5,quasi impossible,CD,100.0,mesure,mesuree
split2,57-01,57,Metz,93930,111,27.9,25.1,45.6,54.2,7.6,9.7,6.0,1.4,3.3,0.465,15.0,0,,ED,5,quasi impossible,ED,100.0,mesure,mesuree
split2,57-02,57,Metz,75015,105,30.7,27.1,41.2,49.7,7.6,9.7,6.0,1.1,3.3,0.305,21.3,0,,ED,5,quasi impossible,ED,100.0,mesure,mesuree
split2,57-03,57,Metz,76057,109,28.4,31.9,39.3,49.9,7.6,9.7,6.0,0.4,3.3,0.285,20.3,0,,ED,5,quasi impossible,CD,100.0,mesure,mesuree
split2,57-04,57,Sarrebourg,80777,282,8.1,45.3,45.5,48.4,7.6,9.7,6.0,0.9,3.3,0.313,5.6,0,,ED,5,quasi impossible,CD,100.0,mesure,mesuree
split2,57-05,57,Sarreguemines,72095,117,10.3,37.1,50.9,53.2,7.6,9.7,6.0,1.7,3.3,0.349,6.7,0,,ED,5,quasi impossible,ED,100.0,mesure,mesuree
split2,57-06,57,Forbach,66393,99,19.7,23.0,55.7,60.6,7.6,9.7,6.0,1.8,3.3,0.567,11.2,0,,ED,5,quasi impossible,ED,100.0,mesure,mesuree
split2,57-07,57,Saint-Avold,89245,173,15.2,26.5,58.6,55.6,7.6,9.7,6.0,0.0,3.3,0.433,8.6,0,,ED,5,quasi impossible,ED,100.0,mesure,mesuree
split2,57-08,57,Hayange,90707,125,27.3,18.6,53.5,60.4,7.6,9.7,6.0,0.7,3.3,0.538,14.7,0,,ED,5,quasi impossible,ED,100.0,mesure,mesuree
split2,57-09,57,Thionville,100711,154,22.5,33.0,43.5,51.9,7.6,9.7,6.0,1.0,3.3,0.366,14.3,0,,ED,5,quasi impossible,ED,100.0,mesure,mesuree
split2,58-01,58,Nevers,73850,114,22.0,30.2,46.1,48.3,7.6,9.7,6.0,1.7,3.3,0.3,15.4,0,,ED,5,quasi impossible,ED,100.0,mesure,mesuree
split2,58-02,58,Varennes-Vauzelles,78765,262,23.9,24.6,49.9,43.8,7.6,9.7,6.0,1.7,3.3,0.278,17.2,0,,ED,5,quasi impossible,ED,100.0,mesure,mesuree
split2,59-01,59,Lille,61672,63,56.2,16.9,26.2,49.3,7.6,9.7,6.0,0.6,3.3,0.591,33.2,1,26.9,ED,1,victoire facile,G,100.0,mesure,mesuree
split2,59-02,59,Villeneuve-D'Ascq,87355,80,47.9,22.3,29.9,49.5,7.6,9.7,6.0,0.0,3.3,0.528,25.3,1,16.1,ED,2,jouable,G,100.0,mesure,mesuree
split2,59-03,59,Maubeuge,91620,144,40.6,4.8,54.1,58.4,7.6,9.7,6.0,0.6,3.3,0.521,21.1,1,-18.0,ED,4,difficile,ED,100.0,mesure,mesuree
split2,59-04,59,Lambersart,100044,98,27.4,38.6,33.5,46.0,7.6,9.7,6.0,0.5,3.3,0.335,18.2,0,,CD,5,quasi impossible,CD,100.0,mesure,mesuree
split2,59-05,59,Haubourdin,98309,102,23.3,31.8,45.2,47.1,7.6,9.7,6.0,0.0,3.3,0.352,15.1,0,,ED,5,quasi impossible,ED,100.0,mesure,mesuree
split2,59-06,59,Orchies,94232,91,19.0,40.9,40.7,42.1,7.6,9.7,6.0,0.0,3.3,0.285,13.6,0,,CD,5,quasi impossible,CD,100.0,mesure,mesuree
split2,59-07,59,Wasquehal,73444,70,30.6,33.3,35.8,50.9,7.6,9.7,6.0,0.6,3.3,0.472,16.2,0,,ED,5,quasi impossible,CD,100.0,mesure,mesuree
split2,59-08,59,Roubaix,68933,74,48.6,13.2,36.1,63.9,7.6,9.7,6.0,2.4,3.3,0.67,32.6,1,10.6,ED,2,jouable,G,100.0,mesure,mesuree
split2,59-09,59,Marcq-En-Baroeul,92045,83,29.5,40.5,28.8,47.0,7.6,9.7,6.0,1.3,3.3,0.305,20.5,0,,CD,5,quasi impossible,CD,100.0,mesure,mesuree
split2,59-10,59,Tourcoing,83192,78,25.2,33.7,40.3,56.7,7.6,9.7,6.0,0.9,3.3,0.378,15.7,0,,ED,5,quasi impossible,CD,100.0,mesure,mesuree
split2,59-11,59,Lille,93191,93,40.3,23.2,36.7,49.8,7.6,9.7,6.0,0.0,3.3,0.371,25.4,1,4.1,ED,2,jouable,G,100.0,mesure,mesuree
split2,59-12,59,Hautmont,93070,139,16.9,24.2,58.0,52.8,7.6,9.7,6.0,1.1,3.3,0.335,11.2,0,,ED,5,quasi impossible,ED,100.0,mesure,mesuree
split2,59-13,59,Dunkerque,86045,94,40.8,7.8,50.3,58.6,7.6,9.7,6.0,1.3,3.3,0.588,24.0,1,-12.6,ED,4,difficile,ED,100.0,mesure,mesuree
split2,59-14,59,Dunkerque,99449,116,13.6,35.1,51.4,48.6,7.6,9.7,6.0,0.0,3.3,0.317,9.3,0,,ED,5,quasi impossible,ED,100.0,mesure,mesuree
split2,59-15,59,Hazebrouck,97601,117,16.8,34.1,49.1,47.6,7.6,9.7,6.0,0.0,3.3,0.282,12.0,0,,ED,5,quasi impossible,ED,100.0,mesure,mesuree
split2,59-16,59,Sin-Le-Noble,84041,86,30.9,12.6,57.6,56.0,7.6,9.7,6.0,0.0,3.3,0.421,17.9,1,-27.9,ED,4,difficile,ED,100.0,mesure,mesuree
split2,59-17,59,Douai,72899,78,26.9,19.3,53.3,53.5,7.6,9.7,6.0,0.7,3.3,0.469,14.3,0,,ED,5,quasi impossible,ED,100.0,mesure,mesuree
split2,59-18,59,Cambrai,90068,127,11.5,35.0,53.3,51.8,7.6,9.7,6.0,0.2,3.3,0.319,7.9,0,,ED,5,quasi impossible,ED,100.0,mesure,mesuree
split2,59-19,59,Denain,80890,84,21.9,15.6,63.6,57.0,7.6,9.7,6.0,0.0,3.3,0.43,12.5,0,,ED,5,quasi impossible,ED,100.0,mesure,mesuree
split2,59-20,59,Saint-Amand-Les-Eaux,82190,92,35.4,10.9,54.8,57.8,7.6,9.7,6.0,0.0,3.3,0.362,22.5,1,-20.8,ED,4,difficile,ED,100.0,mesure,mesuree
split2,59-21,59,Valenciennes,78274,88,21.9,28.4,49.7,54.5,7.6,9.7,6.0,0.0,3.3,0.464,11.8,0,,ED,5,quasi impossible,ED,100.0,mesure,mesuree
split2,60-01,60,Beauvais,82738,185,17.4,32.8,48.9,49.4,7.6,9.7,6.0,0.6,3.3,0.328,11.7,0,,ED,5,quasi impossible,ED,100.0,mesure,mesuree
split2,60-02,60,Beauvais,88836,194,18.5,23.6,57.3,49.9,7.6,9.7,6.0,0.4,3.3,0.339,12.2,0,,ED,5,quasi impossible,ED,100.0,mesure,mesuree
split2,60-03,60,Creil,74495,87,31.1,20.3,48.0,55.5,7.6,9.7,6.0,0.8,3.3,0.545,16.9,0,,ED,5,quasi impossible,ED,100.0,mesure,mesuree
split2,60-04,60,Senlis,93744,126,15.3,36.8,47.1,47.1,7.6,9.7,6.0,0.9,3.3,0.367,9.7,0,,ED,5,quasi impossible,ED,100.0,mesure,mesuree
split2,60-05,60,Compiègne,73645,104,20.6,31.4,48.2,49.2,7.6,9.7,6.0,0.0,3.3,0.348,13.4,0,,ED,5,quasi impossible,ED,100.0,mesure,mesuree
split2,60-06,60,Compiègne,75808,141,17.9,28.8,53.4,49.3,7.6,9.7,6.0,0.0,3.3,0.374,11.2,0,,ED,5,quasi impossible,ED,100.0,mesure,mesuree
split2,60-07,60,Nogent-Sur-Oise,76106,99,26.6,27.2,45.2,50.9,7.6,9.7,6.0,1.0,3.3,0.494,13.5,0,,ED,5,quasi impossible,ED,100.0,mesure,mesuree
split2,61-01,61,Alençon,67262,153,25.1,31.4,41.5,46.2,7.6,9.7,6.0,1.9,3.3,0.289,17.9,0,,ED,5,quasi impossible,CD,100.0,mesure,mesuree
split2,61-02,61,L'Aigle,64536,203,13.9,37.8,46.0,44.4,7.6,9.7,6.0,2.2,3.3,0.297,9.8,0,,ED,5,quasi impossible,ED,100.0,mesure,mesuree
split2,61-03,61,Flers,70653,173,16.9,43.1,38.2,45.1,7.6,9.7,6.0,1.7,3.3,0.316,11.6,0,,CD,5,quasi impossible,CD,100.0,mesure,mesuree
split2,62-01,62,Vitry-En-Artois,104632,310,15.9,26.6,58.4,47.1,7.6,9.7,6.0,0.0,3.3,0.281,11.4,0,,ED,5,quasi impossible,ED,100.0,mesure,mesuree
split2,62-02,62,Arras,88596,111,22.9,32.5,45.3,45.9,7.6,9.7,6.0,0.0,3.3,0.324,15.5,0,,ED,5,quasi impossible,ED,100.0,mesure,mesuree
split2,62-03,62,Lens,83041,88,32.6,9.0,58.4,57.5,7.6,9.7,6.0,0.1,3.3,0.467,17.4,1,-28.3,ED,4,difficile,ED,100.0,mesure,mesuree
split2,62-04,62,Berck,89124,201,13.0,38.9,47.2,45.6,7.6,9.7,6.0,1.0,3.3,0.289,9.2,0,,ED,5,quasi impossible,ED,100.0,mesure,mesuree
split2,62-05,62,Boulogne-Sur-Mer,88328,111,32.4,19.7,48.4,52.6,7.6,9.7,6.0,0.0,3.3,0.285,23.1,1,-14.6,ED,4,difficile,ED,100.0,mesure,mesuree
split2,62-06,62,Guînes,94643,193,13.0,33.0,54.1,46.6,7.6,9.7,6.0,0.0,3.3,0.282,9.3,0,,ED,5,quasi impossible,ED,100.0,mesure,mesuree
split2,62-07,62,Calais,94659,103,15.6,31.9,51.6,54.8,7.6,9.7,6.0,0.9,3.3,0.361,10.0,0,,ED,5,quasi impossible,ED,100.0,mesure,mesuree
split2,62-08,62,Saint-Omer,92388,117,33.4,15.6,50.5,49.6,7.6,9.7,6.0,0.5,3.3,0.294,23.6,1,-16.7,ED,4,difficile,ED,100.0,mesure,mesuree
split2,62-09,62,Béthune,80762,87,17.7,29.2,53.0,48.4,7.6,9.7,6.0,0.2,3.3,0.29,12.5,0,,ED,5,quasi impossible,ED,100.0,mesure,mesuree
split2,62-10,62,Bruay-La-Buissière,89095,110,17.1,16.3,67.3,55.0,7.6,9.7,6.0,0.0,3.3,0.326,11.5,0,,ED,5,quasi impossible,ED,100.0,mesure,mesuree
split2,62-11,62,Hénin-Beaumont,93335,97,22.5,10.3,68.0,57.2,7.6,9.7,6.0,0.0,3.3,0.529,11.9,1,-46.5,ED,4,difficile,ED,100.0,mesure,mesuree
split2,62-12,62,Liévin,94391,107,24.1,13.2,63.5,56.1,7.6,9.7,6.0,0.0,3.3,0.367,15.3,1,-39.2,ED,4,difficile,ED,100.0,mesure,mesuree
split2,63-01,63,Clermont-Ferrand,83788,84,39.1,27.3,33.8,48.7,7.6,9.7,6.0,0.0,3.3,0.339,25.9,1,11.1,ED,2,jouable,G,100.0,mesure,mesuree
split2,63-02,63,Riom,90283,171,37.9,22.9,39.0,41.4,7.6,9.7,6.0,0.1,3.3,0.269,27.7,1,4.1,ED,2,jouable,G,100.0,mesure,mesuree
split2,63-03,63,Clermont-Ferrand,90194,156,33.3,34.2,32.2,40.0,7.6,9.7,6.0,0.1,3.3,0.254,24.9,1,-12.9,CD,4,difficile,CD,100.0,mesure,mesuree
split2,63-04,63,Issoire,101981,155,27.4,34.8,37.2,43.5,7.6,9.7,6.0,0.4,3.3,0.268,20.0,0,,ED,5,quasi impossible,CD,100.0,mesure,mesuree
split2,63-05,63,Pont-Du-Château,105052,173,41.5,17.5,41.3,44.6,7.6,9.7,6.0,0.0,3.3,0.293,29.3,1,0.3,ED,2,jouable,G,100.0,mesure,mesuree
split2,64-01,64,Pau,69447,85,33.3,30.3,34.1,42.7,7.6,9.7,6.0,2.2,3.3,0.267,24.4,1,7.3,ED,2,jouable,G,100.0,mesure,mesuree
split2,64-02,64,Pau,84389,128,27.3,30.8,38.2,40.8,7.6,9.7,6.0,3.6,3.3,0.24,20.8,0,,ED,5,quasi impossible,CD,100.0,mesure,mesuree
split2,64-03,64,Orthez,83955,213,57.8,3.8,37.3,42.5,7.6,9.7,6.0,1.1,3.3,0.276,41.8,1,16.7,ED,1,victoire facile,G,100.0,mesure,mesuree
split2,64-04,64,Oloron-Sainte-Marie,80792,250,29.4,28.1,30.9,38.3,7.6,9.7,6.0,11.5,3.3,0.268,21.5,1,6.1,ED,2,jouable,CD,100.0,mesure,mesuree
split2,64-05,64,Bayonne,100288,97,31.3,27.9,34.3,43.3,7.6,9.7,6.0,6.2,3.3,0.271,22.8,1,4.4,ED,2,jouable,G,100.0,mesure,mesuree
split2,64-06,64,Biarritz,106617,106,24.5,36.9,29.7,41.8,7.6,9.7,6.0,8.9,3.3,0.25,18.4,0,,CD,5,quasi impossible,CD,100.0,mesure,mesuree
split2,65-01,65,Tarbes,87328,336,36.2,22.8,38.4,41.3,7.6,9.7,6.0,2.6,3.3,0.281,26.0,1,2.9,ED,2,jouable,G,100.0,mesure,mesuree
split2,65-02,65,Tarbes,88496,224,31.5,24.1,41.6,42.7,7.6,9.7,6.0,2.7,3.3,0.262,23.3,1,-3.9,ED,3,disputé,ED,100.0,mesure,mesuree
split2,66-01,66,Perpignan,74058,80,23.0,22.8,52.4,50.7,7.6,9.7,6.0,2.0,3.3,0.345,15.1,0,,ED,5,quasi impossible,ED,100.0,mesure,mesuree
split2,66-02,66,Canet-En-Roussillon,104416,126,17.1,19.1,61.4,49.5,7.6,9.7,6.0,2.6,3.3,0.332,11.5,0,,ED,5,quasi impossible,ED,100.0,mesure,mesuree
split2,66-03,66,Perpignan,84595,155,25.5,19.6,50.4,47.3,7.6,9.7,6.0,4.5,3.3,0.343,16.8,0,,ED,5,quasi impossible,ED,100.0,mesure,mesuree
split2,66-04,66,Argelès-Sur-Mer,101277,120,26.1,17.4,54.0,46.3,7.6,9.7,6.0,2.6,3.3,0.31,18.0,1,-26.7,ED,4,difficile,ED,100.0,mesure,mesuree
split2,67-01,67,Strasbourg,62481,65,53.0,23.1,22.6,44.2,7.6,9.7,6.0,1.2,3.3,0.369,33.5,1,17.7,CD,1,victoire facile,G,100.0,mesure,mesuree
split2,67-02,67,Strasbourg,71094,70,45.2,25.4,28.3,47.2,7.6,9.7,6.0,0.9,3.3,0.42,26.2,1,20.4,ED,2,jouable,G,100.0,mesure,mesuree
split2,67-03,67,Strasbourg,70945,78,38.6,28.4,30.4,49.3,7.6,9.7,6.0,2.6,3.3,0.472,20.3,0,,ED,5,quasi impossible,CD,100.0,mesure,mesuree
split2,67-04,67,Lingolsheim,99049,114,18.4,40.8,38.2,45.2,7.6,9.7,6.0,2.6,3.3,0.383,11.3,0,,CD,5,quasi impossible,CD,100.0,mesure,mesuree
split2,67-05,67,Sélestat,107594,125,16.4,37.3,41.3,47.3,7.6,9.7,6.0,4.7,3.3,0.304,11.4,0,,ED,5,quasi impossible,CD,100.0,mesure,mesuree
split2,67-06,67,Obernai,97539,121,14.4,39.4,42.9,46.9,7.6,9.7,6.0,3.1,3.3,0.3,10.0,0,,ED,5,quasi impossible,CD,100.0,mesure,mesuree
split2,67-07,67,Saverne,86142,180,9.9,41.8,43.1,47.7,7.6,9.7,6.0,5.1,3.3,0.274,7.2,0,,ED,5,quasi impossible,CD,100.0,mesure,mesuree
split2,67-08,67,Wissembourg,94678,144,6.1,42.0,48.0,50.5,7.6,9.7,6.0,3.8,3.3,0.289,4.3,0,,ED,5,quasi impossible,ED,100.0,mesure,mesuree
split2,67-09,67,Haguenau,95422,106,11.9,39.7,44.0,49.4,7.6,9.7,6.0,4.3,3.3,0.344,7.8,0,,ED,5,quasi impossible,CD,100.0,mesure,mesuree
split2,68-01,68,Colmar,78987,82,16.2,43.3,37.3,50.1,7.6,9.7,6.0,3.1,3.3,0.356,10.4,0,,CD,5,quasi impossible,CD,100.0,mesure,mesuree
split2,68-02,68,Guebwiller,92476,114,16.5,40.0,39.1,45.6,7.6,9.7,6.0,4.1,3.3,0.275,12.0,0,,CD,5,quasi impossible,CD,100.0,mesure,mesuree
split2,68-03,68,Saint-Louis,86586,156,14.4,37.9,41.4,48.3,7.6,9.7,6.0,6.1,3.3,0.348,9.4,0,,ED,5,quasi impossible,CD,100.0,mesure,mesuree
split2,68-04,68,Wittelsheim,104237,124,16.4,32.3,48.6,50.2,7.6,9.7,6.0,2.6,3.3,0.335,10.9,0,,ED,5,quasi impossible,ED,100.0,mesure,mesuree
split2,68-05,68,Mulhouse,75776,90,26.7,34.4,36.1,51.7,7.6,9.7,6.0,2.8,3.3,0.343,17.5,0,,ED,5,quasi impossible,CD,100.0,mesure,mesuree
split2,68-06,68,Mulhouse,94174,117,22.6,28.9,45.4,53.3,7.6,9.7,6.0,3.2,3.3,0.448,12.5,0,,ED,5,quasi impossible,ED,100.0,mesure,mesuree
split2,69-01,69,Lyon,70790,73,43.8,30.7,26.2,40.8,7.6,9.7,6.0,0.0,3.3,0.369,27.6,1,0.7,CD,2,jouable,G,100.0,mesure,mesuree
split2,69-02,69,Lyon,74611,75,47.0,28.5,23.1,35.7,7.6,9.7,6.0,1.2,3.3,0.369,29.7,1,6.8,CD,2,jouable,G,100.0,mesure,mesuree
split2,69-03,69,Lyon,70822,73,52.0,25.0,24.4,37.7,7.6,9.7,6.0,0.0,3.3,0.369,32.8,1,14.4,CD,1,victoire facile,G,100.0,mesure,mesuree
split2,69-04,69,Lyon,78040,83,36.6,37.9,26.5,36.6,7.6,9.7,6.0,0.0,3.3,0.369,23.1,1,-13.0,CD,4,difficile,CD,100.0,mesure,mesuree
split2,69-05,69,Caluire-Et-Cuire,86749,99,24.1,42.5,33.7,39.8,7.6,9.7,6.0,0.0,3.3,0.323,16.3,0,,CD,5,quasi impossible,CD,100.0,mesure,mesuree
split2,69-06,69,Villeurbanne,90839,79,61.1,10.6,27.3,51.1,7.6,9.7,6.0,0.9,3.3,0.546,33.4,1,35.9,ED,1,victoire facile,G,100.0,mesure,mesuree
split2,69-07,69,Vaulx-En-Velin,72607,71,44.5,25.0,28.7,55.9,7.6,9.7,6.0,2.2,3.3,0.66,29.4,1,16.6,ED,1,victoire facile,G,100.0,mesure,mesuree
split2,69-08,69,Ecully,104640,137,21.1,39.6,39.5,41.9,7.6,9.7,6.0,0.0,3.3,0.333,14.1,0,,CD,5,quasi impossible,CD,100.0,mesure,mesuree
split2,69-09,69,Villefranche-Sur-Saône,97598,125,20.8,38.0,41.0,45.5,7.6,9.7,6.0,0.2,3.3,0.38,12.9,0,,ED,5,quasi impossible,CD,100.0,mesure,mesuree
split2,69-10,69,Saint-Genis-Laval,98181,112,22.4,41.3,37.2,41.0,7.6,9.7,6.0,0.0,3.3,0.303,15.6,0,,CD,5,quasi impossible,CD,100.0,mesure,mesuree
split2,69-11,69,Givors,95693,110,24.2,33.7,41.8,45.9,7.6,9.7,6.0,0.2,3.3,0.4,14.5,0,,ED,5,quasi impossible,CD,100.0,mesure,mesuree
split2,69-12,69,Oullins-Pierre-Bénite,75443,87,27.4,40.9,32.4,40.4,7.6,9.7,6.0,0.0,3.3,0.375,17.1,0,,CD,5,quasi impossible,CD,100.0,mesure,mesuree
split2,69-13,69,Meyzieu,86873,101,24.1,32.4,43.4,48.5,7.6,9.7,6.0,0.3,3.3,0.516,12.4,0,,ED,5,quasi impossible,ED,100.0,mesure,mesuree
split2,69-14,69,Vénissieux,75928,82,45.3,15.2,38.1,59.8,7.6,9.7,6.0,1.8,3.3,0.748,33.9,1,7.1,ED,2,jouable,G,100.0,mesure,mesuree
split2,70-01,70,Vesoul,88355,352,15.7,30.9,53.0,43.9,7.6,9.7,6.0,0.3,3.3,0.312,10.8,0,,ED,5,quasi impossible,ED,100.0,mesure,mesuree
split2,70-02,70,Héricourt,89378,262,19.5,25.4,56.0,46.2,7.6,9.7,6.0,0.0,3.3,0.323,13.2,0,,ED,5,quasi impossible,ED,100.0,mesure,mesuree
split2,71-01,71,Mâcon,75060,141,25.3,32.6,41.4,45.8,7.6,9.7,6.0,0.7,3.3,0.319,17.2,0,,ED,5,quasi impossible,CD,100.0,mesure,mesuree
split2,71-02,71,Paray-Le-Monial,76621,175,15.2,41.5,42.1,43.9,7.6,9.7,6.0,1.2,3.3,0.283,10.9,0,,ED,5,quasi impossible,CD,100.0,mesure,mesuree
split2,71-03,71,Autun,73980,156,17.9,32.8,49.8,44.9,7.6,9.7,6.0,0.0,3.3,0.304,12.4,0,,ED,5,quasi impossible,ED,100.0,mesure,mesuree
split2,71-04,71,Chalon-Sur-Saône,83477,150,30.2,20.7,49.1,48.0,7.6,9.7,6.0,0.0,3.3,0.296,21.3,1,-17.3,ED,4,difficile,ED,100.0,mesure,mesuree
split2,71-05,71,Chalon-Sur-Saône,85091,112,23.9,35.5,40.5,47.8,7.6,9.7,6.0,0.2,3.3,0.36,15.3,0,,ED,5,quasi impossible,CD,100.0,mesure,mesuree
split2,72-01,72,Le Mans,73766,110,26.0,34.9,38.8,46.5,7.6,9.7,6.0,0.2,3.3,0.277,18.8,0,,ED,5,quasi impossible,CD,100.0,mesure,mesuree
split2,72-02,72,Le Mans,83764,99,42.0,16.6,41.5,52.5,7.6,9.7,6.0,0.0,3.3,0.279,30.3,1,0.5,ED,2,jouable,G,100.0,mesure,mesuree
split2,72-03,72,La Flèche,85878,129,19.0,30.6,49.8,48.9,7.6,9.7,6.0,0.6,3.3,0.277,13.7,0,,ED,5,quasi impossible,ED,100.0,mesure,mesuree
split2,72-04,72,Le Mans,81439,115,28.6,26.8,43.4,49.0,7.6,9.7,6.0,1.1,3.3,0.303,19.9,0,,ED,5,quasi impossible,ED,100.0,mesure,mesuree
split2,72-05,72,Le Mans,87032,153,25.9,27.7,46.4,49.2,7.6,9.7,6.0,0.0,3.3,0.293,18.3,0,,ED,5,quasi impossible,ED,100.0,mesure,mesuree
split2,73-01,73,Aix-Les-Bains,92486,127,22.9,33.9,41.9,43.8,7.6,9.7,6.0,1.2,3.3,0.301,16.0,0,,ED,5,quasi impossible,CD,100.0,mesure,mesuree
split2,73-02,73,Albertville,75626,118,22.2,34.8,39.5,47.2,7.6,9.7,6.0,3.2,3.3,0.288,15.8,0,,ED,5,quasi impossible,CD,100.0,mesure,mesuree
split2,73-03,73,La Ravoire,73609,133,20.9,37.5,41.4,42.6,7.6,9.7,6.0,0.0,3.3,0.289,14.9,0,,ED,5,quasi impossible,CD,100.0,mesure,mesuree
split2,73-04,73,Chambéry,79612,100,36.8,25.1,36.6,43.9,7.6,9.7,6.0,1.5,3.3,0.368,23.3,1,5.2,ED,2,jouable,G,100.0,mesure,mesuree
split2,74-01,74,Annecy,106505,118,21.9,39.4,37.7,44.1,7.6,9.7,6.0,0.8,3.3,0.267,16.0,0,,CD,5,quasi impossible,CD,100.0,mesure,mesuree
split2,74-02,74,Annecy,98954,109,25.9,38.0,34.2,44.4,7.6,9.7,6.0,1.7,3.3,0.257,19.2,0,,CD,5,quasi impossible,CD,100.0,mesure,mesuree
split2,74-03,74,Bonneville,89010,107,23.2,32.8,41.2,47.7,7.6,9.7,6.0,2.4,3.3,0.325,15.6,0,,ED,5,quasi impossible,CD,100.0,mesure,mesuree
split2,74-04,74,Annemasse,89378,107,25.4,38.6,32.0,52.1,7.6,9.7,6.0,3.8,3.3,0.427,14.6,0,,CD,5,quasi impossible,CD,100.0,mesure,mesuree
split2,74-05,74,Thonon-Les-Bains,101666,113,23.6,35.5,37.3,48.9,7.6,9.7,6.0,3.4,3.3,0.318,16.1,0,,ED,5,quasi impossible,CD,100.0,mesure,mesuree
split2,74-06,74,Sallanches,81261,89,21.6,34.9,41.3,48.8,7.6,9.7,6.0,2.0,3.3,0.311,14.9,0,,ED,5,quasi impossible,CD,100.0,mesure,mesuree
split2,75-01,75,Paris,70315,51,27.5,52.3,20.1,36.6,7.6,9.7,6.0,0.0,3.3,0.369,17.3,0,,CD,5,quasi impossible,CD,100.0,mesure,mesuree
split2,75-02,75,Paris,74579,54,30.3,47.7,20.1,34.8,7.6,9.7,6.0,1.7,3.3,0.369,19.1,0,,CD,5,quasi impossible,CD,100.0,mesure,mesuree
split2,75-03,75,Paris,72159,48,47.4,34.4,18.5,39.0,7.6,9.7,6.0,0.0,3.3,0.369,29.9,1,2.6,CD,2,jouable,G,100.0,mesure,mesuree
split2,75-04,75,Paris,73204,48,15.4,60.7,23.8,39.3,7.6,9.7,6.0,0.0,3.3,0.369,9.7,0,,CD,5,quasi impossible,CD,100.0,mesure,mesuree
split2,75-05,75,Paris,57005,39,60.4,23.2,16.9,37.5,7.6,9.7,6.0,0.0,3.3,0.369,38.1,1,32.1,CD,1,victoire facile,G,100.0,mesure,mesuree
split2,75-06,75,Paris,81237,48,63.9,19.4,17.0,38.3,7.6,9.7,6.0,0.0,3.3,0.369,40.3,1,39.4,CD,1,victoire facile,G,100.0,mesure,mesuree
split2,75-07,75,Paris,61637,38,55.5,28.1,17.3,35.3,7.6,9.7,6.0,0.0,3.3,0.369,35.0,1,22.2,CD,1,victoire facile,G,100.0,mesure,mesuree
split2,75-08,75,Paris,85297,59,50.8,28.7,20.5,39.2,7.6,9.7,6.0,0.1,3.3,0.369,32.0,1,10.7,CD,1,victoire facile,G,100.0,mesure,mesuree
split2,75-09,75,Paris,69990,45,53.6,25.4,20.8,40.3,7.6,9.7,6.0,0.3,3.3,0.369,33.8,1,16.4,CD,1,victoire facile,G,100.0,mesure,mesuree
split2,75-10,75,Paris,69062,44,52.0,26.9,20.7,40.2,7.6,9.7,6.0,0.3,3.3,0.369,32.8,1,13.5,CD,1,victoire facile,G,100.0,mesure,mesuree
split2,75-11,75,Paris,72872,51,43.0,37.6,19.8,34.8,7.6,9.7,6.0,0.0,3.3,0.369,27.1,1,-5.0,CD,3,disputé,G,100.0,mesure,mesuree
split2,75-12,75,Paris,75515,50,26.4,50.3,23.1,35.9,7.6,9.7,6.0,0.0,3.3,0.369,16.7,0,,CD,5,quasi impossible,CD,100.0,mesure,mesuree
split2,75-13,75,Paris,77751,51,36.1,40.7,23.0,38.9,7.6,9.7,6.0,0.1,3.3,0.369,22.8,1,-15.3,CD,4,difficile,CD,100.0,mesure,mesuree
split2,75-14,75,Paris,76408,52,11.1,63.5,25.5,38.8,7.6,9.7,6.0,0.0,3.3,0.369,7.0,0,,CD,5,quasi impossible,CD,100.0,mesure,mesuree
split2,75-15,75,Paris,79598,51,67.7,14.3,18.5,41.4,7.6,9.7,6.0,0.0,3.3,0.369,42.7,1,52.0,ED,1,victoire facile,G,100.0,mesure,mesuree
split2,75-16,75,Paris,76417,49,66.3,15.4,18.4,44.1,7.6,9.7,6.0,0.0,3.3,0.369,41.8,1,51.0,ED,1,victoire facile,G,100.0,mesure,mesuree
split2,75-17,75,Paris,63138,38,66.9,13.8,18.6,47.2,7.6,9.7,6.0,0.6,3.3,0.369,42.2,1,51.1,ED,1,victoire facile,G,100.0,mesure,mesuree
split2,75-18,75,Paris,70320,44,52.5,30.4,17.0,37.6,7.6,9.7,6.0,0.0,3.3,0.369,33.2,1,11.7,CD,1,victoire facile,G,100.0,mesure,mesuree
split2,76-01,76,Rouen,66601,72,46.7,26.1,27.2,44.7,7.6,9.7,6.0,0.0,3.3,0.343,30.7,1,24.2,ED,1,victoire facile,G,100.0,mesure,mesuree
split2,76-02,76,Bois-Guillaume,95776,145,22.5,35.8,40.9,41.6,7.6,9.7,6.0,0.9,3.3,0.301,15.7,0,,ED,5,quasi impossible,CD,100.0,mesure,mesuree
split2,76-03,76,Sotteville-Lès-Rouen,69807,79,52.1,12.1,35.8,52.6,7.6,9.7,6.0,0.0,3.3,0.481,27.1,1,11.7,ED,2,jouable,G,100.0,mesure,mesuree
split2,76-04,76,Le Grand-Quevilly,85523,108,37.4,15.9,47.0,52.1,7.6,9.7,6.0,0.0,3.3,0.445,20.8,1,-11.1,ED,4,difficile,ED,100.0,mesure,mesuree
split2,76-05,76,Barentin,94874,128,32.3,19.1,49.3,48.1,7.6,9.7,6.0,0.0,3.3,0.296,22.7,1,-15.8,ED,4,difficile,ED,100.0,mesure,mesuree
split2,76-06,76,Dieppe,109261,222,34.9,15.0,50.6,47.1,7.6,9.7,6.0,0.0,3.3,0.264,25.7,1,-15.2,ED,4,difficile,ED,100.0,mesure,mesuree
split2,76-07,76,Le Havre,83825,91,30.5,33.0,35.5,47.7,7.6,9.7,6.0,1.1,3.3,0.284,21.8,0,,ED,5,quasi impossible,CD,100.0,mesure,mesuree
split2,76-08,76,Le Havre,66184,75,45.3,16.1,38.4,56.8,7.6,9.7,6.0,0.1,3.3,0.336,30.1,1,5.8,ED,2,jouable,G,100.0,mesure,mesuree
split2,76-09,76,Fécamp,94910,165,18.5,30.1,51.8,46.8,7.6,9.7,6.0,0.0,3.3,0.282,13.3,0,,ED,5,quasi impossible,ED,100.0,mesure,mesuree
split2,76-10,76,Yvetot,108932,256,16.5,30.9,51.2,44.5,7.6,9.7,6.0,1.3,3.3,0.277,12.0,0,,ED,5,quasi impossible,ED,100.0,mesure,mesuree
split2,77-01,77,Melun,71339,76,33.1,25.8,39.8,52.5,7.6,9.7,6.0,1.4,3.3,0.525,17.4,0,,ED,5,quasi impossible,CD,100.0,mesure,mesuree
split2,77-02,77,Fontainebleau,80444,113,26.6,30.5,42.0,45.4,7.6,9.7,6.0,1.1,3.3,0.351,17.2,0,,ED,5,quasi impossible,CD,100.0,mesure,mesuree
split2,77-03,77,Montereau-Fault-Yonne,76326,102,28.0,27.5,43.3,49.6,7.6,9.7,6.0,1.3,3.3,0.446,15.5,0,,ED,5,quasi impossible,ED,100.0,mesure,mesuree
split2,77-04,77,Provins,88697,173,19.0,27.0,53.0,49.4,7.6,9.7,6.0,1.0,3.3,0.43,10.8,0,,ED,5,quasi impossible,ED,100.0,mesure,mesuree
split2,77-05,77,Coulommiers,88987,103,24.7,27.8,46.2,51.1,7.6,9.7,6.0,1.3,3.3,0.447,13.6,0,,ED,5,quasi impossible,ED,100.0,mesure,mesuree
split2,77-06,77,Meaux,82904,99,30.0,22.6,46.5,54.2,7.6,9.7,6.0,1.0,3.3,0.574,17.2,0,,ED,5,quasi impossible,ED,100.0,mesure,mesuree
split2,77-07,77,Villeparisis,89223,100,32.0,23.3,43.5,52.7,7.6,9.7,6.0,1.4,3.3,0.589,18.8,0,,ED,5,quasi impossible,ED,100.0,mesure,mesuree
split2,77-08,77,Bussy-Saint-Georges,94910,93,35.9,27.6,35.6,51.6,7.6,9.7,6.0,1.1,3.3,0.511,18.3,0,,ED,5,quasi impossible,CD,100.0,mesure,mesuree
split2,77-09,77,Pontault-Combault,87735,97,30.8,24.8,42.7,52.1,7.6,9.7,6.0,1.8,3.3,0.467,16.4,0,,ED,5,quasi impossible,ED,100.0,mesure,mesuree
split2,77-10,77,Chelles,79389,77,41.9,25.9,30.6,52.9,7.6,9.7,6.0,1.8,3.3,0.6,25.1,0,,ED,5,quasi impossible,CD,100.0,mesure,mesuree
split2,77-11,77,Savigny-Le-Temple,65734,61,52.5,10.5,36.7,56.0,7.6,9.7,6.0,0.7,3.3,0.595,31.2,1,12.0,ED,2,jouable,G,100.0,mesure,mesuree
split2,78-01,78,Versailles,83470,62,26.4,43.9,30.3,39.9,7.6,9.7,6.0,0.0,3.3,0.472,13.9,0,,CD,5,quasi impossible,CD,100.0,mesure,mesuree
split2,78-02,78,Versailles,85852,83,25.3,44.5,31.0,37.1,7.6,9.7,6.0,0.0,3.3,0.308,17.5,0,,CD,5,quasi impossible,CD,100.0,mesure,mesuree
split2,78-03,78,Le Chesnay-Rocquencourt,83521,84,21.6,46.5,32.6,40.0,7.6,9.7,6.0,0.0,3.3,0.354,13.9,0,,CD,5,quasi impossible,CD,100.0,mesure,mesuree
split2,78-04,78,Houilles,79688,67,25.8,46.0,28.7,39.9,7.6,9.7,6.0,0.0,3.3,0.361,16.5,0,,CD,5,quasi impossible,CD,100.0,mesure,mesuree
split2,78-05,78,Sartrouville,76766,72,26.4,54.3,19.1,40.9,7.6,9.7,6.0,0.6,3.3,0.431,15.1,0,,CD,5,quasi impossible,CD,100.0,mesure,mesuree
split2,78-06,78,Saint-Germain-En-Laye,76446,81,28.3,42.2,29.1,44.1,7.6,9.7,6.0,0.7,3.3,0.427,16.2,0,,CD,5,quasi impossible,CD,100.0,mesure,mesuree
split2,78-07,78,Conflans-Sainte-Honorine,81613,86,33.0,32.8,33.1,47.1,7.6,9.7,6.0,1.4,3.3,0.438,18.5,0,,ED,5,quasi impossible,CD,100.0,mesure,mesuree
split2,78-08,78,Mantes-La-Jolie,75347,84,41.5,17.8,37.6,55.3,7.6,9.7,6.0,3.5,3.3,0.714,29.6,1,4.2,ED,2,jouable,G,100.0,mesure,mesuree
split2,78-09,78,Les Mureaux,91899,124,29.4,27.0,41.8,48.8,7.6,9.7,6.0,1.9,3.3,0.498,14.8,0,,ED,5,quasi impossible,ED,100.0,mesure,mesuree
split2,78-10,78,Rambouillet,91685,105,25.6,38.6,35.9,40.2,7.6,9.7,6.0,0.1,3.3,0.346,16.8,0,,CD,5,quasi impossible,CD,100.0,mesure,mesuree
split2,78-11,78,Elancourt,70630,73,42.1,27.0,29.4,47.5,7.6,9.7,6.0,1.7,3.3,0.578,24.3,1,17.2,ED,2,jouable,G,100.0,mesure,mesuree
split2,78-12,78,Poissy,70613,85,31.4,35.9,32.6,43.6,7.6,9.7,6.0,0.3,3.3,0.445,17.4,0,,CD,5,quasi impossible,CD,100.0,mesure,mesuree
split2,79-01,79,Niort,91748,129,30.2,36.4,32.4,43.8,7.6,9.7,6.0,0.7,3.3,0.288,21.5,0,,CD,5,quasi impossible,CD,100.0,mesure,mesuree
split2,79-02,79,Parthenay,98054,196,38.4,20.0,40.7,45.4,7.6,9.7,6.0,0.7,3.3,0.284,27.5,1,-1.3,ED,3,disputé,ED,100.0,mesure,mesuree
split2,79-03,79,Bressuire,85314,145,16.7,41.2,40.6,46.6,7.6,9.7,6.0,1.4,3.3,0.275,12.1,0,,CD,5,quasi impossible,CD,100.0,mesure,mesuree
split2,80-01,80,Amiens,83104,128,36.6,19.6,43.7,50.4,7.6,9.7,6.0,0.0,3.3,0.387,22.4,1,-7.1,ED,3,disputé,ED,100.0,mesure,mesuree
split2,80-02,80,Amiens,76061,87,30.1,35.8,34.5,47.2,7.6,9.7,6.0,0.0,3.3,0.36,19.3,0,,CD,5,quasi impossible,CD,100.0,mesure,mesuree
split2,80-03,80,Friville-Escarbotin,81800,229,12.8,33.8,53.2,44.4,7.6,9.7,6.0,0.1,3.3,0.288,9.1,0,,ED,5,quasi impossible,ED,100.0,mesure,mesuree
split2,80-04,80,Corbie,85080,261,15.3,30.7,53.7,46.0,7.6,9.7,6.0,0.1,3.3,0.328,10.3,0,,ED,5,quasi impossible,ED,100.0,mesure,mesuree
split2,80-05,80,Albert,81191,270,13.5,28.3,58.3,48.4,7.6,9.7,6.0,0.0,3.3,0.346,8.8,0,,ED,5,quasi impossible,ED,100.0,mesure,mesuree
split2,81-01,81,Albi,85344,132,28.2,27.6,43.6,42.6,7.6,9.7,6.0,0.6,3.3,0.295,19.9,0,,ED,5,quasi impossible,ED,100.0,mesure,mesuree
split2,81-02,81,Albi,110310,194,31.1,21.6,45.0,41.8,7.6,9.7,6.0,2.4,3.3,0.354,20.1,0,,ED,5,quasi impossible,ED,100.0,mesure,mesuree
split2,81-03,81,Castres,104780,165,25.3,27.3,46.2,42.0,7.6,9.7,6.0,1.1,3.3,0.321,17.2,0,,ED,5,quasi impossible,ED,100.0,mesure,mesuree
split2,82-01,82,Montauban,93424,126,37.9,14.0,46.8,44.6,7.6,9.7,6.0,1.3,3.3,0.34,25.0,1,-9.6,ED,4,difficile,ED,100.0,mesure,mesuree
split2,82-02,82,Castelsarrasin,96517,168,33.1,11.9,54.3,45.5,7.6,9.7,6.0,0.7,3.3,0.323,22.4,1,-21.8,ED,4,difficile,ED,100.0,mesure,mesuree
split2,83-01,83,Toulon,71099,89,20.3,27.8,51.0,50.3,7.6,9.7,6.0,1.1,3.3,0.369,12.8,0,,ED,5,quasi impossible,ED,100.0,mesure,mesuree
split2,83-02,83,Toulon,92819,104,19.8,21.5,56.8,50.9,7.6,9.7,6.0,2.0,3.3,0.337,13.1,0,,ED,5,quasi impossible,ED,100.0,mesure,mesuree
split2,83-03,83,Hyères,103272,121,17.4,27.8,53.0,47.0,7.6,9.7,6.0,2.0,3.3,0.33,11.7,0,,ED,5,quasi impossible,ED,100.0,mesure,mesuree
split2,83-04,83,Sainte-Maxime,108501,120,12.4,23.0,63.3,50.7,7.6,9.7,6.0,1.4,3.3,0.358,7.9,0,,ED,5,quasi impossible,ED,100.0,mesure,mesuree
split2,83-05,83,Fréjus,97222,105,11.1,25.9,61.6,50.5,7.6,9.7,6.0,1.7,3.3,0.379,6.9,0,,ED,5,quasi impossible,ED,100.0,mesure,mesuree
split2,83-06,83,Saint-Maximin-La-Sainte-Baume,125513,139,16.1,22.4,59.4,49.0,7.6,9.7,6.0,2.2,3.3,0.332,10.8,0,,ED,5,quasi impossible,ED,100.0,mesure,mesuree
split2,83-07,83,La Seyne-Sur-Mer,102865,112,17.0,26.7,55.1,50.8,7.6,9.7,6.0,1.6,3.3,0.359,10.9,0,,ED,5,quasi impossible,ED,100.0,mesure,mesuree
split2,83-08,83,Draguignan,109475,134,17.6,22.1,57.9,49.0,7.6,9.7,6.0,2.4,3.3,0.33,11.8,0,,ED,5,quasi impossible,ED,100.0,mesure,mesuree
split2,84-01,84,Avignon,74020,91,37.9,15.8,45.4,55.1,7.6,9.7,6.0,1.1,3.3,0.556,21.1,1,-9.0,ED,4,difficile,ED,100.0,mesure,mesuree
split2,84-02,84,Cavaillon,85625,101,22.4,23.5,53.4,47.6,7.6,9.7,6.0,0.7,3.3,0.356,14.4,0,,ED,5,quasi impossible,ED,100.0,mesure,mesuree
split2,84-03,84,Sorgues,79341,92,18.5,20.8,60.6,49.8,7.6,9.7,6.0,0.2,3.3,0.41,10.9,0,,ED,5,quasi impossible,ED,100.0,mesure,mesuree
split2,84-04,84,Orange,89795,111,17.7,23.3,58.8,49.0,7.6,9.7,6.0,0.4,3.3,0.392,10.8,0,,ED,5,quasi impossible,ED,100.0,mesure,mesuree
split2,84-05,84,Pertuis,84944,112,23.9,26.4,48.4,46.6,7.6,9.7,6.0,1.3,3.3,0.335,15.9,0,,ED,5,quasi impossible,ED,100.0,mesure,mesuree
split2,85-01,85,Challans,115462,125,23.1,38.1,37.3,46.8,7.6,9.7,6.0,1.3,3.3,0.266,16.9,0,,CD,5,quasi impossible,CD,100.0,mesure,mesuree
split2,85-02,85,La Roche-Sur-Yon,113458,131,22.3,35.9,40.7,44.6,7.6,9.7,6.0,1.1,3.3,0.252,16.6,0,,ED,5,quasi impossible,CD,100.0,mesure,mesuree
split2,85-03,85,Les Sables-D'Olonne,131344,127,15.2,41.0,41.6,43.7,7.6,9.7,6.0,2.3,3.3,0.233,11.7,0,,ED,5,quasi impossible,CD,100.0,mesure,mesuree
split2,85-04,85,Montaigu-Vendée,104717,105,17.4,53.0,28.3,44.8,7.6,9.7,6.0,1.0,3.3,0.254,12.9,0,,CD,5,quasi impossible,CD,100.0,mesure,mesuree
split2,85-05,85,Fontenay-Le-Comte,82485,122,17.4,37.7,43.2,45.1,7.6,9.7,6.0,1.7,3.3,0.266,12.7,0,,ED,5,quasi impossible,CD,100.0,mesure,mesuree
split2,86-01,86,Poitiers,81053,100,37.8,26.0,35.0,45.2,7.6,9.7,6.0,0.9,3.3,0.293,26.7,1,8.8,ED,2,jouable,G,100.0,mesure,mesuree
split2,86-02,86,Poitiers,78411,88,37.5,28.8,32.5,41.7,7.6,9.7,6.0,1.0,3.3,0.292,26.5,1,12.0,ED,2,jouable,G,100.0,mesure,mesuree
split2,86-03,86,Chauvigny,72043,134,27.8,26.7,44.7,43.9,7.6,9.7,6.0,0.7,3.3,0.285,19.9,0,,ED,5,quasi impossible,ED,100.0,mesure,mesuree
split2,86-04,86,Châtellerault,73679,132,21.4,29.9,47.9,48.3,7.6,9.7,6.0,0.7,3.3,0.325,14.5,0,,ED,5,quasi impossible,ED,100.0,mesure,mesuree
split2,87-01,87,Limoges,83948,114,35.1,24.7,39.1,43.5,7.6,9.7,6.0,1.0,3.3,0.313,24.1,1,1.6,ED,2,jouable,G,100.0,mesure,mesuree
split2,87-02,87,Limoges,98338,137,36.2,21.6,42.1,41.3,7.6,9.7,6.0,0.0,3.3,0.284,25.9,1,-1.2,ED,3,disputé,ED,100.0,mesure,mesuree
split2,87-03,87,Limoges,81393,127,32.4,25.9,40.5,43.3,7.6,9.7,6.0,1.1,3.3,0.303,22.6,1,-1.8,ED,3,disputé,ED,100.0,mesure,mesuree
split2,88-01,88,Epinal,75984,132,16.0,41.1,41.9,47.7,7.6,9.7,6.0,0.9,3.3,0.338,10.6,0,,ED,5,quasi impossible,CD,100.0,mesure,mesuree
split2,88-02,88,Saint-Dié-Des-Vosges,71896,148,14.0,34.1,52.3,48.0,7.6,9.7,6.0,0.0,3.3,0.312,9.6,0,,ED,5,quasi impossible,ED,100.0,mesure,mesuree
split2,88-03,88,Gérardmer,63350,83,13.2,46.7,38.5,44.3,7.6,9.7,6.0,1.5,3.3,0.293,9.3,0,,CD,5,quasi impossible,CD,100.0,mesure,mesuree
split2,88-04,88,Neufchâteau,64121,290,21.4,29.2,50.3,44.8,7.6,9.7,6.0,0.0,3.3,0.285,15.3,0,,ED,5,quasi impossible,ED,100.0,mesure,mesuree
split2,89-01,89,Auxerre,74973,158,23.1,29.9,46.2,44.6,7.6,9.7,6.0,0.7,3.3,0.346,15.1,0,,ED,5,quasi impossible,ED,100.0,mesure,mesuree
split2,89-02,89,Avallon,72260,255,20.7,26.1,52.0,46.6,7.6,9.7,6.0,1.0,3.3,0.35,13.5,0,,ED,5,quasi impossible,ED,100.0,mesure,mesuree
split2,89-03,89,Sens,89716,161,21.8,21.8,55.9,50.1,7.6,9.7,6.0,0.5,3.3,0.412,12.8,0,,ED,5,quasi impossible,ED,100.0,mesure,mesuree
split2,90-01,90,Belfort,47553,81,20.5,35.8,43.1,46.8,7.6,9.7,6.0,0.5,3.3,0.395,12.4,0,,ED,5,quasi impossible,CD,100.0,mesure,mesuree
split2,90-02,90,Belfort,46433,70,25.9,31.8,42.5,46.0,7.6,9.7,6.0,0.0,3.3,0.376,16.2,0,,ED,5,quasi impossible,CD,100.0,mesure,mesuree
split2,91-01,91,Evry-Courcouronnes,69794,79,47.4,20.3,31.0,56.9,7.6,9.7,6.0,1.5,3.3,0.699,33.2,1,16.5,ED,1,victoire facile,G,100.0,mesure,mesuree
split2,91-02,91,Etampes,92918,124,28.0,25.4,45.8,48.7,7.6,9.7,6.0,0.8,3.3,0.428,16.0,0,,ED,5,quasi impossible,ED,100.0,mesure,mesuree
split2,91-03,91,Brétigny-Sur-Orge,97409,106,33.8,25.9,38.9,45.7,7.6,9.7,6.0,1.5,3.3,0.413,19.8,0,,ED,5,quasi impossible,CD,100.0,mesure,mesuree
split2,91-04,91,Longjumeau,97943,110,29.1,31.8,37.9,44.7,7.6,9.7,6.0,1.4,3.3,0.398,17.5,0,,ED,5,quasi impossible,CD,100.0,mesure,mesuree
split2,91-05,91,Gif-Sur-Yvette,68066,71,40.2,35.9,24.7,38.2,7.6,9.7,6.0,0.0,3.3,0.377,25.1,1,-7.3,CD,3,disputé,G,100.0,mesure,mesuree
split2,91-06,91,Massy,81352,86,52.8,16.9,29.7,47.3,7.6,9.7,6.0,0.8,3.3,0.475,27.7,1,26.5,ED,2,jouable,G,100.0,mesure,mesuree
split2,91-07,91,Savigny-Sur-Orge,74148,72,39.6,26.5,32.5,51.1,7.6,9.7,6.0,1.6,3.3,0.577,22.9,0,,ED,5,quasi impossible,CD,100.0,mesure,mesuree
split2,91-08,91,Yerres,76565,86,33.1,22.8,43.4,49.9,7.6,9.7,6.0,1.1,3.3,0.492,16.8,0,,ED,5,quasi impossible,ED,100.0,mesure,mesuree
split2,91-09,91,Draveil,79787,90,37.2,24.8,35.5,49.8,7.6,9.7,6.0,2.8,3.3,0.54,20.1,0,,ED,5,quasi impossible,CD,100.0,mesure,mesuree
split2,91-10,91,Sainte-Geneviève-Des-Bois,62824,66,45.8,19.9,33.1,54.4,7.6,9.7,6.0,1.4,3.3,0.593,27.2,1,11.5,ED,2,jouable,G,100.0,mesure,mesuree
split2,92-01,92,Colombes,66736,66,64.0,11.9,23.7,57.2,7.6,9.7,6.0,0.9,3.3,0.836,53.5,1,39.8,ED,1,victoire facile,G,100.0,mesure,mesuree
split2,92-02,92,Asnières-Sur-Seine,68943,65,37.6,41.5,21.3,39.8,7.6,9.7,6.0,0.0,3.3,0.496,19.0,0,,CD,5,quasi impossible,CD,100.0,mesure,mesuree
split2,92-03,92,Courbevoie,83095,81,27.4,49.8,22.7,39.4,7.6,9.7,6.0,0.1,3.3,0.398,16.5,0,,CD,5,quasi impossible,CD,100.0,mesure,mesuree
split2,92-04,92,Nanterre,80390,82,51.3,22.7,25.8,49.0,7.6,9.7,6.0,0.4,3.3,0.611,31.4,1,24.5,ED,1,victoire facile,G,100.0,mesure,mesuree
split2,92-05,92,Levallois-Perret,77069,77,35.9,41.3,22.8,43.5,7.6,9.7,6.0,0.2,3.3,0.505,18.1,0,,CD,5,quasi impossible,CD,100.0,mesure,mesuree
split2,92-06,92,Neuilly-Sur-Seine,76447,81,16.8,56.3,27.8,38.0,7.6,9.7,6.0,0.0,3.3,0.424,9.7,0,,CD,5,quasi impossible,CD,100.0,mesure,mesuree
split2,92-07,92,Rueil-Malmaison,88339,90,22.5,50.3,27.0,38.8,7.6,9.7,6.0,0.7,3.3,0.36,14.4,0,,CD,5,quasi impossible,CD,100.0,mesure,mesuree
split2,92-08,92,Meudon,69015,73,31.1,45.1,24.6,37.0,7.6,9.7,6.0,0.0,3.3,0.321,21.1,1,-24.2,CD,4,difficile,CD,100.0,mesure,mesuree
split2,92-09,92,Boulogne-Billancourt,63463,61,19.6,58.0,23.1,37.0,7.6,9.7,6.0,0.0,3.3,0.369,12.3,0,,CD,5,quasi impossible,CD,100.0,mesure,mesuree
split2,92-10,92,Issy-Les-Moulineaux,78246,83,35.0,41.4,24.3,38.7,7.6,9.7,6.0,0.0,3.3,0.372,22.0,1,-17.3,CD,4,difficile,CD,100.0,mesure,mesuree
split2,92-11,92,Montrouge,71659,76,51.7,24.3,24.1,43.6,7.6,9.7,6.0,0.0,3.3,0.478,27.0,1,20.2,CD,1,victoire facile,G,100.0,mesure,mesuree
split2,92-12,92,Clamart,93165,101,37.9,35.9,26.0,40.6,7.6,9.7,6.0,0.4,3.3,0.403,22.6,1,-10.1,CD,4,difficile,CD,100.0,mesure,mesuree
split2,92-13,92,Antony,88374,91,35.2,41.8,24.1,38.3,7.6,9.7,6.0,0.0,3.3,0.402,21.0,1,-17.9,CD,4,difficile,CD,100.0,mesure,mesuree
split2,93-01,93,Epinay-Sur-Seine,64571,67,68.6,9.4,21.5,57.4,7.6,9.7,6.0,0.7,3.3,0.683,46.9,1,49.0,ED,1,victoire facile,G,100.0,mesure,mesuree
split2,93-02,93,Saint-Denis,59304,59,76.4,1.2,21.6,63.3,7.6,9.7,6.0,1.3,3.3,0.849,64.9,1,51.9,ED,1,victoire facile,G,100.0,mesure,mesuree
split2,93-03,93,Noisy-Le-Grand,76122,80,41.8,27.1,28.3,50.3,7.6,9.7,6.0,3.0,3.3,0.564,23.6,0,,ED,5,quasi impossible,CD,100.0,mesure,mesuree
split2,93-04,93,Le Blanc-Mesnil,67437,65,65.8,4.6,25.0,64.1,7.6,9.7,6.0,5.1,3.3,0.877,57.7,1,39.4,ED,1,victoire facile,G,100.0,mesure,mesuree
split2,93-05,93,Drancy,65908,66,51.5,21.9,24.5,60.3,7.6,9.7,6.0,2.6,3.3,0.827,42.6,1,28.8,ED,1,victoire facile,G,100.0,mesure,mesuree
split2,93-06,93,Aubervilliers,58257,47,70.8,6.2,20.9,57.1,7.6,9.7,6.0,2.4,3.3,0.662,46.9,1,51.2,ED,1,victoire facile,G,100.0,mesure,mesuree
split2,93-07,93,Montreuil,82459,75,77.2,3.1,19.7,50.4,7.6,9.7,6.0,0.1,3.3,0.568,43.8,1,58.2,ED,1,victoire facile,G,100.0,mesure,mesuree
split2,93-08,93,Rosny-Sous-Bois,60435,65,46.9,19.7,32.4,52.8,7.6,9.7,6.0,1.3,3.3,0.619,29.0,1,13.4,ED,2,jouable,G,100.0,mesure,mesuree
split2,93-09,93,Noisy-Le-Sec,72519,73,64.4,11.2,24.1,53.7,7.6,9.7,6.0,0.7,3.3,0.595,38.3,1,42.5,ED,1,victoire facile,G,100.0,mesure,mesuree
split2,93-10,93,Aulnay-Sous-Bois,67983,81,49.2,22.4,26.8,58.2,7.6,9.7,6.0,2.1,3.3,0.788,38.8,1,23.9,ED,1,victoire facile,G,100.0,mesure,mesuree
split2,93-11,93,Sevran,64617,73,63.4,8.0,27.5,62.7,7.6,9.7,6.0,1.7,3.3,0.852,54.1,1,34.9,ED,1,victoire facile,G,100.0,mesure,mesuree
split2,93-12,93,Livry-Gargan,65314,70,40.4,22.8,33.6,57.3,7.6,9.7,6.0,3.7,3.3,0.723,29.2,1,8.2,ED,2,jouable,G,100.0,mesure,mesuree
split2,94-01,94,Saint-Maur-Des-Fossés,82182,76,34.1,39.1,27.5,42.8,7.6,9.7,6.0,0.0,3.3,0.396,20.6,0,,CD,5,quasi impossible,CD,100.0,mesure,mesuree
split2,94-02,94,Créteil,60632,67,55.8,16.6,27.2,54.4,7.6,9.7,6.0,0.8,3.3,0.719,40.1,1,27.5,ED,1,victoire facile,G,100.0,mesure,mesuree
split2,94-03,94,Limeil-Brévannes,74372,80,39.9,24.9,33.6,53.5,7.6,9.7,6.0,1.9,3.3,0.667,26.6,1,7.5,ED,2,jouable,G,100.0,mesure,mesuree
split2,94-04,94,Sucy-En-Brie,72020,78,31.9,32.9,34.2,47.5,7.6,9.7,6.0,1.3,3.3,0.509,16.2,0,,ED,5,quasi impossible,CD,100.0,mesure,mesuree
split2,94-05,94,Champigny-Sur-Marne,85636,85,37.1,34.4,27.7,46.9,7.6,9.7,6.0,1.1,3.3,0.376,23.2,0,,CD,5,quasi impossible,CD,100.0,mesure,mesuree
split2,94-06,94,Fontenay-Sous-Bois,82431,80,42.6,33.8,24.0,39.6,7.6,9.7,6.0,0.0,3.3,0.374,26.7,1,-2.8,CD,3,disputé,G,100.0,mesure,mesuree
split2,94-07,94,L'Haÿ-Les-Roses,65684,61,41.9,29.2,27.2,49.2,7.6,9.7,6.0,2.0,3.3,0.555,23.3,0,,CD,5,quasi impossible,CD,100.0,mesure,mesuree
split2,94-08,94,Maisons-Alfort,74524,78,34.4,41.5,23.8,40.3,7.6,9.7,6.0,0.4,3.3,0.43,19.6,0,,CD,5,quasi impossible,CD,100.0,mesure,mesuree
split2,94-09,94,Vitry-Sur-Seine,54445,59,60.2,11.6,27.2,53.9,7.6,9.7,6.0,1.3,3.3,0.53,31.9,1,35.3,ED,1,victoire facile,G,100.0,mesure,mesuree
split2,94-10,94,Ivry-Sur-Seine,64451,73,63.2,11.8,25.3,51.0,7.6,9.7,6.0,0.0,3.3,0.608,38.5,1,33.3,ED,1,victoire facile,G,100.0,mesure,mesuree
split2,94-11,94,Villejuif,66060,68,58.1,18.1,24.1,48.8,7.6,9.7,6.0,0.0,3.3,0.54,31.4,1,37.6,ED,1,victoire facile,G,100.0,mesure,mesuree
split2,95-01,95,Pontoise,82785,132,31.7,26.3,40.9,46.9,7.6,9.7,6.0,1.2,3.3,0.479,16.5,0,,ED,5,quasi impossible,ED,100.0,mesure,mesuree
split2,95-02,95,Saint-Ouen-L'Aumône,78709,80,33.8,27.0,37.4,49.0,7.6,9.7,6.0,1.9,3.3,0.481,17.6,0,,ED,5,quasi impossible,CD,100.0,mesure,mesuree
split2,95-03,95,Herblay-Sur-Seine,94424,104,35.8,27.6,35.5,48.9,7.6,9.7,6.0,1.3,3.3,0.545,19.5,0,,ED,5,quasi impossible,CD,100.0,mesure,mesuree
split2,95-04,95,Franconville,76262,75,38.1,28.8,33.2,47.7,7.6,9.7,6.0,0.2,3.3,0.519,19.8,0,,ED,5,quasi impossible,CD,100.0,mesure,mesuree
split2,95-05,95,Argenteuil,70843,67,55.0,16.8,25.2,57.7,7.6,9.7,6.0,3.4,3.3,0.807,44.4,1,30.1,ED,1,victoire facile,G,100.0,mesure,mesuree
split2,95-06,95,Sannois,75753,75,38.0,30.6,30.8,49.3,7.6,9.7,6.0,0.9,3.3,0.61,23.2,0,,ED,5,quasi impossible,CD,100.0,mesure,mesuree
split2,95-07,95,Montmorency,68539,70,38.8,25.4,35.6,52.3,7.6,9.7,6.0,0.6,3.3,0.525,20.4,0,,ED,5,quasi impossible,CD,100.0,mesure,mesuree
split2,95-08,95,Garges-Lès-Gonesse,51214,53,54.4,16.2,28.1,63.4,7.6,9.7,6.0,2.2,3.3,0.905,49.3,1,28.1,ED,1,victoire facile,G,100.0,mesure,mesuree
split2,95-09,95,Goussainville,69303,86,39.9,20.8,38.3,57.9,7.6,9.7,6.0,1.4,3.3,0.733,29.2,1,2.7,ED,2,jouable,G,100.0,mesure,mesuree
split2,95-10,95,Cergy,62461,68,46.4,23.2,29.8,52.1,7.6,9.7,6.0,0.8,3.3,0.548,25.4,1,15.3,ED,2,jouable,G,100.0,mesure,mesuree
split2,ZA-01,ZA,Les Abymes,75757,105,88.7,0.0,16.8,73.4,7.6,9.7,6.0,8.3,3.3,0.47,47.0,1,71.9,ED,1,victoire facile,G,100.0,mesure,mesuree
split2,ZA-02,ZA,Le Gosier,88708,115,51.7,11.4,20.1,70.9,7.6,9.7,6.0,16.8,3.3,0.448,28.5,1,33.9,ED,1,victoire facile,G,100.0,mesure,mesuree
split2,ZA-03,ZA,Baie-Mahault,85766,103,61.5,0.0,31.4,72.2,7.6,9.7,6.0,9.4,3.3,0.466,32.8,1,22.0,ED,1,victoire facile,G,100.0,mesure,mesuree
split2,ZA-04,ZA,Capesterre-Belle-Eau,68730,96,60.2,11.6,15.8,71.3,7.6,9.7,6.0,12.3,3.3,0.388,36.8,1,46.7,ED,1,victoire facile,G,100.0,mesure,mesuree
split2,ZB-01,ZB,Le Lamentin,80328,85,89.1,0.0,16.2,77.1,7.6,9.7,6.0,7.3,3.3,0.49,45.4,1,72.8,ED,1,victoire facile,G,100.0,mesure,mesuree
split2,ZB-02,ZB,Sainte-Marie,79675,101,70.3,7.4,17.0,72.6,7.6,9.7,6.0,5.3,3.3,0.461,37.9,1,54.7,ED,1,victoire facile,G,100.0,mesure,mesuree
split2,ZB-03,ZB,Fort-De-France,60258,61,78.7,0.0,15.3,75.6,7.6,9.7,6.0,14.4,3.3,0.483,40.7,1,63.4,ED,1,victoire facile,G,100.0,mesure,mesuree
split2,ZB-04,ZB,Ducos,84422,86,47.0,6.6,11.6,71.0,7.6,9.7,6.0,34.6,3.3,0.512,24.1,1,6.0,AU,2,jouable,AU,100.0,mesure,mesuree
split2,ZC-01,ZC,Cayenne,55455,74,47.7,16.6,11.5,69.1,7.6,9.7,6.0,23.9,3.3,0.512,24.4,1,17.3,AU,1,victoire facile,G,100.0,mesure,mesuree
split2,ZC-02,ZC,Saint-Laurent-Du-Maroni,47194,60,47.2,27.7,8.1,74.6,7.6,9.7,6.0,16.9,3.3,0.516,24.4,1,10.6,CD,2,jouable,G,100.0,mesure,mesuree
split2,ZD-01,ZD,Saint-Denis,88547,106,50.0,14.2,31.7,66.4,7.6,9.7,6.0,4.1,3.3,0.369,31.5,1,15.9,ED,2,jouable,G,100.0,mesure,mesuree
split2,ZD-02,ZD,Saint-Paul,101743,142,53.0,7.1,21.9,67.4,7.6,9.7,6.0,17.9,3.3,0.687,36.4,1,27.9,ED,1,victoire facile,G,100.0,mesure,mesuree
split2,ZD-03,ZD,Le Tampon,98835,129,29.9,31.1,34.0,64.5,7.6,9.7,6.0,5.0,3.3,0.603,18.0,0,,ED,5,quasi impossible,CD,100.0,mesure,mesuree
split2,ZD-04,ZD,Saint-Pierre,111483,160,42.8,23.2,28.4,60.6,7.6,9.7,6.0,5.4,3.3,0.695,29.7,1,15.4,ED,1,victoire facile,G,100.0,mesure,mesuree
split2,ZD-05,ZD,Saint-Benoît,90636,118,54.8,10.5,28.4,68.6,7.6,9.7,6.0,6.2,3.3,0.631,34.6,1,22.8,ED,1,victoire facile,G,100.0,mesure,mesuree
split2,ZD-06,ZD,Sainte-Marie,84755,111,59.1,9.1,27.8,67.6,7.6,9.7,6.0,4.0,3.3,0.508,30.0,1,33.2,ED,1,victoire facile,G,100.0,mesure,mesuree
split2,ZD-07,ZD,Saint-Paul,121146,164,42.1,25.2,26.0,66.3,7.6,9.7,6.0,6.5,3.3,0.527,22.2,0,,ED,5,quasi impossible,CD,100.0,mesure,mesuree
split2,ZM-01,ZM,Mamoudzou,45660,76,3.5,67.7,8.9,54.2,7.6,9.7,6.0,19.8,3.3,0.663,2.3,0,,CD,5,quasi impossible,CD,100.0,mesure,mesuree
split2,ZM-02,ZM,Sada,52449,107,0.0,66.5,28.0,53.2,7.6,9.7,6.0,6.9,3.3,0.625,0.0,0,,CD,5,quasi impossible,CD,100.0,mesure,mesuree
split2,ZN-01,ZN,Nouméa,97070,107,18.5,51.2,14.7,57.4,7.6,9.7,6.0,15.6,3.3,0.293,13.1,0,,CD,5,quasi impossible,CD,100.0,mesure,mesuree
split2,ZN-02,ZN,Dumbéa,121185,181,26.2,44.3,11.5,54.2,7.6,9.7,6.0,17.9,3.3,0.425,15.0,0,,CD,5,quasi impossible,CD,100.0,mesure,mesuree
split2,ZP-01,ZP,Papeete,73776,112,21.8,50.8,12.2,54.4,7.6,9.7,6.0,15.1,3.3,0.313,15.0,0,,CD,5,quasi impossible,CD,100.0,mesure,mesuree
split2,ZP-02,ZP,Mahina,65826,73,20.0,48.0,11.7,59.7,7.6,9.7,6.0,20.3,3.3,0.338,13.2,0,,CD,5,quasi impossible,CD,100.0,mesure,mesuree
split2,ZP-03,ZP,Faaa,62717,65,21.2,48.5,8.4,55.3,7.6,9.7,6.0,21.8,3.3,0.299,14.9,0,,CD,5,quasi impossible,CD,100.0,mesure,mesuree
split2,ZS-01,ZS,Saint-Pierre,5069,4,43.9,31.0,15.5,46.1,7.6,9.7,6.0,9.6,3.3,0.347,28.7,1,4.0,CD,2,jouable,G,100.0,mesure,mesuree
split2,ZW-01,ZW,Wallis-Et-Futuna,717,1,6.3,80.4,11.5,22.8,7.6,9.7,6.0,1.6,3.3,0.429,3.6,0,,CD,5,quasi impossible,CD,100.0,mesure,mesuree
split2,ZX-01,ZX,Saint-Martin,25227,24,0.0,72.9,15.2,71.5,7.6,9.7,6.0,15.5,3.3,0.358,0.0,0,,CD,5,quasi impossible,CD,100.0,mesure,mesuree
split2,ZZ-01,ZZ,Montreal,265932,15,29.6,43.7,19.1,72.1,7.6,9.7,6.0,7.6,3.3,0.348,19.3,1,-22.7,CD,4,difficile,CD,100.0,mesure,mesuree
split2,ZZ-02,ZZ,Mexico,81400,25,30.7,39.1,20.4,80.0,7.6,9.7,6.0,9.8,3.3,0.379,19.1,0,,CD,5,quasi impossible,CD,100.0,mesure,mesuree
split2,ZZ-03,ZZ,Londres,160634,11,33.8,42.0,16.1,65.0,7.6,9.7,6.0,8.1,3.3,0.307,23.4,1,-15.9,CD,4,difficile,CD,100.0,mesure,mesuree
split2,ZZ-04,ZZ,Bruxelles,158039,3,33.5,39.9,19.3,63.4,7.6,9.7,6.0,7.3,3.3,0.362,21.4,1,-15.5,CD,4,difficile,CD,100.0,mesure,mesuree
split2,ZZ-05,ZZ,Madrid,115502,6,30.3,36.2,25.1,69.9,7.6,9.7,6.0,8.4,3.3,0.309,20.9,0,,CD,5,quasi impossible,CD,100.0,mesure,mesuree
split2,ZZ-06,ZZ,Geneve,159746,2,26.1,44.1,22.7,70.1,7.6,9.7,6.0,7.1,3.3,0.31,18.0,0,,CD,5,quasi impossible,CD,100.0,mesure,mesuree
split2,ZZ-07,ZZ,Berlin,130824,22,34.2,40.3,16.5,63.5,7.6,9.7,6.0,8.9,3.3,0.319,23.3,1,-14.1,CD,4,difficile,CD,100.0,mesure,mesuree
split2,ZZ-08,ZZ,Tel Aviv,144844,12,9.1,62.4,16.1,81.0,7.6,9.7,6.0,12.4,3.3,0.334,6.1,0,,CD,5,quasi impossible,CD,100.0,mesure,mesuree
split2,ZZ-09,ZZ,Casablanca,130387,18,50.4,22.9,17.8,80.1,7.6,9.7,6.0,9.0,3.3,0.754,38.0,1,18.7,CD,1,victoire facile,G,100.0,mesure,mesuree
split2,ZZ-10,ZZ,Beyrouth,113791,46,24.8,41.5,23.7,74.6,7.6,9.7,6.0,10.0,3.3,0.589,14.6,0,,CD,5,quasi impossible,CD,100.0,mesure,mesuree
split2,ZZ-11,ZZ,Sydney,104526,48,31.2,35.2,25.6,66.7,7.6,9.7,6.0,8.1,3.3,0.322,21.2,0,,CD,5,quasi impossible,CD,100.0,mesure,mesuree
frag,01-01,01,Bourg-En-Bresse,86843,114,21.7,33.7,44.1,45.5,7.6,9.7,6.0,0.3,3.3,0.295,9.2,0,,ED,5,quasi impossible,ED,100.0,mesure,mesuree
frag,01-02,01,Miribel,99770,105,21.6,32.2,46.4,45.4,7.6,9.7,6.0,0.0,3.3,0.363,8.3,0,,ED,5,quasi impossible,ED,100.0,mesure,mesuree
frag,01-03,01,Valserhône,84130,110,24.6,36.9,36.4,50.0,7.6,9.7,6.0,2.0,3.3,0.382,9.4,0,,CD,5,quasi impossible,CD,100.0,mesure,mesuree
frag,01-04,01,Bourg-En-Bresse,94415,116,18.6,31.6,50.1,47.1,7.6,9.7,6.0,0.0,3.3,0.284,8.0,0,,ED,5,quasi impossible,ED,100.0,mesure,mesuree
frag,01-05,01,Oyonnax,77526,138,22.0,33.3,43.6,48.0,7.6,9.7,6.0,1.1,3.3,0.421,9.3,0,,ED,5,quasi impossible,ED,100.0,mesure,mesuree
frag,02-01,02,Laon,72024,224,15.9,25.8,57.3,50.0,7.6,9.7,6.0,0.9,3.3,0.329,6.4,0,,ED,5,quasi impossible,ED,100.0,mesure,mesuree
frag,02-02,02,Saint-Quentin,73165,138,13.3,35.6,50.6,51.1,7.6,9.7,6.0,0.4,3.3,0.379,5.0,0,,ED,5,quasi impossible,ED,100.0,mesure,mesuree
frag,02-03,02,Hirson,65988,203,41.2,0.1,58.5,52.3,7.6,9.7,6.0,0.2,3.3,0.302,17.3,1,-24.0,ED,4,difficile,ED,100.0,mesure,mesuree
frag,02-04,02,Soissons,78549,143,18.0,23.3,58.1,54.4,7.6,9.7,6.0,0.6,3.3,0.395,7.1,0,,ED,5,quasi impossible,ED,100.0,mesure,mesuree
frag,02-05,02,Château-Thierry,82511,263,16.8,25.8,56.8,50.3,7.6,9.7,6.0,0.6,3.3,0.389,6.5,0,,ED,5,quasi impossible,ED,100.0,mesure,mesuree
frag,03-01,03,Moulins,88547,172,31.3,25.0,43.8,44.8,7.6,9.7,6.0,0.0,3.3,0.267,13.8,0,,ED,5,quasi impossible,ED,100.0,mesure,mesuree
frag,03-02,03,Montluçon,79877,145,27.0,31.1,40.7,44.6,7.6,9.7,6.0,1.1,3.3,0.312,11.1,0,,ED,5,quasi impossible,CD,100.0,mesure,mesuree
frag,03-03,03,Vichy,80068,131,19.8,36.8,42.4,44.6,7.6,9.7,6.0,1.0,3.3,0.29,8.4,0,,ED,5,quasi impossible,CD,100.0,mesure,mesuree
frag,04-01,04,Digne-Les-Bains,58004,132,27.9,19.2,51.1,44.0,7.6,9.7,6.0,1.8,3.3,0.335,11.1,0,,ED,5,quasi impossible,ED,100.0,mesure,mesuree
frag,04-02,04,Manosque,62568,131,31.1,21.2,46.1,44.4,7.6,9.7,6.0,1.5,3.3,0.377,11.7,0,,ED,5,quasi impossible,ED,100.0,mesure,mesuree
frag,05-01,05,Gap,59179,110,29.5,26.0,42.9,43.6,7.6,9.7,6.0,1.5,3.3,0.32,12.0,0,,ED,5,quasi impossible,ED,100.0,mesure,mesuree
frag,05-02,05,Briançon,54517,97,32.9,26.0,37.7,41.0,7.6,9.7,6.0,3.1,3.3,0.306,13.7,0,,ED,5,quasi impossible,CD,100.0,mesure,mesuree
frag,06-01,06,Nice,81347,94,27.4,33.7,36.6,50.6,7.6,9.7,6.0,2.5,3.3,0.369,10.4,0,,ED,5,quasi impossible,CD,100.0,mesure,mesuree
frag,06-02,06,Grasse,87215,144,20.3,26.8,51.3,49.0,7.6,9.7,6.0,1.7,3.3,0.331,8.2,0,,ED,5,quasi impossible,ED,100.0,mesure,mesuree
frag,06-03,06,Nice,91724,108,29.7,23.9,45.4,52.1,7.6,9.7,6.0,1.1,3.3,0.464,13.8,0,,ED,5,quasi impossible,ED,100.0,mesure,mesuree
frag,06-04,06,Menton,85660,122,16.8,23.0,58.7,51.1,7.6,9.7,6.0,1.7,3.3,0.374,6.3,0,,ED,5,quasi impossible,ED,100.0,mesure,mesuree
frag,06-05,06,Nice,89884,122,25.6,23.2,47.4,49.7,7.6,9.7,6.0,3.9,3.3,0.287,10.9,0,,ED,5,quasi impossible,ED,100.0,mesure,mesuree
frag,06-06,06,Cagnes-Sur-Mer,80186,94,15.2,30.5,53.7,48.0,7.6,9.7,6.0,0.8,3.3,0.373,5.7,0,,ED,5,quasi impossible,ED,100.0,mesure,mesuree
frag,06-07,06,Antibes,96284,116,17.3,39.8,41.7,46.1,7.6,9.7,6.0,1.4,3.3,0.332,6.9,0,,ED,5,quasi impossible,CD,100.0,mesure,mesuree
frag,06-08,06,Cannes,84414,94,13.0,38.9,46.0,50.8,7.6,9.7,6.0,2.4,3.3,0.471,6.1,0,,ED,5,quasi impossible,ED,100.0,mesure,mesuree
frag,06-09,06,Le Cannet,82386,88,17.1,34.2,46.6,49.1,7.6,9.7,6.0,2.3,3.3,0.375,6.4,0,,ED,5,quasi impossible,ED,100.0,mesure,mesuree
frag,07-01,07,Le Teil,78947,128,38.1,14.9,45.9,45.4,7.6,9.7,6.0,1.0,3.3,0.339,15.1,1,-11.3,ED,4,difficile,ED,100.0,mesure,mesuree
frag,07-02,07,Annonay,97138,136,22.8,34.3,40.4,42.2,7.6,9.7,6.0,2.4,3.3,0.318,9.3,0,,ED,5,quasi impossible,CD,100.0,mesure,mesuree
frag,07-03,07,Aubenas,81022,175,31.3,29.7,37.3,39.5,7.6,9.7,6.0,1.5,3.3,0.346,12.3,0,,ED,5,quasi impossible,CD,100.0,mesure,mesuree
frag,08-01,08,Charleville-Mézières,70664,226,18.2,30.6,50.9,49.4,7.6,9.7,6.0,0.2,3.3,0.298,7.7,0,,ED,5,quasi impossible,ED,100.0,mesure,mesuree
frag,08-02,08,Charleville-Mézières,60281,108,16.0,39.6,43.1,52.1,7.6,9.7,6.0,1.1,3.3,0.375,6.0,0,,ED,5,quasi impossible,CD,100.0,mesure,mesuree
frag,08-03,08,Sedan,54387,223,9.6,43.8,45.6,48.1,7.6,9.7,6.0,0.8,3.3,0.338,3.8,0,,ED,5,quasi impossible,CD,100.0,mesure,mesuree
frag,09-01,09,Foix,57416,211,53.7,0.0,45.2,42.4,7.6,9.7,6.0,1.8,3.3,0.347,21.1,1,-0.6,ED,3,disputé,ED,100.0,mesure,mesuree
frag,09-02,09,Pamiers,62051,165,51.2,1.6,45.4,44.2,7.6,9.7,6.0,1.8,3.3,0.356,19.8,1,-2.7,ED,3,disputé,ED,100.0,mesure,mesuree
frag,10-01,10,Troyes,63973,238,10.5,31.3,57.7,47.4,7.6,9.7,6.0,0.5,3.3,0.315,4.3,0,,ED,5,quasi impossible,ED,100.0,mesure,mesuree
frag,10-02,10,Troyes,73976,182,14.0,36.2,49.3,46.4,7.6,9.7,6.0,0.4,3.3,0.319,5.7,0,,ED,5,quasi impossible,ED,100.0,mesure,mesuree
frag,10-03,10,Troyes,65463,114,23.4,26.8,49.5,50.9,7.6,9.7,6.0,0.3,3.3,0.447,10.5,0,,ED,5,quasi impossible,ED,100.0,mesure,mesuree
frag,11-01,11,Carcassonne,97086,166,28.7,15.3,55.6,46.7,7.6,9.7,6.0,0.5,3.3,0.314,11.8,0,,ED,5,quasi impossible,ED,100.0,mesure,mesuree
frag,11-02,11,Narbonne,90860,99,26.0,20.5,52.5,48.2,7.6,9.7,6.0,1.1,3.3,0.334,10.4,0,,ED,5,quasi impossible,ED,100.0,mesure,mesuree
frag,11-03,11,Castelnaudary,88789,320,33.0,15.0,51.1,41.9,7.6,9.7,6.0,0.9,3.3,0.313,13.6,0,,ED,5,quasi impossible,ED,100.0,mesure,mesuree
frag,12-01,12,Rodez,77598,136,19.9,43.8,35.2,39.9,7.6,9.7,6.0,1.1,3.3,0.278,8.6,0,,CD,5,quasi impossible,CD,100.0,mesure,mesuree
frag,12-02,12,Villefranche-De-Rouergue,68217,132,34.7,27.4,36.1,38.8,7.6,9.7,6.0,1.7,3.3,0.315,14.3,0,,ED,5,quasi impossible,CD,100.0,mesure,mesuree
frag,12-03,12,Millau,72271,158,28.5,32.1,38.6,40.1,7.6,9.7,6.0,0.7,3.3,0.292,12.1,0,,ED,5,quasi impossible,CD,100.0,mesure,mesuree
frag,13-01,13,Marseille,81211,72,26.3,22.3,51.2,53.2,7.6,9.7,6.0,0.4,3.3,0.369,9.9,0,,ED,5,quasi impossible,ED,100.0,mesure,mesuree
frag,13-02,13,Marseille,83554,77,27.5,32.4,40.3,46.6,7.6,9.7,6.0,0.1,3.3,0.369,10.4,0,,ED,5,quasi impossible,CD,100.0,mesure,mesuree
frag,13-03,13,Marseille,73955,67,34.6,13.7,51.6,58.4,7.6,9.7,6.0,0.4,3.3,0.369,13.1,0,,ED,5,quasi impossible,ED,100.0,mesure,mesuree
frag,13-04,13,Marseille,64567,60,66.3,5.5,25.6,56.4,7.6,9.7,6.0,2.8,3.3,0.369,25.1,1,30.3,ED,2,jouable,G,100.0,mesure,mesuree
frag,13-05,13,Marseille,74450,67,46.2,17.7,35.6,49.6,7.6,9.7,6.0,0.7,3.3,0.369,17.5,0,,ED,5,quasi impossible,CD,100.0,mesure,mesuree
frag,13-06,13,Marseille,76852,74,26.0,27.4,46.0,53.2,7.6,9.7,6.0,0.8,3.3,0.369,9.9,0,,ED,5,quasi impossible,ED,100.0,mesure,mesuree
frag,13-07,13,Marseille,67165,64,54.4,3.9,37.4,66.2,7.6,9.7,6.0,4.6,3.3,0.369,20.6,1,8.3,ED,2,jouable,G,100.0,mesure,mesuree
frag,13-08,13,Salon-De-Provence,102899,104,19.8,30.2,49.1,48.5,7.6,9.7,6.0,0.9,3.3,0.404,8.0,0,,ED,5,quasi impossible,ED,100.0,mesure,mesuree
frag,13-09,13,Aubagne,99711,101,23.7,25.6,50.1,49.8,7.6,9.7,6.0,0.8,3.3,0.41,9.7,0,,ED,5,quasi impossible,ED,100.0,mesure,mesuree
frag,13-10,13,Allauch,109874,115,21.7,24.0,54.3,46.6,7.6,9.7,6.0,0.2,3.3,0.357,8.4,0,,ED,5,quasi impossible,ED,100.0,mesure,mesuree
frag,13-11,13,Aix-En-Provence,91371,93,25.9,28.0,45.7,48.1,7.6,9.7,6.0,0.6,3.3,0.365,9.9,0,,ED,5,quasi impossible,ED,100.0,mesure,mesuree
frag,13-12,13,Vitrolles,95365,96,21.5,18.3,60.4,54.3,7.6,9.7,6.0,0.0,3.3,0.466,10.0,0,,ED,5,quasi impossible,ED,100.0,mesure,mesuree
frag,13-13,13,Martigues,93211,95,36.7,8.8,53.5,53.5,7.6,9.7,6.0,1.1,3.3,0.456,16.7,1,-20.6,ED,4,difficile,ED,100.0,mesure,mesuree
frag,13-14,13,Aix-En-Provence,99168,102,29.7,30.8,38.5,45.5,7.6,9.7,6.0,1.0,3.3,0.323,12.1,0,,ED,5,quasi impossible,CD,100.0,mesure,mesuree
frag,13-15,13,Châteaurenard,104600,109,18.7,25.8,55.3,47.0,7.6,9.7,6.0,0.2,3.3,0.34,7.4,0,,ED,5,quasi impossible,ED,100.0,mesure,mesuree
frag,13-16,13,Arles,91684,95,28.5,16.0,56.3,51.9,7.6,9.7,6.0,0.0,3.3,0.505,14.4,0,,ED,5,quasi impossible,ED,100.0,mesure,mesuree
frag,14-01,14,Caen,73296,84,35.8,35.8,28.6,41.5,7.6,9.7,6.0,0.0,3.3,0.294,15.2,0,,CD,5,quasi impossible,CD,100.0,mesure,mesuree
frag,14-02,14,Caen,68236,81,42.7,23.6,33.2,46.5,7.6,9.7,6.0,0.4,3.3,0.376,16.1,0,,ED,5,quasi impossible,CD,100.0,mesure,mesuree
frag,14-03,14,Lisieux,79965,187,18.3,33.8,47.7,47.5,7.6,9.7,6.0,0.1,3.3,0.307,7.6,0,,ED,5,quasi impossible,ED,100.0,mesure,mesuree
frag,14-04,14,Ouistreham,104874,171,18.8,39.0,40.7,44.0,7.6,9.7,6.0,1.5,3.3,0.274,8.2,0,,ED,5,quasi impossible,CD,100.0,mesure,mesuree
frag,14-05,14,Bayeux,91224,188,23.2,36.5,39.8,41.8,7.6,9.7,6.0,0.5,3.3,0.258,10.3,0,,ED,5,quasi impossible,CD,100.0,mesure,mesuree
frag,14-06,14,Vire Normandie,96333,210,22.8,33.6,42.4,44.1,7.6,9.7,6.0,1.0,3.3,0.306,9.5,0,,ED,5,quasi impossible,CD,100.0,mesure,mesuree
frag,15-01,15,Aurillac,62314,117,18.1,46.3,34.1,40.6,7.6,9.7,6.0,1.4,3.3,0.258,8.1,0,,CD,5,quasi impossible,CD,100.0,mesure,mesuree
frag,15-02,15,Saint-Flour,52310,176,11.2,50.7,36.3,40.3,7.6,9.7,6.0,1.8,3.3,0.268,4.9,0,,CD,5,quasi impossible,CD,100.0,mesure,mesuree
frag,16-01,16,Angoulême,84158,101,35.7,26.7,37.4,46.5,7.6,9.7,6.0,0.0,3.3,0.369,13.5,0,,ED,5,quasi impossible,CD,100.0,mesure,mesuree
frag,16-02,16,Cognac,81709,183,21.6,32.2,45.2,45.6,7.6,9.7,6.0,1.0,3.3,0.276,9.4,0,,ED,5,quasi impossible,ED,100.0,mesure,mesuree
frag,16-03,16,Brie,89903,223,29.2,21.8,46.8,43.6,7.6,9.7,6.0,2.1,3.3,0.273,12.8,0,,ED,5,quasi impossible,ED,100.0,mesure,mesuree
frag,17-01,17,La Rochelle,111882,123,69.4,0.0,30.9,46.6,7.6,9.7,6.0,1.0,3.3,0.271,30.3,1,27.6,ED,2,jouable,G,100.0,mesure,mesuree
frag,17-02,17,Rochefort,111788,133,27.0,30.9,41.1,45.4,7.6,9.7,6.0,0.8,3.3,0.272,11.8,0,,ED,5,quasi impossible,CD,100.0,mesure,mesuree
frag,17-03,17,Saintes,83726,178,29.5,24.0,45.4,45.5,7.6,9.7,6.0,1.0,3.3,0.277,12.8,0,,ED,5,quasi impossible,ED,100.0,mesure,mesuree
frag,17-04,17,Royan,94544,200,15.2,33.9,49.3,45.2,7.6,9.7,6.0,1.6,3.3,0.272,6.6,0,,ED,5,quasi impossible,ED,100.0,mesure,mesuree
frag,17-05,17,Tonnay-Charente,117414,145,20.4,29.0,49.1,44.5,7.6,9.7,6.0,1.5,3.3,0.255,9.1,0,,ED,5,quasi impossible,ED,100.0,mesure,mesuree
frag,18-01,18,Bourges,70401,128,22.6,31.7,44.2,46.6,7.6,9.7,6.0,1.4,3.3,0.283,9.7,0,,ED,5,quasi impossible,ED,100.0,mesure,mesuree
frag,18-02,18,Vierzon,67997,104,29.5,23.9,45.2,49.5,7.6,9.7,6.0,1.4,3.3,0.316,12.1,0,,ED,5,quasi impossible,ED,100.0,mesure,mesuree
frag,18-03,18,Bourges,83403,202,16.7,33.1,49.0,46.3,7.6,9.7,6.0,1.2,3.3,0.28,7.2,0,,ED,5,quasi impossible,ED,100.0,mesure,mesuree
frag,19-01,19,Tulle,91442,217,36.0,25.4,36.9,38.1,7.6,9.7,6.0,1.6,3.3,0.281,15.6,0,,ED,5,quasi impossible,CD,100.0,mesure,mesuree
frag,19-02,19,Brive-La-Gaillarde,93265,163,26.3,32.3,40.2,41.9,7.6,9.7,6.0,1.2,3.3,0.292,11.2,0,,ED,5,quasi impossible,CD,100.0,mesure,mesuree
frag,21-01,21,Dijon,70495,82,32.5,35.5,32.1,41.4,7.6,9.7,6.0,0.0,3.3,0.289,13.9,0,,CD,5,quasi impossible,CD,100.0,mesure,mesuree
frag,21-02,21,Dijon,71295,125,28.2,30.1,41.5,45.7,7.6,9.7,6.0,0.0,3.3,0.298,11.9,0,,ED,5,quasi impossible,CD,100.0,mesure,mesuree
frag,21-03,21,Dijon,72426,93,32.1,25.9,42.7,47.7,7.6,9.7,6.0,0.0,3.3,0.421,13.5,0,,ED,5,quasi impossible,ED,100.0,mesure,mesuree
frag,21-04,21,Châtillon-Sur-Seine,67447,359,20.0,34.2,45.6,41.5,7.6,9.7,6.0,0.0,3.3,0.298,8.4,0,,ED,5,quasi impossible,ED,100.0,mesure,mesuree
frag,21-05,21,Beaune,85576,248,17.7,34.1,48.2,44.8,7.6,9.7,6.0,0.0,3.3,0.288,7.6,0,,ED,5,quasi impossible,ED,100.0,mesure,mesuree
frag,22-01,22,Saint-Brieuc,89063,107,34.4,32.4,32.2,41.3,7.6,9.7,6.0,0.9,3.3,0.289,14.7,0,,CD,5,quasi impossible,CD,100.0,mesure,mesuree
frag,22-02,22,Dinan,104517,130,24.2,36.8,37.3,39.0,7.6,9.7,6.0,1.7,3.3,0.268,10.6,0,,ED,5,quasi impossible,CD,100.0,mesure,mesuree
frag,22-03,22,Lamballe-Armor,89421,131,20.4,45.4,32.3,39.8,7.6,9.7,6.0,1.7,3.3,0.275,8.9,0,,CD,5,quasi impossible,CD,100.0,mesure,mesuree
frag,22-04,22,Guingamp,81566,144,35.5,24.4,39.1,40.3,7.6,9.7,6.0,1.0,3.3,0.287,15.2,0,,ED,5,quasi impossible,CD,100.0,mesure,mesuree
frag,22-05,22,Lannion,107217,139,33.0,30.2,35.1,38.0,7.6,9.7,6.0,1.9,3.3,0.264,14.6,0,,ED,5,quasi impossible,CD,100.0,mesure,mesuree
frag,23-01,23,Guéret,89980,279,23.7,36.4,38.0,40.7,7.6,9.7,6.0,2.0,3.3,0.319,9.7,0,,ED,5,quasi impossible,CD,100.0,mesure,mesuree
frag,24-01,24,Périgueux,77426,105,32.0,24.1,43.6,43.3,7.6,9.7,6.0,0.2,3.3,0.299,13.5,0,,ED,5,quasi impossible,ED,100.0,mesure,mesuree
frag,24-02,24,Bergerac,84286,191,29.4,22.2,47.5,43.5,7.6,9.7,6.0,1.0,3.3,0.304,12.3,0,,ED,5,quasi impossible,ED,100.0,mesure,mesuree
frag,24-03,24,Brantôme En Périgord,66947,182,28.3,25.6,45.4,38.6,7.6,9.7,6.0,0.6,3.3,0.308,11.8,0,,ED,5,quasi impossible,ED,100.0,mesure,mesuree
frag,24-04,24,Boulazac Isle Manoire,89941,211,35.1,21.9,41.0,40.0,7.6,9.7,6.0,2.0,3.3,0.296,14.8,0,,ED,5,quasi impossible,ED,100.0,mesure,mesuree
frag,25-01,25,Besançon,75793,134,34.7,28.2,37.7,45.4,7.6,9.7,6.0,0.0,3.3,0.305,14.5,0,,ED,5,quasi impossible,CD,100.0,mesure,mesuree
frag,25-02,25,Besançon,78875,142,32.2,31.2,36.8,42.9,7.6,9.7,6.0,0.0,3.3,0.278,13.9,0,,ED,5,quasi impossible,CD,100.0,mesure,mesuree
frag,25-03,25,Montbéliard,64748,197,19.6,32.5,47.2,47.7,7.6,9.7,6.0,0.7,3.3,0.399,7.8,0,,ED,5,quasi impossible,ED,100.0,mesure,mesuree
frag,25-04,25,Audincourt,65469,94,24.4,23.2,52.4,52.1,7.6,9.7,6.0,0.1,3.3,0.467,11.4,0,,ED,5,quasi impossible,ED,100.0,mesure,mesuree
frag,25-05,25,Pontarlier,83261,188,14.9,47.5,36.2,45.7,7.6,9.7,6.0,1.0,3.3,0.281,6.4,0,,CD,5,quasi impossible,CD,100.0,mesure,mesuree
frag,26-01,26,Valence,73659,81,31.2,31.4,36.9,47.8,7.6,9.7,6.0,0.4,3.3,0.413,12.9,0,,ED,5,quasi impossible,CD,100.0,mesure,mesuree
frag,26-02,26,Montélimar,97115,106,21.7,28.6,49.5,49.2,7.6,9.7,6.0,0.2,3.3,0.383,8.3,0,,ED,5,quasi impossible,ED,100.0,mesure,mesuree
frag,26-03,26,Crest,108753,283,36.4,24.5,38.1,38.6,7.6,9.7,6.0,0.9,3.3,0.342,14.4,0,,ED,5,quasi impossible,CD,100.0,mesure,mesuree
frag,26-04,26,Romans-Sur-Isère,100702,126,26.2,30.2,42.8,45.4,7.6,9.7,6.0,0.6,3.3,0.354,10.1,0,,ED,5,quasi impossible,ED,100.0,mesure,mesuree
frag,27-01,27,Evreux,87391,151,21.2,25.5,52.1,50.1,7.6,9.7,6.0,1.1,3.3,0.336,8.5,0,,ED,5,quasi impossible,ED,100.0,mesure,mesuree
frag,27-02,27,Evreux,79112,171,20.0,29.2,50.4,46.8,7.6,9.7,6.0,0.3,3.3,0.311,8.3,0,,ED,5,quasi impossible,ED,100.0,mesure,mesuree
frag,27-03,27,Pont-Audemer,84868,189,14.4,31.1,53.9,46.3,7.6,9.7,6.0,0.4,3.3,0.294,6.1,0,,ED,5,quasi impossible,ED,100.0,mesure,mesuree
frag,27-04,27,Louviers,90761,127,32.3,19.0,48.6,49.3,7.6,9.7,6.0,0.0,3.3,0.371,12.2,0,,ED,5,quasi impossible,ED,100.0,mesure,mesuree
frag,27-05,27,Vernon,89810,165,20.1,27.8,51.5,48.2,7.6,9.7,6.0,0.6,3.3,0.374,7.5,0,,ED,5,quasi impossible,ED,100.0,mesure,mesuree
frag,28-01,28,Chartres,90304,123,21.7,37.1,40.2,46.2,7.6,9.7,6.0,1.0,3.3,0.316,8.9,0,,ED,5,quasi impossible,CD,100.0,mesure,mesuree
frag,28-02,28,Dreux,75563,130,24.8,30.5,43.6,52.8,7.6,9.7,6.0,1.2,3.3,0.583,14.5,0,,ED,5,quasi impossible,ED,100.0,mesure,mesuree
frag,28-03,28,Lucé,71148,134,10.0,41.3,46.7,47.6,7.6,9.7,6.0,2.0,3.3,0.344,3.9,0,,ED,5,quasi impossible,ED,100.0,mesure,mesuree
frag,28-04,28,Châteaudun,67351,164,12.5,38.4,48.4,47.0,7.6,9.7,6.0,0.6,3.3,0.334,5.0,0,,ED,5,quasi impossible,ED,100.0,mesure,mesuree
frag,29-01,29,Quimper,92336,103,30.5,36.4,31.2,39.7,7.6,9.7,6.0,1.7,3.3,0.253,13.6,0,,CD,5,quasi impossible,CD,100.0,mesure,mesuree
frag,29-02,29,Brest,78166,95,39.6,30.0,29.9,45.0,7.6,9.7,6.0,0.4,3.3,0.237,18.1,0,,CD,5,quasi impossible,CD,100.0,mesure,mesuree
frag,29-03,29,Brest,92952,105,28.7,35.7,33.9,42.1,7.6,9.7,6.0,1.7,3.3,0.242,13.0,0,,CD,5,quasi impossible,CD,100.0,mesure,mesuree
frag,29-04,29,Morlaix,84364,101,29.5,36.7,31.9,40.7,7.6,9.7,6.0,1.9,3.3,0.271,12.9,0,,CD,5,quasi impossible,CD,100.0,mesure,mesuree
frag,29-05,29,Guipavas,98753,114,26.8,38.2,32.5,41.6,7.6,9.7,6.0,2.5,3.3,0.249,12.1,0,,CD,5,quasi impossible,CD,100.0,mesure,mesuree
frag,29-06,29,Plougastel-Daoulas,91534,120,33.3,27.4,36.1,40.8,7.6,9.7,6.0,3.2,3.3,0.276,14.5,0,,ED,5,quasi impossible,CD,100.0,mesure,mesuree
frag,29-07,29,Douarnenez,81962,96,29.4,34.0,32.6,38.8,7.6,9.7,6.0,4.1,3.3,0.276,12.8,0,,CD,5,quasi impossible,CD,100.0,mesure,mesuree
frag,29-08,29,Concarneau,90158,98,35.3,25.3,37.5,42.7,7.6,9.7,6.0,1.8,3.3,0.267,15.5,0,,ED,5,quasi impossible,CD,100.0,mesure,mesuree
frag,2A-01,2A,Ajaccio,52490,93,13.0,36.2,29.2,44.0,7.6,9.7,6.0,21.5,3.3,0.271,5.7,0,,CD,5,quasi impossible,CD,100.0,mesure,mesuree
frag,2A-02,2A,Ajaccio,62495,128,17.7,23.8,31.8,45.5,7.6,9.7,6.0,26.7,3.3,0.315,7.3,0,,ED,5,quasi impossible,ED,100.0,mesure,mesuree
frag,2B-01,2B,Bastia,59107,92,18.0,26.6,27.3,46.0,7.6,9.7,6.0,28.0,3.3,0.314,7.4,0,,AU,5,quasi impossible,AU,100.0,mesure,mesuree
frag,2B-02,2B,Calvi,66505,232,10.1,37.2,23.0,39.3,7.6,9.7,6.0,29.8,3.3,0.24,4.6,0,,CD,5,quasi impossible,CD,100.0,mesure,mesuree
frag,30-01,30,Nîmes,89331,90,27.2,21.1,50.8,54.2,7.6,9.7,6.0,1.1,3.3,0.473,12.9,0,,ED,5,quasi impossible,ED,100.0,mesure,mesuree
frag,30-02,30,Vauvert,95398,96,20.4,21.0,58.7,49.1,7.6,9.7,6.0,0.0,3.3,0.402,8.2,0,,ED,5,quasi impossible,ED,100.0,mesure,mesuree
frag,30-03,30,Bagnols-Sur-Cèze,95926,106,21.5,24.7,53.7,46.5,7.6,9.7,6.0,0.1,3.3,0.353,8.4,0,,ED,5,quasi impossible,ED,100.0,mesure,mesuree
frag,30-04,30,Alès,95047,146,25.7,20.1,53.6,47.7,7.6,9.7,6.0,0.6,3.3,0.338,10.2,0,,ED,5,quasi impossible,ED,100.0,mesure,mesuree
frag,30-05,30,Alès,98971,196,34.3,18.6,45.8,44.8,7.6,9.7,6.0,1.2,3.3,0.365,13.1,0,,ED,5,quasi impossible,ED,100.0,mesure,mesuree
frag,30-06,30,Nîmes,85573,82,28.3,23.1,47.5,50.4,7.6,9.7,6.0,1.3,3.3,0.348,11.1,0,,ED,5,quasi impossible,ED,100.0,mesure,mesuree
frag,31-01,31,Toulouse,83781,92,46.4,23.8,29.2,42.6,7.6,9.7,6.0,0.3,3.3,0.346,18.2,0,,ED,5,quasi impossible,CD,100.0,mesure,mesuree
frag,31-02,31,Toulouse,102980,111,44.0,22.2,33.7,41.9,7.6,9.7,6.0,0.0,3.3,0.286,18.9,0,,ED,5,quasi impossible,CD,100.0,mesure,mesuree
frag,31-03,31,Toulouse,79504,87,37.2,34.8,28.7,37.3,7.6,9.7,6.0,0.0,3.3,0.273,16.2,0,,CD,5,quasi impossible,CD,100.0,mesure,mesuree
frag,31-04,31,Toulouse,68769,72,54.8,20.8,24.3,43.8,7.6,9.7,6.0,0.0,3.3,0.369,20.8,0,,ED,5,quasi impossible,CD,100.0,mesure,mesuree
frag,31-05,31,Aucamville,106453,123,27.5,24.8,46.4,45.3,7.6,9.7,6.0,1.0,3.3,0.337,10.9,0,,ED,5,quasi impossible,ED,100.0,mesure,mesuree
frag,31-06,31,Tournefeuille,112437,142,36.4,26.0,37.9,41.9,7.6,9.7,6.0,0.0,3.3,0.318,14.9,0,,ED,5,quasi impossible,CD,100.0,mesure,mesuree
frag,31-07,31,Muret,106857,137,31.4,21.4,45.9,45.6,7.6,9.7,6.0,1.2,3.3,0.349,12.3,0,,ED,5,quasi impossible,ED,100.0,mesure,mesuree
frag,31-08,31,Saint-Gaudens,86096,313,39.8,13.5,45.6,42.9,7.6,9.7,6.0,1.1,3.3,0.288,17.0,1,-9.5,ED,4,difficile,ED,100.0,mesure,mesuree
frag,31-09,31,Toulouse,80653,90,48.9,18.0,33.3,45.0,7.6,9.7,6.0,0.0,3.3,0.338,19.4,1,10.9,ED,2,jouable,G,100.0,mesure,mesuree
frag,31-10,31,Saint-Orens-De-Gameville,104172,169,35.5,27.5,37.1,37.6,7.6,9.7,6.0,0.0,3.3,0.282,15.3,0,,ED,5,quasi impossible,CD,100.0,mesure,mesuree
frag,32-01,32,Auch,71480,281,32.3,23.9,42.7,39.1,7.6,9.7,6.0,1.1,3.3,0.272,14.1,0,,ED,5,quasi impossible,ED,100.0,mesure,mesuree
frag,32-02,32,L'Isle-Jourdain,73646,228,44.2,13.2,41.1,40.5,7.6,9.7,6.0,1.5,3.3,0.254,19.8,1,-1.1,ED,3,disputé,ED,100.0,mesure,mesuree
frag,33-01,33,Le Bouscat,30851,33,32.3,37.0,30.9,43.0,7.6,9.7,6.0,0.0,3.3,0.27,14.1,0,,CD,5,quasi impossible,CD,100.0,mesure,mesuree
frag,33-02,33,Bordeaux,9551,8,39.0,37.2,24.4,39.2,7.6,9.7,6.0,0.0,3.3,0.369,14.8,0,,CD,5,quasi impossible,CD,100.0,mesure,mesuree
frag,33-03,33,Villenave-D'Ornon,75711,77,48.9,21.7,29.2,45.9,7.6,9.7,6.0,0.0,3.3,0.351,19.1,0,,ED,5,quasi impossible,CD,100.0,mesure,mesuree
frag,33-04,33,Cenon,96496,106,42.1,17.7,39.8,51.7,7.6,9.7,6.0,0.3,3.3,0.422,17.7,1,-1.1,ED,3,disputé,ED,100.0,mesure,mesuree
frag,33-05,33,Eysines,123063,134,26.8,23.0,49.2,47.0,7.6,9.7,6.0,0.9,3.3,0.292,11.4,0,,ED,5,quasi impossible,ED,100.0,mesure,mesuree
frag,33-06,33,Mérignac,102534,119,35.9,29.1,34.9,42.9,7.6,9.7,6.0,0.0,3.3,0.291,15.2,0,,ED,5,quasi impossible,CD,100.0,mesure,mesuree
frag,33-07,33,Pessac,80692,83,39.2,30.3,30.3,42.0,7.6,9.7,6.0,0.3,3.3,0.304,16.4,0,,ED,5,quasi impossible,CD,100.0,mesure,mesuree
frag,33-08,33,La Teste-De-Buch,113453,121,17.3,36.9,43.8,43.5,7.6,9.7,6.0,2.2,3.3,0.237,7.9,0,,ED,5,quasi impossible,CD,100.0,mesure,mesuree
frag,33-09,33,Léognan,103847,144,27.5,26.1,45.5,44.2,7.6,9.7,6.0,0.7,3.3,0.297,11.6,0,,ED,5,quasi impossible,ED,100.0,mesure,mesuree
frag,33-10,33,Libourne,83589,144,24.0,25.1,50.4,45.1,7.6,9.7,6.0,0.5,3.3,0.331,9.6,0,,ED,5,quasi impossible,ED,100.0,mesure,mesuree
frag,33-11,33,Saint-André-De-Cubzac,99153,123,21.3,18.9,59.1,48.8,7.6,9.7,6.0,0.6,3.3,0.323,8.6,0,,ED,5,quasi impossible,ED,100.0,mesure,mesuree
frag,33-12,33,Créon,88165,179,31.0,25.5,43.0,42.3,7.6,9.7,6.0,0.4,3.3,0.315,12.7,0,,ED,5,quasi impossible,ED,100.0,mesure,mesuree
frag,34-01,34,Montpellier,90612,86,35.6,22.8,41.4,48.5,7.6,9.7,6.0,0.2,3.3,0.324,14.4,0,,ED,5,quasi impossible,ED,100.0,mesure,mesuree
frag,34-02,34,Montpellier,67226,56,60.0,14.8,24.9,51.0,7.6,9.7,6.0,0.1,3.3,0.369,22.7,1,27.6,ED,2,jouable,G,100.0,mesure,mesuree
frag,34-03,34,Castelnau-Le-Lez,93020,95,38.2,22.7,39.5,43.1,7.6,9.7,6.0,0.0,3.3,0.314,15.7,0,,ED,5,quasi impossible,CD,100.0,mesure,mesuree
frag,34-04,34,Mèze,116365,158,33.9,18.8,47.2,43.8,7.6,9.7,6.0,0.1,3.3,0.355,13.1,0,,ED,5,quasi impossible,ED,100.0,mesure,mesuree
frag,34-05,34,Clermont-L'Hérault,100010,175,34.7,10.7,53.3,46.0,7.6,9.7,6.0,1.2,3.3,0.343,13.7,1,-22.4,ED,4,difficile,ED,100.0,mesure,mesuree
frag,34-06,34,Béziers,91541,98,21.4,41.0,35.1,48.5,7.6,9.7,6.0,2.5,3.3,0.429,9.2,0,,CD,5,quasi impossible,CD,100.0,mesure,mesuree
frag,34-07,34,Sète,106997,109,25.3,18.1,55.8,48.4,7.6,9.7,6.0,1.1,3.3,0.372,9.5,0,,ED,5,quasi impossible,ED,100.0,mesure,mesuree
frag,34-08,34,Montpellier,89614,88,34.7,18.8,46.2,48.9,7.6,9.7,6.0,0.4,3.3,0.384,13.3,0,,ED,5,quasi impossible,ED,100.0,mesure,mesuree
frag,34-09,34,Montpellier,90642,78,28.1,25.3,45.9,49.5,7.6,9.7,6.0,0.7,3.3,0.394,11.1,0,,ED,5,quasi impossible,ED,100.0,mesure,mesuree
frag,35-01,35,Rennes,93560,99,44.5,29.1,26.0,41.5,7.6,9.7,6.0,0.3,3.3,0.281,19.2,0,,CD,5,quasi impossible,CD,100.0,mesure,mesuree
frag,35-02,35,Rennes,93529,111,39.0,34.2,26.4,37.6,7.6,9.7,6.0,0.3,3.3,0.273,17.0,0,,CD,5,quasi impossible,CD,100.0,mesure,mesuree
frag,35-03,35,Pacé,90425,113,37.9,27.5,34.8,43.0,7.6,9.7,6.0,0.0,3.3,0.279,16.4,0,,ED,5,quasi impossible,CD,100.0,mesure,mesuree
frag,35-04,35,Guichen,97237,113,32.5,28.3,37.7,43.9,7.6,9.7,6.0,1.3,3.3,0.316,13.3,0,,ED,5,quasi impossible,CD,100.0,mesure,mesuree
frag,35-05,35,Vitré,110903,140,25.8,39.4,34.6,43.8,7.6,9.7,6.0,0.0,3.3,0.278,11.2,0,,CD,5,quasi impossible,CD,100.0,mesure,mesuree
frag,35-06,35,Fougères,89904,125,23.0,39.7,36.4,42.6,7.6,9.7,6.0,0.8,3.3,0.297,9.7,0,,CD,5,quasi impossible,CD,100.0,mesure,mesuree
frag,35-07,35,Saint-Malo,105960,119,19.2,44.2,34.1,41.9,7.6,9.7,6.0,2.6,3.3,0.241,8.7,0,,CD,5,quasi impossible,CD,100.0,mesure,mesuree
frag,35-08,35,Rennes,83811,82,52.2,24.3,23.0,40.0,7.6,9.7,6.0,0.2,3.3,0.327,21.1,1,12.2,CD,2,jouable,G,100.0,mesure,mesuree
frag,36-01,36,Châteauroux,77075,133,20.5,33.9,45.0,47.5,7.6,9.7,6.0,0.6,3.3,0.328,8.3,0,,ED,5,quasi impossible,ED,100.0,mesure,mesuree
frag,36-02,36,Issoudun,87371,193,21.0,31.6,45.9,43.9,7.6,9.7,6.0,1.3,3.3,0.279,9.1,0,,ED,5,quasi impossible,ED,100.0,mesure,mesuree
frag,37-01,37,Tours,71964,71,46.1,26.0,27.7,47.0,7.6,9.7,6.0,0.0,3.3,0.369,17.5,0,,ED,5,quasi impossible,CD,100.0,mesure,mesuree
frag,37-02,37,Amboise,93120,110,23.0,33.8,43.0,44.1,7.6,9.7,6.0,0.1,3.3,0.297,9.7,0,,ED,5,quasi impossible,CD,100.0,mesure,mesuree
frag,37-03,37,Saint-Avertin,98520,138,26.8,32.0,38.6,43.5,7.6,9.7,6.0,2.7,3.3,0.319,10.9,0,,ED,5,quasi impossible,CD,100.0,mesure,mesuree
frag,37-04,37,Joué-Lès-Tours,92734,131,29.6,29.9,39.9,45.7,7.6,9.7,6.0,0.5,3.3,0.34,11.7,0,,ED,5,quasi impossible,CD,100.0,mesure,mesuree
frag,37-05,37,Saint-Cyr-Sur-Loire,86747,111,23.0,33.9,43.1,44.9,7.6,9.7,6.0,0.0,3.3,0.28,9.9,0,,ED,5,quasi impossible,CD,100.0,mesure,mesuree
frag,38-01,38,Grenoble,84335,87,39.9,35.2,26.4,38.1,7.6,9.7,6.0,0.0,3.3,0.268,17.5,0,,CD,5,quasi impossible,CD,100.0,mesure,mesuree
frag,38-02,38,Echirolles,79215,90,42.5,20.4,38.0,49.3,7.6,9.7,6.0,0.0,3.3,0.45,19.1,0,,ED,5,quasi impossible,CD,100.0,mesure,mesuree
frag,38-03,38,Grenoble,56152,56,52.0,19.0,30.1,46.0,7.6,9.7,6.0,0.0,3.3,0.332,20.8,1,17.0,ED,2,jouable,G,100.0,mesure,mesuree
frag,38-04,38,Seyssinet-Pariset,91954,159,42.4,18.1,39.1,44.4,7.6,9.7,6.0,0.3,3.3,0.318,17.4,0,,ED,5,quasi impossible,ED,100.0,mesure,mesuree
frag,38-05,38,Saint-Egrève,106949,126,37.4,23.6,39.2,42.8,7.6,9.7,6.0,0.0,3.3,0.313,15.4,0,,ED,5,quasi impossible,CD,100.0,mesure,mesuree
frag,38-06,38,Bourgoin-Jallieu,91054,104,18.4,28.7,52.8,49.4,7.6,9.7,6.0,0.0,3.3,0.382,7.0,0,,ED,5,quasi impossible,ED,100.0,mesure,mesuree
frag,38-07,38,Roussillon,97000,133,18.1,34.9,46.4,45.7,7.6,9.7,6.0,0.6,3.3,0.345,7.1,0,,ED,5,quasi impossible,ED,100.0,mesure,mesuree
frag,38-08,38,Vienne,82842,86,22.5,32.5,44.8,46.6,7.6,9.7,6.0,0.2,3.3,0.388,8.7,0,,ED,5,quasi impossible,ED,100.0,mesure,mesuree
frag,38-09,38,Voiron,101320,122,28.1,31.4,40.3,44.2,7.6,9.7,6.0,0.2,3.3,0.332,11.3,0,,ED,5,quasi impossible,CD,100.0,mesure,mesuree
frag,38-10,38,Villefontaine,97742,101,25.6,26.4,48.2,50.1,7.6,9.7,6.0,0.0,3.3,0.413,10.6,0,,ED,5,quasi impossible,ED,100.0,mesure,mesuree
frag,39-01,39,Lons-Le-Saunier,64925,207,23.1,33.1,43.9,43.0,7.6,9.7,6.0,0.0,3.3,0.303,9.7,0,,ED,5,quasi impossible,ED,100.0,mesure,mesuree
frag,39-02,39,Champagnole,55723,170,22.2,37.7,38.9,45.3,7.6,9.7,6.0,0.9,3.3,0.351,8.6,0,,ED,5,quasi impossible,CD,100.0,mesure,mesuree
frag,39-03,39,Dole,70205,184,24.0,31.3,44.7,44.0,7.6,9.7,6.0,0.0,3.3,0.329,9.7,0,,ED,5,quasi impossible,ED,100.0,mesure,mesuree
frag,40-01,40,Mont-De-Marsan,105314,161,24.5,30.9,42.9,43.3,7.6,9.7,6.0,1.6,3.3,0.268,10.7,0,,ED,5,quasi impossible,ED,100.0,mesure,mesuree
frag,40-02,40,Dax,121061,143,27.6,31.5,38.5,42.8,7.6,9.7,6.0,2.1,3.3,0.245,12.5,0,,ED,5,quasi impossible,CD,100.0,mesure,mesuree
frag,40-03,40,Aire-Sur-L'Adour,98891,212,36.2,21.2,41.6,40.5,7.6,9.7,6.0,0.9,3.3,0.233,16.7,0,,ED,5,quasi impossible,ED,100.0,mesure,mesuree
frag,41-01,41,Blois,82064,95,19.8,37.2,41.8,45.6,7.6,9.7,6.0,1.2,3.3,0.343,7.8,0,,ED,5,quasi impossible,CD,100.0,mesure,mesuree
frag,41-02,41,Romorantin-Lanthenay,80280,105,14.6,27.7,57.2,47.4,7.6,9.7,6.0,0.4,3.3,0.308,6.1,0,,ED,5,quasi impossible,ED,100.0,mesure,mesuree
frag,41-03,41,Vendôme,81054,191,16.2,36.4,46.5,43.5,7.6,9.7,6.0,0.7,3.3,0.302,6.8,0,,ED,5,quasi impossible,ED,100.0,mesure,mesuree
frag,42-01,42,Saint-Etienne,63963,73,42.3,20.1,38.6,50.4,7.6,9.7,6.0,0.0,3.3,0.381,16.1,0,,ED,5,quasi impossible,CD,100.0,mesure,mesuree
frag,42-02,42,Saint-Etienne,50889,56,43.0,22.7,34.7,51.8,7.6,9.7,6.0,0.0,3.3,0.369,16.3,0,,ED,5,quasi impossible,CD,100.0,mesure,mesuree
frag,42-03,42,Saint-Chamond,84404,94,26.4,28.8,45.0,49.6,7.6,9.7,6.0,0.0,3.3,0.428,11.3,0,,ED,5,quasi impossible,ED,100.0,mesure,mesuree
frag,42-04,42,Saint-Just-Saint-Rambert,104493,140,25.4,29.8,44.7,47.5,7.6,9.7,6.0,0.2,3.3,0.389,9.9,0,,ED,5,quasi impossible,ED,100.0,mesure,mesuree
frag,42-05,42,Roanne,101589,140,18.7,39.3,41.8,44.0,7.6,9.7,6.0,0.2,3.3,0.318,7.6,0,,ED,5,quasi impossible,CD,100.0,mesure,mesuree
frag,42-06,42,Montbrison,111075,168,15.9,39.6,44.2,44.1,7.6,9.7,6.0,0.1,3.3,0.288,6.8,0,,ED,5,quasi impossible,CD,100.0,mesure,mesuree
frag,43-01,43,Monistrol-Sur-Loire,100864,127,17.4,45.4,36.8,41.8,7.6,9.7,6.0,0.2,3.3,0.297,7.3,0,,CD,5,quasi impossible,CD,100.0,mesure,mesuree
frag,43-02,43,Le Puy-En-Velay,78617,197,18.3,44.4,35.4,41.0,7.6,9.7,6.0,1.8,3.3,0.292,7.8,0,,CD,5,quasi impossible,CD,100.0,mesure,mesuree
frag,44-01,44,Nantes,77342,85,43.2,31.7,25.3,41.0,7.6,9.7,6.0,0.0,3.3,0.268,18.9,0,,CD,5,quasi impossible,CD,100.0,mesure,mesuree
frag,44-02,44,Nantes,88472,92,50.8,26.5,21.9,39.8,7.6,9.7,6.0,0.4,3.3,0.369,19.2,0,,CD,5,quasi impossible,CD,100.0,mesure,mesuree
frag,44-03,44,Saint-Herblain,97601,105,44.9,25.0,27.3,45.3,7.6,9.7,6.0,2.6,3.3,0.318,18.4,0,,ED,5,quasi impossible,CD,100.0,mesure,mesuree
frag,44-04,44,Rezé,93228,94,47.4,23.9,28.0,43.6,7.6,9.7,6.0,0.5,3.3,0.309,19.7,0,,ED,5,quasi impossible,CD,100.0,mesure,mesuree
frag,44-05,44,Nantes,120804,130,35.8,32.0,31.4,42.3,7.6,9.7,6.0,0.7,3.3,0.264,15.8,0,,CD,5,quasi impossible,CD,100.0,mesure,mesuree
frag,44-06,44,Châteaubriant,117288,130,32.5,27.6,38.0,46.8,7.6,9.7,6.0,1.8,3.3,0.311,13.4,0,,ED,5,quasi impossible,CD,100.0,mesure,mesuree
frag,44-07,44,La Baule-Escoublac,114995,119,23.7,36.2,39.5,43.5,7.6,9.7,6.0,0.6,3.3,0.252,10.6,0,,ED,5,quasi impossible,CD,100.0,mesure,mesuree
frag,44-08,44,Saint-Nazaire,88015,89,44.0,19.2,35.3,49.0,7.6,9.7,6.0,1.3,3.3,0.303,18.4,0,,ED,5,quasi impossible,CD,100.0,mesure,mesuree
frag,44-09,44,Pornic,125922,134,27.8,30.6,39.7,44.5,7.6,9.7,6.0,1.8,3.3,0.286,11.9,0,,ED,5,quasi impossible,CD,100.0,mesure,mesuree
frag,44-10,44,Vertou,125522,126,30.0,36.7,31.7,42.4,7.6,9.7,6.0,1.5,3.3,0.271,13.1,0,,CD,5,quasi impossible,CD,100.0,mesure,mesuree
frag,45-01,45,Orléans,76728,85,29.1,34.8,35.1,45.2,7.6,9.7,6.0,1.0,3.3,0.316,11.9,0,,ED,5,quasi impossible,CD,100.0,mesure,mesuree
frag,45-02,45,Orléans,88601,119,30.6,28.1,40.1,48.8,7.6,9.7,6.0,1.2,3.3,0.397,12.2,0,,ED,5,quasi impossible,CD,100.0,mesure,mesuree
frag,45-03,45,Gien,70445,101,16.4,31.3,52.2,46.2,7.6,9.7,6.0,0.1,3.3,0.335,6.5,0,,ED,5,quasi impossible,ED,100.0,mesure,mesuree
frag,45-04,45,Amilly,74099,115,17.6,26.8,53.7,49.6,7.6,9.7,6.0,1.9,3.3,0.407,7.2,0,,ED,5,quasi impossible,ED,100.0,mesure,mesuree
frag,45-05,45,Fleury-Les-Aubrais,73581,150,18.0,32.1,48.8,48.2,7.6,9.7,6.0,0.9,3.3,0.383,6.9,0,,ED,5,quasi impossible,ED,100.0,mesure,mesuree
frag,45-06,45,Orléans,76084,92,28.7,31.6,38.6,46.1,7.6,9.7,6.0,1.0,3.3,0.349,11.2,0,,ED,5,quasi impossible,CD,100.0,mesure,mesuree
frag,46-01,46,Cahors,73047,190,28.5,40.6,29.4,36.0,7.6,9.7,6.0,1.4,3.3,0.287,12.2,0,,CD,5,quasi impossible,CD,100.0,mesure,mesuree
frag,46-02,46,Figeac,66320,189,42.9,20.8,34.5,36.7,7.6,9.7,6.0,1.7,3.3,0.303,17.9,0,,ED,5,quasi impossible,CD,100.0,mesure,mesuree
frag,47-01,47,Agen,86865,123,24.4,25.1,50.2,44.6,7.6,9.7,6.0,0.2,3.3,0.347,9.6,0,,ED,5,quasi impossible,ED,100.0,mesure,mesuree
frag,47-02,47,Marmande,76944,167,24.4,21.5,54.0,44.9,7.6,9.7,6.0,0.1,3.3,0.342,9.6,0,,ED,5,quasi impossible,ED,100.0,mesure,mesuree
frag,47-03,47,Villeneuve-Sur-Lot,75786,160,26.9,24.2,47.6,44.7,7.6,9.7,6.0,1.4,3.3,0.367,10.2,0,,ED,5,quasi impossible,ED,100.0,mesure,mesuree
frag,48-01,48,Mende,59764,188,31.0,29.8,34.2,37.1,7.6,9.7,6.0,4.8,3.3,0.307,12.9,0,,ED,5,quasi impossible,CD,100.0,mesure,mesuree
frag,49-01,49,Angers,87796,92,34.3,34.6,31.3,44.5,7.6,9.7,6.0,0.0,3.3,0.281,14.8,0,,CD,5,quasi impossible,CD,100.0,mesure,mesuree
frag,49-02,49,Angers,92512,98,28.4,39.2,31.2,43.6,7.6,9.7,6.0,1.0,3.3,0.308,11.8,0,,CD,5,quasi impossible,CD,100.0,mesure,mesuree
frag,49-03,49,Baugé-En-Anjou,71631,104,19.1,37.4,42.8,47.1,7.6,9.7,6.0,0.5,3.3,0.288,8.2,0,,ED,5,quasi impossible,CD,100.0,mesure,mesuree
frag,49-04,49,Saumur,75902,110,18.5,38.5,41.4,45.0,7.6,9.7,6.0,1.5,3.3,0.271,8.1,0,,ED,5,quasi impossible,CD,100.0,mesure,mesuree
frag,49-05,49,Cholet,79056,76,20.5,43.2,34.9,48.2,7.6,9.7,6.0,1.3,3.3,0.283,8.8,0,,CD,5,quasi impossible,CD,100.0,mesure,mesuree
frag,49-06,49,Beaupréau-En-Mauges,96342,105,23.9,38.9,35.2,46.0,7.6,9.7,6.0,2.0,3.3,0.264,10.5,0,,CD,5,quasi impossible,CD,100.0,mesure,mesuree
frag,49-07,49,Segré-En-Anjou Bleu,82426,107,28.9,34.7,35.5,45.1,7.6,9.7,6.0,0.7,3.3,0.274,12.6,0,,ED,5,quasi impossible,CD,100.0,mesure,mesuree
frag,50-01,50,Saint-Lô,86727,180,16.0,45.1,37.6,45.3,7.6,9.7,6.0,1.1,3.3,0.273,7.0,0,,CD,5,quasi impossible,CD,100.0,mesure,mesuree
frag,50-02,50,Granville,96780,179,17.3,42.8,39.1,43.1,7.6,9.7,6.0,0.8,3.3,0.261,7.7,0,,CD,5,quasi impossible,CD,100.0,mesure,mesuree
frag,50-03,50,Coutances,110539,224,22.3,35.0,38.5,43.1,7.6,9.7,6.0,4.1,3.3,0.255,10.0,0,,ED,5,quasi impossible,CD,100.0,mesure,mesuree
frag,50-04,50,Cherbourg-En-Cotentin,88663,125,32.0,29.9,37.5,47.9,7.6,9.7,6.0,0.5,3.3,0.274,13.9,0,,ED,5,quasi impossible,CD,100.0,mesure,mesuree
frag,51-01,51,Reims,74097,84,25.7,32.1,41.4,51.6,7.6,9.7,6.0,0.6,3.3,0.301,10.8,0,,ED,5,quasi impossible,CD,100.0,mesure,mesuree
frag,51-02,51,Reims,74345,133,23.5,33.7,42.6,49.4,7.6,9.7,6.0,0.0,3.3,0.309,9.7,0,,ED,5,quasi impossible,CD,100.0,mesure,mesuree
frag,51-03,51,Epernay,78476,171,17.8,30.6,49.4,49.5,7.6,9.7,6.0,2.0,3.3,0.306,7.4,0,,ED,5,quasi impossible,ED,100.0,mesure,mesuree
frag,51-04,51,Châlons-En-Champagne,77894,171,17.9,33.9,48.0,50.7,7.6,9.7,6.0,0.1,3.3,0.357,6.9,0,,ED,5,quasi impossible,ED,100.0,mesure,mesuree
frag,51-05,51,Vitry-Le-François,75602,276,6.7,42.6,50.2,46.3,7.6,9.7,6.0,0.4,3.3,0.313,2.8,0,,ED,5,quasi impossible,ED,100.0,mesure,mesuree
frag,52-01,52,Chaumont,69171,330,16.0,29.6,50.1,45.7,7.6,9.7,6.0,4.2,3.3,0.294,6.8,0,,ED,5,quasi impossible,ED,100.0,mesure,mesuree
frag,52-02,52,Saint-Dizier,59043,231,8.8,30.4,60.6,50.7,7.6,9.7,6.0,0.2,3.3,0.38,3.3,0,,ED,5,quasi impossible,ED,100.0,mesure,mesuree
frag,53-01,53,Laval,73427,100,46.0,18.9,35.0,46.5,7.6,9.7,6.0,0.1,3.3,0.283,19.8,1,7.5,ED,2,jouable,G,100.0,mesure,mesuree
frag,53-02,53,Château-Gontier-Sur-Mayenne,79759,139,19.8,42.0,37.1,46.1,7.6,9.7,6.0,1.0,3.3,0.276,8.6,0,,CD,5,quasi impossible,CD,100.0,mesure,mesuree
frag,53-03,53,Mayenne,72655,117,16.1,45.6,37.3,46.5,7.6,9.7,6.0,0.9,3.3,0.273,7.0,0,,CD,5,quasi impossible,CD,100.0,mesure,mesuree
frag,54-01,54,Nancy,83269,96,36.7,29.2,33.3,47.0,7.6,9.7,6.0,0.7,3.3,0.325,14.9,0,,ED,5,quasi impossible,CD,100.0,mesure,mesuree
frag,54-02,54,Nancy,67916,82,39.4,29.8,31.5,46.1,7.6,9.7,6.0,0.0,3.3,0.399,15.7,0,,ED,5,quasi impossible,CD,100.0,mesure,mesuree
frag,54-03,54,Longwy,80382,137,30.6,21.9,46.6,57.7,7.6,9.7,6.0,1.0,3.3,0.454,13.9,0,,ED,5,quasi impossible,ED,100.0,mesure,mesuree
frag,54-04,54,Lunéville,95841,248,17.5,33.6,48.3,48.4,7.6,9.7,6.0,0.6,3.3,0.326,7.1,0,,ED,5,quasi impossible,ED,100.0,mesure,mesuree
frag,54-05,54,Toul,78674,211,43.4,8.8,47.5,48.7,7.6,9.7,6.0,0.1,3.3,0.294,18.4,1,-9.3,ED,4,difficile,ED,100.0,mesure,mesuree
frag,54-06,54,Pont-À-Mousson,87566,161,28.5,21.7,49.0,52.9,7.6,9.7,6.0,0.7,3.3,0.388,11.0,0,,ED,5,quasi impossible,ED,100.0,mesure,mesuree
frag,55-01,55,Bar-Le-Duc,74962,304,12.7,34.6,51.9,47.0,7.6,9.7,6.0,0.7,3.3,0.296,5.4,0,,ED,5,quasi impossible,ED,100.0,mesure,mesuree
frag,55-02,55,Verdun,59230,273,17.5,28.6,53.8,50.1,7.6,9.7,6.0,0.0,3.3,0.286,7.5,0,,ED,5,quasi impossible,ED,100.0,mesure,mesuree
frag,56-01,56,Vannes,114184,122,27.9,37.0,33.2,39.6,7.6,9.7,6.0,2.0,3.3,0.236,12.8,0,,CD,5,quasi impossible,CD,100.0,mesure,mesuree
frag,56-02,56,Auray,112956,120,23.3,37.5,36.5,40.4,7.6,9.7,6.0,2.6,3.3,0.248,10.5,0,,CD,5,quasi impossible,CD,100.0,mesure,mesuree
frag,56-03,56,Pontivy,98154,112,21.1,36.4,39.9,43.7,7.6,9.7,6.0,2.3,3.3,0.267,9.3,0,,ED,5,quasi impossible,CD,100.0,mesure,mesuree
frag,56-04,56,Ploërmel,111535,141,13.3,48.4,37.0,41.7,7.6,9.7,6.0,1.1,3.3,0.293,5.6,0,,CD,5,quasi impossible,CD,100.0,mesure,mesuree
frag,56-05,56,Lorient,80820,85,33.1,30.9,34.5,44.4,7.6,9.7,6.0,1.7,3.3,0.28,14.3,0,,ED,5,quasi impossible,CD,100.0,mesure,mesuree
frag,56-06,56,Hennebont,93830,114,22.5,33.5,41.1,42.9,7.6,9.7,6.0,2.8,3.3,0.264,9.9,0,,ED,5,quasi impossible,CD,100.0,mesure,mesuree
frag,57-01,57,Metz,93930,111,27.9,25.1,45.6,54.2,7.6,9.7,6.0,1.4,3.3,0.465,13.0,0,,ED,5,quasi impossible,ED,100.0,mesure,mesuree
frag,57-02,57,Metz,75015,105,30.7,27.1,41.2,49.7,7.6,9.7,6.0,1.1,3.3,0.305,12.8,0,,ED,5,quasi impossible,ED,100.0,mesure,mesuree
frag,57-03,57,Metz,76057,109,28.4,31.9,39.3,49.9,7.6,9.7,6.0,0.4,3.3,0.285,12.2,0,,ED,5,quasi impossible,CD,100.0,mesure,mesuree
frag,57-04,57,Sarrebourg,80777,282,8.1,45.3,45.5,48.4,7.6,9.7,6.0,0.9,3.3,0.313,3.3,0,,ED,5,quasi impossible,CD,100.0,mesure,mesuree
frag,57-05,57,Sarreguemines,72095,117,10.3,37.1,50.9,53.2,7.6,9.7,6.0,1.7,3.3,0.349,4.0,0,,ED,5,quasi impossible,ED,100.0,mesure,mesuree
frag,57-06,57,Forbach,66393,99,19.7,23.0,55.7,60.6,7.6,9.7,6.0,1.8,3.3,0.567,11.2,0,,ED,5,quasi impossible,ED,100.0,mesure,mesuree
frag,57-07,57,Saint-Avold,89245,173,15.2,26.5,58.6,55.6,7.6,9.7,6.0,0.0,3.3,0.433,6.6,0,,ED,5,quasi impossible,ED,100.0,mesure,mesuree
frag,57-08,57,Hayange,90707,125,27.3,18.6,53.5,60.4,7.6,9.7,6.0,0.7,3.3,0.538,14.7,0,,ED,5,quasi impossible,ED,100.0,mesure,mesuree
frag,57-09,57,Thionville,100711,154,22.5,33.0,43.5,51.9,7.6,9.7,6.0,1.0,3.3,0.366,8.6,0,,ED,5,quasi impossible,ED,100.0,mesure,mesuree
frag,58-01,58,Nevers,73850,114,22.0,30.2,46.1,48.3,7.6,9.7,6.0,1.7,3.3,0.3,9.3,0,,ED,5,quasi impossible,ED,100.0,mesure,mesuree
frag,58-02,58,Varennes-Vauzelles,78765,262,23.9,24.6,49.9,43.8,7.6,9.7,6.0,1.7,3.3,0.278,10.3,0,,ED,5,quasi impossible,ED,100.0,mesure,mesuree
frag,59-01,59,Lille,61672,63,56.2,16.9,26.2,49.3,7.6,9.7,6.0,0.6,3.3,0.591,33.2,1,26.9,ED,1,victoire facile,G,100.0,mesure,mesuree
frag,59-02,59,Villeneuve-D'Ascq,87355,80,47.9,22.3,29.9,49.5,7.6,9.7,6.0,0.0,3.3,0.528,25.3,1,16.1,ED,2,jouable,G,100.0,mesure,mesuree
frag,59-03,59,Maubeuge,91620,144,40.6,4.8,54.1,58.4,7.6,9.7,6.0,0.6,3.3,0.521,21.1,1,-18.0,ED,4,difficile,ED,100.0,mesure,mesuree
frag,59-04,59,Lambersart,100044,98,27.4,38.6,33.5,46.0,7.6,9.7,6.0,0.5,3.3,0.335,10.9,0,,CD,5,quasi impossible,CD,100.0,mesure,mesuree
frag,59-05,59,Haubourdin,98309,102,23.3,31.8,45.2,47.1,7.6,9.7,6.0,0.0,3.3,0.352,9.0,0,,ED,5,quasi impossible,ED,100.0,mesure,mesuree
frag,59-06,59,Orchies,94232,91,19.0,40.9,40.7,42.1,7.6,9.7,6.0,0.0,3.3,0.285,8.2,0,,CD,5,quasi impossible,CD,100.0,mesure,mesuree
frag,59-07,59,Wasquehal,73444,70,30.6,33.3,35.8,50.9,7.6,9.7,6.0,0.6,3.3,0.472,14.5,0,,ED,5,quasi impossible,CD,100.0,mesure,mesuree
frag,59-08,59,Roubaix,68933,74,48.6,13.2,36.1,63.9,7.6,9.7,6.0,2.4,3.3,0.67,32.6,1,10.6,ED,2,jouable,G,100.0,mesure,mesuree
frag,59-09,59,Marcq-En-Baroeul,92045,83,29.5,40.5,28.8,47.0,7.6,9.7,6.0,1.3,3.3,0.305,12.3,0,,CD,5,quasi impossible,CD,100.0,mesure,mesuree
frag,59-10,59,Tourcoing,83192,78,25.2,33.7,40.3,56.7,7.6,9.7,6.0,0.9,3.3,0.378,9.5,0,,ED,5,quasi impossible,CD,100.0,mesure,mesuree
frag,59-11,59,Lille,93191,93,40.3,23.2,36.7,49.8,7.6,9.7,6.0,0.0,3.3,0.371,15.2,0,,ED,5,quasi impossible,CD,100.0,mesure,mesuree
frag,59-12,59,Hautmont,93070,139,16.9,24.2,58.0,52.8,7.6,9.7,6.0,1.1,3.3,0.335,6.7,0,,ED,5,quasi impossible,ED,100.0,mesure,mesuree
frag,59-13,59,Dunkerque,86045,94,40.8,7.8,50.3,58.6,7.6,9.7,6.0,1.3,3.3,0.588,24.0,1,-12.6,ED,4,difficile,ED,100.0,mesure,mesuree
frag,59-14,59,Dunkerque,99449,116,13.6,35.1,51.4,48.6,7.6,9.7,6.0,0.0,3.3,0.317,5.6,0,,ED,5,quasi impossible,ED,100.0,mesure,mesuree
frag,59-15,59,Hazebrouck,97601,117,16.8,34.1,49.1,47.6,7.6,9.7,6.0,0.0,3.3,0.282,7.2,0,,ED,5,quasi impossible,ED,100.0,mesure,mesuree
frag,59-16,59,Sin-Le-Noble,84041,86,30.9,12.6,57.6,56.0,7.6,9.7,6.0,0.0,3.3,0.421,13.0,1,-29.2,ED,4,difficile,ED,100.0,mesure,mesuree
frag,59-17,59,Douai,72899,78,26.9,19.3,53.3,53.5,7.6,9.7,6.0,0.7,3.3,0.469,12.6,0,,ED,5,quasi impossible,ED,100.0,mesure,mesuree
frag,59-18,59,Cambrai,90068,127,11.5,35.0,53.3,51.8,7.6,9.7,6.0,0.2,3.3,0.319,4.7,0,,ED,5,quasi impossible,ED,100.0,mesure,mesuree
frag,59-19,59,Denain,80890,84,21.9,15.6,63.6,57.0,7.6,9.7,6.0,0.0,3.3,0.43,9.4,0,,ED,5,quasi impossible,ED,100.0,mesure,mesuree
frag,59-20,59,Saint-Amand-Les-Eaux,82190,92,35.4,10.9,54.8,57.8,7.6,9.7,6.0,0.0,3.3,0.362,13.5,1,-23.4,ED,4,difficile,ED,100.0,mesure,mesuree
frag,59-21,59,Valenciennes,78274,88,21.9,28.4,49.7,54.5,7.6,9.7,6.0,0.0,3.3,0.464,10.2,0,,ED,5,quasi impossible,ED,100.0,mesure,mesuree
frag,60-01,60,Beauvais,82738,185,17.4,32.8,48.9,49.4,7.6,9.7,6.0,0.6,3.3,0.328,7.0,0,,ED,5,quasi impossible,ED,100.0,mesure,mesuree
frag,60-02,60,Beauvais,88836,194,18.5,23.6,57.3,49.9,7.6,9.7,6.0,0.4,3.3,0.339,7.3,0,,ED,5,quasi impossible,ED,100.0,mesure,mesuree
frag,60-03,60,Creil,74495,87,31.1,20.3,48.0,55.5,7.6,9.7,6.0,0.8,3.3,0.545,16.9,0,,ED,5,quasi impossible,ED,100.0,mesure,mesuree
frag,60-04,60,Senlis,93744,126,15.3,36.8,47.1,47.1,7.6,9.7,6.0,0.9,3.3,0.367,5.8,0,,ED,5,quasi impossible,ED,100.0,mesure,mesuree
frag,60-05,60,Compiègne,73645,104,20.6,31.4,48.2,49.2,7.6,9.7,6.0,0.0,3.3,0.348,8.0,0,,ED,5,quasi impossible,ED,100.0,mesure,mesuree
frag,60-06,60,Compiègne,75808,141,17.9,28.8,53.4,49.3,7.6,9.7,6.0,0.0,3.3,0.374,6.7,0,,ED,5,quasi impossible,ED,100.0,mesure,mesuree
frag,60-07,60,Nogent-Sur-Oise,76106,99,26.6,27.2,45.2,50.9,7.6,9.7,6.0,1.0,3.3,0.494,13.2,0,,ED,5,quasi impossible,ED,100.0,mesure,mesuree
frag,61-01,61,Alençon,67262,153,25.1,31.4,41.5,46.2,7.6,9.7,6.0,1.9,3.3,0.289,10.7,0,,ED,5,quasi impossible,CD,100.0,mesure,mesuree
frag,61-02,61,L'Aigle,64536,203,13.9,37.8,46.0,44.4,7.6,9.7,6.0,2.2,3.3,0.297,5.9,0,,ED,5,quasi impossible,ED,100.0,mesure,mesuree
frag,61-03,61,Flers,70653,173,16.9,43.1,38.2,45.1,7.6,9.7,6.0,1.7,3.3,0.316,6.9,0,,CD,5,quasi impossible,CD,100.0,mesure,mesuree
frag,62-01,62,Vitry-En-Artois,104632,310,15.9,26.6,58.4,47.1,7.6,9.7,6.0,0.0,3.3,0.281,6.8,0,,ED,5,quasi impossible,ED,100.0,mesure,mesuree
frag,62-02,62,Arras,88596,111,22.9,32.5,45.3,45.9,7.6,9.7,6.0,0.0,3.3,0.324,9.3,0,,ED,5,quasi impossible,ED,100.0,mesure,mesuree
frag,62-03,62,Lens,83041,88,32.6,9.0,58.4,57.5,7.6,9.7,6.0,0.1,3.3,0.467,15.2,1,-28.9,ED,4,difficile,ED,100.0,mesure,mesuree
frag,62-04,62,Berck,89124,201,13.0,38.9,47.2,45.6,7.6,9.7,6.0,1.0,3.3,0.289,5.5,0,,ED,5,quasi impossible,ED,100.0,mesure,mesuree
frag,62-05,62,Boulogne-Sur-Mer,88328,111,32.4,19.7,48.4,52.6,7.6,9.7,6.0,0.0,3.3,0.285,13.9,0,,ED,5,quasi impossible,ED,100.0,mesure,mesuree
frag,62-06,62,Guînes,94643,193,13.0,33.0,54.1,46.6,7.6,9.7,6.0,0.0,3.3,0.282,5.6,0,,ED,5,quasi impossible,ED,100.0,mesure,mesuree
frag,62-07,62,Calais,94659,103,15.6,31.9,51.6,54.8,7.6,9.7,6.0,0.9,3.3,0.361,6.0,0,,ED,5,quasi impossible,ED,100.0,mesure,mesuree
frag,62-08,62,Saint-Omer,92388,117,33.4,15.6,50.5,49.6,7.6,9.7,6.0,0.5,3.3,0.294,14.2,0,,ED,5,quasi impossible,ED,100.0,mesure,mesuree
frag,62-09,62,Béthune,80762,87,17.7,29.2,53.0,48.4,7.6,9.7,6.0,0.2,3.3,0.29,7.5,0,,ED,5,quasi impossible,ED,100.0,mesure,mesuree
frag,62-10,62,Bruay-La-Buissière,89095,110,17.1,16.3,67.3,55.0,7.6,9.7,6.0,0.0,3.3,0.326,6.9,0,,ED,5,quasi impossible,ED,100.0,mesure,mesuree
frag,62-11,62,Hénin-Beaumont,93335,97,22.5,10.3,68.0,57.2,7.6,9.7,6.0,0.0,3.3,0.529,11.9,1,-46.5,ED,4,difficile,ED,100.0,mesure,mesuree
frag,62-12,62,Liévin,94391,107,24.1,13.2,63.5,56.1,7.6,9.7,6.0,0.0,3.3,0.367,9.2,0,,ED,5,quasi impossible,ED,100.0,mesure,mesuree
frag,63-01,63,Clermont-Ferrand,83788,84,39.1,27.3,33.8,48.7,7.6,9.7,6.0,0.0,3.3,0.339,15.5,0,,ED,5,quasi impossible,CD,100.0,mesure,mesuree
frag,63-02,63,Riom,90283,171,37.9,22.9,39.0,41.4,7.6,9.7,6.0,0.1,3.3,0.269,16.6,0,,ED,5,quasi impossible,CD,100.0,mesure,mesuree
frag,63-03,63,Clermont-Ferrand,90194,156,33.3,34.2,32.2,40.0,7.6,9.7,6.0,0.1,3.3,0.254,14.9,0,,CD,5,quasi impossible,CD,100.0,mesure,mesuree
frag,63-04,63,Issoire,101981,155,27.4,34.8,37.2,43.5,7.6,9.7,6.0,0.4,3.3,0.268,12.0,0,,ED,5,quasi impossible,CD,100.0,mesure,mesuree
frag,63-05,63,Pont-Du-Château,105052,173,41.5,17.5,41.3,44.6,7.6,9.7,6.0,0.0,3.3,0.293,17.6,1,-3.0,ED,3,disputé,ED,100.0,mesure,mesuree
frag,64-01,64,Pau,69447,85,33.3,30.3,34.1,42.7,7.6,9.7,6.0,2.2,3.3,0.267,14.7,0,,ED,5,quasi impossible,CD,100.0,mesure,mesuree
frag,64-02,64,Pau,84389,128,27.3,30.8,38.2,40.8,7.6,9.7,6.0,3.6,3.3,0.24,12.5,0,,ED,5,quasi impossible,CD,100.0,mesure,mesuree
frag,64-03,64,Orthez,83955,213,57.8,3.8,37.3,42.5,7.6,9.7,6.0,1.1,3.3,0.276,25.1,1,12.1,ED,2,jouable,G,100.0,mesure,mesuree
frag,64-04,64,Oloron-Sainte-Marie,80792,250,29.4,28.1,30.9,38.3,7.6,9.7,6.0,11.5,3.3,0.268,12.9,0,,ED,5,quasi impossible,CD,100.0,mesure,mesuree
frag,64-05,64,Bayonne,100288,97,31.3,27.9,34.3,43.3,7.6,9.7,6.0,6.2,3.3,0.271,13.7,0,,ED,5,quasi impossible,CD,100.0,mesure,mesuree
frag,64-06,64,Biarritz,106617,106,24.5,36.9,29.7,41.8,7.6,9.7,6.0,8.9,3.3,0.25,11.0,0,,CD,5,quasi impossible,CD,100.0,mesure,mesuree
frag,65-01,65,Tarbes,87328,336,36.2,22.8,38.4,41.3,7.6,9.7,6.0,2.6,3.3,0.281,15.6,0,,ED,5,quasi impossible,CD,100.0,mesure,mesuree
frag,65-02,65,Tarbes,88496,224,31.5,24.1,41.6,42.7,7.6,9.7,6.0,2.7,3.3,0.262,14.0,0,,ED,5,quasi impossible,ED,100.0,mesure,mesuree
frag,66-01,66,Perpignan,74058,80,23.0,22.8,52.4,50.7,7.6,9.7,6.0,2.0,3.3,0.345,9.1,0,,ED,5,quasi impossible,ED,100.0,mesure,mesuree
frag,66-02,66,Canet-En-Roussillon,104416,126,17.1,19.1,61.4,49.5,7.6,9.7,6.0,2.6,3.3,0.332,6.9,0,,ED,5,quasi impossible,ED,100.0,mesure,mesuree
frag,66-03,66,Perpignan,84595,155,25.5,19.6,50.4,47.3,7.6,9.7,6.0,4.5,3.3,0.343,10.1,0,,ED,5,quasi impossible,ED,100.0,mesure,mesuree
frag,66-04,66,Argelès-Sur-Mer,101277,120,26.1,17.4,54.0,46.3,7.6,9.7,6.0,2.6,3.3,0.31,10.8,0,,ED,5,quasi impossible,ED,100.0,mesure,mesuree
frag,67-01,67,Strasbourg,62481,65,53.0,23.1,22.6,44.2,7.6,9.7,6.0,1.2,3.3,0.369,20.1,0,,CD,5,quasi impossible,CD,100.0,mesure,mesuree
frag,67-02,67,Strasbourg,71094,70,45.2,25.4,28.3,47.2,7.6,9.7,6.0,0.9,3.3,0.42,19.0,0,,ED,5,quasi impossible,CD,100.0,mesure,mesuree
frag,67-03,67,Strasbourg,70945,78,38.6,28.4,30.4,49.3,7.6,9.7,6.0,2.6,3.3,0.472,18.2,0,,ED,5,quasi impossible,CD,100.0,mesure,mesuree
frag,67-04,67,Lingolsheim,99049,114,18.4,40.8,38.2,45.2,7.6,9.7,6.0,2.6,3.3,0.383,7.0,0,,CD,5,quasi impossible,CD,100.0,mesure,mesuree
frag,67-05,67,Sélestat,107594,125,16.4,37.3,41.3,47.3,7.6,9.7,6.0,4.7,3.3,0.304,6.9,0,,ED,5,quasi impossible,CD,100.0,mesure,mesuree
frag,67-06,67,Obernai,97539,121,14.4,39.4,42.9,46.9,7.6,9.7,6.0,3.1,3.3,0.3,6.0,0,,ED,5,quasi impossible,CD,100.0,mesure,mesuree
frag,67-07,67,Saverne,86142,180,9.9,41.8,43.1,47.7,7.6,9.7,6.0,5.1,3.3,0.274,4.3,0,,ED,5,quasi impossible,CD,100.0,mesure,mesuree
frag,67-08,67,Wissembourg,94678,144,6.1,42.0,48.0,50.5,7.6,9.7,6.0,3.8,3.3,0.289,2.6,0,,ED,5,quasi impossible,ED,100.0,mesure,mesuree
frag,67-09,67,Haguenau,95422,106,11.9,39.7,44.0,49.4,7.6,9.7,6.0,4.3,3.3,0.344,4.7,0,,ED,5,quasi impossible,CD,100.0,mesure,mesuree
frag,68-01,68,Colmar,78987,82,16.2,43.3,37.3,50.1,7.6,9.7,6.0,3.1,3.3,0.356,6.2,0,,CD,5,quasi impossible,CD,100.0,mesure,mesuree
frag,68-02,68,Guebwiller,92476,114,16.5,40.0,39.1,45.6,7.6,9.7,6.0,4.1,3.3,0.275,7.2,0,,CD,5,quasi impossible,CD,100.0,mesure,mesuree
frag,68-03,68,Saint-Louis,86586,156,14.4,37.9,41.4,48.3,7.6,9.7,6.0,6.1,3.3,0.348,5.7,0,,ED,5,quasi impossible,CD,100.0,mesure,mesuree
frag,68-04,68,Wittelsheim,104237,124,16.4,32.3,48.6,50.2,7.6,9.7,6.0,2.6,3.3,0.335,6.5,0,,ED,5,quasi impossible,ED,100.0,mesure,mesuree
frag,68-05,68,Mulhouse,75776,90,26.7,34.4,36.1,51.7,7.6,9.7,6.0,2.8,3.3,0.343,10.5,0,,ED,5,quasi impossible,CD,100.0,mesure,mesuree
frag,68-06,68,Mulhouse,94174,117,22.6,28.9,45.4,53.3,7.6,9.7,6.0,3.2,3.3,0.448,10.1,0,,ED,5,quasi impossible,ED,100.0,mesure,mesuree
frag,69-01,69,Lyon,70790,73,43.8,30.7,26.2,40.8,7.6,9.7,6.0,0.0,3.3,0.369,16.6,0,,CD,5,quasi impossible,CD,100.0,mesure,mesuree
frag,69-02,69,Lyon,74611,75,47.0,28.5,23.1,35.7,7.6,9.7,6.0,1.2,3.3,0.369,17.8,0,,CD,5,quasi impossible,CD,100.0,mesure,mesuree
frag,69-03,69,Lyon,70822,73,52.0,25.0,24.4,37.7,7.6,9.7,6.0,0.0,3.3,0.369,19.7,0,,CD,5,quasi impossible,CD,100.0,mesure,mesuree
frag,69-04,69,Lyon,78040,83,36.6,37.9,26.5,36.6,7.6,9.7,6.0,0.0,3.3,0.369,13.9,0,,CD,5,quasi impossible,CD,100.0,mesure,mesuree
frag,69-05,69,Caluire-Et-Cuire,86749,99,24.1,42.5,33.7,39.8,7.6,9.7,6.0,0.0,3.3,0.323,9.8,0,,CD,5,quasi impossible,CD,100.0,mesure,mesuree
frag,69-06,69,Villeurbanne,90839,79,61.1,10.6,27.3,51.1,7.6,9.7,6.0,0.9,3.3,0.546,33.4,1,28.2,ED,1,victoire facile,G,100.0,mesure,mesuree
frag,69-07,69,Vaulx-En-Velin,72607,71,44.5,25.0,28.7,55.9,7.6,9.7,6.0,2.2,3.3,0.66,29.4,1,16.6,ED,1,victoire facile,G,100.0,mesure,mesuree
frag,69-08,69,Ecully,104640,137,21.1,39.6,39.5,41.9,7.6,9.7,6.0,0.0,3.3,0.333,8.5,0,,CD,5,quasi impossible,CD,100.0,mesure,mesuree
frag,69-09,69,Villefranche-Sur-Saône,97598,125,20.8,38.0,41.0,45.5,7.6,9.7,6.0,0.2,3.3,0.38,7.9,0,,ED,5,quasi impossible,CD,100.0,mesure,mesuree
frag,69-10,69,Saint-Genis-Laval,98181,112,22.4,41.3,37.2,41.0,7.6,9.7,6.0,0.0,3.3,0.303,9.4,0,,CD,5,quasi impossible,CD,100.0,mesure,mesuree
frag,69-11,69,Givors,95693,110,24.2,33.7,41.8,45.9,7.6,9.7,6.0,0.2,3.3,0.4,9.7,0,,ED,5,quasi impossible,CD,100.0,mesure,mesuree
frag,69-12,69,Oullins-Pierre-Bénite,75443,87,27.4,40.9,32.4,40.4,7.6,9.7,6.0,0.0,3.3,0.375,10.3,0,,CD,5,quasi impossible,CD,100.0,mesure,mesuree
frag,69-13,69,Meyzieu,86873,101,24.1,32.4,43.4,48.5,7.6,9.7,6.0,0.3,3.3,0.516,12.4,0,,ED,5,quasi impossible,ED,100.0,mesure,mesuree
frag,69-14,69,Vénissieux,75928,82,45.3,15.2,38.1,59.8,7.6,9.7,6.0,1.8,3.3,0.748,33.9,1,7.1,ED,2,jouable,G,100.0,mesure,mesuree
frag,70-01,70,Vesoul,88355,352,15.7,30.9,53.0,43.9,7.6,9.7,6.0,0.3,3.3,0.312,6.5,0,,ED,5,quasi impossible,ED,100.0,mesure,mesuree
frag,70-02,70,Héricourt,89378,262,19.5,25.4,56.0,46.2,7.6,9.7,6.0,0.0,3.3,0.323,7.9,0,,ED,5,quasi impossible,ED,100.0,mesure,mesuree
frag,71-01,71,Mâcon,75060,141,25.3,32.6,41.4,45.8,7.6,9.7,6.0,0.7,3.3,0.319,10.3,0,,ED,5,quasi impossible,CD,100.0,mesure,mesuree
frag,71-02,71,Paray-Le-Monial,76621,175,15.2,41.5,42.1,43.9,7.6,9.7,6.0,1.2,3.3,0.283,6.5,0,,ED,5,quasi impossible,CD,100.0,mesure,mesuree
frag,71-03,71,Autun,73980,156,17.9,32.8,49.8,44.9,7.6,9.7,6.0,0.0,3.3,0.304,7.5,0,,ED,5,quasi impossible,ED,100.0,mesure,mesuree
frag,71-04,71,Chalon-Sur-Saône,83477,150,30.2,20.7,49.1,48.0,7.6,9.7,6.0,0.0,3.3,0.296,12.8,0,,ED,5,quasi impossible,ED,100.0,mesure,mesuree
frag,71-05,71,Chalon-Sur-Saône,85091,112,23.9,35.5,40.5,47.8,7.6,9.7,6.0,0.2,3.3,0.36,9.2,0,,ED,5,quasi impossible,CD,100.0,mesure,mesuree
frag,72-01,72,Le Mans,73766,110,26.0,34.9,38.8,46.5,7.6,9.7,6.0,0.2,3.3,0.277,11.3,0,,ED,5,quasi impossible,CD,100.0,mesure,mesuree
frag,72-02,72,Le Mans,83764,99,42.0,16.6,41.5,52.5,7.6,9.7,6.0,0.0,3.3,0.279,18.2,1,-2.9,ED,3,disputé,ED,100.0,mesure,mesuree
frag,72-03,72,La Flèche,85878,129,19.0,30.6,49.8,48.9,7.6,9.7,6.0,0.6,3.3,0.277,8.2,0,,ED,5,quasi impossible,ED,100.0,mesure,mesuree
frag,72-04,72,Le Mans,81439,115,28.6,26.8,43.4,49.0,7.6,9.7,6.0,1.1,3.3,0.303,12.0,0,,ED,5,quasi impossible,ED,100.0,mesure,mesuree
frag,72-05,72,Le Mans,87032,153,25.9,27.7,46.4,49.2,7.6,9.7,6.0,0.0,3.3,0.293,11.0,0,,ED,5,quasi impossible,ED,100.0,mesure,mesuree
frag,73-01,73,Aix-Les-Bains,92486,127,22.9,33.9,41.9,43.8,7.6,9.7,6.0,1.2,3.3,0.301,9.6,0,,ED,5,quasi impossible,CD,100.0,mesure,mesuree
frag,73-02,73,Albertville,75626,118,22.2,34.8,39.5,47.2,7.6,9.7,6.0,3.2,3.3,0.288,9.5,0,,ED,5,quasi impossible,CD,100.0,mesure,mesuree
frag,73-03,73,La Ravoire,73609,133,20.9,37.5,41.4,42.6,7.6,9.7,6.0,0.0,3.3,0.289,8.9,0,,ED,5,quasi impossible,CD,100.0,mesure,mesuree
frag,73-04,73,Chambéry,79612,100,36.8,25.1,36.6,43.9,7.6,9.7,6.0,1.5,3.3,0.368,14.0,0,,ED,5,quasi impossible,CD,100.0,mesure,mesuree
frag,74-01,74,Annecy,106505,118,21.9,39.4,37.7,44.1,7.6,9.7,6.0,0.8,3.3,0.267,9.6,0,,CD,5,quasi impossible,CD,100.0,mesure,mesuree
frag,74-02,74,Annecy,98954,109,25.9,38.0,34.2,44.4,7.6,9.7,6.0,1.7,3.3,0.257,11.5,0,,CD,5,quasi impossible,CD,100.0,mesure,mesuree
frag,74-03,74,Bonneville,89010,107,23.2,32.8,41.2,47.7,7.6,9.7,6.0,2.4,3.3,0.325,9.4,0,,ED,5,quasi impossible,CD,100.0,mesure,mesuree
frag,74-04,74,Annemasse,89378,107,25.4,38.6,32.0,52.1,7.6,9.7,6.0,3.8,3.3,0.427,10.9,0,,CD,5,quasi impossible,CD,100.0,mesure,mesuree
frag,74-05,74,Thonon-Les-Bains,101666,113,23.6,35.5,37.3,48.9,7.6,9.7,6.0,3.4,3.3,0.318,9.6,0,,ED,5,quasi impossible,CD,100.0,mesure,mesuree
frag,74-06,74,Sallanches,81261,89,21.6,34.9,41.3,48.8,7.6,9.7,6.0,2.0,3.3,0.311,8.9,0,,ED,5,quasi impossible,CD,100.0,mesure,mesuree
frag,75-01,75,Paris,70315,51,27.5,52.3,20.1,36.6,7.6,9.7,6.0,0.0,3.3,0.369,10.4,0,,CD,5,quasi impossible,CD,100.0,mesure,mesuree
frag,75-02,75,Paris,74579,54,30.3,47.7,20.1,34.8,7.6,9.7,6.0,1.7,3.3,0.369,11.5,0,,CD,5,quasi impossible,CD,100.0,mesure,mesuree
frag,75-03,75,Paris,72159,48,47.4,34.4,18.5,39.0,7.6,9.7,6.0,0.0,3.3,0.369,17.9,0,,CD,5,quasi impossible,CD,100.0,mesure,mesuree
frag,75-04,75,Paris,73204,48,15.4,60.7,23.8,39.3,7.6,9.7,6.0,0.0,3.3,0.369,5.8,0,,CD,5,quasi impossible,CD,100.0,mesure,mesuree
frag,75-05,75,Paris,57005,39,60.4,23.2,16.9,37.5,7.6,9.7,6.0,0.0,3.3,0.369,22.9,1,27.8,CD,2,jouable,G,100.0,mesure,mesuree
frag,75-06,75,Paris,81237,48,63.9,19.4,17.0,38.3,7.6,9.7,6.0,0.0,3.3,0.369,24.2,1,34.9,CD,1,victoire facile,G,100.0,mesure,mesuree
frag,75-07,75,Paris,61637,38,55.5,28.1,17.3,35.3,7.6,9.7,6.0,0.0,3.3,0.369,21.0,1,18.3,CD,2,jouable,G,100.0,mesure,mesuree
frag,75-08,75,Paris,85297,59,50.8,28.7,20.5,39.2,7.6,9.7,6.0,0.1,3.3,0.369,19.2,0,,CD,5,quasi impossible,CD,100.0,mesure,mesuree
frag,75-09,75,Paris,69990,45,53.6,25.4,20.8,40.3,7.6,9.7,6.0,0.3,3.3,0.369,20.3,0,,CD,5,quasi impossible,CD,100.0,mesure,mesuree
frag,75-10,75,Paris,69062,44,52.0,26.9,20.7,40.2,7.6,9.7,6.0,0.3,3.3,0.369,19.7,0,,CD,5,quasi impossible,CD,100.0,mesure,mesuree
frag,75-11,75,Paris,72872,51,43.0,37.6,19.8,34.8,7.6,9.7,6.0,0.0,3.3,0.369,16.3,0,,CD,5,quasi impossible,CD,100.0,mesure,mesuree
frag,75-12,75,Paris,75515,50,26.4,50.3,23.1,35.9,7.6,9.7,6.0,0.0,3.3,0.369,10.0,0,,CD,5,quasi impossible,CD,100.0,mesure,mesuree
frag,75-13,75,Paris,77751,51,36.1,40.7,23.0,38.9,7.6,9.7,6.0,0.1,3.3,0.369,13.7,0,,CD,5,quasi impossible,CD,100.0,mesure,mesuree
frag,75-14,75,Paris,76408,52,11.1,63.5,25.5,38.8,7.6,9.7,6.0,0.0,3.3,0.369,4.2,0,,CD,5,quasi impossible,CD,100.0,mesure,mesuree
frag,75-15,75,Paris,79598,51,67.7,14.3,18.5,41.4,7.6,9.7,6.0,0.0,3.3,0.369,25.6,1,47.2,ED,1,victoire facile,G,100.0,mesure,mesuree
frag,75-16,75,Paris,76417,49,66.3,15.4,18.4,44.1,7.6,9.7,6.0,0.0,3.3,0.369,25.1,1,46.3,ED,1,victoire facile,G,100.0,mesure,mesuree
frag,75-17,75,Paris,63138,38,66.9,13.8,18.6,47.2,7.6,9.7,6.0,0.6,3.3,0.369,25.3,1,46.3,ED,1,victoire facile,G,100.0,mesure,mesuree
frag,75-18,75,Paris,70320,44,52.5,30.4,17.0,37.6,7.6,9.7,6.0,0.0,3.3,0.369,19.9,1,8.0,CD,2,jouable,G,100.0,mesure,mesuree
frag,76-01,76,Rouen,66601,72,46.7,26.1,27.2,44.7,7.6,9.7,6.0,0.0,3.3,0.343,18.4,0,,ED,5,quasi impossible,CD,100.0,mesure,mesuree
frag,76-02,76,Bois-Guillaume,95776,145,22.5,35.8,40.9,41.6,7.6,9.7,6.0,0.9,3.3,0.301,9.4,0,,ED,5,quasi impossible,CD,100.0,mesure,mesuree
frag,76-03,76,Sotteville-Lès-Rouen,69807,79,52.1,12.1,35.8,52.6,7.6,9.7,6.0,0.0,3.3,0.481,25.1,1,11.2,ED,2,jouable,G,100.0,mesure,mesuree
frag,76-04,76,Le Grand-Quevilly,85523,108,37.4,15.9,47.0,52.1,7.6,9.7,6.0,0.0,3.3,0.445,16.6,1,-12.2,ED,4,difficile,ED,100.0,mesure,mesuree
frag,76-05,76,Barentin,94874,128,32.3,19.1,49.3,48.1,7.6,9.7,6.0,0.0,3.3,0.296,13.6,0,,ED,5,quasi impossible,ED,100.0,mesure,mesuree
frag,76-06,76,Dieppe,109261,222,34.9,15.0,50.6,47.1,7.6,9.7,6.0,0.0,3.3,0.264,15.4,1,-18.1,ED,4,difficile,ED,100.0,mesure,mesuree
frag,76-07,76,Le Havre,83825,91,30.5,33.0,35.5,47.7,7.6,9.7,6.0,1.1,3.3,0.284,13.1,0,,ED,5,quasi impossible,CD,100.0,mesure,mesuree
frag,76-08,76,Le Havre,66184,75,45.3,16.1,38.4,56.8,7.6,9.7,6.0,0.1,3.3,0.336,18.1,1,2.5,ED,2,jouable,G,100.0,mesure,mesuree
frag,76-09,76,Fécamp,94910,165,18.5,30.1,51.8,46.8,7.6,9.7,6.0,0.0,3.3,0.282,8.0,0,,ED,5,quasi impossible,ED,100.0,mesure,mesuree
frag,76-10,76,Yvetot,108932,256,16.5,30.9,51.2,44.5,7.6,9.7,6.0,1.3,3.3,0.277,7.2,0,,ED,5,quasi impossible,ED,100.0,mesure,mesuree
frag,77-01,77,Melun,71339,76,33.1,25.8,39.8,52.5,7.6,9.7,6.0,1.4,3.3,0.525,17.4,0,,ED,5,quasi impossible,CD,100.0,mesure,mesuree
frag,77-02,77,Fontainebleau,80444,113,26.6,30.5,42.0,45.4,7.6,9.7,6.0,1.1,3.3,0.351,10.3,0,,ED,5,quasi impossible,CD,100.0,mesure,mesuree
frag,77-03,77,Montereau-Fault-Yonne,76326,102,28.0,27.5,43.3,49.6,7.6,9.7,6.0,1.3,3.3,0.446,12.5,0,,ED,5,quasi impossible,ED,100.0,mesure,mesuree
frag,77-04,77,Provins,88697,173,19.0,27.0,53.0,49.4,7.6,9.7,6.0,1.0,3.3,0.43,8.2,0,,ED,5,quasi impossible,ED,100.0,mesure,mesuree
frag,77-05,77,Coulommiers,88987,103,24.7,27.8,46.2,51.1,7.6,9.7,6.0,1.3,3.3,0.447,11.1,0,,ED,5,quasi impossible,ED,100.0,mesure,mesuree
frag,77-06,77,Meaux,82904,99,30.0,22.6,46.5,54.2,7.6,9.7,6.0,1.0,3.3,0.574,17.2,0,,ED,5,quasi impossible,ED,100.0,mesure,mesuree
frag,77-07,77,Villeparisis,89223,100,32.0,23.3,43.5,52.7,7.6,9.7,6.0,1.4,3.3,0.589,18.8,0,,ED,5,quasi impossible,ED,100.0,mesure,mesuree
frag,77-08,77,Bussy-Saint-Georges,94910,93,35.9,27.6,35.6,51.6,7.6,9.7,6.0,1.1,3.3,0.511,18.3,0,,ED,5,quasi impossible,CD,100.0,mesure,mesuree
frag,77-09,77,Pontault-Combault,87735,97,30.8,24.8,42.7,52.1,7.6,9.7,6.0,1.8,3.3,0.467,14.4,0,,ED,5,quasi impossible,ED,100.0,mesure,mesuree
frag,77-10,77,Chelles,79389,77,41.9,25.9,30.6,52.9,7.6,9.7,6.0,1.8,3.3,0.6,25.1,0,,ED,5,quasi impossible,CD,100.0,mesure,mesuree
frag,77-11,77,Savigny-Le-Temple,65734,61,52.5,10.5,36.7,56.0,7.6,9.7,6.0,0.7,3.3,0.595,31.2,1,12.0,ED,2,jouable,G,100.0,mesure,mesuree
frag,78-01,78,Versailles,83470,62,26.4,43.9,30.3,39.9,7.6,9.7,6.0,0.0,3.3,0.472,12.5,0,,CD,5,quasi impossible,CD,100.0,mesure,mesuree
frag,78-02,78,Versailles,85852,83,25.3,44.5,31.0,37.1,7.6,9.7,6.0,0.0,3.3,0.308,10.5,0,,CD,5,quasi impossible,CD,100.0,mesure,mesuree
frag,78-03,78,Le Chesnay-Rocquencourt,83521,84,21.6,46.5,32.6,40.0,7.6,9.7,6.0,0.0,3.3,0.354,8.4,0,,CD,5,quasi impossible,CD,100.0,mesure,mesuree
frag,78-04,78,Houilles,79688,67,25.8,46.0,28.7,39.9,7.6,9.7,6.0,0.0,3.3,0.361,9.9,0,,CD,5,quasi impossible,CD,100.0,mesure,mesuree
frag,78-05,78,Sartrouville,76766,72,26.4,54.3,19.1,40.9,7.6,9.7,6.0,0.6,3.3,0.431,11.4,0,,CD,5,quasi impossible,CD,100.0,mesure,mesuree
frag,78-06,78,Saint-Germain-En-Laye,76446,81,28.3,42.2,29.1,44.1,7.6,9.7,6.0,0.7,3.3,0.427,12.1,0,,CD,5,quasi impossible,CD,100.0,mesure,mesuree
frag,78-07,78,Conflans-Sainte-Honorine,81613,86,33.0,32.8,33.1,47.1,7.6,9.7,6.0,1.4,3.3,0.438,14.4,0,,ED,5,quasi impossible,CD,100.0,mesure,mesuree
frag,78-08,78,Mantes-La-Jolie,75347,84,41.5,17.8,37.6,55.3,7.6,9.7,6.0,3.5,3.3,0.714,29.6,1,4.2,ED,2,jouable,G,100.0,mesure,mesuree
frag,78-09,78,Les Mureaux,91899,124,29.4,27.0,41.8,48.8,7.6,9.7,6.0,1.9,3.3,0.498,14.6,0,,ED,5,quasi impossible,ED,100.0,mesure,mesuree
frag,78-10,78,Rambouillet,91685,105,25.6,38.6,35.9,40.2,7.6,9.7,6.0,0.1,3.3,0.346,10.1,0,,CD,5,quasi impossible,CD,100.0,mesure,mesuree
frag,78-11,78,Elancourt,70630,73,42.1,27.0,29.4,47.5,7.6,9.7,6.0,1.7,3.3,0.578,24.3,1,17.2,ED,2,jouable,G,100.0,mesure,mesuree
frag,78-12,78,Poissy,70613,85,31.4,35.9,32.6,43.6,7.6,9.7,6.0,0.3,3.3,0.445,14.0,0,,CD,5,quasi impossible,CD,100.0,mesure,mesuree
frag,79-01,79,Niort,91748,129,30.2,36.4,32.4,43.8,7.6,9.7,6.0,0.7,3.3,0.288,12.9,0,,CD,5,quasi impossible,CD,100.0,mesure,mesuree
frag,79-02,79,Parthenay,98054,196,38.4,20.0,40.7,45.4,7.6,9.7,6.0,0.7,3.3,0.284,16.5,0,,ED,5,quasi impossible,ED,100.0,mesure,mesuree
frag,79-03,79,Bressuire,85314,145,16.7,41.2,40.6,46.6,7.6,9.7,6.0,1.4,3.3,0.275,7.3,0,,CD,5,quasi impossible,CD,100.0,mesure,mesuree
frag,80-01,80,Amiens,83104,128,36.6,19.6,43.7,50.4,7.6,9.7,6.0,0.0,3.3,0.387,14.2,0,,ED,5,quasi impossible,ED,100.0,mesure,mesuree
frag,80-02,80,Amiens,76061,87,30.1,35.8,34.5,47.2,7.6,9.7,6.0,0.0,3.3,0.36,11.6,0,,CD,5,quasi impossible,CD,100.0,mesure,mesuree
frag,80-03,80,Friville-Escarbotin,81800,229,12.8,33.8,53.2,44.4,7.6,9.7,6.0,0.1,3.3,0.288,5.5,0,,ED,5,quasi impossible,ED,100.0,mesure,mesuree
frag,80-04,80,Corbie,85080,261,15.3,30.7,53.7,46.0,7.6,9.7,6.0,0.1,3.3,0.328,6.2,0,,ED,5,quasi impossible,ED,100.0,mesure,mesuree
frag,80-05,80,Albert,81191,270,13.5,28.3,58.3,48.4,7.6,9.7,6.0,0.0,3.3,0.346,5.3,0,,ED,5,quasi impossible,ED,100.0,mesure,mesuree
frag,81-01,81,Albi,85344,132,28.2,27.6,43.6,42.6,7.6,9.7,6.0,0.6,3.3,0.295,11.9,0,,ED,5,quasi impossible,ED,100.0,mesure,mesuree
frag,81-02,81,Albi,110310,194,31.1,21.6,45.0,41.8,7.6,9.7,6.0,2.4,3.3,0.354,12.0,0,,ED,5,quasi impossible,ED,100.0,mesure,mesuree
frag,81-03,81,Castres,104780,165,25.3,27.3,46.2,42.0,7.6,9.7,6.0,1.1,3.3,0.321,10.3,0,,ED,5,quasi impossible,ED,100.0,mesure,mesuree
frag,82-01,82,Montauban,93424,126,37.9,14.0,46.8,44.6,7.6,9.7,6.0,1.3,3.3,0.34,15.0,1,-12.4,ED,4,difficile,ED,100.0,mesure,mesuree
frag,82-02,82,Castelsarrasin,96517,168,33.1,11.9,54.3,45.5,7.6,9.7,6.0,0.7,3.3,0.323,13.5,1,-24.3,ED,4,difficile,ED,100.0,mesure,mesuree
frag,83-01,83,Toulon,71099,89,20.3,27.8,51.0,50.3,7.6,9.7,6.0,1.1,3.3,0.369,7.7,0,,ED,5,quasi impossible,ED,100.0,mesure,mesuree
frag,83-02,83,Toulon,92819,104,19.8,21.5,56.8,50.9,7.6,9.7,6.0,2.0,3.3,0.337,7.9,0,,ED,5,quasi impossible,ED,100.0,mesure,mesuree
frag,83-03,83,Hyères,103272,121,17.4,27.8,53.0,47.0,7.6,9.7,6.0,2.0,3.3,0.33,7.0,0,,ED,5,quasi impossible,ED,100.0,mesure,mesuree
frag,83-04,83,Sainte-Maxime,108501,120,12.4,23.0,63.3,50.7,7.6,9.7,6.0,1.4,3.3,0.358,4.8,0,,ED,5,quasi impossible,ED,100.0,mesure,mesuree
frag,83-05,83,Fréjus,97222,105,11.1,25.9,61.6,50.5,7.6,9.7,6.0,1.7,3.3,0.379,4.2,0,,ED,5,quasi impossible,ED,100.0,mesure,mesuree
frag,83-06,83,Saint-Maximin-La-Sainte-Baume,125513,139,16.1,22.4,59.4,49.0,7.6,9.7,6.0,2.2,3.3,0.332,6.5,0,,ED,5,quasi impossible,ED,100.0,mesure,mesuree
frag,83-07,83,La Seyne-Sur-Mer,102865,112,17.0,26.7,55.1,50.8,7.6,9.7,6.0,1.6,3.3,0.359,6.6,0,,ED,5,quasi impossible,ED,100.0,mesure,mesuree
frag,83-08,83,Draguignan,109475,134,17.6,22.1,57.9,49.0,7.6,9.7,6.0,2.4,3.3,0.33,7.1,0,,ED,5,quasi impossible,ED,100.0,mesure,mesuree
frag,84-01,84,Avignon,74020,91,37.9,15.8,45.4,55.1,7.6,9.7,6.0,1.1,3.3,0.556,21.1,1,-9.0,ED,4,difficile,ED,100.0,mesure,mesuree
frag,84-02,84,Cavaillon,85625,101,22.4,23.5,53.4,47.6,7.6,9.7,6.0,0.7,3.3,0.356,8.7,0,,ED,5,quasi impossible,ED,100.0,mesure,mesuree
frag,84-03,84,Sorgues,79341,92,18.5,20.8,60.6,49.8,7.6,9.7,6.0,0.2,3.3,0.41,7.6,0,,ED,5,quasi impossible,ED,100.0,mesure,mesuree
frag,84-04,84,Orange,89795,111,17.7,23.3,58.8,49.0,7.6,9.7,6.0,0.4,3.3,0.392,6.9,0,,ED,5,quasi impossible,ED,100.0,mesure,mesuree
frag,84-05,84,Pertuis,84944,112,23.9,26.4,48.4,46.6,7.6,9.7,6.0,1.3,3.3,0.335,9.5,0,,ED,5,quasi impossible,ED,100.0,mesure,mesuree
frag,85-01,85,Challans,115462,125,23.1,38.1,37.3,46.8,7.6,9.7,6.0,1.3,3.3,0.266,10.2,0,,CD,5,quasi impossible,CD,100.0,mesure,mesuree
frag,85-02,85,La Roche-Sur-Yon,113458,131,22.3,35.9,40.7,44.6,7.6,9.7,6.0,1.1,3.3,0.252,10.0,0,,ED,5,quasi impossible,CD,100.0,mesure,mesuree
frag,85-03,85,Les Sables-D'Olonne,131344,127,15.2,41.0,41.6,43.7,7.6,9.7,6.0,2.3,3.3,0.233,7.0,0,,ED,5,quasi impossible,CD,100.0,mesure,mesuree
frag,85-04,85,Montaigu-Vendée,104717,105,17.4,53.0,28.3,44.8,7.6,9.7,6.0,1.0,3.3,0.254,7.8,0,,CD,5,quasi impossible,CD,100.0,mesure,mesuree
frag,85-05,85,Fontenay-Le-Comte,82485,122,17.4,37.7,43.2,45.1,7.6,9.7,6.0,1.7,3.3,0.266,7.6,0,,ED,5,quasi impossible,CD,100.0,mesure,mesuree
frag,86-01,86,Poitiers,81053,100,37.8,26.0,35.0,45.2,7.6,9.7,6.0,0.9,3.3,0.293,16.0,0,,ED,5,quasi impossible,CD,100.0,mesure,mesuree
frag,86-02,86,Poitiers,78411,88,37.5,28.8,32.5,41.7,7.6,9.7,6.0,1.0,3.3,0.292,15.9,0,,ED,5,quasi impossible,CD,100.0,mesure,mesuree
frag,86-03,86,Chauvigny,72043,134,27.8,26.7,44.7,43.9,7.6,9.7,6.0,0.7,3.3,0.285,11.9,0,,ED,5,quasi impossible,ED,100.0,mesure,mesuree
frag,86-04,86,Châtellerault,73679,132,21.4,29.9,47.9,48.3,7.6,9.7,6.0,0.7,3.3,0.325,8.7,0,,ED,5,quasi impossible,ED,100.0,mesure,mesuree
frag,87-01,87,Limoges,83948,114,35.1,24.7,39.1,43.5,7.6,9.7,6.0,1.0,3.3,0.313,14.5,0,,ED,5,quasi impossible,CD,100.0,mesure,mesuree
frag,87-02,87,Limoges,98338,137,36.2,21.6,42.1,41.3,7.6,9.7,6.0,0.0,3.3,0.284,15.6,0,,ED,5,quasi impossible,ED,100.0,mesure,mesuree
frag,87-03,87,Limoges,81393,127,32.4,25.9,40.5,43.3,7.6,9.7,6.0,1.1,3.3,0.303,13.6,0,,ED,5,quasi impossible,ED,100.0,mesure,mesuree
frag,88-01,88,Epinal,75984,132,16.0,41.1,41.9,47.7,7.6,9.7,6.0,0.9,3.3,0.338,6.4,0,,ED,5,quasi impossible,CD,100.0,mesure,mesuree
frag,88-02,88,Saint-Dié-Des-Vosges,71896,148,14.0,34.1,52.3,48.0,7.6,9.7,6.0,0.0,3.3,0.312,5.8,0,,ED,5,quasi impossible,ED,100.0,mesure,mesuree
frag,88-03,88,Gérardmer,63350,83,13.2,46.7,38.5,44.3,7.6,9.7,6.0,1.5,3.3,0.293,5.6,0,,CD,5,quasi impossible,CD,100.0,mesure,mesuree
frag,88-04,88,Neufchâteau,64121,290,21.4,29.2,50.3,44.8,7.6,9.7,6.0,0.0,3.3,0.285,9.2,0,,ED,5,quasi impossible,ED,100.0,mesure,mesuree
frag,89-01,89,Auxerre,74973,158,23.1,29.9,46.2,44.6,7.6,9.7,6.0,0.7,3.3,0.346,9.1,0,,ED,5,quasi impossible,ED,100.0,mesure,mesuree
frag,89-02,89,Avallon,72260,255,20.7,26.1,52.0,46.6,7.6,9.7,6.0,1.0,3.3,0.35,8.1,0,,ED,5,quasi impossible,ED,100.0,mesure,mesuree
frag,89-03,89,Sens,89716,161,21.8,21.8,55.9,50.1,7.6,9.7,6.0,0.5,3.3,0.412,9.0,0,,ED,5,quasi impossible,ED,100.0,mesure,mesuree
frag,90-01,90,Belfort,47553,81,20.5,35.8,43.1,46.8,7.6,9.7,6.0,0.5,3.3,0.395,8.1,0,,ED,5,quasi impossible,CD,100.0,mesure,mesuree
frag,90-02,90,Belfort,46433,70,25.9,31.8,42.5,46.0,7.6,9.7,6.0,0.0,3.3,0.376,9.7,0,,ED,5,quasi impossible,CD,100.0,mesure,mesuree
frag,91-01,91,Evry-Courcouronnes,69794,79,47.4,20.3,31.0,56.9,7.6,9.7,6.0,1.5,3.3,0.699,33.2,1,16.5,ED,1,victoire facile,G,100.0,mesure,mesuree
frag,91-02,91,Etampes,92918,124,28.0,25.4,45.8,48.7,7.6,9.7,6.0,0.8,3.3,0.428,12.0,0,,ED,5,quasi impossible,ED,100.0,mesure,mesuree
frag,91-03,91,Brétigny-Sur-Orge,97409,106,33.8,25.9,38.9,45.7,7.6,9.7,6.0,1.5,3.3,0.413,14.0,0,,ED,5,quasi impossible,CD,100.0,mesure,mesuree
frag,91-04,91,Longjumeau,97943,110,29.1,31.8,37.9,44.7,7.6,9.7,6.0,1.4,3.3,0.398,11.6,0,,ED,5,quasi impossible,CD,100.0,mesure,mesuree
frag,91-05,91,Gif-Sur-Yvette,68066,71,40.2,35.9,24.7,38.2,7.6,9.7,6.0,0.0,3.3,0.377,15.2,0,,CD,5,quasi impossible,CD,100.0,mesure,mesuree
frag,91-06,91,Massy,81352,86,52.8,16.9,29.7,47.3,7.6,9.7,6.0,0.8,3.3,0.475,25.1,1,18.7,ED,2,jouable,G,100.0,mesure,mesuree
frag,91-07,91,Savigny-Sur-Orge,74148,72,39.6,26.5,32.5,51.1,7.6,9.7,6.0,1.6,3.3,0.577,22.9,0,,ED,5,quasi impossible,CD,100.0,mesure,mesuree
frag,91-08,91,Yerres,76565,86,33.1,22.8,43.4,49.9,7.6,9.7,6.0,1.1,3.3,0.492,16.3,0,,ED,5,quasi impossible,ED,100.0,mesure,mesuree
frag,91-09,91,Draveil,79787,90,37.2,24.8,35.5,49.8,7.6,9.7,6.0,2.8,3.3,0.54,20.1,0,,ED,5,quasi impossible,CD,100.0,mesure,mesuree
frag,91-10,91,Sainte-Geneviève-Des-Bois,62824,66,45.8,19.9,33.1,54.4,7.6,9.7,6.0,1.4,3.3,0.593,27.2,1,11.5,ED,2,jouable,G,100.0,mesure,mesuree
frag,92-01,92,Colombes,66736,66,64.0,11.9,23.7,57.2,7.6,9.7,6.0,0.9,3.3,0.836,53.5,1,39.8,ED,1,victoire facile,G,100.0,mesure,mesuree
frag,92-02,92,Asnières-Sur-Seine,68943,65,37.6,41.5,21.3,39.8,7.6,9.7,6.0,0.0,3.3,0.496,18.7,0,,CD,5,quasi impossible,CD,100.0,mesure,mesuree
frag,92-03,92,Courbevoie,83095,81,27.4,49.8,22.7,39.4,7.6,9.7,6.0,0.1,3.3,0.398,10.9,0,,CD,5,quasi impossible,CD,100.0,mesure,mesuree
frag,92-04,92,Nanterre,80390,82,51.3,22.7,25.8,49.0,7.6,9.7,6.0,0.4,3.3,0.611,31.4,1,24.5,ED,1,victoire facile,G,100.0,mesure,mesuree
frag,92-05,92,Levallois-Perret,77069,77,35.9,41.3,22.8,43.5,7.6,9.7,6.0,0.2,3.3,0.505,18.1,0,,CD,5,quasi impossible,CD,100.0,mesure,mesuree
frag,92-06,92,Neuilly-Sur-Seine,76447,81,16.8,56.3,27.8,38.0,7.6,9.7,6.0,0.0,3.3,0.424,7.1,0,,CD,5,quasi impossible,CD,100.0,mesure,mesuree
frag,92-07,92,Rueil-Malmaison,88339,90,22.5,50.3,27.0,38.8,7.6,9.7,6.0,0.7,3.3,0.36,8.6,0,,CD,5,quasi impossible,CD,100.0,mesure,mesuree
frag,92-08,92,Meudon,69015,73,31.1,45.1,24.6,37.0,7.6,9.7,6.0,0.0,3.3,0.321,12.7,0,,CD,5,quasi impossible,CD,100.0,mesure,mesuree
frag,92-09,92,Boulogne-Billancourt,63463,61,19.6,58.0,23.1,37.0,7.6,9.7,6.0,0.0,3.3,0.369,7.4,0,,CD,5,quasi impossible,CD,100.0,mesure,mesuree
frag,92-10,92,Issy-Les-Moulineaux,78246,83,35.0,41.4,24.3,38.7,7.6,9.7,6.0,0.0,3.3,0.372,13.2,0,,CD,5,quasi impossible,CD,100.0,mesure,mesuree
frag,92-11,92,Montrouge,71659,76,51.7,24.3,24.1,43.6,7.6,9.7,6.0,0.0,3.3,0.478,24.7,1,12.6,CD,1,victoire facile,G,100.0,mesure,mesuree
frag,92-12,92,Clamart,93165,101,37.9,35.9,26.0,40.6,7.6,9.7,6.0,0.4,3.3,0.403,15.3,0,,CD,5,quasi impossible,CD,100.0,mesure,mesuree
frag,92-13,92,Antony,88374,91,35.2,41.8,24.1,38.3,7.6,9.7,6.0,0.0,3.3,0.402,14.1,0,,CD,5,quasi impossible,CD,100.0,mesure,mesuree
frag,93-01,93,Epinay-Sur-Seine,64571,67,68.6,9.4,21.5,57.4,7.6,9.7,6.0,0.7,3.3,0.683,46.9,1,42.9,ED,1,victoire facile,G,100.0,mesure,mesuree
frag,93-02,93,Saint-Denis,59304,59,76.4,1.2,21.6,63.3,7.6,9.7,6.0,1.3,3.3,0.849,64.9,1,51.9,ED,1,victoire facile,G,100.0,mesure,mesuree
frag,93-03,93,Noisy-Le-Grand,76122,80,41.8,27.1,28.3,50.3,7.6,9.7,6.0,3.0,3.3,0.564,23.6,0,,ED,5,quasi impossible,CD,100.0,mesure,mesuree
frag,93-04,93,Le Blanc-Mesnil,67437,65,65.8,4.6,25.0,64.1,7.6,9.7,6.0,5.1,3.3,0.877,57.7,1,39.4,ED,1,victoire facile,G,100.0,mesure,mesuree
frag,93-05,93,Drancy,65908,66,51.5,21.9,24.5,60.3,7.6,9.7,6.0,2.6,3.3,0.827,42.6,1,28.8,ED,1,victoire facile,G,100.0,mesure,mesuree
frag,93-06,93,Aubervilliers,58257,47,70.8,6.2,20.9,57.1,7.6,9.7,6.0,2.4,3.3,0.662,46.9,1,44.5,ED,1,victoire facile,G,100.0,mesure,mesuree
frag,93-07,93,Montreuil,82459,75,77.2,3.1,19.7,50.4,7.6,9.7,6.0,0.1,3.3,0.568,43.8,1,54.4,ED,1,victoire facile,G,100.0,mesure,mesuree
frag,93-08,93,Rosny-Sous-Bois,60435,65,46.9,19.7,32.4,52.8,7.6,9.7,6.0,1.3,3.3,0.619,29.0,1,13.4,ED,2,jouable,G,100.0,mesure,mesuree
frag,93-09,93,Noisy-Le-Sec,72519,73,64.4,11.2,24.1,53.7,7.6,9.7,6.0,0.7,3.3,0.595,38.3,1,35.2,ED,1,victoire facile,G,100.0,mesure,mesuree
frag,93-10,93,Aulnay-Sous-Bois,67983,81,49.2,22.4,26.8,58.2,7.6,9.7,6.0,2.1,3.3,0.788,38.8,1,23.9,ED,1,victoire facile,G,100.0,mesure,mesuree
frag,93-11,93,Sevran,64617,73,63.4,8.0,27.5,62.7,7.6,9.7,6.0,1.7,3.3,0.852,54.1,1,34.9,ED,1,victoire facile,G,100.0,mesure,mesuree
frag,93-12,93,Livry-Gargan,65314,70,40.4,22.8,33.6,57.3,7.6,9.7,6.0,3.7,3.3,0.723,29.2,1,8.2,ED,2,jouable,G,100.0,mesure,mesuree
frag,94-01,94,Saint-Maur-Des-Fossés,82182,76,34.1,39.1,27.5,42.8,7.6,9.7,6.0,0.0,3.3,0.396,13.5,0,,CD,5,quasi impossible,CD,100.0,mesure,mesuree
frag,94-02,94,Créteil,60632,67,55.8,16.6,27.2,54.4,7.6,9.7,6.0,0.8,3.3,0.719,40.1,1,27.5,ED,1,victoire facile,G,100.0,mesure,mesuree
frag,94-03,94,Limeil-Brévannes,74372,80,39.9,24.9,33.6,53.5,7.6,9.7,6.0,1.9,3.3,0.667,26.6,1,7.5,ED,2,jouable,G,100.0,mesure,mesuree
frag,94-04,94,Sucy-En-Brie,72020,78,31.9,32.9,34.2,47.5,7.6,9.7,6.0,1.3,3.3,0.509,16.2,0,,ED,5,quasi impossible,CD,100.0,mesure,mesuree
frag,94-05,94,Champigny-Sur-Marne,85636,85,37.1,34.4,27.7,46.9,7.6,9.7,6.0,1.1,3.3,0.376,13.9,0,,CD,5,quasi impossible,CD,100.0,mesure,mesuree
frag,94-06,94,Fontenay-Sous-Bois,82431,80,42.6,33.8,24.0,39.6,7.6,9.7,6.0,0.0,3.3,0.374,16.0,0,,CD,5,quasi impossible,CD,100.0,mesure,mesuree
frag,94-07,94,L'Haÿ-Les-Roses,65684,61,41.9,29.2,27.2,49.2,7.6,9.7,6.0,2.0,3.3,0.555,23.3,0,,CD,5,quasi impossible,CD,100.0,mesure,mesuree
frag,94-08,94,Maisons-Alfort,74524,78,34.4,41.5,23.8,40.3,7.6,9.7,6.0,0.4,3.3,0.43,14.8,0,,CD,5,quasi impossible,CD,100.0,mesure,mesuree
frag,94-09,94,Vitry-Sur-Seine,54445,59,60.2,11.6,27.2,53.9,7.6,9.7,6.0,1.3,3.3,0.53,31.9,1,27.4,ED,1,victoire facile,G,100.0,mesure,mesuree
frag,94-10,94,Ivry-Sur-Seine,64451,73,63.2,11.8,25.3,51.0,7.6,9.7,6.0,0.0,3.3,0.608,38.5,1,33.3,ED,1,victoire facile,G,100.0,mesure,mesuree
frag,94-11,94,Villejuif,66060,68,58.1,18.1,24.1,48.8,7.6,9.7,6.0,0.0,3.3,0.54,31.4,1,30.1,ED,1,victoire facile,G,100.0,mesure,mesuree
frag,95-01,95,Pontoise,82785,132,31.7,26.3,40.9,46.9,7.6,9.7,6.0,1.2,3.3,0.479,15.2,0,,ED,5,quasi impossible,ED,100.0,mesure,mesuree
frag,95-02,95,Saint-Ouen-L'Aumône,78709,80,33.8,27.0,37.4,49.0,7.6,9.7,6.0,1.9,3.3,0.481,16.3,0,,ED,5,quasi impossible,CD,100.0,mesure,mesuree
frag,95-03,95,Herblay-Sur-Seine,94424,104,35.8,27.6,35.5,48.9,7.6,9.7,6.0,1.3,3.3,0.545,19.5,0,,ED,5,quasi impossible,CD,100.0,mesure,mesuree
frag,95-04,95,Franconville,76262,75,38.1,28.8,33.2,47.7,7.6,9.7,6.0,0.2,3.3,0.519,19.8,0,,ED,5,quasi impossible,CD,100.0,mesure,mesuree
frag,95-05,95,Argenteuil,70843,67,55.0,16.8,25.2,57.7,7.6,9.7,6.0,3.4,3.3,0.807,44.4,1,30.1,ED,1,victoire facile,G,100.0,mesure,mesuree
frag,95-06,95,Sannois,75753,75,38.0,30.6,30.8,49.3,7.6,9.7,6.0,0.9,3.3,0.61,23.2,0,,ED,5,quasi impossible,CD,100.0,mesure,mesuree
frag,95-07,95,Montmorency,68539,70,38.8,25.4,35.6,52.3,7.6,9.7,6.0,0.6,3.3,0.525,20.4,0,,ED,5,quasi impossible,CD,100.0,mesure,mesuree
frag,95-08,95,Garges-Lès-Gonesse,51214,53,54.4,16.2,28.1,63.4,7.6,9.7,6.0,2.2,3.3,0.905,49.3,1,28.1,ED,1,victoire facile,G,100.0,mesure,mesuree
frag,95-09,95,Goussainville,69303,86,39.9,20.8,38.3,57.9,7.6,9.7,6.0,1.4,3.3,0.733,29.2,1,2.7,ED,2,jouable,G,100.0,mesure,mesuree
frag,95-10,95,Cergy,62461,68,46.4,23.2,29.8,52.1,7.6,9.7,6.0,0.8,3.3,0.548,25.4,1,15.3,ED,2,jouable,G,100.0,mesure,mesuree
frag,ZA-01,ZA,Les Abymes,75757,105,88.7,0.0,16.8,73.4,7.6,9.7,6.0,8.3,3.3,0.47,41.7,1,66.7,ED,1,victoire facile,G,100.0,mesure,mesuree
frag,ZA-02,ZA,Le Gosier,88708,115,51.7,11.4,20.1,70.9,7.6,9.7,6.0,16.8,3.3,0.448,23.2,1,25.9,ED,1,victoire facile,G,100.0,mesure,mesuree
frag,ZA-03,ZA,Baie-Mahault,85766,103,61.5,0.0,31.4,72.2,7.6,9.7,6.0,9.4,3.3,0.466,28.7,1,20.9,ED,2,jouable,G,100.0,mesure,mesuree
frag,ZA-04,ZA,Capesterre-Belle-Eau,68730,96,60.2,11.6,15.8,71.3,7.6,9.7,6.0,12.3,3.3,0.388,23.3,1,42.5,ED,1,victoire facile,G,100.0,mesure,mesuree
frag,ZB-01,ZB,Le Lamentin,80328,85,89.1,0.0,16.2,77.1,7.6,9.7,6.0,7.3,3.3,0.49,43.6,1,67.8,ED,1,victoire facile,G,100.0,mesure,mesuree
frag,ZB-02,ZB,Sainte-Marie,79675,101,70.3,7.4,17.0,72.6,7.6,9.7,6.0,5.3,3.3,0.461,32.4,1,50.5,ED,1,victoire facile,G,100.0,mesure,mesuree
frag,ZB-03,ZB,Fort-De-France,60258,61,78.7,0.0,15.3,75.6,7.6,9.7,6.0,14.4,3.3,0.483,38.0,1,58.8,ED,1,victoire facile,G,100.0,mesure,mesuree
frag,ZB-04,ZB,Ducos,84422,86,47.0,6.6,11.6,71.0,7.6,9.7,6.0,34.6,3.3,0.512,24.1,1,6.0,AU,2,jouable,AU,100.0,mesure,mesuree
frag,ZC-01,ZC,Cayenne,55455,74,47.7,16.6,11.5,69.1,7.6,9.7,6.0,23.9,3.3,0.512,24.4,1,17.3,AU,1,victoire facile,G,100.0,mesure,mesuree
frag,ZC-02,ZC,Saint-Laurent-Du-Maroni,47194,60,47.2,27.7,8.1,74.6,7.6,9.7,6.0,16.9,3.3,0.516,24.4,1,10.6,CD,2,jouable,G,100.0,mesure,mesuree
frag,ZD-01,ZD,Saint-Denis,88547,106,50.0,14.2,31.7,66.4,7.6,9.7,6.0,4.1,3.3,0.369,18.9,1,12.4,ED,2,jouable,G,100.0,mesure,mesuree
frag,ZD-02,ZD,Saint-Paul,101743,142,53.0,7.1,21.9,67.4,7.6,9.7,6.0,17.9,3.3,0.687,36.4,1,27.9,ED,1,victoire facile,G,100.0,mesure,mesuree
frag,ZD-03,ZD,Le Tampon,98835,129,29.9,31.1,34.0,64.5,7.6,9.7,6.0,5.0,3.3,0.603,18.0,0,,ED,5,quasi impossible,CD,100.0,mesure,mesuree
frag,ZD-04,ZD,Saint-Pierre,111483,160,42.8,23.2,28.4,60.6,7.6,9.7,6.0,5.4,3.3,0.695,29.7,1,15.4,ED,1,victoire facile,G,100.0,mesure,mesuree
frag,ZD-05,ZD,Saint-Benoît,90636,118,54.8,10.5,28.4,68.6,7.6,9.7,6.0,6.2,3.3,0.631,34.6,1,22.8,ED,1,victoire facile,G,100.0,mesure,mesuree
frag,ZD-06,ZD,Sainte-Marie,84755,111,59.1,9.1,27.8,67.6,7.6,9.7,6.0,4.0,3.3,0.508,30.0,1,25.0,ED,1,victoire facile,G,100.0,mesure,mesuree
frag,ZD-07,ZD,Saint-Paul,121146,164,42.1,25.2,26.0,66.3,7.6,9.7,6.0,6.5,3.3,0.527,22.2,0,,ED,5,quasi impossible,CD,100.0,mesure,mesuree
frag,ZM-01,ZM,Mamoudzou,45660,76,3.5,67.7,8.9,54.2,7.6,9.7,6.0,19.8,3.3,0.663,2.3,0,,CD,5,quasi impossible,CD,100.0,mesure,mesuree
frag,ZM-02,ZM,Sada,52449,107,0.0,66.5,28.0,53.2,7.6,9.7,6.0,6.9,3.3,0.625,0.0,0,,CD,5,quasi impossible,CD,100.0,mesure,mesuree
frag,ZN-01,ZN,Nouméa,97070,107,18.5,51.2,14.7,57.4,7.6,9.7,6.0,15.6,3.3,0.293,7.8,0,,CD,5,quasi impossible,CD,100.0,mesure,mesuree
frag,ZN-02,ZN,Dumbéa,121185,181,26.2,44.3,11.5,54.2,7.6,9.7,6.0,17.9,3.3,0.425,11.1,0,,CD,5,quasi impossible,CD,100.0,mesure,mesuree
frag,ZP-01,ZP,Papeete,73776,112,21.8,50.8,12.2,54.4,7.6,9.7,6.0,15.1,3.3,0.313,9.0,0,,CD,5,quasi impossible,CD,100.0,mesure,mesuree
frag,ZP-02,ZP,Mahina,65826,73,20.0,48.0,11.7,59.7,7.6,9.7,6.0,20.3,3.3,0.338,7.9,0,,CD,5,quasi impossible,CD,100.0,mesure,mesuree
frag,ZP-03,ZP,Faaa,62717,65,21.2,48.5,8.4,55.3,7.6,9.7,6.0,21.8,3.3,0.299,8.9,0,,CD,5,quasi impossible,CD,100.0,mesure,mesuree
frag,ZS-01,ZS,Saint-Pierre,5069,4,43.9,31.0,15.5,46.1,7.6,9.7,6.0,9.6,3.3,0.347,17.2,1,0.8,CD,2,jouable,G,100.0,mesure,mesuree
frag,ZW-01,ZW,Wallis-Et-Futuna,717,1,6.3,80.4,11.5,22.8,7.6,9.7,6.0,1.6,3.3,0.429,2.7,0,,CD,5,quasi impossible,CD,100.0,mesure,mesuree
frag,ZX-01,ZX,Saint-Martin,25227,24,0.0,72.9,15.2,71.5,7.6,9.7,6.0,15.5,3.3,0.358,0.0,0,,CD,5,quasi impossible,CD,100.0,mesure,mesuree
frag,ZZ-01,ZZ,Montreal,265932,15,29.6,43.7,19.1,72.1,7.6,9.7,6.0,7.6,3.3,0.348,11.6,0,,CD,5,quasi impossible,CD,100.0,mesure,mesuree
frag,ZZ-02,ZZ,Mexico,81400,25,30.7,39.1,20.4,80.0,7.6,9.7,6.0,9.8,3.3,0.379,11.6,0,,CD,5,quasi impossible,CD,100.0,mesure,mesuree
frag,ZZ-03,ZZ,Londres,160634,11,33.8,42.0,16.1,65.0,7.6,9.7,6.0,8.1,3.3,0.307,14.1,0,,CD,5,quasi impossible,CD,100.0,mesure,mesuree
frag,ZZ-04,ZZ,Bruxelles,158039,3,33.5,39.9,19.3,63.4,7.6,9.7,6.0,7.3,3.3,0.362,12.8,0,,CD,5,quasi impossible,CD,100.0,mesure,mesuree
frag,ZZ-05,ZZ,Madrid,115502,6,30.3,36.2,25.1,69.9,7.6,9.7,6.0,8.4,3.3,0.309,12.6,0,,CD,5,quasi impossible,CD,100.0,mesure,mesuree
frag,ZZ-06,ZZ,Geneve,159746,2,26.1,44.1,22.7,70.1,7.6,9.7,6.0,7.1,3.3,0.31,10.8,0,,CD,5,quasi impossible,CD,100.0,mesure,mesuree
frag,ZZ-07,ZZ,Berlin,130824,22,34.2,40.3,16.5,63.5,7.6,9.7,6.0,8.9,3.3,0.319,14.0,0,,CD,5,quasi impossible,CD,100.0,mesure,mesuree
frag,ZZ-08,ZZ,Tel Aviv,144844,12,9.1,62.4,16.1,81.0,7.6,9.7,6.0,12.4,3.3,0.334,3.6,0,,CD,5,quasi impossible,CD,100.0,mesure,mesuree
frag,ZZ-09,ZZ,Casablanca,130387,18,50.4,22.9,17.8,80.1,7.6,9.7,6.0,9.0,3.3,0.754,38.0,1,18.7,CD,1,victoire facile,G,100.0,mesure,mesuree
frag,ZZ-10,ZZ,Beyrouth,113791,46,24.8,41.5,23.7,74.6,7.6,9.7,6.0,10.0,3.3,0.589,14.6,0,,CD,5,quasi impossible,CD,100.0,mesure,mesuree
frag,ZZ-11,ZZ,Sydney,104526,48,31.2,35.2,25.6,66.7,7.6,9.7,6.0,8.1,3.3,0.322,12.7,0,,CD,5,quasi impossible,CD,100.0,mesure,mesuree
droite_unie,01-01,01,Bourg-En-Bresse,86843,114,21.7,33.7,44.1,45.5,7.6,9.7,6.0,0.3,3.3,1.0,21.7,0,,ED,5,quasi impossible,ED,100.0,mesure,mesuree
droite_unie,01-02,01,Miribel,99770,105,21.6,32.2,46.4,45.4,7.6,9.7,6.0,0.0,3.3,1.0,21.6,0,,ED,5,quasi impossible,ED,100.0,mesure,mesuree
droite_unie,01-03,01,Valserhône,84130,110,24.6,36.9,36.4,50.0,7.6,9.7,6.0,2.0,3.3,1.0,24.6,0,,CD,5,quasi impossible,CD,100.0,mesure,mesuree
droite_unie,01-04,01,Bourg-En-Bresse,94415,116,18.6,31.6,50.1,47.1,7.6,9.7,6.0,0.0,3.3,1.0,18.6,0,,ED,5,quasi impossible,ED,100.0,mesure,mesuree
droite_unie,01-05,01,Oyonnax,77526,138,22.0,33.3,43.6,48.0,7.6,9.7,6.0,1.1,3.3,1.0,22.0,0,,ED,5,quasi impossible,ED,100.0,mesure,mesuree
droite_unie,02-01,02,Laon,72024,224,15.9,25.8,57.3,50.0,7.6,9.7,6.0,0.9,3.3,1.0,15.9,0,,ED,5,quasi impossible,ED,100.0,mesure,mesuree
droite_unie,02-02,02,Saint-Quentin,73165,138,13.3,35.6,50.6,51.1,7.6,9.7,6.0,0.4,3.3,1.0,13.3,0,,ED,5,quasi impossible,ED,100.0,mesure,mesuree
droite_unie,02-03,02,Hirson,65988,203,41.2,0.1,58.5,52.3,7.6,9.7,6.0,0.2,3.3,1.0,41.2,1,-17.3,ED,4,difficile,ED,100.0,mesure,mesuree
droite_unie,02-04,02,Soissons,78549,143,18.0,23.3,58.1,54.4,7.6,9.7,6.0,0.6,3.3,1.0,18.0,0,,ED,5,quasi impossible,ED,100.0,mesure,mesuree
droite_unie,02-05,02,Château-Thierry,82511,263,16.8,25.8,56.8,50.3,7.6,9.7,6.0,0.6,3.3,1.0,16.8,0,,ED,5,quasi impossible,ED,100.0,mesure,mesuree
droite_unie,03-01,03,Moulins,88547,172,31.3,25.0,43.8,44.8,7.6,9.7,6.0,0.0,3.3,1.0,31.3,1,-12.5,ED,4,difficile,ED,100.0,mesure,mesuree
droite_unie,03-02,03,Montluçon,79877,145,27.0,31.1,40.7,44.6,7.6,9.7,6.0,1.1,3.3,1.0,27.0,1,-13.7,ED,4,difficile,ED,100.0,mesure,mesuree
droite_unie,03-03,03,Vichy,80068,131,19.8,36.8,42.4,44.6,7.6,9.7,6.0,1.0,3.3,1.0,19.8,0,,ED,5,quasi impossible,CD,100.0,mesure,mesuree
droite_unie,04-01,04,Digne-Les-Bains,58004,132,27.9,19.2,51.1,44.0,7.6,9.7,6.0,1.8,3.3,1.0,27.9,1,-23.2,ED,4,difficile,ED,100.0,mesure,mesuree
droite_unie,04-02,04,Manosque,62568,131,31.1,21.2,46.1,44.4,7.6,9.7,6.0,1.5,3.3,1.0,31.1,1,-14.9,ED,4,difficile,ED,100.0,mesure,mesuree
droite_unie,05-01,05,Gap,59179,110,29.5,26.0,42.9,43.6,7.6,9.7,6.0,1.5,3.3,1.0,29.5,1,-13.3,ED,4,difficile,ED,100.0,mesure,mesuree
droite_unie,05-02,05,Briançon,54517,97,32.9,26.0,37.7,41.0,7.6,9.7,6.0,3.1,3.3,1.0,32.9,1,-4.7,ED,3,disputé,ED,100.0,mesure,mesuree
droite_unie,06-01,06,Nice,81347,94,27.4,33.7,36.6,50.6,7.6,9.7,6.0,2.5,3.3,1.0,27.4,1,-9.1,ED,4,difficile,CD,100.0,mesure,mesuree
droite_unie,06-02,06,Grasse,87215,144,20.3,26.8,51.3,49.0,7.6,9.7,6.0,1.7,3.3,1.0,20.3,0,,ED,5,quasi impossible,ED,100.0,mesure,mesuree
droite_unie,06-03,06,Nice,91724,108,29.7,23.9,45.4,52.1,7.6,9.7,6.0,1.1,3.3,1.0,29.7,1,-15.6,ED,4,difficile,ED,100.0,mesure,mesuree
droite_unie,06-04,06,Menton,85660,122,16.8,23.0,58.7,51.1,7.6,9.7,6.0,1.7,3.3,1.0,16.8,0,,ED,5,quasi impossible,ED,100.0,mesure,mesuree
droite_unie,06-05,06,Nice,89884,122,25.6,23.2,47.4,49.7,7.6,9.7,6.0,3.9,3.3,1.0,25.6,1,-21.8,ED,4,difficile,ED,100.0,mesure,mesuree
droite_unie,06-06,06,Cagnes-Sur-Mer,80186,94,15.2,30.5,53.7,48.0,7.6,9.7,6.0,0.8,3.3,1.0,15.2,0,,ED,5,quasi impossible,ED,100.0,mesure,mesuree
droite_unie,06-07,06,Antibes,96284,116,17.3,39.8,41.7,46.1,7.6,9.7,6.0,1.4,3.3,1.0,17.3,0,,ED,5,quasi impossible,CD,100.0,mesure,mesuree
droite_unie,06-08,06,Cannes,84414,94,13.0,38.9,46.0,50.8,7.6,9.7,6.0,2.4,3.3,1.0,13.0,0,,ED,5,quasi impossible,ED,100.0,mesure,mesuree
droite_unie,06-09,06,Le Cannet,82386,88,17.1,34.2,46.6,49.1,7.6,9.7,6.0,2.3,3.3,1.0,17.1,0,,ED,5,quasi impossible,ED,100.0,mesure,mesuree
droite_unie,07-01,07,Le Teil,78947,128,38.1,14.9,45.9,45.4,7.6,9.7,6.0,1.0,3.3,1.0,38.1,1,-7.8,ED,3,disputé,ED,100.0,mesure,mesuree
droite_unie,07-02,07,Annonay,97138,136,22.8,34.3,40.4,42.2,7.6,9.7,6.0,2.4,3.3,1.0,22.8,1,-17.5,ED,4,difficile,CD,100.0,mesure,mesuree
droite_unie,07-03,07,Aubenas,81022,175,31.3,29.7,37.3,39.5,7.6,9.7,6.0,1.5,3.3,1.0,31.3,1,-5.9,ED,3,disputé,ED,100.0,mesure,mesuree
droite_unie,08-01,08,Charleville-Mézières,70664,226,18.2,30.6,50.9,49.4,7.6,9.7,6.0,0.2,3.3,1.0,18.2,0,,ED,5,quasi impossible,ED,100.0,mesure,mesuree
droite_unie,08-02,08,Charleville-Mézières,60281,108,16.0,39.6,43.1,52.1,7.6,9.7,6.0,1.1,3.3,1.0,16.0,0,,ED,5,quasi impossible,CD,100.0,mesure,mesuree
droite_unie,08-03,08,Sedan,54387,223,9.6,43.8,45.6,48.1,7.6,9.7,6.0,0.8,3.3,1.0,9.6,0,,ED,5,quasi impossible,CD,100.0,mesure,mesuree
droite_unie,09-01,09,Foix,57416,211,53.7,0.0,45.2,42.4,7.6,9.7,6.0,1.8,3.3,1.0,53.7,1,8.6,ED,1,victoire facile,G,100.0,mesure,mesuree
droite_unie,09-02,09,Pamiers,62051,165,51.2,1.6,45.4,44.2,7.6,9.7,6.0,1.8,3.3,1.0,51.2,1,5.8,ED,2,jouable,G,100.0,mesure,mesuree
droite_unie,10-01,10,Troyes,63973,238,10.5,31.3,57.7,47.4,7.6,9.7,6.0,0.5,3.3,1.0,10.5,0,,ED,5,quasi impossible,ED,100.0,mesure,mesuree
droite_unie,10-02,10,Troyes,73976,182,14.0,36.2,49.3,46.4,7.6,9.7,6.0,0.4,3.3,1.0,14.0,0,,ED,5,quasi impossible,ED,100.0,mesure,mesuree
droite_unie,10-03,10,Troyes,65463,114,23.4,26.8,49.5,50.9,7.6,9.7,6.0,0.3,3.3,1.0,23.4,0,,ED,5,quasi impossible,ED,100.0,mesure,mesuree
droite_unie,11-01,11,Carcassonne,97086,166,28.7,15.3,55.6,46.7,7.6,9.7,6.0,0.5,3.3,1.0,28.7,1,-26.8,ED,4,difficile,ED,100.0,mesure,mesuree
droite_unie,11-02,11,Narbonne,90860,99,26.0,20.5,52.5,48.2,7.6,9.7,6.0,1.1,3.3,1.0,26.0,1,-26.4,ED,4,difficile,ED,100.0,mesure,mesuree
droite_unie,11-03,11,Castelnaudary,88789,320,33.0,15.0,51.1,41.9,7.6,9.7,6.0,0.9,3.3,1.0,33.0,1,-18.0,ED,4,difficile,ED,100.0,mesure,mesuree
droite_unie,12-01,12,Rodez,77598,136,19.9,43.8,35.2,39.9,7.6,9.7,6.0,1.1,3.3,1.0,19.9,0,,CD,5,quasi impossible,CD,100.0,mesure,mesuree
droite_unie,12-02,12,Villefranche-De-Rouergue,68217,132,34.7,27.4,36.1,38.8,7.6,9.7,6.0,1.7,3.3,1.0,34.7,1,-1.3,ED,3,disputé,ED,100.0,mesure,mesuree
droite_unie,12-03,12,Millau,72271,158,28.5,32.1,38.6,40.1,7.6,9.7,6.0,0.7,3.3,1.0,28.5,1,-10.1,ED,4,difficile,CD,100.0,mesure,mesuree
droite_unie,13-01,13,Marseille,81211,72,26.3,22.3,51.2,53.2,7.6,9.7,6.0,0.4,3.3,1.0,26.3,1,-24.9,ED,4,difficile,ED,100.0,mesure,mesuree
droite_unie,13-02,13,Marseille,83554,77,27.5,32.4,40.3,46.6,7.6,9.7,6.0,0.1,3.3,1.0,27.5,1,-12.7,ED,4,difficile,CD,100.0,mesure,mesuree
droite_unie,13-03,13,Marseille,73955,67,34.6,13.7,51.6,58.4,7.6,9.7,6.0,0.4,3.3,1.0,34.6,1,-16.9,ED,4,difficile,ED,100.0,mesure,mesuree
droite_unie,13-04,13,Marseille,64567,60,66.3,5.5,25.6,56.4,7.6,9.7,6.0,2.8,3.3,1.0,66.3,1,40.7,ED,1,victoire facile,G,100.0,mesure,mesuree
droite_unie,13-05,13,Marseille,74450,67,46.2,17.7,35.6,49.6,7.6,9.7,6.0,0.7,3.3,1.0,46.2,1,10.6,ED,1,victoire facile,G,100.0,mesure,mesuree
droite_unie,13-06,13,Marseille,76852,74,26.0,27.4,46.0,53.2,7.6,9.7,6.0,0.8,3.3,1.0,26.0,0,,ED,5,quasi impossible,ED,100.0,mesure,mesuree
droite_unie,13-07,13,Marseille,67165,64,54.4,3.9,37.4,66.2,7.6,9.7,6.0,4.6,3.3,1.0,54.4,1,17.0,ED,1,victoire facile,G,100.0,mesure,mesuree
droite_unie,13-08,13,Salon-De-Provence,102899,104,19.8,30.2,49.1,48.5,7.6,9.7,6.0,0.9,3.3,1.0,19.8,0,,ED,5,quasi impossible,ED,100.0,mesure,mesuree
droite_unie,13-09,13,Aubagne,99711,101,23.7,25.6,50.1,49.8,7.6,9.7,6.0,0.8,3.3,1.0,23.7,0,,ED,5,quasi impossible,ED,100.0,mesure,mesuree
droite_unie,13-10,13,Allauch,109874,115,21.7,24.0,54.3,46.6,7.6,9.7,6.0,0.2,3.3,1.0,21.7,0,,ED,5,quasi impossible,ED,100.0,mesure,mesuree
droite_unie,13-11,13,Aix-En-Provence,91371,93,25.9,28.0,45.7,48.1,7.6,9.7,6.0,0.6,3.3,1.0,25.9,1,-19.7,ED,4,difficile,ED,100.0,mesure,mesuree
droite_unie,13-12,13,Vitrolles,95365,96,21.5,18.3,60.4,54.3,7.6,9.7,6.0,0.0,3.3,1.0,21.5,1,-38.9,ED,4,difficile,ED,100.0,mesure,mesuree
droite_unie,13-13,13,Martigues,93211,95,36.7,8.8,53.5,53.5,7.6,9.7,6.0,1.1,3.3,1.0,36.7,1,-16.8,ED,4,difficile,ED,100.0,mesure,mesuree
droite_unie,13-14,13,Aix-En-Provence,99168,102,29.7,30.8,38.5,45.5,7.6,9.7,6.0,1.0,3.3,1.0,29.7,1,-8.7,ED,4,difficile,CD,100.0,mesure,mesuree
droite_unie,13-15,13,Châteaurenard,104600,109,18.7,25.8,55.3,47.0,7.6,9.7,6.0,0.2,3.3,1.0,18.7,0,,ED,5,quasi impossible,ED,100.0,mesure,mesuree
droite_unie,13-16,13,Arles,91684,95,28.5,16.0,56.3,51.9,7.6,9.7,6.0,0.0,3.3,1.0,28.5,1,-27.7,ED,4,difficile,ED,100.0,mesure,mesuree
droite_unie,14-01,14,Caen,73296,84,35.8,35.8,28.6,41.5,7.6,9.7,6.0,0.0,3.3,1.0,35.8,1,-8.6,CD,4,difficile,G,100.0,mesure,mesuree
droite_unie,14-02,14,Caen,68236,81,42.7,23.6,33.2,46.5,7.6,9.7,6.0,0.4,3.3,1.0,42.7,1,9.5,ED,1,victoire facile,G,100.0,mesure,mesuree
droite_unie,14-03,14,Lisieux,79965,187,18.3,33.8,47.7,47.5,7.6,9.7,6.0,0.1,3.3,1.0,18.3,0,,ED,5,quasi impossible,ED,100.0,mesure,mesuree
droite_unie,14-04,14,Ouistreham,104874,171,18.8,39.0,40.7,44.0,7.6,9.7,6.0,1.5,3.3,1.0,18.8,0,,ED,5,quasi impossible,CD,100.0,mesure,mesuree
droite_unie,14-05,14,Bayeux,91224,188,23.2,36.5,39.8,41.8,7.6,9.7,6.0,0.5,3.3,1.0,23.2,1,-16.6,ED,4,difficile,CD,100.0,mesure,mesuree
droite_unie,14-06,14,Vire Normandie,96333,210,22.8,33.6,42.4,44.1,7.6,9.7,6.0,1.0,3.3,1.0,22.8,1,-19.5,ED,4,difficile,ED,100.0,mesure,mesuree
droite_unie,15-01,15,Aurillac,62314,117,18.1,46.3,34.1,40.6,7.6,9.7,6.0,1.4,3.3,1.0,18.1,0,,CD,5,quasi impossible,CD,100.0,mesure,mesuree
droite_unie,15-02,15,Saint-Flour,52310,176,11.2,50.7,36.3,40.3,7.6,9.7,6.0,1.8,3.3,1.0,11.2,0,,CD,5,quasi impossible,CD,100.0,mesure,mesuree
droite_unie,16-01,16,Angoulême,84158,101,35.7,26.7,37.4,46.5,7.6,9.7,6.0,0.0,3.3,1.0,35.7,1,-1.7,ED,3,disputé,ED,100.0,mesure,mesuree
droite_unie,16-02,16,Cognac,81709,183,21.6,32.2,45.2,45.6,7.6,9.7,6.0,1.0,3.3,1.0,21.6,0,,ED,5,quasi impossible,ED,100.0,mesure,mesuree
droite_unie,16-03,16,Brie,89903,223,29.2,21.8,46.8,43.6,7.6,9.7,6.0,2.1,3.3,1.0,29.2,1,-17.5,ED,4,difficile,ED,100.0,mesure,mesuree
droite_unie,17-01,17,La Rochelle,111882,123,69.4,0.0,30.9,46.6,7.6,9.7,6.0,1.0,3.3,1.0,69.4,1,38.6,ED,1,victoire facile,G,100.0,mesure,mesuree
droite_unie,17-02,17,Rochefort,111788,133,27.0,30.9,41.1,45.4,7.6,9.7,6.0,0.8,3.3,1.0,27.0,1,-14.0,ED,4,difficile,ED,100.0,mesure,mesuree
droite_unie,17-03,17,Saintes,83726,178,29.5,24.0,45.4,45.5,7.6,9.7,6.0,1.0,3.3,1.0,29.5,1,-15.8,ED,4,difficile,ED,100.0,mesure,mesuree
droite_unie,17-04,17,Royan,94544,200,15.2,33.9,49.3,45.2,7.6,9.7,6.0,1.6,3.3,1.0,15.2,0,,ED,5,quasi impossible,ED,100.0,mesure,mesuree
droite_unie,17-05,17,Tonnay-Charente,117414,145,20.4,29.0,49.1,44.5,7.6,9.7,6.0,1.5,3.3,1.0,20.4,0,,ED,5,quasi impossible,ED,100.0,mesure,mesuree
droite_unie,18-01,18,Bourges,70401,128,22.6,31.7,44.2,46.6,7.6,9.7,6.0,1.4,3.3,1.0,22.6,0,,ED,5,quasi impossible,ED,100.0,mesure,mesuree
droite_unie,18-02,18,Vierzon,67997,104,29.5,23.9,45.2,49.5,7.6,9.7,6.0,1.4,3.3,1.0,29.5,1,-15.6,ED,4,difficile,ED,100.0,mesure,mesuree
droite_unie,18-03,18,Bourges,83403,202,16.7,33.1,49.0,46.3,7.6,9.7,6.0,1.2,3.3,1.0,16.7,0,,ED,5,quasi impossible,ED,100.0,mesure,mesuree
droite_unie,19-01,19,Tulle,91442,217,36.0,25.4,36.9,38.1,7.6,9.7,6.0,1.6,3.3,1.0,36.0,1,-0.8,ED,3,disputé,ED,100.0,mesure,mesuree
droite_unie,19-02,19,Brive-La-Gaillarde,93265,163,26.3,32.3,40.2,41.9,7.6,9.7,6.0,1.2,3.3,1.0,26.3,1,-13.8,ED,4,difficile,CD,100.0,mesure,mesuree
droite_unie,21-01,21,Dijon,70495,82,32.5,35.5,32.1,41.4,7.6,9.7,6.0,0.0,3.3,1.0,32.5,1,-12.6,CD,4,difficile,CD,100.0,mesure,mesuree
droite_unie,21-02,21,Dijon,71295,125,28.2,30.1,41.5,45.7,7.6,9.7,6.0,0.0,3.3,1.0,28.2,1,-13.3,ED,4,difficile,ED,100.0,mesure,mesuree
droite_unie,21-03,21,Dijon,72426,93,32.1,25.9,42.7,47.7,7.6,9.7,6.0,0.0,3.3,1.0,32.1,1,-10.5,ED,4,difficile,ED,100.0,mesure,mesuree
droite_unie,21-04,21,Châtillon-Sur-Seine,67447,359,20.0,34.2,45.6,41.5,7.6,9.7,6.0,0.0,3.3,1.0,20.0,0,,ED,5,quasi impossible,ED,100.0,mesure,mesuree
droite_unie,21-05,21,Beaune,85576,248,17.7,34.1,48.2,44.8,7.6,9.7,6.0,0.0,3.3,1.0,17.7,0,,ED,5,quasi impossible,ED,100.0,mesure,mesuree
droite_unie,22-01,22,Saint-Brieuc,89063,107,34.4,32.4,32.2,41.3,7.6,9.7,6.0,0.9,3.3,1.0,34.4,1,-7.7,CD,3,disputé,G,100.0,mesure,mesuree
droite_unie,22-02,22,Dinan,104517,130,24.2,36.8,37.3,39.0,7.6,9.7,6.0,1.7,3.3,1.0,24.2,1,-13.1,ED,4,difficile,CD,100.0,mesure,mesuree
droite_unie,22-03,22,Lamballe-Armor,89421,131,20.4,45.4,32.3,39.8,7.6,9.7,6.0,1.7,3.3,1.0,20.4,0,,CD,5,quasi impossible,CD,100.0,mesure,mesuree
droite_unie,22-04,22,Guingamp,81566,144,35.5,24.4,39.1,40.3,7.6,9.7,6.0,1.0,3.3,1.0,35.5,1,-3.6,ED,3,disputé,ED,100.0,mesure,mesuree
droite_unie,22-05,22,Lannion,107217,139,33.0,30.2,35.1,38.0,7.6,9.7,6.0,1.9,3.3,1.0,33.0,1,-2.0,ED,3,disputé,ED,100.0,mesure,mesuree
droite_unie,23-01,23,Guéret,89980,279,23.7,36.4,38.0,40.7,7.6,9.7,6.0,2.0,3.3,1.0,23.7,1,-14.2,ED,4,difficile,CD,100.0,mesure,mesuree
droite_unie,24-01,24,Périgueux,77426,105,32.0,24.1,43.6,43.3,7.6,9.7,6.0,0.2,3.3,1.0,32.0,1,-11.5,ED,4,difficile,ED,100.0,mesure,mesuree
droite_unie,24-02,24,Bergerac,84286,191,29.4,22.2,47.5,43.5,7.6,9.7,6.0,1.0,3.3,1.0,29.4,1,-18.1,ED,4,difficile,ED,100.0,mesure,mesuree
droite_unie,24-03,24,Brantôme En Périgord,66947,182,28.3,25.6,45.4,38.6,7.6,9.7,6.0,0.6,3.3,1.0,28.3,1,-17.0,ED,4,difficile,ED,100.0,mesure,mesuree
droite_unie,24-04,24,Boulazac Isle Manoire,89941,211,35.1,21.9,41.0,40.0,7.6,9.7,6.0,2.0,3.3,1.0,35.1,1,-5.8,ED,3,disputé,ED,100.0,mesure,mesuree
droite_unie,25-01,25,Besançon,75793,134,34.7,28.2,37.7,45.4,7.6,9.7,6.0,0.0,3.3,1.0,34.7,1,-2.9,ED,3,disputé,ED,100.0,mesure,mesuree
droite_unie,25-02,25,Besançon,78875,142,32.2,31.2,36.8,42.9,7.6,9.7,6.0,0.0,3.3,1.0,32.2,1,-4.5,ED,3,disputé,ED,100.0,mesure,mesuree
droite_unie,25-03,25,Montbéliard,64748,197,19.6,32.5,47.2,47.7,7.6,9.7,6.0,0.7,3.3,1.0,19.6,0,,ED,5,quasi impossible,ED,100.0,mesure,mesuree
droite_unie,25-04,25,Audincourt,65469,94,24.4,23.2,52.4,52.1,7.6,9.7,6.0,0.1,3.3,1.0,24.4,1,-28.0,ED,4,difficile,ED,100.0,mesure,mesuree
droite_unie,25-05,25,Pontarlier,83261,188,14.9,47.5,36.2,45.7,7.6,9.7,6.0,1.0,3.3,1.0,14.9,0,,CD,5,quasi impossible,CD,100.0,mesure,mesuree
droite_unie,26-01,26,Valence,73659,81,31.2,31.4,36.9,47.8,7.6,9.7,6.0,0.4,3.3,1.0,31.2,1,-5.7,ED,3,disputé,CD,100.0,mesure,mesuree
droite_unie,26-02,26,Montélimar,97115,106,21.7,28.6,49.5,49.2,7.6,9.7,6.0,0.2,3.3,1.0,21.7,0,,ED,5,quasi impossible,ED,100.0,mesure,mesuree
droite_unie,26-03,26,Crest,108753,283,36.4,24.5,38.1,38.6,7.6,9.7,6.0,0.9,3.3,1.0,36.4,1,-1.6,ED,3,disputé,ED,100.0,mesure,mesuree
droite_unie,26-04,26,Romans-Sur-Isère,100702,126,26.2,30.2,42.8,45.4,7.6,9.7,6.0,0.6,3.3,1.0,26.2,1,-16.6,ED,4,difficile,ED,100.0,mesure,mesuree
droite_unie,27-01,27,Evreux,87391,151,21.2,25.5,52.1,50.1,7.6,9.7,6.0,1.1,3.3,1.0,21.2,0,,ED,5,quasi impossible,ED,100.0,mesure,mesuree
droite_unie,27-02,27,Evreux,79112,171,20.0,29.2,50.4,46.8,7.6,9.7,6.0,0.3,3.3,1.0,20.0,0,,ED,5,quasi impossible,ED,100.0,mesure,mesuree
droite_unie,27-03,27,Pont-Audemer,84868,189,14.4,31.1,53.9,46.3,7.6,9.7,6.0,0.4,3.3,1.0,14.4,0,,ED,5,quasi impossible,ED,100.0,mesure,mesuree
droite_unie,27-04,27,Louviers,90761,127,32.3,19.0,48.6,49.3,7.6,9.7,6.0,0.0,3.3,1.0,32.3,1,-16.2,ED,4,difficile,ED,100.0,mesure,mesuree
droite_unie,27-05,27,Vernon,89810,165,20.1,27.8,51.5,48.2,7.6,9.7,6.0,0.6,3.3,1.0,20.1,0,,ED,5,quasi impossible,ED,100.0,mesure,mesuree
droite_unie,28-01,28,Chartres,90304,123,21.7,37.1,40.2,46.2,7.6,9.7,6.0,1.0,3.3,1.0,21.7,0,,ED,5,quasi impossible,CD,100.0,mesure,mesuree
droite_unie,28-02,28,Dreux,75563,130,24.8,30.5,43.6,52.8,7.6,9.7,6.0,1.2,3.3,1.0,24.8,0,,ED,5,quasi impossible,ED,100.0,mesure,mesuree
droite_unie,28-03,28,Lucé,71148,134,10.0,41.3,46.7,47.6,7.6,9.7,6.0,2.0,3.3,1.0,10.0,0,,ED,5,quasi impossible,ED,100.0,mesure,mesuree
droite_unie,28-04,28,Châteaudun,67351,164,12.5,38.4,48.4,47.0,7.6,9.7,6.0,0.6,3.3,1.0,12.5,0,,ED,5,quasi impossible,ED,100.0,mesure,mesuree
droite_unie,29-01,29,Quimper,92336,103,30.5,36.4,31.2,39.7,7.6,9.7,6.0,1.7,3.3,1.0,30.5,1,-15.3,CD,4,difficile,CD,100.0,mesure,mesuree
droite_unie,29-02,29,Brest,78166,95,39.6,30.0,29.9,45.0,7.6,9.7,6.0,0.4,3.3,1.0,39.6,1,0.6,CD,2,jouable,G,100.0,mesure,mesuree
droite_unie,29-03,29,Brest,92952,105,28.7,35.7,33.9,42.1,7.6,9.7,6.0,1.7,3.3,1.0,28.7,1,-17.2,CD,4,difficile,CD,100.0,mesure,mesuree
droite_unie,29-04,29,Morlaix,84364,101,29.5,36.7,31.9,40.7,7.6,9.7,6.0,1.9,3.3,1.0,29.5,1,-16.7,CD,4,difficile,CD,100.0,mesure,mesuree
droite_unie,29-05,29,Guipavas,98753,114,26.8,38.2,32.5,41.6,7.6,9.7,6.0,2.5,3.3,1.0,26.8,1,-21.2,CD,4,difficile,CD,100.0,mesure,mesuree
droite_unie,29-06,29,Plougastel-Daoulas,91534,120,33.3,27.4,36.1,40.8,7.6,9.7,6.0,3.2,3.3,1.0,33.3,1,-2.7,ED,3,disputé,ED,100.0,mesure,mesuree
droite_unie,29-07,29,Douarnenez,81962,96,29.4,34.0,32.6,38.8,7.6,9.7,6.0,4.1,3.3,1.0,29.4,1,-14.3,CD,4,difficile,CD,100.0,mesure,mesuree
droite_unie,29-08,29,Concarneau,90158,98,35.3,25.3,37.5,42.7,7.6,9.7,6.0,1.8,3.3,1.0,35.3,1,-2.1,ED,3,disputé,ED,100.0,mesure,mesuree
droite_unie,2A-01,2A,Ajaccio,52490,93,13.0,36.2,29.2,44.0,7.6,9.7,6.0,21.5,3.3,1.0,13.0,0,,CD,5,quasi impossible,CD,100.0,mesure,mesuree
droite_unie,2A-02,2A,Ajaccio,62495,128,17.7,23.8,31.8,45.5,7.6,9.7,6.0,26.7,3.3,1.0,17.7,0,,ED,5,quasi impossible,ED,100.0,mesure,mesuree
droite_unie,2B-01,2B,Bastia,59107,92,18.0,26.6,27.3,46.0,7.6,9.7,6.0,28.0,3.3,1.0,18.0,0,,AU,5,quasi impossible,AU,100.0,mesure,mesuree
droite_unie,2B-02,2B,Calvi,66505,232,10.1,37.2,23.0,39.3,7.6,9.7,6.0,29.8,3.3,1.0,10.1,0,,CD,5,quasi impossible,CD,100.0,mesure,mesuree
droite_unie,30-01,30,Nîmes,89331,90,27.2,21.1,50.8,54.2,7.6,9.7,6.0,1.1,3.3,1.0,27.2,1,-23.5,ED,4,difficile,ED,100.0,mesure,mesuree
droite_unie,30-02,30,Vauvert,95398,96,20.4,21.0,58.7,49.1,7.6,9.7,6.0,0.0,3.3,1.0,20.4,0,,ED,5,quasi impossible,ED,100.0,mesure,mesuree
droite_unie,30-03,30,Bagnols-Sur-Cèze,95926,106,21.5,24.7,53.7,46.5,7.6,9.7,6.0,0.1,3.3,1.0,21.5,0,,ED,5,quasi impossible,ED,100.0,mesure,mesuree
droite_unie,30-04,30,Alès,95047,146,25.7,20.1,53.6,47.7,7.6,9.7,6.0,0.6,3.3,1.0,25.7,1,-27.8,ED,4,difficile,ED,100.0,mesure,mesuree
droite_unie,30-05,30,Alès,98971,196,34.3,18.6,45.8,44.8,7.6,9.7,6.0,1.2,3.3,1.0,34.3,1,-11.5,ED,4,difficile,ED,100.0,mesure,mesuree
droite_unie,30-06,30,Nîmes,85573,82,28.3,23.1,47.5,50.4,7.6,9.7,6.0,1.3,3.3,1.0,28.3,1,-19.2,ED,4,difficile,ED,100.0,mesure,mesuree
droite_unie,31-01,31,Toulouse,83781,92,46.4,23.8,29.2,42.6,7.6,9.7,6.0,0.3,3.3,1.0,46.4,1,17.2,ED,1,victoire facile,G,100.0,mesure,mesuree
droite_unie,31-02,31,Toulouse,102980,111,44.0,22.2,33.7,41.9,7.6,9.7,6.0,0.0,3.3,1.0,44.0,1,10.4,ED,1,victoire facile,G,100.0,mesure,mesuree
droite_unie,31-03,31,Toulouse,79504,87,37.2,34.8,28.7,37.3,7.6,9.7,6.0,0.0,3.3,1.0,37.2,1,-6.2,CD,3,disputé,G,100.0,mesure,mesuree
droite_unie,31-04,31,Toulouse,68769,72,54.8,20.8,24.3,43.8,7.6,9.7,6.0,0.0,3.3,1.0,54.8,1,30.6,ED,1,victoire facile,G,100.0,mesure,mesuree
droite_unie,31-05,31,Aucamville,106453,123,27.5,24.8,46.4,45.3,7.6,9.7,6.0,1.0,3.3,1.0,27.5,1,-18.9,ED,4,difficile,ED,100.0,mesure,mesuree
droite_unie,31-06,31,Tournefeuille,112437,142,36.4,26.0,37.9,41.9,7.6,9.7,6.0,0.0,3.3,1.0,36.4,1,-1.5,ED,3,disputé,ED,100.0,mesure,mesuree
droite_unie,31-07,31,Muret,106857,137,31.4,21.4,45.9,45.6,7.6,9.7,6.0,1.2,3.3,1.0,31.4,1,-14.5,ED,4,difficile,ED,100.0,mesure,mesuree
droite_unie,31-08,31,Saint-Gaudens,86096,313,39.8,13.5,45.6,42.9,7.6,9.7,6.0,1.1,3.3,1.0,39.8,1,-5.8,ED,3,disputé,ED,100.0,mesure,mesuree
droite_unie,31-09,31,Toulouse,80653,90,48.9,18.0,33.3,45.0,7.6,9.7,6.0,0.0,3.3,1.0,48.9,1,15.6,ED,1,victoire facile,G,100.0,mesure,mesuree
droite_unie,31-10,31,Saint-Orens-De-Gameville,104172,169,35.5,27.5,37.1,37.6,7.6,9.7,6.0,0.0,3.3,1.0,35.5,1,-1.5,ED,3,disputé,ED,100.0,mesure,mesuree
droite_unie,32-01,32,Auch,71480,281,32.3,23.9,42.7,39.1,7.6,9.7,6.0,1.1,3.3,1.0,32.3,1,-10.4,ED,4,difficile,ED,100.0,mesure,mesuree
droite_unie,32-02,32,L'Isle-Jourdain,73646,228,44.2,13.2,41.1,40.5,7.6,9.7,6.0,1.5,3.3,1.0,44.2,1,3.1,ED,2,jouable,G,100.0,mesure,mesuree
droite_unie,33-01,33,Le Bouscat,30851,33,32.3,37.0,30.9,43.0,7.6,9.7,6.0,0.0,3.3,1.0,32.3,1,-14.0,CD,4,difficile,CD,100.0,mesure,mesuree
droite_unie,33-02,33,Bordeaux,9551,8,39.0,37.2,24.4,39.2,7.6,9.7,6.0,0.0,3.3,1.0,39.0,1,-5.5,CD,3,disputé,G,100.0,mesure,mesuree
droite_unie,33-03,33,Villenave-D'Ornon,75711,77,48.9,21.7,29.2,45.9,7.6,9.7,6.0,0.0,3.3,1.0,48.9,1,19.8,ED,1,victoire facile,G,100.0,mesure,mesuree
droite_unie,33-04,33,Cenon,96496,106,42.1,17.7,39.8,51.7,7.6,9.7,6.0,0.3,3.3,1.0,42.1,1,2.3,ED,2,jouable,G,100.0,mesure,mesuree
droite_unie,33-05,33,Eysines,123063,134,26.8,23.0,49.2,47.0,7.6,9.7,6.0,0.9,3.3,1.0,26.8,1,-22.3,ED,4,difficile,ED,100.0,mesure,mesuree
droite_unie,33-06,33,Mérignac,102534,119,35.9,29.1,34.9,42.9,7.6,9.7,6.0,0.0,3.3,1.0,35.9,1,1.1,ED,2,jouable,G,100.0,mesure,mesuree
droite_unie,33-07,33,Pessac,80692,83,39.2,30.3,30.3,42.0,7.6,9.7,6.0,0.3,3.3,1.0,39.2,1,8.9,ED,1,victoire facile,G,100.0,mesure,mesuree
droite_unie,33-08,33,La Teste-De-Buch,113453,121,17.3,36.9,43.8,43.5,7.6,9.7,6.0,2.2,3.3,1.0,17.3,0,,ED,5,quasi impossible,CD,100.0,mesure,mesuree
droite_unie,33-09,33,Léognan,103847,144,27.5,26.1,45.5,44.2,7.6,9.7,6.0,0.7,3.3,1.0,27.5,1,-18.0,ED,4,difficile,ED,100.0,mesure,mesuree
droite_unie,33-10,33,Libourne,83589,144,24.0,25.1,50.4,45.1,7.6,9.7,6.0,0.5,3.3,1.0,24.0,1,-26.4,ED,4,difficile,ED,100.0,mesure,mesuree
droite_unie,33-11,33,Saint-André-De-Cubzac,99153,123,21.3,18.9,59.1,48.8,7.6,9.7,6.0,0.6,3.3,1.0,21.3,1,-37.8,ED,4,difficile,ED,100.0,mesure,mesuree
droite_unie,33-12,33,Créon,88165,179,31.0,25.5,43.0,42.3,7.6,9.7,6.0,0.4,3.3,1.0,31.0,1,-12.0,ED,4,difficile,ED,100.0,mesure,mesuree
droite_unie,34-01,34,Montpellier,90612,86,35.6,22.8,41.4,48.5,7.6,9.7,6.0,0.2,3.3,1.0,35.6,1,-5.8,ED,3,disputé,ED,100.0,mesure,mesuree
droite_unie,34-02,34,Montpellier,67226,56,60.0,14.8,24.9,51.0,7.6,9.7,6.0,0.1,3.3,1.0,60.0,1,35.1,ED,1,victoire facile,G,100.0,mesure,mesuree
droite_unie,34-03,34,Castelnau-Le-Lez,93020,95,38.2,22.7,39.5,43.1,7.6,9.7,6.0,0.0,3.3,1.0,38.2,1,-1.2,ED,3,disputé,ED,100.0,mesure,mesuree
droite_unie,34-04,34,Mèze,116365,158,33.9,18.8,47.2,43.8,7.6,9.7,6.0,0.1,3.3,1.0,33.9,1,-13.2,ED,4,difficile,ED,100.0,mesure,mesuree
droite_unie,34-05,34,Clermont-L'Hérault,100010,175,34.7,10.7,53.3,46.0,7.6,9.7,6.0,1.2,3.3,1.0,34.7,1,-18.6,ED,4,difficile,ED,100.0,mesure,mesuree
droite_unie,34-06,34,Béziers,91541,98,21.4,41.0,35.1,48.5,7.6,9.7,6.0,2.5,3.3,1.0,21.4,0,,CD,5,quasi impossible,CD,100.0,mesure,mesuree
droite_unie,34-07,34,Sète,106997,109,25.3,18.1,55.8,48.4,7.6,9.7,6.0,1.1,3.3,1.0,25.3,1,-30.5,ED,4,difficile,ED,100.0,mesure,mesuree
droite_unie,34-08,34,Montpellier,89614,88,34.7,18.8,46.2,48.9,7.6,9.7,6.0,0.4,3.3,1.0,34.7,1,-11.4,ED,4,difficile,ED,100.0,mesure,mesuree
droite_unie,34-09,34,Montpellier,90642,78,28.1,25.3,45.9,49.5,7.6,9.7,6.0,0.7,3.3,1.0,28.1,1,-17.8,ED,4,difficile,ED,100.0,mesure,mesuree
droite_unie,35-01,35,Rennes,93560,99,44.5,29.1,26.0,41.5,7.6,9.7,6.0,0.3,3.3,1.0,44.5,1,7.6,CD,2,jouable,G,100.0,mesure,mesuree
droite_unie,35-02,35,Rennes,93529,111,39.0,34.2,26.4,37.6,7.6,9.7,6.0,0.3,3.3,1.0,39.0,1,-3.1,CD,3,disputé,G,100.0,mesure,mesuree
droite_unie,35-03,35,Pacé,90425,113,37.9,27.5,34.8,43.0,7.6,9.7,6.0,0.0,3.3,1.0,37.9,1,3.1,ED,2,jouable,G,100.0,mesure,mesuree
droite_unie,35-04,35,Guichen,97237,113,32.5,28.3,37.7,43.9,7.6,9.7,6.0,1.3,3.3,1.0,32.5,1,-5.1,ED,3,disputé,ED,100.0,mesure,mesuree
droite_unie,35-05,35,Vitré,110903,140,25.8,39.4,34.6,43.8,7.6,9.7,6.0,0.0,3.3,1.0,25.8,1,-24.0,CD,4,difficile,CD,100.0,mesure,mesuree
droite_unie,35-06,35,Fougères,89904,125,23.0,39.7,36.4,42.6,7.6,9.7,6.0,0.8,3.3,1.0,23.0,1,-27.6,CD,4,difficile,CD,100.0,mesure,mesuree
droite_unie,35-07,35,Saint-Malo,105960,119,19.2,44.2,34.1,41.9,7.6,9.7,6.0,2.6,3.3,1.0,19.2,0,,CD,5,quasi impossible,CD,100.0,mesure,mesuree
droite_unie,35-08,35,Rennes,83811,82,52.2,24.3,23.0,40.0,7.6,9.7,6.0,0.2,3.3,1.0,52.2,1,21.0,CD,1,victoire facile,G,100.0,mesure,mesuree
droite_unie,36-01,36,Châteauroux,77075,133,20.5,33.9,45.0,47.5,7.6,9.7,6.0,0.6,3.3,1.0,20.5,0,,ED,5,quasi impossible,ED,100.0,mesure,mesuree
droite_unie,36-02,36,Issoudun,87371,193,21.0,31.6,45.9,43.9,7.6,9.7,6.0,1.3,3.3,1.0,21.0,0,,ED,5,quasi impossible,ED,100.0,mesure,mesuree
droite_unie,37-01,37,Tours,71964,71,46.1,26.0,27.7,47.0,7.6,9.7,6.0,0.0,3.3,1.0,46.1,1,18.5,ED,1,victoire facile,G,100.0,mesure,mesuree
droite_unie,37-02,37,Amboise,93120,110,23.0,33.8,43.0,44.1,7.6,9.7,6.0,0.1,3.3,1.0,23.0,1,-19.9,ED,4,difficile,ED,100.0,mesure,mesuree
droite_unie,37-03,37,Saint-Avertin,98520,138,26.8,32.0,38.6,43.5,7.6,9.7,6.0,2.7,3.3,1.0,26.8,1,-11.8,ED,4,difficile,CD,100.0,mesure,mesuree
droite_unie,37-04,37,Joué-Lès-Tours,92734,131,29.6,29.9,39.9,45.7,7.6,9.7,6.0,0.5,3.3,1.0,29.6,1,-10.3,ED,4,difficile,CD,100.0,mesure,mesuree
droite_unie,37-05,37,Saint-Cyr-Sur-Loire,86747,111,23.0,33.9,43.1,44.9,7.6,9.7,6.0,0.0,3.3,1.0,23.0,1,-20.0,ED,4,difficile,ED,100.0,mesure,mesuree
droite_unie,38-01,38,Grenoble,84335,87,39.9,35.2,26.4,38.1,7.6,9.7,6.0,0.0,3.3,1.0,39.9,1,-3.3,CD,3,disputé,G,100.0,mesure,mesuree
droite_unie,38-02,38,Echirolles,79215,90,42.5,20.4,38.0,49.3,7.6,9.7,6.0,0.0,3.3,1.0,42.5,1,4.6,ED,2,jouable,G,100.0,mesure,mesuree
droite_unie,38-03,38,Grenoble,56152,56,52.0,19.0,30.1,46.0,7.6,9.7,6.0,0.0,3.3,1.0,52.0,1,21.9,ED,1,victoire facile,G,100.0,mesure,mesuree
droite_unie,38-04,38,Seyssinet-Pariset,91954,159,42.4,18.1,39.1,44.4,7.6,9.7,6.0,0.3,3.3,1.0,42.4,1,3.3,ED,2,jouable,G,100.0,mesure,mesuree
droite_unie,38-05,38,Saint-Egrève,106949,126,37.4,23.6,39.2,42.8,7.6,9.7,6.0,0.0,3.3,1.0,37.4,1,-1.8,ED,3,disputé,ED,100.0,mesure,mesuree
droite_unie,38-06,38,Bourgoin-Jallieu,91054,104,18.4,28.7,52.8,49.4,7.6,9.7,6.0,0.0,3.3,1.0,18.4,0,,ED,5,quasi impossible,ED,100.0,mesure,mesuree
droite_unie,38-07,38,Roussillon,97000,133,18.1,34.9,46.4,45.7,7.6,9.7,6.0,0.6,3.3,1.0,18.1,0,,ED,5,quasi impossible,ED,100.0,mesure,mesuree
droite_unie,38-08,38,Vienne,82842,86,22.5,32.5,44.8,46.6,7.6,9.7,6.0,0.2,3.3,1.0,22.5,0,,ED,5,quasi impossible,ED,100.0,mesure,mesuree
droite_unie,38-09,38,Voiron,101320,122,28.1,31.4,40.3,44.2,7.6,9.7,6.0,0.2,3.3,1.0,28.1,1,-12.1,ED,4,difficile,CD,100.0,mesure,mesuree
droite_unie,38-10,38,Villefontaine,97742,101,25.6,26.4,48.2,50.1,7.6,9.7,6.0,0.0,3.3,1.0,25.6,1,-22.5,ED,4,difficile,ED,100.0,mesure,mesuree
droite_unie,39-01,39,Lons-Le-Saunier,64925,207,23.1,33.1,43.9,43.0,7.6,9.7,6.0,0.0,3.3,1.0,23.1,1,-20.8,ED,4,difficile,ED,100.0,mesure,mesuree
droite_unie,39-02,39,Champagnole,55723,170,22.2,37.7,38.9,45.3,7.6,9.7,6.0,0.9,3.3,1.0,22.2,0,,ED,5,quasi impossible,CD,100.0,mesure,mesuree
droite_unie,39-03,39,Dole,70205,184,24.0,31.3,44.7,44.0,7.6,9.7,6.0,0.0,3.3,1.0,24.0,1,-20.6,ED,4,difficile,ED,100.0,mesure,mesuree
droite_unie,40-01,40,Mont-De-Marsan,105314,161,24.5,30.9,42.9,43.3,7.6,9.7,6.0,1.6,3.3,1.0,24.5,1,-18.4,ED,4,difficile,ED,100.0,mesure,mesuree
droite_unie,40-02,40,Dax,121061,143,27.6,31.5,38.5,42.8,7.6,9.7,6.0,2.1,3.3,1.0,27.6,1,-10.8,ED,4,difficile,CD,100.0,mesure,mesuree
droite_unie,40-03,40,Aire-Sur-L'Adour,98891,212,36.2,21.2,41.6,40.5,7.6,9.7,6.0,0.9,3.3,1.0,36.2,1,-5.3,ED,3,disputé,ED,100.0,mesure,mesuree
droite_unie,41-01,41,Blois,82064,95,19.8,37.2,41.8,45.6,7.6,9.7,6.0,1.2,3.3,1.0,19.8,0,,ED,5,quasi impossible,CD,100.0,mesure,mesuree
droite_unie,41-02,41,Romorantin-Lanthenay,80280,105,14.6,27.7,57.2,47.4,7.6,9.7,6.0,0.4,3.3,1.0,14.6,0,,ED,5,quasi impossible,ED,100.0,mesure,mesuree
droite_unie,41-03,41,Vendôme,81054,191,16.2,36.4,46.5,43.5,7.6,9.7,6.0,0.7,3.3,1.0,16.2,0,,ED,5,quasi impossible,ED,100.0,mesure,mesuree
droite_unie,42-01,42,Saint-Etienne,63963,73,42.3,20.1,38.6,50.4,7.6,9.7,6.0,0.0,3.3,1.0,42.3,1,3.7,ED,2,jouable,G,100.0,mesure,mesuree
droite_unie,42-02,42,Saint-Etienne,50889,56,43.0,22.7,34.7,51.8,7.6,9.7,6.0,0.0,3.3,1.0,43.0,1,8.3,ED,1,victoire facile,G,100.0,mesure,mesuree
droite_unie,42-03,42,Saint-Chamond,84404,94,26.4,28.8,45.0,49.6,7.6,9.7,6.0,0.0,3.3,1.0,26.4,1,-18.6,ED,4,difficile,ED,100.0,mesure,mesuree
droite_unie,42-04,42,Saint-Just-Saint-Rambert,104493,140,25.4,29.8,44.7,47.5,7.6,9.7,6.0,0.2,3.3,1.0,25.4,1,-19.3,ED,4,difficile,ED,100.0,mesure,mesuree
droite_unie,42-05,42,Roanne,101589,140,18.7,39.3,41.8,44.0,7.6,9.7,6.0,0.2,3.3,1.0,18.7,0,,ED,5,quasi impossible,CD,100.0,mesure,mesuree
droite_unie,42-06,42,Montbrison,111075,168,15.9,39.6,44.2,44.1,7.6,9.7,6.0,0.1,3.3,1.0,15.9,0,,ED,5,quasi impossible,CD,100.0,mesure,mesuree
droite_unie,43-01,43,Monistrol-Sur-Loire,100864,127,17.4,45.4,36.8,41.8,7.6,9.7,6.0,0.2,3.3,1.0,17.4,0,,CD,5,quasi impossible,CD,100.0,mesure,mesuree
droite_unie,43-02,43,Le Puy-En-Velay,78617,197,18.3,44.4,35.4,41.0,7.6,9.7,6.0,1.8,3.3,1.0,18.3,0,,CD,5,quasi impossible,CD,100.0,mesure,mesuree
droite_unie,44-01,44,Nantes,77342,85,43.2,31.7,25.3,41.0,7.6,9.7,6.0,0.0,3.3,1.0,43.2,1,3.9,CD,2,jouable,G,100.0,mesure,mesuree
droite_unie,44-02,44,Nantes,88472,92,50.8,26.5,21.9,39.8,7.6,9.7,6.0,0.4,3.3,1.0,50.8,1,17.7,CD,1,victoire facile,G,100.0,mesure,mesuree
droite_unie,44-03,44,Saint-Herblain,97601,105,44.9,25.0,27.3,45.3,7.6,9.7,6.0,2.6,3.3,1.0,44.9,1,17.6,ED,1,victoire facile,G,100.0,mesure,mesuree
droite_unie,44-04,44,Rezé,93228,94,47.4,23.9,28.0,43.6,7.6,9.7,6.0,0.5,3.3,1.0,47.4,1,19.5,ED,1,victoire facile,G,100.0,mesure,mesuree
droite_unie,44-05,44,Nantes,120804,130,35.8,32.0,31.4,42.3,7.6,9.7,6.0,0.7,3.3,1.0,35.8,1,-5.7,CD,3,disputé,G,100.0,mesure,mesuree
droite_unie,44-06,44,Châteaubriant,117288,130,32.5,27.6,38.0,46.8,7.6,9.7,6.0,1.8,3.3,1.0,32.5,1,-5.5,ED,3,disputé,ED,100.0,mesure,mesuree
droite_unie,44-07,44,La Baule-Escoublac,114995,119,23.7,36.2,39.5,43.5,7.6,9.7,6.0,0.6,3.3,1.0,23.7,1,-15.8,ED,4,difficile,CD,100.0,mesure,mesuree
droite_unie,44-08,44,Saint-Nazaire,88015,89,44.0,19.2,35.3,49.0,7.6,9.7,6.0,1.3,3.3,1.0,44.0,1,8.7,ED,1,victoire facile,G,100.0,mesure,mesuree
droite_unie,44-09,44,Pornic,125922,134,27.8,30.6,39.7,44.5,7.6,9.7,6.0,1.8,3.3,1.0,27.8,1,-11.9,ED,4,difficile,CD,100.0,mesure,mesuree
droite_unie,44-10,44,Vertou,125522,126,30.0,36.7,31.7,42.4,7.6,9.7,6.0,1.5,3.3,1.0,30.0,1,-16.2,CD,4,difficile,CD,100.0,mesure,mesuree
droite_unie,45-01,45,Orléans,76728,85,29.1,34.8,35.1,45.2,7.6,9.7,6.0,1.0,3.3,1.0,29.1,1,-6.0,ED,3,disputé,CD,100.0,mesure,mesuree
droite_unie,45-02,45,Orléans,88601,119,30.6,28.1,40.1,48.8,7.6,9.7,6.0,1.2,3.3,1.0,30.6,1,-9.4,ED,4,difficile,ED,100.0,mesure,mesuree
droite_unie,45-03,45,Gien,70445,101,16.4,31.3,52.2,46.2,7.6,9.7,6.0,0.1,3.3,1.0,16.4,0,,ED,5,quasi impossible,ED,100.0,mesure,mesuree
droite_unie,45-04,45,Amilly,74099,115,17.6,26.8,53.7,49.6,7.6,9.7,6.0,1.9,3.3,1.0,17.6,0,,ED,5,quasi impossible,ED,100.0,mesure,mesuree
droite_unie,45-05,45,Fleury-Les-Aubrais,73581,150,18.0,32.1,48.8,48.2,7.6,9.7,6.0,0.9,3.3,1.0,18.0,0,,ED,5,quasi impossible,ED,100.0,mesure,mesuree
droite_unie,45-06,45,Orléans,76084,92,28.7,31.6,38.6,46.1,7.6,9.7,6.0,1.0,3.3,1.0,28.7,1,-9.9,ED,4,difficile,CD,100.0,mesure,mesuree
droite_unie,46-01,46,Cahors,73047,190,28.5,40.6,29.4,36.0,7.6,9.7,6.0,1.4,3.3,1.0,28.5,1,-20.9,CD,4,difficile,CD,100.0,mesure,mesuree
droite_unie,46-02,46,Figeac,66320,189,42.9,20.8,34.5,36.7,7.6,9.7,6.0,1.7,3.3,1.0,42.9,1,8.4,ED,1,victoire facile,G,100.0,mesure,mesuree
droite_unie,47-01,47,Agen,86865,123,24.4,25.1,50.2,44.6,7.6,9.7,6.0,0.2,3.3,1.0,24.4,1,-25.8,ED,4,difficile,ED,100.0,mesure,mesuree
droite_unie,47-02,47,Marmande,76944,167,24.4,21.5,54.0,44.9,7.6,9.7,6.0,0.1,3.3,1.0,24.4,1,-29.5,ED,4,difficile,ED,100.0,mesure,mesuree
droite_unie,47-03,47,Villeneuve-Sur-Lot,75786,160,26.9,24.2,47.6,44.7,7.6,9.7,6.0,1.4,3.3,1.0,26.9,1,-20.7,ED,4,difficile,ED,100.0,mesure,mesuree
droite_unie,48-01,48,Mende,59764,188,31.0,29.8,34.2,37.1,7.6,9.7,6.0,4.8,3.3,1.0,31.0,1,-3.2,ED,3,disputé,ED,100.0,mesure,mesuree
droite_unie,49-01,49,Angers,87796,92,34.3,34.6,31.3,44.5,7.6,9.7,6.0,0.0,3.3,1.0,34.3,1,-9.7,CD,4,difficile,CD,100.0,mesure,mesuree
droite_unie,49-02,49,Angers,92512,98,28.4,39.2,31.2,43.6,7.6,9.7,6.0,1.0,3.3,1.0,28.4,1,-20.2,CD,4,difficile,CD,100.0,mesure,mesuree
droite_unie,49-03,49,Baugé-En-Anjou,71631,104,19.1,37.4,42.8,47.1,7.6,9.7,6.0,0.5,3.3,1.0,19.1,0,,ED,5,quasi impossible,CD,100.0,mesure,mesuree
droite_unie,49-04,49,Saumur,75902,110,18.5,38.5,41.4,45.0,7.6,9.7,6.0,1.5,3.3,1.0,18.5,0,,ED,5,quasi impossible,CD,100.0,mesure,mesuree
droite_unie,49-05,49,Cholet,79056,76,20.5,43.2,34.9,48.2,7.6,9.7,6.0,1.3,3.3,1.0,20.5,0,,CD,5,quasi impossible,CD,100.0,mesure,mesuree
droite_unie,49-06,49,Beaupréau-En-Mauges,96342,105,23.9,38.9,35.2,46.0,7.6,9.7,6.0,2.0,3.3,1.0,23.9,1,-25.6,CD,4,difficile,CD,100.0,mesure,mesuree
droite_unie,49-07,49,Segré-En-Anjou Bleu,82426,107,28.9,34.7,35.5,45.1,7.6,9.7,6.0,0.7,3.3,1.0,28.9,1,-6.5,ED,3,disputé,CD,100.0,mesure,mesuree
droite_unie,50-01,50,Saint-Lô,86727,180,16.0,45.1,37.6,45.3,7.6,9.7,6.0,1.1,3.3,1.0,16.0,0,,CD,5,quasi impossible,CD,100.0,mesure,mesuree
droite_unie,50-02,50,Granville,96780,179,17.3,42.8,39.1,43.1,7.6,9.7,6.0,0.8,3.3,1.0,17.3,0,,CD,5,quasi impossible,CD,100.0,mesure,mesuree
droite_unie,50-03,50,Coutances,110539,224,22.3,35.0,38.5,43.1,7.6,9.7,6.0,4.1,3.3,1.0,22.3,1,-16.2,ED,4,difficile,CD,100.0,mesure,mesuree
droite_unie,50-04,50,Cherbourg-En-Cotentin,88663,125,32.0,29.9,37.5,47.9,7.6,9.7,6.0,0.5,3.3,1.0,32.0,1,-5.4,ED,3,disputé,ED,100.0,mesure,mesuree
droite_unie,51-01,51,Reims,74097,84,25.7,32.1,41.4,51.6,7.6,9.7,6.0,0.6,3.3,1.0,25.7,0,,ED,5,quasi impossible,CD,100.0,mesure,mesuree
droite_unie,51-02,51,Reims,74345,133,23.5,33.7,42.6,49.4,7.6,9.7,6.0,0.0,3.3,1.0,23.5,0,,ED,5,quasi impossible,CD,100.0,mesure,mesuree
droite_unie,51-03,51,Epernay,78476,171,17.8,30.6,49.4,49.5,7.6,9.7,6.0,2.0,3.3,1.0,17.8,0,,ED,5,quasi impossible,ED,100.0,mesure,mesuree
droite_unie,51-04,51,Châlons-En-Champagne,77894,171,17.9,33.9,48.0,50.7,7.6,9.7,6.0,0.1,3.3,1.0,17.9,0,,ED,5,quasi impossible,ED,100.0,mesure,mesuree
droite_unie,51-05,51,Vitry-Le-François,75602,276,6.7,42.6,50.2,46.3,7.6,9.7,6.0,0.4,3.3,1.0,6.7,0,,ED,5,quasi impossible,ED,100.0,mesure,mesuree
droite_unie,52-01,52,Chaumont,69171,330,16.0,29.6,50.1,45.7,7.6,9.7,6.0,4.2,3.3,1.0,16.0,0,,ED,5,quasi impossible,ED,100.0,mesure,mesuree
droite_unie,52-02,52,Saint-Dizier,59043,231,8.8,30.4,60.6,50.7,7.6,9.7,6.0,0.2,3.3,1.0,8.8,0,,ED,5,quasi impossible,ED,100.0,mesure,mesuree
droite_unie,53-01,53,Laval,73427,100,46.0,18.9,35.0,46.5,7.6,9.7,6.0,0.1,3.3,1.0,46.0,1,11.1,ED,1,victoire facile,G,100.0,mesure,mesuree
droite_unie,53-02,53,Château-Gontier-Sur-Mayenne,79759,139,19.8,42.0,37.1,46.1,7.6,9.7,6.0,1.0,3.3,1.0,19.8,0,,CD,5,quasi impossible,CD,100.0,mesure,mesuree
droite_unie,53-03,53,Mayenne,72655,117,16.1,45.6,37.3,46.5,7.6,9.7,6.0,0.9,3.3,1.0,16.1,0,,CD,5,quasi impossible,CD,100.0,mesure,mesuree
droite_unie,54-01,54,Nancy,83269,96,36.7,29.2,33.3,47.0,7.6,9.7,6.0,0.7,3.3,1.0,36.7,1,3.4,ED,2,jouable,G,100.0,mesure,mesuree
droite_unie,54-02,54,Nancy,67916,82,39.4,29.8,31.5,46.1,7.6,9.7,6.0,0.0,3.3,1.0,39.4,1,7.9,ED,2,jouable,G,100.0,mesure,mesuree
droite_unie,54-03,54,Longwy,80382,137,30.6,21.9,46.6,57.7,7.6,9.7,6.0,1.0,3.3,1.0,30.6,1,-16.0,ED,4,difficile,ED,100.0,mesure,mesuree
droite_unie,54-04,54,Lunéville,95841,248,17.5,33.6,48.3,48.4,7.6,9.7,6.0,0.6,3.3,1.0,17.5,0,,ED,5,quasi impossible,ED,100.0,mesure,mesuree
droite_unie,54-05,54,Toul,78674,211,43.4,8.8,47.5,48.7,7.6,9.7,6.0,0.1,3.3,1.0,43.4,1,-4.1,ED,3,disputé,ED,100.0,mesure,mesuree
droite_unie,54-06,54,Pont-À-Mousson,87566,161,28.5,21.7,49.0,52.9,7.6,9.7,6.0,0.7,3.3,1.0,28.5,1,-20.5,ED,4,difficile,ED,100.0,mesure,mesuree
droite_unie,55-01,55,Bar-Le-Duc,74962,304,12.7,34.6,51.9,47.0,7.6,9.7,6.0,0.7,3.3,1.0,12.7,0,,ED,5,quasi impossible,ED,100.0,mesure,mesuree
droite_unie,55-02,55,Verdun,59230,273,17.5,28.6,53.8,50.1,7.6,9.7,6.0,0.0,3.3,1.0,17.5,0,,ED,5,quasi impossible,ED,100.0,mesure,mesuree
droite_unie,56-01,56,Vannes,114184,122,27.9,37.0,33.2,39.6,7.6,9.7,6.0,2.0,3.3,1.0,27.9,1,-19.1,CD,4,difficile,CD,100.0,mesure,mesuree
droite_unie,56-02,56,Auray,112956,120,23.3,37.5,36.5,40.4,7.6,9.7,6.0,2.6,3.3,1.0,23.3,1,-25.1,CD,4,difficile,CD,100.0,mesure,mesuree
droite_unie,56-03,56,Pontivy,98154,112,21.1,36.4,39.9,43.7,7.6,9.7,6.0,2.3,3.3,1.0,21.1,0,,ED,5,quasi impossible,CD,100.0,mesure,mesuree
droite_unie,56-04,56,Ploërmel,111535,141,13.3,48.4,37.0,41.7,7.6,9.7,6.0,1.1,3.3,1.0,13.3,0,,CD,5,quasi impossible,CD,100.0,mesure,mesuree
droite_unie,56-05,56,Lorient,80820,85,33.1,30.9,34.5,44.4,7.6,9.7,6.0,1.7,3.3,1.0,33.1,1,-1.3,ED,3,disputé,ED,100.0,mesure,mesuree
droite_unie,56-06,56,Hennebont,93830,114,22.5,33.5,41.1,42.9,7.6,9.7,6.0,2.8,3.3,1.0,22.5,1,-18.5,ED,4,difficile,CD,100.0,mesure,mesuree
droite_unie,57-01,57,Metz,93930,111,27.9,25.1,45.6,54.2,7.6,9.7,6.0,1.4,3.3,1.0,27.9,1,-17.6,ED,4,difficile,ED,100.0,mesure,mesuree
droite_unie,57-02,57,Metz,75015,105,30.7,27.1,41.2,49.7,7.6,9.7,6.0,1.1,3.3,1.0,30.7,1,-10.5,ED,4,difficile,ED,100.0,mesure,mesuree
droite_unie,57-03,57,Metz,76057,109,28.4,31.9,39.3,49.9,7.6,9.7,6.0,0.4,3.3,1.0,28.4,1,-10.8,ED,4,difficile,CD,100.0,mesure,mesuree
droite_unie,57-04,57,Sarrebourg,80777,282,8.1,45.3,45.5,48.4,7.6,9.7,6.0,0.9,3.3,1.0,8.1,0,,ED,5,quasi impossible,CD,100.0,mesure,mesuree
droite_unie,57-05,57,Sarreguemines,72095,117,10.3,37.1,50.9,53.2,7.6,9.7,6.0,1.7,3.3,1.0,10.3,0,,ED,5,quasi impossible,ED,100.0,mesure,mesuree
droite_unie,57-06,57,Forbach,66393,99,19.7,23.0,55.7,60.6,7.6,9.7,6.0,1.8,3.3,1.0,19.7,0,,ED,5,quasi impossible,ED,100.0,mesure,mesuree
droite_unie,57-07,57,Saint-Avold,89245,173,15.2,26.5,58.6,55.6,7.6,9.7,6.0,0.0,3.3,1.0,15.2,0,,ED,5,quasi impossible,ED,100.0,mesure,mesuree
droite_unie,57-08,57,Hayange,90707,125,27.3,18.6,53.5,60.4,7.6,9.7,6.0,0.7,3.3,1.0,27.3,1,-26.2,ED,4,difficile,ED,100.0,mesure,mesuree
droite_unie,57-09,57,Thionville,100711,154,22.5,33.0,43.5,51.9,7.6,9.7,6.0,1.0,3.3,1.0,22.5,0,,ED,5,quasi impossible,ED,100.0,mesure,mesuree
droite_unie,58-01,58,Nevers,73850,114,22.0,30.2,46.1,48.3,7.6,9.7,6.0,1.7,3.3,1.0,22.0,0,,ED,5,quasi impossible,ED,100.0,mesure,mesuree
droite_unie,58-02,58,Varennes-Vauzelles,78765,262,23.9,24.6,49.9,43.8,7.6,9.7,6.0,1.7,3.3,1.0,23.9,1,-26.0,ED,4,difficile,ED,100.0,mesure,mesuree
droite_unie,59-01,59,Lille,61672,63,56.2,16.9,26.2,49.3,7.6,9.7,6.0,0.6,3.3,1.0,56.2,1,30.0,ED,1,victoire facile,G,100.0,mesure,mesuree
droite_unie,59-02,59,Villeneuve-D'Ascq,87355,80,47.9,22.3,29.9,49.5,7.6,9.7,6.0,0.0,3.3,1.0,47.9,1,18.0,ED,1,victoire facile,G,100.0,mesure,mesuree
droite_unie,59-03,59,Maubeuge,91620,144,40.6,4.8,54.1,58.4,7.6,9.7,6.0,0.6,3.3,1.0,40.6,1,-13.5,ED,4,difficile,ED,100.0,mesure,mesuree
droite_unie,59-04,59,Lambersart,100044,98,27.4,38.6,33.5,46.0,7.6,9.7,6.0,0.5,3.3,1.0,27.4,1,-21.3,CD,4,difficile,CD,100.0,mesure,mesuree
droite_unie,59-05,59,Haubourdin,98309,102,23.3,31.8,45.2,47.1,7.6,9.7,6.0,0.0,3.3,1.0,23.3,0,,ED,5,quasi impossible,ED,100.0,mesure,mesuree
droite_unie,59-06,59,Orchies,94232,91,19.0,40.9,40.7,42.1,7.6,9.7,6.0,0.0,3.3,1.0,19.0,0,,CD,5,quasi impossible,CD,100.0,mesure,mesuree
droite_unie,59-07,59,Wasquehal,73444,70,30.6,33.3,35.8,50.9,7.6,9.7,6.0,0.6,3.3,1.0,30.6,1,-5.2,ED,3,disputé,CD,100.0,mesure,mesuree
droite_unie,59-08,59,Roubaix,68933,74,48.6,13.2,36.1,63.9,7.6,9.7,6.0,2.4,3.3,1.0,48.6,1,12.5,ED,1,victoire facile,G,100.0,mesure,mesuree
droite_unie,59-09,59,Marcq-En-Baroeul,92045,83,29.5,40.5,28.8,47.0,7.6,9.7,6.0,1.3,3.3,1.0,29.5,1,-19.6,CD,4,difficile,CD,100.0,mesure,mesuree
droite_unie,59-10,59,Tourcoing,83192,78,25.2,33.7,40.3,56.7,7.6,9.7,6.0,0.9,3.3,1.0,25.2,0,,ED,5,quasi impossible,CD,100.0,mesure,mesuree
droite_unie,59-11,59,Lille,93191,93,40.3,23.2,36.7,49.8,7.6,9.7,6.0,0.0,3.3,1.0,40.3,1,3.7,ED,2,jouable,G,100.0,mesure,mesuree
droite_unie,59-12,59,Hautmont,93070,139,16.9,24.2,58.0,52.8,7.6,9.7,6.0,1.1,3.3,1.0,16.9,0,,ED,5,quasi impossible,ED,100.0,mesure,mesuree
droite_unie,59-13,59,Dunkerque,86045,94,40.8,7.8,50.3,58.6,7.6,9.7,6.0,1.3,3.3,1.0,40.8,1,-9.5,ED,4,difficile,ED,100.0,mesure,mesuree
droite_unie,59-14,59,Dunkerque,99449,116,13.6,35.1,51.4,48.6,7.6,9.7,6.0,0.0,3.3,1.0,13.6,0,,ED,5,quasi impossible,ED,100.0,mesure,mesuree
droite_unie,59-15,59,Hazebrouck,97601,117,16.8,34.1,49.1,47.6,7.6,9.7,6.0,0.0,3.3,1.0,16.8,0,,ED,5,quasi impossible,ED,100.0,mesure,mesuree
droite_unie,59-16,59,Sin-Le-Noble,84041,86,30.9,12.6,57.6,56.0,7.6,9.7,6.0,0.0,3.3,1.0,30.9,1,-26.7,ED,4,difficile,ED,100.0,mesure,mesuree
droite_unie,59-17,59,Douai,72899,78,26.9,19.3,53.3,53.5,7.6,9.7,6.0,0.7,3.3,1.0,26.9,1,-26.4,ED,4,difficile,ED,100.0,mesure,mesuree
droite_unie,59-18,59,Cambrai,90068,127,11.5,35.0,53.3,51.8,7.6,9.7,6.0,0.2,3.3,1.0,11.5,0,,ED,5,quasi impossible,ED,100.0,mesure,mesuree
droite_unie,59-19,59,Denain,80890,84,21.9,15.6,63.6,57.0,7.6,9.7,6.0,0.0,3.3,1.0,21.9,1,-41.7,ED,4,difficile,ED,100.0,mesure,mesuree
droite_unie,59-20,59,Saint-Amand-Les-Eaux,82190,92,35.4,10.9,54.8,57.8,7.6,9.7,6.0,0.0,3.3,1.0,35.4,1,-19.4,ED,4,difficile,ED,100.0,mesure,mesuree
droite_unie,59-21,59,Valenciennes,78274,88,21.9,28.4,49.7,54.5,7.6,9.7,6.0,0.0,3.3,1.0,21.9,0,,ED,5,quasi impossible,ED,100.0,mesure,mesuree
droite_unie,60-01,60,Beauvais,82738,185,17.4,32.8,48.9,49.4,7.6,9.7,6.0,0.6,3.3,1.0,17.4,0,,ED,5,quasi impossible,ED,100.0,mesure,mesuree
droite_unie,60-02,60,Beauvais,88836,194,18.5,23.6,57.3,49.9,7.6,9.7,6.0,0.4,3.3,1.0,18.5,0,,ED,5,quasi impossible,ED,100.0,mesure,mesuree
droite_unie,60-03,60,Creil,74495,87,31.1,20.3,48.0,55.5,7.6,9.7,6.0,0.8,3.3,1.0,31.1,1,-16.8,ED,4,difficile,ED,100.0,mesure,mesuree
droite_unie,60-04,60,Senlis,93744,126,15.3,36.8,47.1,47.1,7.6,9.7,6.0,0.9,3.3,1.0,15.3,0,,ED,5,quasi impossible,ED,100.0,mesure,mesuree
droite_unie,60-05,60,Compiègne,73645,104,20.6,31.4,48.2,49.2,7.6,9.7,6.0,0.0,3.3,1.0,20.6,0,,ED,5,quasi impossible,ED,100.0,mesure,mesuree
droite_unie,60-06,60,Compiègne,75808,141,17.9,28.8,53.4,49.3,7.6,9.7,6.0,0.0,3.3,1.0,17.9,0,,ED,5,quasi impossible,ED,100.0,mesure,mesuree
droite_unie,60-07,60,Nogent-Sur-Oise,76106,99,26.6,27.2,45.2,50.9,7.6,9.7,6.0,1.0,3.3,1.0,26.6,1,-18.5,ED,4,difficile,ED,100.0,mesure,mesuree
droite_unie,61-01,61,Alençon,67262,153,25.1,31.4,41.5,46.2,7.6,9.7,6.0,1.9,3.3,1.0,25.1,1,-16.3,ED,4,difficile,ED,100.0,mesure,mesuree
droite_unie,61-02,61,L'Aigle,64536,203,13.9,37.8,46.0,44.4,7.6,9.7,6.0,2.2,3.3,1.0,13.9,0,,ED,5,quasi impossible,ED,100.0,mesure,mesuree
droite_unie,61-03,61,Flers,70653,173,16.9,43.1,38.2,45.1,7.6,9.7,6.0,1.7,3.3,1.0,16.9,0,,CD,5,quasi impossible,CD,100.0,mesure,mesuree
droite_unie,62-01,62,Vitry-En-Artois,104632,310,15.9,26.6,58.4,47.1,7.6,9.7,6.0,0.0,3.3,1.0,15.9,0,,ED,5,quasi impossible,ED,100.0,mesure,mesuree
droite_unie,62-02,62,Arras,88596,111,22.9,32.5,45.3,45.9,7.6,9.7,6.0,0.0,3.3,1.0,22.9,0,,ED,5,quasi impossible,ED,100.0,mesure,mesuree
droite_unie,62-03,62,Lens,83041,88,32.6,9.0,58.4,57.5,7.6,9.7,6.0,0.1,3.3,1.0,32.6,1,-25.8,ED,4,difficile,ED,100.0,mesure,mesuree
droite_unie,62-04,62,Berck,89124,201,13.0,38.9,47.2,45.6,7.6,9.7,6.0,1.0,3.3,1.0,13.0,0,,ED,5,quasi impossible,ED,100.0,mesure,mesuree
droite_unie,62-05,62,Boulogne-Sur-Mer,88328,111,32.4,19.7,48.4,52.6,7.6,9.7,6.0,0.0,3.3,1.0,32.4,1,-15.9,ED,4,difficile,ED,100.0,mesure,mesuree
droite_unie,62-06,62,Guînes,94643,193,13.0,33.0,54.1,46.6,7.6,9.7,6.0,0.0,3.3,1.0,13.0,0,,ED,5,quasi impossible,ED,100.0,mesure,mesuree
droite_unie,62-07,62,Calais,94659,103,15.6,31.9,51.6,54.8,7.6,9.7,6.0,0.9,3.3,1.0,15.6,0,,ED,5,quasi impossible,ED,100.0,mesure,mesuree
droite_unie,62-08,62,Saint-Omer,92388,117,33.4,15.6,50.5,49.6,7.6,9.7,6.0,0.5,3.3,1.0,33.4,1,-17.0,ED,4,difficile,ED,100.0,mesure,mesuree
droite_unie,62-09,62,Béthune,80762,87,17.7,29.2,53.0,48.4,7.6,9.7,6.0,0.2,3.3,1.0,17.7,0,,ED,5,quasi impossible,ED,100.0,mesure,mesuree
droite_unie,62-10,62,Bruay-La-Buissière,89095,110,17.1,16.3,67.3,55.0,7.6,9.7,6.0,0.0,3.3,1.0,17.1,1,-50.2,ED,4,difficile,ED,100.0,mesure,mesuree
droite_unie,62-11,62,Hénin-Beaumont,93335,97,22.5,10.3,68.0,57.2,7.6,9.7,6.0,0.0,3.3,1.0,22.5,1,-45.5,ED,4,difficile,ED,100.0,mesure,mesuree
droite_unie,62-12,62,Liévin,94391,107,24.1,13.2,63.5,56.1,7.6,9.7,6.0,0.0,3.3,1.0,24.1,1,-39.4,ED,4,difficile,ED,100.0,mesure,mesuree
droite_unie,63-01,63,Clermont-Ferrand,83788,84,39.1,27.3,33.8,48.7,7.6,9.7,6.0,0.0,3.3,1.0,39.1,1,5.3,ED,2,jouable,G,100.0,mesure,mesuree
droite_unie,63-02,63,Riom,90283,171,37.9,22.9,39.0,41.4,7.6,9.7,6.0,0.1,3.3,1.0,37.9,1,-1.0,ED,3,disputé,ED,100.0,mesure,mesuree
droite_unie,63-03,63,Clermont-Ferrand,90194,156,33.3,34.2,32.2,40.0,7.6,9.7,6.0,0.1,3.3,1.0,33.3,1,-10.5,CD,4,difficile,CD,100.0,mesure,mesuree
droite_unie,63-04,63,Issoire,101981,155,27.4,34.8,37.2,43.5,7.6,9.7,6.0,0.4,3.3,1.0,27.4,1,-9.8,ED,4,difficile,CD,100.0,mesure,mesuree
droite_unie,63-05,63,Pont-Du-Château,105052,173,41.5,17.5,41.3,44.6,7.6,9.7,6.0,0.0,3.3,1.0,41.5,1,0.2,ED,2,jouable,G,100.0,mesure,mesuree
droite_unie,64-01,64,Pau,69447,85,33.3,30.3,34.1,42.7,7.6,9.7,6.0,2.2,3.3,1.0,33.3,1,-0.8,ED,3,disputé,ED,100.0,mesure,mesuree
droite_unie,64-02,64,Pau,84389,128,27.3,30.8,38.2,40.8,7.6,9.7,6.0,3.6,3.3,1.0,27.3,1,-10.8,ED,4,difficile,CD,100.0,mesure,mesuree
droite_unie,64-03,64,Orthez,83955,213,57.8,3.8,37.3,42.5,7.6,9.7,6.0,1.1,3.3,1.0,57.8,1,20.5,ED,1,victoire facile,G,100.0,mesure,mesuree
droite_unie,64-04,64,Oloron-Sainte-Marie,80792,250,29.4,28.1,30.9,38.3,7.6,9.7,6.0,11.5,3.3,1.0,29.4,1,-1.4,ED,3,disputé,ED,100.0,mesure,mesuree
droite_unie,64-05,64,Bayonne,100288,97,31.3,27.9,34.3,43.3,7.6,9.7,6.0,6.2,3.3,1.0,31.3,1,-2.9,ED,3,disputé,ED,100.0,mesure,mesuree
droite_unie,64-06,64,Biarritz,106617,106,24.5,36.9,29.7,41.8,7.6,9.7,6.0,8.9,3.3,1.0,24.5,1,-21.3,CD,4,difficile,CD,100.0,mesure,mesuree
droite_unie,65-01,65,Tarbes,87328,336,36.2,22.8,38.4,41.3,7.6,9.7,6.0,2.6,3.3,1.0,36.2,1,-2.1,ED,3,disputé,ED,100.0,mesure,mesuree
droite_unie,65-02,65,Tarbes,88496,224,31.5,24.1,41.6,42.7,7.6,9.7,6.0,2.7,3.3,1.0,31.5,1,-10.0,ED,4,difficile,ED,100.0,mesure,mesuree
droite_unie,66-01,66,Perpignan,74058,80,23.0,22.8,52.4,50.7,7.6,9.7,6.0,2.0,3.3,1.0,23.0,1,-29.3,ED,4,difficile,ED,100.0,mesure,mesuree
droite_unie,66-02,66,Canet-En-Roussillon,104416,126,17.1,19.1,61.4,49.5,7.6,9.7,6.0,2.6,3.3,1.0,17.1,0,,ED,5,quasi impossible,ED,100.0,mesure,mesuree
droite_unie,66-03,66,Perpignan,84595,155,25.5,19.6,50.4,47.3,7.6,9.7,6.0,4.5,3.3,1.0,25.5,1,-24.8,ED,4,difficile,ED,100.0,mesure,mesuree
droite_unie,66-04,66,Argelès-Sur-Mer,101277,120,26.1,17.4,54.0,46.3,7.6,9.7,6.0,2.6,3.3,1.0,26.1,1,-27.9,ED,4,difficile,ED,100.0,mesure,mesuree
droite_unie,67-01,67,Strasbourg,62481,65,53.0,23.1,22.6,44.2,7.6,9.7,6.0,1.2,3.3,1.0,53.0,1,23.1,CD,1,victoire facile,G,100.0,mesure,mesuree
droite_unie,67-02,67,Strasbourg,71094,70,45.2,25.4,28.3,47.2,7.6,9.7,6.0,0.9,3.3,1.0,45.2,1,16.9,ED,1,victoire facile,G,100.0,mesure,mesuree
droite_unie,67-03,67,Strasbourg,70945,78,38.6,28.4,30.4,49.3,7.6,9.7,6.0,2.6,3.3,1.0,38.6,1,8.2,ED,1,victoire facile,G,100.0,mesure,mesuree
droite_unie,67-04,67,Lingolsheim,99049,114,18.4,40.8,38.2,45.2,7.6,9.7,6.0,2.6,3.3,1.0,18.4,0,,CD,5,quasi impossible,CD,100.0,mesure,mesuree
droite_unie,67-05,67,Sélestat,107594,125,16.4,37.3,41.3,47.3,7.6,9.7,6.0,4.7,3.3,1.0,16.4,0,,ED,5,quasi impossible,CD,100.0,mesure,mesuree
droite_unie,67-06,67,Obernai,97539,121,14.4,39.4,42.9,46.9,7.6,9.7,6.0,3.1,3.3,1.0,14.4,0,,ED,5,quasi impossible,CD,100.0,mesure,mesuree
droite_unie,67-07,67,Saverne,86142,180,9.9,41.8,43.1,47.7,7.6,9.7,6.0,5.1,3.3,1.0,9.9,0,,ED,5,quasi impossible,CD,100.0,mesure,mesuree
droite_unie,67-08,67,Wissembourg,94678,144,6.1,42.0,48.0,50.5,7.6,9.7,6.0,3.8,3.3,1.0,6.1,0,,ED,5,quasi impossible,ED,100.0,mesure,mesuree
droite_unie,67-09,67,Haguenau,95422,106,11.9,39.7,44.0,49.4,7.6,9.7,6.0,4.3,3.3,1.0,11.9,0,,ED,5,quasi impossible,CD,100.0,mesure,mesuree
droite_unie,68-01,68,Colmar,78987,82,16.2,43.3,37.3,50.1,7.6,9.7,6.0,3.1,3.3,1.0,16.2,0,,CD,5,quasi impossible,CD,100.0,mesure,mesuree
droite_unie,68-02,68,Guebwiller,92476,114,16.5,40.0,39.1,45.6,7.6,9.7,6.0,4.1,3.3,1.0,16.5,0,,CD,5,quasi impossible,CD,100.0,mesure,mesuree
droite_unie,68-03,68,Saint-Louis,86586,156,14.4,37.9,41.4,48.3,7.6,9.7,6.0,6.1,3.3,1.0,14.4,0,,ED,5,quasi impossible,CD,100.0,mesure,mesuree
droite_unie,68-04,68,Wittelsheim,104237,124,16.4,32.3,48.6,50.2,7.6,9.7,6.0,2.6,3.3,1.0,16.4,0,,ED,5,quasi impossible,ED,100.0,mesure,mesuree
droite_unie,68-05,68,Mulhouse,75776,90,26.7,34.4,36.1,51.7,7.6,9.7,6.0,2.8,3.3,1.0,26.7,1,-9.4,ED,4,difficile,CD,100.0,mesure,mesuree
droite_unie,68-06,68,Mulhouse,94174,117,22.6,28.9,45.4,53.3,7.6,9.7,6.0,3.2,3.3,1.0,22.6,0,,ED,5,quasi impossible,ED,100.0,mesure,mesuree
droite_unie,69-01,69,Lyon,70790,73,43.8,30.7,26.2,40.8,7.6,9.7,6.0,0.0,3.3,1.0,43.8,1,5.2,CD,2,jouable,G,100.0,mesure,mesuree
droite_unie,69-02,69,Lyon,74611,75,47.0,28.5,23.1,35.7,7.6,9.7,6.0,1.2,3.3,1.0,47.0,1,11.6,CD,1,victoire facile,G,100.0,mesure,mesuree
droite_unie,69-03,69,Lyon,70822,73,52.0,25.0,24.4,37.7,7.6,9.7,6.0,0.0,3.3,1.0,52.0,1,19.7,CD,1,victoire facile,G,100.0,mesure,mesuree
droite_unie,69-04,69,Lyon,78040,83,36.6,37.9,26.5,36.6,7.6,9.7,6.0,0.0,3.3,1.0,36.6,1,-9.2,CD,4,difficile,CD,100.0,mesure,mesuree
droite_unie,69-05,69,Caluire-Et-Cuire,86749,99,24.1,42.5,33.7,39.8,7.6,9.7,6.0,0.0,3.3,1.0,24.1,1,-28.5,CD,4,difficile,CD,100.0,mesure,mesuree
droite_unie,69-06,69,Villeurbanne,90839,79,61.1,10.6,27.3,51.1,7.6,9.7,6.0,0.9,3.3,1.0,61.1,1,33.8,ED,1,victoire facile,G,100.0,mesure,mesuree
droite_unie,69-07,69,Vaulx-En-Velin,72607,71,44.5,25.0,28.7,55.9,7.6,9.7,6.0,2.2,3.3,1.0,44.5,1,15.9,ED,1,victoire facile,G,100.0,mesure,mesuree
droite_unie,69-08,69,Ecully,104640,137,21.1,39.6,39.5,41.9,7.6,9.7,6.0,0.0,3.3,1.0,21.1,0,,CD,5,quasi impossible,CD,100.0,mesure,mesuree
droite_unie,69-09,69,Villefranche-Sur-Saône,97598,125,20.8,38.0,41.0,45.5,7.6,9.7,6.0,0.2,3.3,1.0,20.8,0,,ED,5,quasi impossible,CD,100.0,mesure,mesuree
droite_unie,69-10,69,Saint-Genis-Laval,98181,112,22.4,41.3,37.2,41.0,7.6,9.7,6.0,0.0,3.3,1.0,22.4,1,-30.0,CD,4,difficile,CD,100.0,mesure,mesuree
droite_unie,69-11,69,Givors,95693,110,24.2,33.7,41.8,45.9,7.6,9.7,6.0,0.2,3.3,1.0,24.2,1,-17.5,ED,4,difficile,CD,100.0,mesure,mesuree
droite_unie,69-12,69,Oullins-Pierre-Bénite,75443,87,27.4,40.9,32.4,40.4,7.6,9.7,6.0,0.0,3.3,1.0,27.4,1,-23.2,CD,4,difficile,CD,100.0,mesure,mesuree
droite_unie,69-13,69,Meyzieu,86873,101,24.1,32.4,43.4,48.5,7.6,9.7,6.0,0.3,3.3,1.0,24.1,0,,ED,5,quasi impossible,ED,100.0,mesure,mesuree
droite_unie,69-14,69,Vénissieux,75928,82,45.3,15.2,38.1,59.8,7.6,9.7,6.0,1.8,3.3,1.0,45.3,1,7.3,ED,2,jouable,G,100.0,mesure,mesuree
droite_unie,70-01,70,Vesoul,88355,352,15.7,30.9,53.0,43.9,7.6,9.7,6.0,0.3,3.3,1.0,15.7,0,,ED,5,quasi impossible,ED,100.0,mesure,mesuree
droite_unie,70-02,70,Héricourt,89378,262,19.5,25.4,56.0,46.2,7.6,9.7,6.0,0.0,3.3,1.0,19.5,0,,ED,5,quasi impossible,ED,100.0,mesure,mesuree
droite_unie,71-01,71,Mâcon,75060,141,25.3,32.6,41.4,45.8,7.6,9.7,6.0,0.7,3.3,1.0,25.3,1,-16.1,ED,4,difficile,CD,100.0,mesure,mesuree
droite_unie,71-02,71,Paray-Le-Monial,76621,175,15.2,41.5,42.1,43.9,7.6,9.7,6.0,1.2,3.3,1.0,15.2,0,,ED,5,quasi impossible,CD,100.0,mesure,mesuree
droite_unie,71-03,71,Autun,73980,156,17.9,32.8,49.8,44.9,7.6,9.7,6.0,0.0,3.3,1.0,17.9,0,,ED,5,quasi impossible,ED,100.0,mesure,mesuree
droite_unie,71-04,71,Chalon-Sur-Saône,83477,150,30.2,20.7,49.1,48.0,7.6,9.7,6.0,0.0,3.3,1.0,30.2,1,-18.9,ED,4,difficile,ED,100.0,mesure,mesuree
droite_unie,71-05,71,Chalon-Sur-Saône,85091,112,23.9,35.5,40.5,47.8,7.6,9.7,6.0,0.2,3.3,1.0,23.9,0,,ED,5,quasi impossible,CD,100.0,mesure,mesuree
droite_unie,72-01,72,Le Mans,73766,110,26.0,34.9,38.8,46.5,7.6,9.7,6.0,0.2,3.3,1.0,26.0,1,-12.8,ED,4,difficile,CD,100.0,mesure,mesuree
droite_unie,72-02,72,Le Mans,83764,99,42.0,16.6,41.5,52.5,7.6,9.7,6.0,0.0,3.3,1.0,42.0,1,0.5,ED,2,jouable,G,100.0,mesure,mesuree
droite_unie,72-03,72,La Flèche,85878,129,19.0,30.6,49.8,48.9,7.6,9.7,6.0,0.6,3.3,1.0,19.0,0,,ED,5,quasi impossible,ED,100.0,mesure,mesuree
droite_unie,72-04,72,Le Mans,81439,115,28.6,26.8,43.4,49.0,7.6,9.7,6.0,1.1,3.3,1.0,28.6,1,-14.8,ED,4,difficile,ED,100.0,mesure,mesuree
droite_unie,72-05,72,Le Mans,87032,153,25.9,27.7,46.4,49.2,7.6,9.7,6.0,0.0,3.3,1.0,25.9,1,-20.5,ED,4,difficile,ED,100.0,mesure,mesuree
droite_unie,73-01,73,Aix-Les-Bains,92486,127,22.9,33.9,41.9,43.8,7.6,9.7,6.0,1.2,3.3,1.0,22.9,1,-18.9,ED,4,difficile,CD,100.0,mesure,mesuree
droite_unie,73-02,73,Albertville,75626,118,22.2,34.8,39.5,47.2,7.6,9.7,6.0,3.2,3.3,1.0,22.2,0,,ED,5,quasi impossible,CD,100.0,mesure,mesuree
droite_unie,73-03,73,La Ravoire,73609,133,20.9,37.5,41.4,42.6,7.6,9.7,6.0,0.0,3.3,1.0,20.9,0,,ED,5,quasi impossible,CD,100.0,mesure,mesuree
droite_unie,73-04,73,Chambéry,79612,100,36.8,25.1,36.6,43.9,7.6,9.7,6.0,1.5,3.3,1.0,36.8,1,0.3,ED,2,jouable,G,100.0,mesure,mesuree
droite_unie,74-01,74,Annecy,106505,118,21.9,39.4,37.7,44.1,7.6,9.7,6.0,0.8,3.3,1.0,21.9,0,,CD,5,quasi impossible,CD,100.0,mesure,mesuree
droite_unie,74-02,74,Annecy,98954,109,25.9,38.0,34.2,44.4,7.6,9.7,6.0,1.7,3.3,1.0,25.9,1,-22.4,CD,4,difficile,CD,100.0,mesure,mesuree
droite_unie,74-03,74,Bonneville,89010,107,23.2,32.8,41.2,47.7,7.6,9.7,6.0,2.4,3.3,1.0,23.2,0,,ED,5,quasi impossible,CD,100.0,mesure,mesuree
droite_unie,74-04,74,Annemasse,89378,107,25.4,38.6,32.0,52.1,7.6,9.7,6.0,3.8,3.3,1.0,25.4,0,,CD,5,quasi impossible,CD,100.0,mesure,mesuree
droite_unie,74-05,74,Thonon-Les-Bains,101666,113,23.6,35.5,37.3,48.9,7.6,9.7,6.0,3.4,3.3,1.0,23.6,0,,ED,5,quasi impossible,CD,100.0,mesure,mesuree
droite_unie,74-06,74,Sallanches,81261,89,21.6,34.9,41.3,48.8,7.6,9.7,6.0,2.0,3.3,1.0,21.6,0,,ED,5,quasi impossible,CD,100.0,mesure,mesuree
droite_unie,75-01,75,Paris,70315,51,27.5,52.3,20.1,36.6,7.6,9.7,6.0,0.0,3.3,1.0,27.5,1,-30.8,CD,4,difficile,CD,100.0,mesure,mesuree
droite_unie,75-02,75,Paris,74579,54,30.3,47.7,20.1,34.8,7.6,9.7,6.0,1.7,3.3,1.0,30.3,1,-23.4,CD,4,difficile,CD,100.0,mesure,mesuree
droite_unie,75-03,75,Paris,72159,48,47.4,34.4,18.5,39.0,7.6,9.7,6.0,0.0,3.3,1.0,47.4,1,7.5,CD,2,jouable,G,100.0,mesure,mesuree
droite_unie,75-04,75,Paris,73204,48,15.4,60.7,23.8,39.3,7.6,9.7,6.0,0.0,3.3,1.0,15.4,0,,CD,5,quasi impossible,CD,100.0,mesure,mesuree
droite_unie,75-05,75,Paris,57005,39,60.4,23.2,16.9,37.5,7.6,9.7,6.0,0.0,3.3,1.0,60.4,1,32.1,CD,1,victoire facile,G,100.0,mesure,mesuree
droite_unie,75-06,75,Paris,81237,48,63.9,19.4,17.0,38.3,7.6,9.7,6.0,0.0,3.3,1.0,63.9,1,39.4,CD,1,victoire facile,G,100.0,mesure,mesuree
droite_unie,75-07,75,Paris,61637,38,55.5,28.1,17.3,35.3,7.6,9.7,6.0,0.0,3.3,1.0,55.5,1,22.2,CD,1,victoire facile,G,100.0,mesure,mesuree
droite_unie,75-08,75,Paris,85297,59,50.8,28.7,20.5,39.2,7.6,9.7,6.0,0.1,3.3,1.0,50.8,1,16.0,CD,1,victoire facile,G,100.0,mesure,mesuree
droite_unie,75-09,75,Paris,69990,45,53.6,25.4,20.8,40.3,7.6,9.7,6.0,0.3,3.3,1.0,53.6,1,22.0,CD,1,victoire facile,G,100.0,mesure,mesuree
droite_unie,75-10,75,Paris,69062,44,52.0,26.9,20.7,40.2,7.6,9.7,6.0,0.3,3.3,1.0,52.0,1,18.9,CD,1,victoire facile,G,100.0,mesure,mesuree
droite_unie,75-11,75,Paris,72872,51,43.0,37.6,19.8,34.8,7.6,9.7,6.0,0.0,3.3,1.0,43.0,1,-0.5,CD,3,disputé,G,100.0,mesure,mesuree
droite_unie,75-12,75,Paris,75515,50,26.4,50.3,23.1,35.9,7.6,9.7,6.0,0.0,3.3,1.0,26.4,1,-30.8,CD,4,difficile,CD,100.0,mesure,mesuree
droite_unie,75-13,75,Paris,77751,51,36.1,40.7,23.0,38.9,7.6,9.7,6.0,0.1,3.3,1.0,36.1,1,-11.6,CD,4,difficile,CD,100.0,mesure,mesuree
droite_unie,75-14,75,Paris,76408,52,11.1,63.5,25.5,38.8,7.6,9.7,6.0,0.0,3.3,1.0,11.1,0,,CD,5,quasi impossible,CD,100.0,mesure,mesuree
droite_unie,75-15,75,Paris,79598,51,67.7,14.3,18.5,41.4,7.6,9.7,6.0,0.0,3.3,1.0,67.7,1,49.2,ED,1,victoire facile,G,100.0,mesure,mesuree
droite_unie,75-16,75,Paris,76417,49,66.3,15.4,18.4,44.1,7.6,9.7,6.0,0.0,3.3,1.0,66.3,1,48.0,ED,1,victoire facile,G,100.0,mesure,mesuree
droite_unie,75-17,75,Paris,63138,38,66.9,13.8,18.6,47.2,7.6,9.7,6.0,0.6,3.3,1.0,66.9,1,48.3,ED,1,victoire facile,G,100.0,mesure,mesuree
droite_unie,75-18,75,Paris,70320,44,52.5,30.4,17.0,37.6,7.6,9.7,6.0,0.0,3.3,1.0,52.5,1,17.1,CD,1,victoire facile,G,100.0,mesure,mesuree
droite_unie,76-01,76,Rouen,66601,72,46.7,26.1,27.2,44.7,7.6,9.7,6.0,0.0,3.3,1.0,46.7,1,19.6,ED,1,victoire facile,G,100.0,mesure,mesuree
droite_unie,76-02,76,Bois-Guillaume,95776,145,22.5,35.8,40.9,41.6,7.6,9.7,6.0,0.9,3.3,1.0,22.5,1,-18.3,ED,4,difficile,CD,100.0,mesure,mesuree
droite_unie,76-03,76,Sotteville-Lès-Rouen,69807,79,52.1,12.1,35.8,52.6,7.6,9.7,6.0,0.0,3.3,1.0,52.1,1,16.4,ED,1,victoire facile,G,100.0,mesure,mesuree
droite_unie,76-04,76,Le Grand-Quevilly,85523,108,37.4,15.9,47.0,52.1,7.6,9.7,6.0,0.0,3.3,1.0,37.4,1,-9.5,ED,4,difficile,ED,100.0,mesure,mesuree
droite_unie,76-05,76,Barentin,94874,128,32.3,19.1,49.3,48.1,7.6,9.7,6.0,0.0,3.3,1.0,32.3,1,-16.9,ED,4,difficile,ED,100.0,mesure,mesuree
droite_unie,76-06,76,Dieppe,109261,222,34.9,15.0,50.6,47.1,7.6,9.7,6.0,0.0,3.3,1.0,34.9,1,-15.6,ED,4,difficile,ED,100.0,mesure,mesuree
droite_unie,76-07,76,Le Havre,83825,91,30.5,33.0,35.5,47.7,7.6,9.7,6.0,1.1,3.3,1.0,30.5,1,-5.0,ED,3,disputé,CD,100.0,mesure,mesuree
droite_unie,76-08,76,Le Havre,66184,75,45.3,16.1,38.4,56.8,7.6,9.7,6.0,0.1,3.3,1.0,45.3,1,6.9,ED,2,jouable,G,100.0,mesure,mesuree
droite_unie,76-09,76,Fécamp,94910,165,18.5,30.1,51.8,46.8,7.6,9.7,6.0,0.0,3.3,1.0,18.5,0,,ED,5,quasi impossible,ED,100.0,mesure,mesuree
droite_unie,76-10,76,Yvetot,108932,256,16.5,30.9,51.2,44.5,7.6,9.7,6.0,1.3,3.3,1.0,16.5,0,,ED,5,quasi impossible,ED,100.0,mesure,mesuree
droite_unie,77-01,77,Melun,71339,76,33.1,25.8,39.8,52.5,7.6,9.7,6.0,1.4,3.3,1.0,33.1,1,-6.6,ED,3,disputé,ED,100.0,mesure,mesuree
droite_unie,77-02,77,Fontainebleau,80444,113,26.6,30.5,42.0,45.4,7.6,9.7,6.0,1.1,3.3,1.0,26.6,1,-15.4,ED,4,difficile,ED,100.0,mesure,mesuree
droite_unie,77-03,77,Montereau-Fault-Yonne,76326,102,28.0,27.5,43.3,49.6,7.6,9.7,6.0,1.3,3.3,1.0,28.0,1,-15.2,ED,4,difficile,ED,100.0,mesure,mesuree
droite_unie,77-04,77,Provins,88697,173,19.0,27.0,53.0,49.4,7.6,9.7,6.0,1.0,3.3,1.0,19.0,0,,ED,5,quasi impossible,ED,100.0,mesure,mesuree
droite_unie,77-05,77,Coulommiers,88987,103,24.7,27.8,46.2,51.1,7.6,9.7,6.0,1.3,3.3,1.0,24.7,0,,ED,5,quasi impossible,ED,100.0,mesure,mesuree
droite_unie,77-06,77,Meaux,82904,99,30.0,22.6,46.5,54.2,7.6,9.7,6.0,1.0,3.3,1.0,30.0,1,-16.4,ED,4,difficile,ED,100.0,mesure,mesuree
droite_unie,77-07,77,Villeparisis,89223,100,32.0,23.3,43.5,52.7,7.6,9.7,6.0,1.4,3.3,1.0,32.0,1,-11.5,ED,4,difficile,ED,100.0,mesure,mesuree
droite_unie,77-08,77,Bussy-Saint-Georges,94910,93,35.9,27.6,35.6,51.6,7.6,9.7,6.0,1.1,3.3,1.0,35.9,1,0.3,ED,2,jouable,G,100.0,mesure,mesuree
droite_unie,77-09,77,Pontault-Combault,87735,97,30.8,24.8,42.7,52.1,7.6,9.7,6.0,1.8,3.3,1.0,30.8,1,-11.8,ED,4,difficile,ED,100.0,mesure,mesuree
droite_unie,77-10,77,Chelles,79389,77,41.9,25.9,30.6,52.9,7.6,9.7,6.0,1.8,3.3,1.0,41.9,1,11.4,ED,1,victoire facile,G,100.0,mesure,mesuree
droite_unie,77-11,77,Savigny-Le-Temple,65734,61,52.5,10.5,36.7,56.0,7.6,9.7,6.0,0.7,3.3,1.0,52.5,1,15.8,ED,1,victoire facile,G,100.0,mesure,mesuree
droite_unie,78-01,78,Versailles,83470,62,26.4,43.9,30.3,39.9,7.6,9.7,6.0,0.0,3.3,1.0,26.4,1,-26.6,CD,4,difficile,CD,100.0,mesure,mesuree
droite_unie,78-02,78,Versailles,85852,83,25.3,44.5,31.0,37.1,7.6,9.7,6.0,0.0,3.3,1.0,25.3,1,-28.5,CD,4,difficile,CD,100.0,mesure,mesuree
droite_unie,78-03,78,Le Chesnay-Rocquencourt,83521,84,21.6,46.5,32.6,40.0,7.6,9.7,6.0,0.0,3.3,1.0,21.6,1,-34.7,CD,4,difficile,CD,100.0,mesure,mesuree
droite_unie,78-04,78,Houilles,79688,67,25.8,46.0,28.7,39.9,7.6,9.7,6.0,0.0,3.3,1.0,25.8,1,-28.9,CD,4,difficile,CD,100.0,mesure,mesuree
droite_unie,78-05,78,Sartrouville,76766,72,26.4,54.3,19.1,40.9,7.6,9.7,6.0,0.6,3.3,1.0,26.4,1,-33.6,CD,4,difficile,CD,100.0,mesure,mesuree
droite_unie,78-06,78,Saint-Germain-En-Laye,76446,81,28.3,42.2,29.1,44.1,7.6,9.7,6.0,0.7,3.3,1.0,28.3,1,-22.7,CD,4,difficile,CD,100.0,mesure,mesuree
droite_unie,78-07,78,Conflans-Sainte-Honorine,81613,86,33.0,32.8,33.1,47.1,7.6,9.7,6.0,1.4,3.3,1.0,33.0,1,-0.1,ED,3,disputé,ED,100.0,mesure,mesuree
droite_unie,78-08,78,Mantes-La-Jolie,75347,84,41.5,17.8,37.6,55.3,7.6,9.7,6.0,3.5,3.3,1.0,41.5,1,4.0,ED,2,jouable,G,100.0,mesure,mesuree
droite_unie,78-09,78,Les Mureaux,91899,124,29.4,27.0,41.8,48.8,7.6,9.7,6.0,1.9,3.3,1.0,29.4,1,-12.3,ED,4,difficile,ED,100.0,mesure,mesuree
droite_unie,78-10,78,Rambouillet,91685,105,25.6,38.6,35.9,40.2,7.6,9.7,6.0,0.1,3.3,1.0,25.6,1,-23.8,CD,4,difficile,CD,100.0,mesure,mesuree
droite_unie,78-11,78,Elancourt,70630,73,42.1,27.0,29.4,47.5,7.6,9.7,6.0,1.7,3.3,1.0,42.1,1,12.8,ED,1,victoire facile,G,100.0,mesure,mesuree
droite_unie,78-12,78,Poissy,70613,85,31.4,35.9,32.6,43.6,7.6,9.7,6.0,0.3,3.3,1.0,31.4,1,-14.3,CD,4,difficile,CD,100.0,mesure,mesuree
droite_unie,79-01,79,Niort,91748,129,30.2,36.4,32.4,43.8,7.6,9.7,6.0,0.7,3.3,1.0,30.2,1,-16.0,CD,4,difficile,CD,100.0,mesure,mesuree
droite_unie,79-02,79,Parthenay,98054,196,38.4,20.0,40.7,45.4,7.6,9.7,6.0,0.7,3.3,1.0,38.4,1,-2.2,ED,3,disputé,ED,100.0,mesure,mesuree
droite_unie,79-03,79,Bressuire,85314,145,16.7,41.2,40.6,46.6,7.6,9.7,6.0,1.4,3.3,1.0,16.7,0,,CD,5,quasi impossible,CD,100.0,mesure,mesuree
droite_unie,80-01,80,Amiens,83104,128,36.6,19.6,43.7,50.4,7.6,9.7,6.0,0.0,3.3,1.0,36.6,1,-7.0,ED,3,disputé,ED,100.0,mesure,mesuree
droite_unie,80-02,80,Amiens,76061,87,30.1,35.8,34.5,47.2,7.6,9.7,6.0,0.0,3.3,1.0,30.1,1,-16.0,CD,4,difficile,CD,100.0,mesure,mesuree
droite_unie,80-03,80,Friville-Escarbotin,81800,229,12.8,33.8,53.2,44.4,7.6,9.7,6.0,0.1,3.3,1.0,12.8,0,,ED,5,quasi impossible,ED,100.0,mesure,mesuree
droite_unie,80-04,80,Corbie,85080,261,15.3,30.7,53.7,46.0,7.6,9.7,6.0,0.1,3.3,1.0,15.3,0,,ED,5,quasi impossible,ED,100.0,mesure,mesuree
droite_unie,80-05,80,Albert,81191,270,13.5,28.3,58.3,48.4,7.6,9.7,6.0,0.0,3.3,1.0,13.5,0,,ED,5,quasi impossible,ED,100.0,mesure,mesuree
droite_unie,81-01,81,Albi,85344,132,28.2,27.6,43.6,42.6,7.6,9.7,6.0,0.6,3.3,1.0,28.2,1,-15.4,ED,4,difficile,ED,100.0,mesure,mesuree
droite_unie,81-02,81,Albi,110310,194,31.1,21.6,45.0,41.8,7.6,9.7,6.0,2.4,3.3,1.0,31.1,1,-13.9,ED,4,difficile,ED,100.0,mesure,mesuree
droite_unie,81-03,81,Castres,104780,165,25.3,27.3,46.2,42.0,7.6,9.7,6.0,1.1,3.3,1.0,25.3,1,-20.8,ED,4,difficile,ED,100.0,mesure,mesuree
droite_unie,82-01,82,Montauban,93424,126,37.9,14.0,46.8,44.6,7.6,9.7,6.0,1.3,3.3,1.0,37.9,1,-8.8,ED,4,difficile,ED,100.0,mesure,mesuree
droite_unie,82-02,82,Castelsarrasin,96517,168,33.1,11.9,54.3,45.5,7.6,9.7,6.0,0.7,3.3,1.0,33.1,1,-21.2,ED,4,difficile,ED,100.0,mesure,mesuree
droite_unie,83-01,83,Toulon,71099,89,20.3,27.8,51.0,50.3,7.6,9.7,6.0,1.1,3.3,1.0,20.3,0,,ED,5,quasi impossible,ED,100.0,mesure,mesuree
droite_unie,83-02,83,Toulon,92819,104,19.8,21.5,56.8,50.9,7.6,9.7,6.0,2.0,3.3,1.0,19.8,0,,ED,5,quasi impossible,ED,100.0,mesure,mesuree
droite_unie,83-03,83,Hyères,103272,121,17.4,27.8,53.0,47.0,7.6,9.7,6.0,2.0,3.3,1.0,17.4,0,,ED,5,quasi impossible,ED,100.0,mesure,mesuree
droite_unie,83-04,83,Sainte-Maxime,108501,120,12.4,23.0,63.3,50.7,7.6,9.7,6.0,1.4,3.3,1.0,12.4,0,,ED,5,quasi impossible,ED,100.0,mesure,mesuree
droite_unie,83-05,83,Fréjus,97222,105,11.1,25.9,61.6,50.5,7.6,9.7,6.0,1.7,3.3,1.0,11.1,0,,ED,5,quasi impossible,ED,100.0,mesure,mesuree
droite_unie,83-06,83,Saint-Maximin-La-Sainte-Baume,125513,139,16.1,22.4,59.4,49.0,7.6,9.7,6.0,2.2,3.3,1.0,16.1,0,,ED,5,quasi impossible,ED,100.0,mesure,mesuree
droite_unie,83-07,83,La Seyne-Sur-Mer,102865,112,17.0,26.7,55.1,50.8,7.6,9.7,6.0,1.6,3.3,1.0,17.0,0,,ED,5,quasi impossible,ED,100.0,mesure,mesuree
droite_unie,83-08,83,Draguignan,109475,134,17.6,22.1,57.9,49.0,7.6,9.7,6.0,2.4,3.3,1.0,17.6,0,,ED,5,quasi impossible,ED,100.0,mesure,mesuree
droite_unie,84-01,84,Avignon,74020,91,37.9,15.8,45.4,55.1,7.6,9.7,6.0,1.1,3.3,1.0,37.9,1,-7.4,ED,3,disputé,ED,100.0,mesure,mesuree
droite_unie,84-02,84,Cavaillon,85625,101,22.4,23.5,53.4,47.6,7.6,9.7,6.0,0.7,3.3,1.0,22.4,0,,ED,5,quasi impossible,ED,100.0,mesure,mesuree
droite_unie,84-03,84,Sorgues,79341,92,18.5,20.8,60.6,49.8,7.6,9.7,6.0,0.2,3.3,1.0,18.5,0,,ED,5,quasi impossible,ED,100.0,mesure,mesuree
droite_unie,84-04,84,Orange,89795,111,17.7,23.3,58.8,49.0,7.6,9.7,6.0,0.4,3.3,1.0,17.7,0,,ED,5,quasi impossible,ED,100.0,mesure,mesuree
droite_unie,84-05,84,Pertuis,84944,112,23.9,26.4,48.4,46.6,7.6,9.7,6.0,1.3,3.3,1.0,23.9,1,-24.4,ED,4,difficile,ED,100.0,mesure,mesuree
droite_unie,85-01,85,Challans,115462,125,23.1,38.1,37.3,46.8,7.6,9.7,6.0,1.3,3.3,1.0,23.1,0,,CD,5,quasi impossible,CD,100.0,mesure,mesuree
droite_unie,85-02,85,La Roche-Sur-Yon,113458,131,22.3,35.9,40.7,44.6,7.6,9.7,6.0,1.1,3.3,1.0,22.3,0,,ED,5,quasi impossible,CD,100.0,mesure,mesuree
droite_unie,85-03,85,Les Sables-D'Olonne,131344,127,15.2,41.0,41.6,43.7,7.6,9.7,6.0,2.3,3.3,1.0,15.2,0,,ED,5,quasi impossible,CD,100.0,mesure,mesuree
droite_unie,85-04,85,Montaigu-Vendée,104717,105,17.4,53.0,28.3,44.8,7.6,9.7,6.0,1.0,3.3,1.0,17.4,0,,CD,5,quasi impossible,CD,100.0,mesure,mesuree
droite_unie,85-05,85,Fontenay-Le-Comte,82485,122,17.4,37.7,43.2,45.1,7.6,9.7,6.0,1.7,3.3,1.0,17.4,0,,ED,5,quasi impossible,CD,100.0,mesure,mesuree
droite_unie,86-01,86,Poitiers,81053,100,37.8,26.0,35.0,45.2,7.6,9.7,6.0,0.9,3.3,1.0,37.8,1,2.9,ED,2,jouable,G,100.0,mesure,mesuree
droite_unie,86-02,86,Poitiers,78411,88,37.5,28.8,32.5,41.7,7.6,9.7,6.0,1.0,3.3,1.0,37.5,1,5.0,ED,2,jouable,G,100.0,mesure,mesuree
droite_unie,86-03,86,Chauvigny,72043,134,27.8,26.7,44.7,43.9,7.6,9.7,6.0,0.7,3.3,1.0,27.8,1,-16.8,ED,4,difficile,ED,100.0,mesure,mesuree
droite_unie,86-04,86,Châtellerault,73679,132,21.4,29.9,47.9,48.3,7.6,9.7,6.0,0.7,3.3,1.0,21.4,0,,ED,5,quasi impossible,ED,100.0,mesure,mesuree
droite_unie,87-01,87,Limoges,83948,114,35.1,24.7,39.1,43.5,7.6,9.7,6.0,1.0,3.3,1.0,35.1,1,-3.9,ED,3,disputé,ED,100.0,mesure,mesuree
droite_unie,87-02,87,Limoges,98338,137,36.2,21.6,42.1,41.3,7.6,9.7,6.0,0.0,3.3,1.0,36.2,1,-5.9,ED,3,disputé,ED,100.0,mesure,mesuree
droite_unie,87-03,87,Limoges,81393,127,32.4,25.9,40.5,43.3,7.6,9.7,6.0,1.1,3.3,1.0,32.4,1,-8.0,ED,4,difficile,ED,100.0,mesure,mesuree
droite_unie,88-01,88,Epinal,75984,132,16.0,41.1,41.9,47.7,7.6,9.7,6.0,0.9,3.3,1.0,16.0,0,,ED,5,quasi impossible,CD,100.0,mesure,mesuree
droite_unie,88-02,88,Saint-Dié-Des-Vosges,71896,148,14.0,34.1,52.3,48.0,7.6,9.7,6.0,0.0,3.3,1.0,14.0,0,,ED,5,quasi impossible,ED,100.0,mesure,mesuree
droite_unie,88-03,88,Gérardmer,63350,83,13.2,46.7,38.5,44.3,7.6,9.7,6.0,1.5,3.3,1.0,13.2,0,,CD,5,quasi impossible,CD,100.0,mesure,mesuree
droite_unie,88-04,88,Neufchâteau,64121,290,21.4,29.2,50.3,44.8,7.6,9.7,6.0,0.0,3.3,1.0,21.4,0,,ED,5,quasi impossible,ED,100.0,mesure,mesuree
droite_unie,89-01,89,Auxerre,74973,158,23.1,29.9,46.2,44.6,7.6,9.7,6.0,0.7,3.3,1.0,23.1,1,-23.0,ED,4,difficile,ED,100.0,mesure,mesuree
droite_unie,89-02,89,Avallon,72260,255,20.7,26.1,52.0,46.6,7.6,9.7,6.0,1.0,3.3,1.0,20.7,0,,ED,5,quasi impossible,ED,100.0,mesure,mesuree
droite_unie,89-03,89,Sens,89716,161,21.8,21.8,55.9,50.1,7.6,9.7,6.0,0.5,3.3,1.0,21.8,1,-34.0,ED,4,difficile,ED,100.0,mesure,mesuree
droite_unie,90-01,90,Belfort,47553,81,20.5,35.8,43.1,46.8,7.6,9.7,6.0,0.5,3.3,1.0,20.5,0,,ED,5,quasi impossible,CD,100.0,mesure,mesuree
droite_unie,90-02,90,Belfort,46433,70,25.9,31.8,42.5,46.0,7.6,9.7,6.0,0.0,3.3,1.0,25.9,1,-16.5,ED,4,difficile,ED,100.0,mesure,mesuree
droite_unie,91-01,91,Evry-Courcouronnes,69794,79,47.4,20.3,31.0,56.9,7.6,9.7,6.0,1.5,3.3,1.0,47.4,1,16.5,ED,1,victoire facile,G,100.0,mesure,mesuree
droite_unie,91-02,91,Etampes,92918,124,28.0,25.4,45.8,48.7,7.6,9.7,6.0,0.8,3.3,1.0,28.0,1,-17.8,ED,4,difficile,ED,100.0,mesure,mesuree
droite_unie,91-03,91,Brétigny-Sur-Orge,97409,106,33.8,25.9,38.9,45.7,7.6,9.7,6.0,1.5,3.3,1.0,33.8,1,-5.0,ED,3,disputé,ED,100.0,mesure,mesuree
droite_unie,91-04,91,Longjumeau,97943,110,29.1,31.8,37.9,44.7,7.6,9.7,6.0,1.4,3.3,1.0,29.1,1,-8.7,ED,4,difficile,CD,100.0,mesure,mesuree
droite_unie,91-05,91,Gif-Sur-Yvette,68066,71,40.2,35.9,24.7,38.2,7.6,9.7,6.0,0.0,3.3,1.0,40.2,1,-3.0,CD,3,disputé,G,100.0,mesure,mesuree
droite_unie,91-06,91,Massy,81352,86,52.8,16.9,29.7,47.3,7.6,9.7,6.0,0.8,3.3,1.0,52.8,1,23.1,ED,1,victoire facile,G,100.0,mesure,mesuree
droite_unie,91-07,91,Savigny-Sur-Orge,74148,72,39.6,26.5,32.5,51.1,7.6,9.7,6.0,1.6,3.3,1.0,39.6,1,7.2,ED,2,jouable,G,100.0,mesure,mesuree
droite_unie,91-08,91,Yerres,76565,86,33.1,22.8,43.4,49.9,7.6,9.7,6.0,1.1,3.3,1.0,33.1,1,-10.3,ED,4,difficile,ED,100.0,mesure,mesuree
droite_unie,91-09,91,Draveil,79787,90,37.2,24.8,35.5,49.8,7.6,9.7,6.0,2.8,3.3,1.0,37.2,1,1.8,ED,2,jouable,G,100.0,mesure,mesuree
droite_unie,91-10,91,Sainte-Geneviève-Des-Bois,62824,66,45.8,19.9,33.1,54.4,7.6,9.7,6.0,1.4,3.3,1.0,45.8,1,12.8,ED,1,victoire facile,G,100.0,mesure,mesuree
droite_unie,92-01,92,Colombes,66736,66,64.0,11.9,23.7,57.2,7.6,9.7,6.0,0.9,3.3,1.0,64.0,1,40.3,ED,1,victoire facile,G,100.0,mesure,mesuree
droite_unie,92-02,92,Asnières-Sur-Seine,68943,65,37.6,41.5,21.3,39.8,7.6,9.7,6.0,0.0,3.3,1.0,37.6,1,-10.2,CD,4,difficile,CD,100.0,mesure,mesuree
droite_unie,92-03,92,Courbevoie,83095,81,27.4,49.8,22.7,39.4,7.6,9.7,6.0,0.1,3.3,1.0,27.4,1,-29.2,CD,4,difficile,CD,100.0,mesure,mesuree
droite_unie,92-04,92,Nanterre,80390,82,51.3,22.7,25.8,49.0,7.6,9.7,6.0,0.4,3.3,1.0,51.3,1,25.6,ED,1,victoire facile,G,100.0,mesure,mesuree
droite_unie,92-05,92,Levallois-Perret,77069,77,35.9,41.3,22.8,43.5,7.6,9.7,6.0,0.2,3.3,1.0,35.9,1,-12.3,CD,4,difficile,CD,100.0,mesure,mesuree
droite_unie,92-06,92,Neuilly-Sur-Seine,76447,81,16.8,56.3,27.8,38.0,7.6,9.7,6.0,0.0,3.3,1.0,16.8,0,,CD,5,quasi impossible,CD,100.0,mesure,mesuree
droite_unie,92-07,92,Rueil-Malmaison,88339,90,22.5,50.3,27.0,38.8,7.6,9.7,6.0,0.7,3.3,1.0,22.5,1,-35.9,CD,4,difficile,CD,100.0,mesure,mesuree
droite_unie,92-08,92,Meudon,69015,73,31.1,45.1,24.6,37.0,7.6,9.7,6.0,0.0,3.3,1.0,31.1,1,-21.4,CD,4,difficile,CD,100.0,mesure,mesuree
droite_unie,92-09,92,Boulogne-Billancourt,63463,61,19.6,58.0,23.1,37.0,7.6,9.7,6.0,0.0,3.3,1.0,19.6,0,,CD,5,quasi impossible,CD,100.0,mesure,mesuree
droite_unie,92-10,92,Issy-Les-Moulineaux,78246,83,35.0,41.4,24.3,38.7,7.6,9.7,6.0,0.0,3.3,1.0,35.0,1,-13.7,CD,4,difficile,CD,100.0,mesure,mesuree
droite_unie,92-11,92,Montrouge,71659,76,51.7,24.3,24.1,43.6,7.6,9.7,6.0,0.0,3.3,1.0,51.7,1,20.2,CD,1,victoire facile,G,100.0,mesure,mesuree
droite_unie,92-12,92,Clamart,93165,101,37.9,35.9,26.0,40.6,7.6,9.7,6.0,0.4,3.3,1.0,37.9,1,-5.8,CD,3,disputé,G,100.0,mesure,mesuree
droite_unie,92-13,92,Antony,88374,91,35.2,41.8,24.1,38.3,7.6,9.7,6.0,0.0,3.3,1.0,35.2,1,-13.9,CD,4,difficile,CD,100.0,mesure,mesuree
droite_unie,93-01,93,Epinay-Sur-Seine,64571,67,68.6,9.4,21.5,57.4,7.6,9.7,6.0,0.7,3.3,1.0,68.6,1,47.1,ED,1,victoire facile,G,100.0,mesure,mesuree
droite_unie,93-02,93,Saint-Denis,59304,59,76.4,1.2,21.6,63.3,7.6,9.7,6.0,1.3,3.3,1.0,76.4,1,54.8,ED,1,victoire facile,G,100.0,mesure,mesuree
droite_unie,93-03,93,Noisy-Le-Grand,76122,80,41.8,27.1,28.3,50.3,7.6,9.7,6.0,3.0,3.3,1.0,41.8,1,13.6,ED,1,victoire facile,G,100.0,mesure,mesuree
droite_unie,93-04,93,Le Blanc-Mesnil,67437,65,65.8,4.6,25.0,64.1,7.6,9.7,6.0,5.1,3.3,1.0,65.8,1,40.8,ED,1,victoire facile,G,100.0,mesure,mesuree
droite_unie,93-05,93,Drancy,65908,66,51.5,21.9,24.5,60.3,7.6,9.7,6.0,2.6,3.3,1.0,51.5,1,27.0,ED,1,victoire facile,G,100.0,mesure,mesuree
droite_unie,93-06,93,Aubervilliers,58257,47,70.8,6.2,20.9,57.1,7.6,9.7,6.0,2.4,3.3,1.0,70.8,1,49.9,ED,1,victoire facile,G,100.0,mesure,mesuree
droite_unie,93-07,93,Montreuil,82459,75,77.2,3.1,19.7,50.4,7.6,9.7,6.0,0.1,3.3,1.0,77.2,1,57.6,ED,1,victoire facile,G,100.0,mesure,mesuree
droite_unie,93-08,93,Rosny-Sous-Bois,60435,65,46.9,19.7,32.4,52.8,7.6,9.7,6.0,1.3,3.3,1.0,46.9,1,14.5,ED,1,victoire facile,G,100.0,mesure,mesuree
droite_unie,93-09,93,Noisy-Le-Sec,72519,73,64.4,11.2,24.1,53.7,7.6,9.7,6.0,0.7,3.3,1.0,64.4,1,40.3,ED,1,victoire facile,G,100.0,mesure,mesuree
droite_unie,93-10,93,Aulnay-Sous-Bois,67983,81,49.2,22.4,26.8,58.2,7.6,9.7,6.0,2.1,3.3,1.0,49.2,1,22.4,ED,1,victoire facile,G,100.0,mesure,mesuree
droite_unie,93-11,93,Sevran,64617,73,63.4,8.0,27.5,62.7,7.6,9.7,6.0,1.7,3.3,1.0,63.4,1,35.9,ED,1,victoire facile,G,100.0,mesure,mesuree
droite_unie,93-12,93,Livry-Gargan,65314,70,40.4,22.8,33.6,57.3,7.6,9.7,6.0,3.7,3.3,1.0,40.4,1,6.8,ED,2,jouable,G,100.0,mesure,mesuree
droite_unie,94-01,94,Saint-Maur-Des-Fossés,82182,76,34.1,39.1,27.5,42.8,7.6,9.7,6.0,0.0,3.3,1.0,34.1,1,-13.2,CD,4,difficile,CD,100.0,mesure,mesuree
droite_unie,94-02,94,Créteil,60632,67,55.8,16.6,27.2,54.4,7.6,9.7,6.0,0.8,3.3,1.0,55.8,1,28.6,ED,1,victoire facile,G,100.0,mesure,mesuree
droite_unie,94-03,94,Limeil-Brévannes,74372,80,39.9,24.9,33.6,53.5,7.6,9.7,6.0,1.9,3.3,1.0,39.9,1,6.3,ED,2,jouable,G,100.0,mesure,mesuree
droite_unie,94-04,94,Sucy-En-Brie,72020,78,31.9,32.9,34.2,47.5,7.6,9.7,6.0,1.3,3.3,1.0,31.9,1,-2.3,ED,3,disputé,CD,100.0,mesure,mesuree
droite_unie,94-05,94,Champigny-Sur-Marne,85636,85,37.1,34.4,27.7,46.9,7.6,9.7,6.0,1.1,3.3,1.0,37.1,1,-5.6,CD,3,disputé,G,100.0,mesure,mesuree
droite_unie,94-06,94,Fontenay-Sous-Bois,82431,80,42.6,33.8,24.0,39.6,7.6,9.7,6.0,0.0,3.3,1.0,42.6,1,1.7,CD,2,jouable,G,100.0,mesure,mesuree
droite_unie,94-07,94,L'Haÿ-Les-Roses,65684,61,41.9,29.2,27.2,49.2,7.6,9.7,6.0,2.0,3.3,1.0,41.9,1,4.5,CD,2,jouable,G,100.0,mesure,mesuree
droite_unie,94-08,94,Maisons-Alfort,74524,78,34.4,41.5,23.8,40.3,7.6,9.7,6.0,0.4,3.3,1.0,34.4,1,-14.2,CD,4,difficile,CD,100.0,mesure,mesuree
droite_unie,94-09,94,Vitry-Sur-Seine,54445,59,60.2,11.6,27.2,53.9,7.6,9.7,6.0,1.3,3.3,1.0,60.2,1,33.0,ED,1,victoire facile,G,100.0,mesure,mesuree
droite_unie,94-10,94,Ivry-Sur-Seine,64451,73,63.2,11.8,25.3,51.0,7.6,9.7,6.0,0.0,3.3,1.0,63.2,1,37.9,ED,1,victoire facile,G,100.0,mesure,mesuree
droite_unie,94-11,94,Villejuif,66060,68,58.1,18.1,24.1,48.8,7.6,9.7,6.0,0.0,3.3,1.0,58.1,1,34.0,ED,1,victoire facile,G,100.0,mesure,mesuree
droite_unie,95-01,95,Pontoise,82785,132,31.7,26.3,40.9,46.9,7.6,9.7,6.0,1.2,3.3,1.0,31.7,1,-9.1,ED,4,difficile,ED,100.0,mesure,mesuree
droite_unie,95-02,95,Saint-Ouen-L'Aumône,78709,80,33.8,27.0,37.4,49.0,7.6,9.7,6.0,1.9,3.3,1.0,33.8,1,-3.5,ED,3,disputé,ED,100.0,mesure,mesuree
droite_unie,95-03,95,Herblay-Sur-Seine,94424,104,35.8,27.6,35.5,48.9,7.6,9.7,6.0,1.3,3.3,1.0,35.8,1,0.5,ED,2,jouable,G,100.0,mesure,mesuree
droite_unie,95-04,95,Franconville,76262,75,38.1,28.8,33.2,47.7,7.6,9.7,6.0,0.2,3.3,1.0,38.1,1,5.0,ED,2,jouable,G,100.0,mesure,mesuree
droite_unie,95-05,95,Argenteuil,70843,67,55.0,16.8,25.2,57.7,7.6,9.7,6.0,3.4,3.3,1.0,55.0,1,29.8,ED,1,victoire facile,G,100.0,mesure,mesuree
droite_unie,95-06,95,Sannois,75753,75,38.0,30.6,30.8,49.3,7.6,9.7,6.0,0.9,3.3,1.0,38.0,1,7.3,ED,2,jouable,G,100.0,mesure,mesuree
droite_unie,95-07,95,Montmorency,68539,70,38.8,25.4,35.6,52.3,7.6,9.7,6.0,0.6,3.3,1.0,38.8,1,3.3,ED,2,jouable,G,100.0,mesure,mesuree
droite_unie,95-08,95,Garges-Lès-Gonesse,51214,53,54.4,16.2,28.1,63.4,7.6,9.7,6.0,2.2,3.3,1.0,54.4,1,26.4,ED,1,victoire facile,G,100.0,mesure,mesuree
droite_unie,95-09,95,Goussainville,69303,86,39.9,20.8,38.3,57.9,7.6,9.7,6.0,1.4,3.3,1.0,39.9,1,1.6,ED,2,jouable,G,100.0,mesure,mesuree
droite_unie,95-10,95,Cergy,62461,68,46.4,23.2,29.8,52.1,7.6,9.7,6.0,0.8,3.3,1.0,46.4,1,16.6,ED,1,victoire facile,G,100.0,mesure,mesuree
droite_unie,ZA-01,ZA,Les Abymes,75757,105,88.7,0.0,16.8,73.4,7.6,9.7,6.0,8.3,3.3,1.0,88.7,1,71.9,ED,1,victoire facile,G,100.0,mesure,mesuree
droite_unie,ZA-02,ZA,Le Gosier,88708,115,51.7,11.4,20.1,70.9,7.6,9.7,6.0,16.8,3.3,1.0,51.7,1,31.6,ED,1,victoire facile,G,100.0,mesure,mesuree
droite_unie,ZA-03,ZA,Baie-Mahault,85766,103,61.5,0.0,31.4,72.2,7.6,9.7,6.0,9.4,3.3,1.0,61.5,1,30.0,ED,1,victoire facile,G,100.0,mesure,mesuree
droite_unie,ZA-04,ZA,Capesterre-Belle-Eau,68730,96,60.2,11.6,15.8,71.3,7.6,9.7,6.0,12.3,3.3,1.0,60.2,1,44.4,ED,1,victoire facile,G,100.0,mesure,mesuree
droite_unie,ZB-01,ZB,Le Lamentin,80328,85,89.1,0.0,16.2,77.1,7.6,9.7,6.0,7.3,3.3,1.0,89.1,1,72.8,ED,1,victoire facile,G,100.0,mesure,mesuree
droite_unie,ZB-02,ZB,Sainte-Marie,79675,101,70.3,7.4,17.0,72.6,7.6,9.7,6.0,5.3,3.3,1.0,70.3,1,53.3,ED,1,victoire facile,G,100.0,mesure,mesuree
droite_unie,ZB-03,ZB,Fort-De-France,60258,61,78.7,0.0,15.3,75.6,7.6,9.7,6.0,14.4,3.3,1.0,78.7,1,63.4,ED,1,victoire facile,G,100.0,mesure,mesuree
droite_unie,ZB-04,ZB,Ducos,84422,86,47.0,6.6,11.6,71.0,7.6,9.7,6.0,34.6,3.3,1.0,47.0,1,12.4,AU,1,victoire facile,G,100.0,mesure,mesuree
droite_unie,ZC-01,ZC,Cayenne,55455,74,47.7,16.6,11.5,69.1,7.6,9.7,6.0,23.9,3.3,1.0,47.7,1,23.8,AU,1,victoire facile,G,100.0,mesure,mesuree
droite_unie,ZC-02,ZC,Saint-Laurent-Du-Maroni,47194,60,47.2,27.7,8.1,74.6,7.6,9.7,6.0,16.9,3.3,1.0,47.2,1,17.0,CD,1,victoire facile,G,100.0,mesure,mesuree
droite_unie,ZD-01,ZD,Saint-Denis,88547,106,50.0,14.2,31.7,66.4,7.6,9.7,6.0,4.1,3.3,1.0,50.0,1,18.3,ED,1,victoire facile,G,100.0,mesure,mesuree
droite_unie,ZD-02,ZD,Saint-Paul,101743,142,53.0,7.1,21.9,67.4,7.6,9.7,6.0,17.9,3.3,1.0,53.0,1,31.1,ED,1,victoire facile,G,100.0,mesure,mesuree
droite_unie,ZD-03,ZD,Le Tampon,98835,129,29.9,31.1,34.0,64.5,7.6,9.7,6.0,5.0,3.3,1.0,29.9,0,,ED,5,quasi impossible,CD,100.0,mesure,mesuree
droite_unie,ZD-04,ZD,Saint-Pierre,111483,160,42.8,23.2,28.4,60.6,7.6,9.7,6.0,5.4,3.3,1.0,42.8,1,14.4,ED,1,victoire facile,G,100.0,mesure,mesuree
droite_unie,ZD-05,ZD,Saint-Benoît,90636,118,54.8,10.5,28.4,68.6,7.6,9.7,6.0,6.2,3.3,1.0,54.8,1,26.4,ED,1,victoire facile,G,100.0,mesure,mesuree
droite_unie,ZD-06,ZD,Sainte-Marie,84755,111,59.1,9.1,27.8,67.6,7.6,9.7,6.0,4.0,3.3,1.0,59.1,1,31.4,ED,1,victoire facile,G,100.0,mesure,mesuree
droite_unie,ZD-07,ZD,Saint-Paul,121146,164,42.1,25.2,26.0,66.3,7.6,9.7,6.0,6.5,3.3,1.0,42.1,1,16.1,ED,1,victoire facile,G,100.0,mesure,mesuree
droite_unie,ZM-01,ZM,Mamoudzou,45660,76,3.5,67.7,8.9,54.2,7.6,9.7,6.0,19.8,3.3,1.0,3.5,0,,CD,5,quasi impossible,CD,100.0,mesure,mesuree
droite_unie,ZM-02,ZM,Sada,52449,107,0.0,66.5,28.0,53.2,7.6,9.7,6.0,6.9,3.3,1.0,0.0,0,,CD,5,quasi impossible,CD,100.0,mesure,mesuree
droite_unie,ZN-01,ZN,Nouméa,97070,107,18.5,51.2,14.7,57.4,7.6,9.7,6.0,15.6,3.3,1.0,18.5,1,-37.1,CD,4,difficile,CD,100.0,mesure,mesuree
droite_unie,ZN-02,ZN,Dumbéa,121185,181,26.2,44.3,11.5,54.2,7.6,9.7,6.0,17.9,3.3,1.0,26.2,1,-21.6,CD,4,difficile,CD,100.0,mesure,mesuree
droite_unie,ZP-01,ZP,Papeete,73776,112,21.8,50.8,12.2,54.4,7.6,9.7,6.0,15.1,3.3,1.0,21.8,1,-32.7,CD,4,difficile,CD,100.0,mesure,mesuree
droite_unie,ZP-02,ZP,Mahina,65826,73,20.0,48.0,11.7,59.7,7.6,9.7,6.0,20.3,3.3,1.0,20.0,0,,CD,5,quasi impossible,CD,100.0,mesure,mesuree
droite_unie,ZP-03,ZP,Faaa,62717,65,21.2,48.5,8.4,55.3,7.6,9.7,6.0,21.8,3.3,1.0,21.2,0,,CD,5,quasi impossible,CD,100.0,mesure,mesuree
droite_unie,ZS-01,ZS,Saint-Pierre,5069,4,43.9,31.0,15.5,46.1,7.6,9.7,6.0,9.6,3.3,1.0,43.9,1,8.3,CD,1,victoire facile,G,100.0,mesure,mesuree
droite_unie,ZW-01,ZW,Wallis-Et-Futuna,717,1,6.3,80.4,11.5,22.8,7.6,9.7,6.0,1.6,3.3,1.0,6.3,0,,CD,5,quasi impossible,CD,100.0,mesure,mesuree
droite_unie,ZX-01,ZX,Saint-Martin,25227,24,0.0,72.9,15.2,71.5,7.6,9.7,6.0,15.5,3.3,1.0,0.0,0,,CD,5,quasi impossible,CD,100.0,mesure,mesuree
droite_unie,ZZ-01,ZZ,Montreal,265932,15,29.6,43.7,19.1,72.1,7.6,9.7,6.0,7.6,3.3,1.0,29.6,1,-19.8,CD,4,difficile,CD,100.0,mesure,mesuree
droite_unie,ZZ-02,ZZ,Mexico,81400,25,30.7,39.1,20.4,80.0,7.6,9.7,6.0,9.8,3.3,1.0,30.7,1,-14.5,CD,4,difficile,CD,100.0,mesure,mesuree
droite_unie,ZZ-03,ZZ,Londres,160634,11,33.8,42.0,16.1,65.0,7.6,9.7,6.0,8.1,3.3,1.0,33.8,1,-13.0,CD,4,difficile,CD,100.0,mesure,mesuree
droite_unie,ZZ-04,ZZ,Bruxelles,158039,3,33.5,39.9,19.3,63.4,7.6,9.7,6.0,7.3,3.3,1.0,33.5,1,-12.1,CD,4,difficile,CD,100.0,mesure,mesuree
droite_unie,ZZ-05,ZZ,Madrid,115502,6,30.3,36.2,25.1,69.9,7.6,9.7,6.0,8.4,3.3,1.0,30.3,1,-13.5,CD,4,difficile,CD,100.0,mesure,mesuree
droite_unie,ZZ-06,ZZ,Geneve,159746,2,26.1,44.1,22.7,70.1,7.6,9.7,6.0,7.1,3.3,1.0,26.1,1,-24.7,CD,4,difficile,CD,100.0,mesure,mesuree
droite_unie,ZZ-07,ZZ,Berlin,130824,22,34.2,40.3,16.5,63.5,7.6,9.7,6.0,8.9,3.3,1.0,34.2,1,-11.1,CD,4,difficile,CD,100.0,mesure,mesuree
droite_unie,ZZ-08,ZZ,Tel Aviv,144844,12,9.1,62.4,16.1,81.0,7.6,9.7,6.0,12.4,3.3,1.0,9.1,0,,CD,5,quasi impossible,CD,100.0,mesure,mesuree
droite_unie,ZZ-09,ZZ,Casablanca,130387,18,50.4,22.9,17.8,80.1,7.6,9.7,6.0,9.0,3.3,1.0,50.4,1,22.2,CD,1,victoire facile,G,100.0,mesure,mesuree
droite_unie,ZZ-10,ZZ,Beyrouth,113791,46,24.8,41.5,23.7,74.6,7.6,9.7,6.0,10.0,3.3,1.0,24.8,1,-23.8,CD,4,difficile,CD,100.0,mesure,mesuree
droite_unie,ZZ-11,ZZ,Sydney,104526,48,31.2,35.2,25.6,66.7,7.6,9.7,6.0,8.1,3.3,1.0,31.2,1,-11.6,CD,4,difficile,CD,100.0,mesure,mesuree
