{"type":"FeatureCollection","features":[{"type":"Feature","geometry":{"type":"Polygon","coordinates":[[[4.7398,46.0488],[4.761,46.066],[4.7484,46.0918],[4.7962,46.1385],[4.8015,46.1568],[4.7825,46.1716],[4.7802,46.1893],[4.8512,46.3259],[4.8518,46.3564],[4.888,46.4027],[4.8983,46.3988],[4.8997,46.3839],[4.9487,46.3697],[4.97,46.3534],[5.0066,46.3556],[5.0353,46.3314],[5.0092,46.312],[5.0403,46.2957],[5.0231,46.2689],[5.0442,46.2512],[5.0894,46.2522],[5.0942,46.2324],[5.059,46.2215],[5.086,46.1977],[5.1239,46.2077],[5.1513,46.1894],[5.1711,46.2032],[5.1962,46.1889],[5.2085,46.2088],[5.264,46.1891],[5.2831,46.2117],[5.3133,46.1616],[5.3073,46.1534],[5.2497,46.1544],[5.2363,46.143],[5.237,46.1008],[5.1915,46.0918],[5.1778,46.0751],[5.1778,46.0623],[5.203,46.0507],[5.2115,46.036],[5.2546,46.0484],[5.2641,46.0346],[5.2595,46.0227],[5.2744,46.0175],[5.2758,45.9976],[5.2868,45.9868],[5.2596,45.9547],[5.2374,45.9609],[5.2254,45.9474],[5.186,45.9498],[5.152,45.9765],[5.1446,45.9688],[5.0733,45.965],[5.042,45.9286],[5.0133,45.935],[5.0008,45.9278],[4.9575,45.9488],[4.9205,45.9481],[4.9285,45.9582],[4.9224,45.982],[4.8833,45.9859],[4.8374,45.9754],[4.8292,46.0041],[4.7492,46.0036],[4.7398,46.0488]]]},"properties":{"id":"01-04","nm":"Bourg-En-Bresse","dept":"01","ins":94415,"nbv":116,"dG":-10.712,"dCD":2.401,"dED":10.958,"dAB":-0.803,"af":36.6}},{"type":"Feature","geometry":{"type":"MultiPolygon","coordinates":[[[[5.2476,45.9536],[5.3031,45.9998],[5.3246,46.0418],[5.3765,46.0496],[5.3803,46.0749],[5.3983,46.0873],[5.4062,46.1185],[5.4322,46.1244],[5.4306,46.1416],[5.4613,46.1722],[5.4543,46.1833],[5.4648,46.2015],[5.4499,46.2141],[5.4703,46.2135],[5.5036,46.2453],[5.5114,46.2645],[5.5419,46.2701],[5.5659,46.2941],[5.5961,46.2965],[5.6117,46.3255],[5.644,46.3446],[5.6517,46.3256],[5.7146,46.309],[5.7237,46.262],[5.768,46.2682],[5.8265,46.2612],[5.8261,46.243],[5.771,46.2375],[5.7599,46.218],[5.7672,46.2041],[5.742,46.195],[5.7126,46.2032],[5.7023,46.1826],[5.7447,46.1604],[5.7153,46.0929],[5.7264,46.0689],[5.7214,46.0252],[5.7442,45.9946],[5.7479,45.9649],[5.7599,45.9603],[5.7689,45.9273],[5.7556,45.8808],[5.7324,45.8509],[5.7667,45.8243],[5.7559,45.8095],[5.7124,45.7906],[5.6997,45.8105],[5.6694,45.8119],[5.6664,45.7998],[5.6478,45.8071],[5.6548,45.7825],[5.6466,45.7718],[5.6155,45.7926],[5.5936,45.794],[5.5906,45.7586],[5.5822,45.7614],[5.5733,45.7506],[5.6053,45.7079],[5.6196,45.6675],[5.5523,45.6729],[5.5449,45.6951],[5.5518,45.7112],[5.5273,45.7153],[5.423,45.8074],[5.421,45.8213],[5.4743,45.8412],[5.4681,45.8737],[5.3886,45.9062],[5.3484,45.9467],[5.2925,45.9483],[5.2633,45.9292],[5.2509,45.9325],[5.2476,45.9536]]],[[[5.7008,45.783],[5.7089,45.7784],[5.709,45.7783],[5.7052,45.7763],[5.7008,45.783]]]]},"properties":{"id":"01-05","nm":"Oyonnax","dept":"01","ins":77526,"nbv":138,"dG":-7.206,"dCD":4.035,"dED":4.447,"dAB":0.029,"af":36.84}},{"type":"Feature","geometry":{"type":"Polygon","coordinates":[[[5.5722,45.7536],[5.5905,45.7659],[5.5932,45.7994],[5.6456,45.7772],[5.653,45.7851],[5.6423,45.8069],[5.6642,45.815],[5.7015,45.8116],[5.7139,45.791],[5.7631,45.8217],[5.7697,45.8655],[5.7573,45.8821],[5.7685,45.9276],[5.7593,45.9578],[5.7483,45.9613],[5.7439,45.9948],[5.7207,46.0257],[5.7262,46.0679],[5.7148,46.0929],[5.745,46.1489],[5.7395,46.1642],[5.7005,46.1779],[5.7105,46.2042],[5.7613,46.2002],[5.7667,46.2078],[5.7596,46.2177],[5.7736,46.2398],[5.8233,46.2416],[5.8263,46.2618],[5.8731,46.2671],[5.896,46.2862],[5.9096,46.2855],[5.9217,46.3123],[5.9418,46.3106],[5.9841,46.3639],[6.0152,46.3767],[6.0601,46.4179],[6.1584,46.3797],[6.17,46.3671],[6.1052,46.2857],[6.1245,46.2513],[6.1015,46.2377],[6.0875,46.2465],[6.0595,46.2435],[6.0461,46.2314],[6.031,46.237],[5.9745,46.2139],[5.9726,46.1954],[5.995,46.1828],[5.988,46.1708],[5.9662,46.1381],[5.8958,46.1191],[5.8877,46.1091],[5.8913,46.0882],[5.8564,46.0865],[5.8335,46.1065],[5.8237,46.1022],[5.8087,46.0647],[5.8148,46.0573],[5.8058,46.0148],[5.8106,45.9888],[5.8334,45.9714],[5.835,45.9526],[5.8236,45.929],[5.8296,45.9161],[5.7867,45.8212],[5.7838,45.7456],[5.7717,45.7394],[5.7771,45.7272],[5.7499,45.7057],[5.7028,45.7084],[5.708,45.684],[5.6862,45.6661],[5.6848,45.6407],[5.654,45.637],[5.6335,45.6122],[5.6231,45.6141],[5.6043,45.6342],[5.6023,45.6517],[5.5873,45.6599],[5.5864,45.6671],[5.6077,45.6639],[5.6182,45.6723],[5.6037,45.7108],[5.5722,45.7536]]]},"properties":{"id":"01-03","nm":"Valserhône","dept":"01","ins":84130,"nbv":110,"dG":-5.453,"dCD":7.668,"dED":-2.718,"dAB":2.05,"af":39.11}},{"type":"Feature","geometry":{"type":"Polygon","coordinates":[[[4.7291,45.9495],[4.7541,45.9715],[4.7492,46.0036],[4.7679,46.0071],[4.8327,46.003],[4.8414,45.9749],[4.8829,45.9855],[4.9274,45.9801],[4.9278,45.9462],[4.9582,45.951],[4.9999,45.9286],[5.0431,45.9315],[5.0725,45.9666],[5.1361,45.9692],[5.151,45.9782],[5.1861,45.9516],[5.2105,45.9453],[5.2308,45.9601],[5.2493,45.9585],[5.259,45.9297],[5.3087,45.9518],[5.3141,45.9423],[5.3373,45.9471],[5.3691,45.9353],[5.3892,45.9065],[5.4771,45.8688],[5.4694,45.8567],[5.4802,45.8371],[5.4611,45.8387],[5.4438,45.827],[5.4005,45.8595],[5.3431,45.8813],[5.3024,45.8483],[5.2895,45.8118],[5.2706,45.7921],[5.2214,45.7688],[5.1884,45.774],[5.1756,45.7942],[5.1207,45.8114],[5.1123,45.7979],[5.0991,45.8131],[4.9221,45.8063],[4.917,45.8441],[4.9008,45.8558],[4.9058,45.8729],[4.8843,45.8802],[4.8697,45.9032],[4.8454,45.9122],[4.8052,45.8963],[4.8078,45.921],[4.7908,45.9228],[4.7776,45.9372],[4.7312,45.9415],[4.7291,45.9495]]]},"properties":{"id":"01-02","nm":"Miribel","dept":"01","ins":99770,"nbv":105,"dG":-7.62,"dCD":2.939,"dED":7.239,"dAB":-2.562,"af":35.48}},{"type":"Feature","geometry":{"type":"MultiPolygon","coordinates":[[[[4.888,46.4027],[4.8925,46.4426],[4.9133,46.4605],[4.9144,46.4853],[4.9423,46.5199],[4.9576,46.5109],[5.0104,46.5112],[5.0274,46.4926],[5.0567,46.4841],[5.097,46.4998],[5.1125,46.4929],[5.1351,46.5091],[5.163,46.5049],[5.1675,46.5191],[5.2019,46.5082],[5.2174,46.4711],[5.2341,46.46],[5.3135,46.4464],[5.3245,46.4285],[5.3137,46.4227],[5.3147,46.4098],[5.3778,46.3822],[5.3671,46.3722],[5.3772,46.364],[5.3762,46.35],[5.4085,46.3305],[5.4249,46.3458],[5.4381,46.3173],[5.4664,46.3236],[5.4753,46.3154],[5.4583,46.2756],[5.4759,46.2651],[5.5025,46.2711],[5.5131,46.2573],[5.4652,46.2089],[5.4632,46.1747],[5.432,46.1416],[5.4334,46.1234],[5.4046,46.1172],[5.4032,46.0899],[5.3815,46.0765],[5.379,46.0509],[5.3517,46.0343],[5.324,46.0404],[5.3064,46.0015],[5.2868,45.9868],[5.2756,45.9968],[5.273,46.0167],[5.2542,46.0217],[5.2619,46.0335],[5.2555,46.0436],[5.2082,46.035],[5.176,46.0726],[5.1892,46.0919],[5.2348,46.1014],[5.2345,46.1455],[5.2609,46.1574],[5.2773,46.1513],[5.3074,46.1578],[5.2937,46.194],[5.2812,46.1988],[5.2646,46.1837],[5.2564,46.1943],[5.2251,46.1926],[5.2142,46.2022],[5.1966,46.1879],[5.1688,46.2018],[5.1573,46.19],[5.1236,46.2074],[5.0898,46.1953],[5.056,46.2245],[5.0613,46.2335],[5.0901,46.2325],[5.0902,46.2498],[5.0439,46.2512],[5.0212,46.2691],[5.0357,46.2952],[5.0071,46.3115],[5.0286,46.3209],[5.0312,46.3345],[5.0062,46.3555],[4.9733,46.3531],[4.894,46.3849],[4.898,46.3982],[4.888,46.4027]]],[[[5.2411,46.1844],[5.2411,46.1843],[5.241,46.1843],[5.2411,46.1844]]]]},"properties":{"id":"01-01","nm":"Bourg-En-Bresse","dept":"01","ins":86843,"nbv":114,"dG":-7.852,"dCD":4.53,"dED":4.952,"dAB":-2.467,"af":35.77}},{"type":"Feature","geometry":{"type":"Polygon","coordinates":[[[3.0362,49.3252],[3.0731,49.3489],[3.0771,49.3715],[3.093,49.3799],[3.0932,49.4327],[3.1005,49.4393],[3.1245,49.4315],[3.1621,49.4435],[3.155,49.4542],[3.1073,49.4682],[3.1222,49.4917],[3.0955,49.5136],[3.1273,49.5263],[3.1268,49.573],[3.1355,49.5795],[3.0936,49.6225],[3.1096,49.633],[3.0975,49.6568],[3.1254,49.6708],[3.115,49.6819],[3.1248,49.6958],[3.1195,49.7058],[3.1408,49.7038],[3.1483,49.6828],[3.18,49.6783],[3.2011,49.6824],[3.2128,49.6972],[3.2088,49.7088],[3.2245,49.7075],[3.2293,49.6981],[3.3006,49.7096],[3.3207,49.6994],[3.3115,49.6833],[3.3157,49.672],[3.3477,49.6687],[3.3602,49.6495],[3.324,49.6253],[3.3425,49.6063],[3.3319,49.5931],[3.3511,49.5916],[3.3446,49.5846],[3.3508,49.5776],[3.3939,49.5838],[3.4173,49.5707],[3.417,49.5627],[3.3645,49.5377],[3.3773,49.5212],[3.3956,49.5196],[3.3958,49.5009],[3.3896,49.487],[3.3751,49.483],[3.3712,49.4549],[3.3462,49.4495],[3.3555,49.4372],[3.354,49.418],[3.4037,49.4177],[3.3677,49.3964],[3.3668,49.3869],[3.4175,49.3654],[3.3961,49.3398],[3.3641,49.3246],[3.3369,49.3281],[3.3334,49.3132],[3.3229,49.3107],[3.3134,49.3358],[3.2872,49.3259],[3.2404,49.3263],[3.2139,49.2917],[3.173,49.2988],[3.1679,49.311],[3.1508,49.3167],[3.1347,49.3149],[3.1344,49.33],[3.1237,49.337],[3.074,49.3174],[3.055,49.3294],[3.0362,49.3252]]]},"properties":{"id":"02-04","nm":"Soissons","dept":"02","ins":78549,"nbv":143,"dG":-11.005,"dCD":-5.929,"dED":19.0,"dAB":6.424,"af":38.97}},{"type":"Feature","geometry":{"type":"Polygon","coordinates":[[[3.3109,49.6831],[3.3243,49.7011],[3.4238,49.7209],[3.4413,49.7141],[3.4889,49.7378],[3.5142,49.7354],[3.5403,49.7157],[3.5595,49.7178],[3.6064,49.7465],[3.6339,49.746],[3.6492,49.7613],[3.6842,49.7457],[3.6829,49.7303],[3.7085,49.7141],[3.6941,49.6801],[3.7242,49.6636],[3.699,49.659],[3.6953,49.6508],[3.7074,49.639],[3.7016,49.6142],[3.7156,49.6089],[3.7782,49.643],[3.8094,49.6343],[3.8142,49.6579],[3.8304,49.6699],[3.8455,49.7052],[3.8991,49.6896],[3.8993,49.6776],[3.9469,49.6755],[3.9425,49.6922],[3.9668,49.7212],[3.9614,49.7467],[3.9863,49.7614],[4.0181,49.7618],[4.0305,49.7845],[4.0514,49.7918],[4.067,49.7885],[4.0583,49.7708],[4.0813,49.7632],[4.0911,49.7788],[4.1916,49.7856],[4.2428,49.7671],[4.2496,49.7571],[4.2297,49.746],[4.2324,49.7305],[4.1484,49.6896],[4.1488,49.6779],[4.1279,49.6754],[4.1157,49.6329],[4.0483,49.636],[4.032,49.6195],[4.0457,49.6011],[4.0648,49.5951],[4.0615,49.5771],[4.0766,49.5712],[4.0576,49.5494],[4.0752,49.5416],[4.0756,49.5207],[4.0417,49.5037],[4.0422,49.4701],[4.0682,49.4456],[4.0392,49.4384],[4.0496,49.4156],[4.0358,49.3599],[4.0127,49.3583],[3.9932,49.3783],[3.9615,49.3773],[3.9262,49.4058],[3.8957,49.3929],[3.8824,49.4048],[3.8613,49.4046],[3.8465,49.3963],[3.8611,49.386],[3.8528,49.345],[3.819,49.3571],[3.7408,49.3476],[3.7269,49.3681],[3.6835,49.3771],[3.6659,49.394],[3.658,49.3888],[3.6226,49.3987],[3.6162,49.4227],[3.5968,49.424],[3.5808,49.4451],[3.5668,49.4488],[3.5733,49.4619],[3.5532,49.4679],[3.5384,49.5004],[3.4952,49.4968],[3.4689,49.4743],[3.4395,49.4749],[3.4239,49.4597],[3.3764,49.4631],[3.3749,49.4854],[3.3927,49.4981],[3.3959,49.5136],[3.3594,49.5361],[3.4145,49.5669],[3.3883,49.5842],[3.3503,49.5775],[3.3377,49.5855],[3.3206,49.6255],[3.3552,49.6471],[3.3474,49.6674],[3.3244,49.6654],[3.3109,49.6831]]]},"properties":{"id":"02-01","nm":"Laon","dept":"02","ins":72024,"nbv":224,"dG":-13.262,"dCD":-3.378,"dED":18.183,"dAB":2.115,"af":36.02}},{"type":"Feature","geometry":{"type":"Polygon","coordinates":[[[2.959,49.2286],[3.0027,49.2357],[3.0209,49.2183],[3.0366,49.2302],[3.0257,49.2594],[3.0341,49.287],[3.0171,49.28],[3.0119,49.2916],[2.9861,49.2878],[2.9853,49.2963],[2.968,49.3026],[2.9732,49.3098],[2.9646,49.3217],[3.0017,49.3403],[3.0724,49.3191],[3.1172,49.3405],[3.1366,49.3298],[3.1367,49.3161],[3.2124,49.2919],[3.2238,49.2985],[3.2216,49.3116],[3.2341,49.3263],[3.2785,49.3262],[3.278,49.3104],[3.2626,49.3012],[3.2685,49.2925],[3.3021,49.3119],[3.3268,49.3138],[3.3361,49.3282],[3.3738,49.3297],[3.3951,49.3411],[3.4055,49.3658],[3.3569,49.3961],[3.381,49.3979],[3.4004,49.4143],[3.3913,49.421],[3.348,49.4174],[3.3536,49.434],[3.3444,49.4573],[3.4235,49.4601],[3.4382,49.4765],[3.4656,49.4734],[3.495,49.4974],[3.5381,49.5011],[3.5534,49.4688],[3.5744,49.4639],[3.5742,49.4498],[3.5904,49.4296],[3.621,49.4248],[3.6282,49.3993],[3.65,49.3894],[3.6643,49.395],[3.7377,49.3574],[3.7422,49.3368],[3.6694,49.325],[3.648,49.3153],[3.6429,49.2998],[3.6573,49.291],[3.6604,49.2609],[3.6782,49.2352],[3.6575,49.2112],[3.6854,49.2011],[3.6975,49.2066],[3.7082,49.1808],[3.7217,49.1748],[3.7514,49.1774],[3.7488,49.1571],[3.7029,49.1415],[3.6841,49.1543],[3.6224,49.1488],[3.6092,49.1222],[3.6389,49.0775],[3.5896,49.0593],[3.5859,49.0374],[3.6122,49.0336],[3.65,49.0429],[3.6791,49.0184],[3.6653,49.0056],[3.6394,49.0029],[3.6211,48.9661],[3.5979,48.9643],[3.6029,48.944],[3.5759,48.9383],[3.5707,48.915],[3.5263,48.9098],[3.5027,48.8713],[3.4874,48.8666],[3.4851,48.8519],[3.4706,48.8505],[3.4625,48.8385],[3.4458,48.8433],[3.4456,48.8598],[3.3814,48.8716],[3.3823,48.8853],[3.3695,48.8931],[3.3704,48.9205],[3.3366,48.9094],[3.3133,48.9213],[3.3042,48.9469],[3.2649,48.9388],[3.2497,48.9733],[3.2299,48.9781],[3.1926,49.0092],[3.1675,49.0125],[3.1612,49.0243],[3.1782,49.0322],[3.1817,49.0611],[3.1534,49.0834],[3.1582,49.0985],[3.072,49.1178],[3.0922,49.1268],[3.0941,49.1424],[3.1364,49.1531],[3.1338,49.1615],[3.1082,49.1659],[3.1126,49.192],[3.0966,49.1906],[3.0853,49.1746],[3.0977,49.1544],[3.0816,49.1649],[3.0792,49.1947],[3.0637,49.193],[3.0484,49.2087],[3.0354,49.2051],[3.0165,49.2166],[3.0037,49.2115],[3.0011,49.1971],[3.008,49.1851],[3.0286,49.1905],[3.0377,49.1691],[3.0229,49.1702],[3.0144,49.1825],[2.9716,49.1881],[2.959,49.2286]]]},"properties":{"id":"02-05","nm":"Château-Thierry","dept":"02","ins":82511,"nbv":263,"dG":-12.226,"dCD":-3.371,"dED":17.612,"dAB":2.348,"af":36.06}},{"type":"Feature","geometry":{"type":"Polygon","coordinates":[[[3.3155,49.9535],[3.3338,49.9771],[3.3747,49.9912],[3.3719,50.0039],[3.3371,50.0171],[3.3525,50.0358],[3.4898,50.0191],[3.5414,50.0552],[3.595,50.0441],[3.6148,50.0271],[3.6652,50.0549],[3.7152,50.0695],[3.7499,50.0506],[3.8153,50.0396],[3.8356,50.0483],[3.8871,50.0302],[3.8953,50.0159],[3.9846,50.0435],[3.9954,50.0266],[3.9806,50.0036],[3.9839,49.9935],[4.0569,49.9854],[4.0892,49.9698],[4.1752,49.9763],[4.2017,49.9566],[4.233,49.9574],[4.2179,49.9138],[4.2558,49.904],[4.2488,49.8568],[4.2231,49.8311],[4.2224,49.7872],[4.0971,49.7782],[4.0873,49.7617],[4.0467,49.7758],[4.0582,49.7826],[4.0556,49.791],[4.0329,49.7854],[4.0198,49.7619],[3.9878,49.7616],[3.9656,49.7448],[3.9682,49.7295],[3.997,49.7259],[3.9804,49.7071],[3.9591,49.7097],[3.9447,49.6923],[3.9534,49.68],[3.9431,49.6728],[3.8918,49.676],[3.8908,49.6937],[3.8482,49.7038],[3.8313,49.6809],[3.8341,49.6695],[3.8165,49.659],[3.818,49.6338],[3.7805,49.6426],[3.7206,49.6089],[3.6997,49.6124],[3.7012,49.6407],[3.6935,49.6457],[3.696,49.6585],[3.7141,49.666],[3.6893,49.6828],[3.7001,49.6903],[3.7042,49.7131],[3.6632,49.7522],[3.6041,49.7449],[3.5572,49.715],[3.5366,49.7147],[3.5161,49.7342],[3.4884,49.7374],[3.4445,49.714],[3.4285,49.7159],[3.4387,49.7246],[3.428,49.7438],[3.3912,49.7688],[3.4227,49.7959],[3.376,49.8103],[3.4092,49.8476],[3.4454,49.8548],[3.447,49.8709],[3.4652,49.8915],[3.4578,49.9],[3.4623,49.9136],[3.3672,49.9117],[3.3501,49.9261],[3.3544,49.9423],[3.3155,49.9535]]]},"properties":{"id":"02-03","nm":"Hirson","dept":"02","ins":65988,"nbv":203,"dG":11.314,"dCD":-29.111,"dED":19.423,"dAB":4.423,"af":36.12}},{"type":"Feature","geometry":{"type":"Polygon","coordinates":[[[3.0553,49.8321],[3.0836,49.8445],[3.0704,49.8731],[3.0847,49.8786],[3.0915,49.8706],[3.1178,49.8815],[3.1148,49.9083],[3.1227,49.9243],[3.1579,49.9447],[3.1626,49.965],[3.1862,49.9768],[3.1838,49.9854],[3.1557,49.9916],[3.171,50.0121],[3.1981,50.0152],[3.2273,50.0325],[3.2711,50.0293],[3.2828,50.0139],[3.3131,50.0199],[3.3758,50.0029],[3.3762,49.9888],[3.3341,49.9779],[3.3164,49.9581],[3.3577,49.9434],[3.3517,49.9232],[3.3635,49.9115],[3.4672,49.9166],[3.464,49.8879],[3.4456,49.8675],[3.4495,49.8554],[3.4158,49.8502],[3.3792,49.8152],[3.434,49.7899],[3.4135,49.7861],[3.3951,49.7671],[3.4287,49.7457],[3.4446,49.7231],[3.3789,49.71],[3.3751,49.7026],[3.3124,49.6947],[3.2682,49.7069],[3.2534,49.6957],[3.2172,49.6999],[3.2033,49.6811],[3.1436,49.6817],[3.1427,49.6956],[3.1208,49.7057],[3.1005,49.7326],[3.0926,49.7636],[3.0655,49.7705],[3.0618,49.7821],[3.0817,49.7907],[3.0856,49.8035],[3.0553,49.8321]]]},"properties":{"id":"02-02","nm":"Saint-Quentin","dept":"02","ins":73165,"nbv":138,"dG":-15.961,"dCD":6.425,"dED":11.427,"dAB":3.158,"af":34.76}},{"type":"Feature","geometry":{"type":"Polygon","coordinates":[[[3.1106,46.0826],[3.1164,46.1046],[3.1108,46.148],[3.12,46.167],[3.1374,46.1763],[3.1675,46.1626],[3.191,46.1772],[3.2322,46.1747],[3.2659,46.2093],[3.2613,46.2347],[3.2948,46.235],[3.306,46.2585],[3.3331,46.2636],[3.3653,46.2529],[3.3815,46.2131],[3.4213,46.2125],[3.4194,46.1766],[3.4542,46.1951],[3.4844,46.1907],[3.5373,46.2109],[3.5329,46.2313],[3.5168,46.2332],[3.5154,46.2509],[3.5459,46.2672],[3.5545,46.2864],[3.5237,46.3192],[3.5238,46.3366],[3.5085,46.3387],[3.4639,46.3745],[3.4848,46.3922],[3.5362,46.3876],[3.5445,46.4076],[3.5358,46.4245],[3.5649,46.4454],[3.6136,46.421],[3.6224,46.4311],[3.6428,46.4241],[3.6594,46.4402],[3.6973,46.4502],[3.7076,46.4273],[3.7286,46.4308],[3.7368,46.4214],[3.7468,46.4299],[3.7675,46.4222],[3.7872,46.429],[3.8151,46.4195],[3.8265,46.4032],[3.8621,46.4184],[3.86,46.4346],[3.887,46.4583],[3.9071,46.4451],[3.9161,46.4262],[3.9469,46.4473],[3.9489,46.4641],[3.9651,46.4781],[4.001,46.4617],[4.0056,46.4428],[3.9937,46.437],[3.9789,46.3968],[3.9915,46.371],[3.9872,46.3326],[4.0047,46.3276],[3.9882,46.3149],[3.9523,46.3205],[3.9473,46.3032],[3.9018,46.2927],[3.8995,46.2759],[3.8777,46.2746],[3.8677,46.2624],[3.8096,46.2589],[3.8027,46.2385],[3.771,46.239],[3.7966,46.207],[3.7889,46.1868],[3.8087,46.1644],[3.793,46.157],[3.7913,46.1456],[3.8021,46.1308],[3.7968,46.1131],[3.8215,46.0898],[3.8056,46.0514],[3.832,45.9997],[3.8235,45.9871],[3.7877,45.9731],[3.7595,45.9782],[3.7396,45.9659],[3.7089,45.9738],[3.6935,45.9312],[3.6745,45.9587],[3.632,45.961],[3.6249,45.9862],[3.5903,46.023],[3.5436,46.0132],[3.5286,46.0224],[3.5252,46.0107],[3.5063,46.0169],[3.4639,46.0082],[3.4637,46.0456],[3.4535,46.063],[3.4396,46.0594],[3.4168,46.072],[3.3316,46.044],[3.3299,46.0549],[3.2844,46.0659],[3.2449,46.0622],[3.2123,46.074],[3.1313,46.0694],[3.1106,46.0826]]]},"properties":{"id":"03-03","nm":"Vichy","dept":"03","ins":80068,"nbv":131,"dG":-9.411,"dCD":7.612,"dED":3.255,"dAB":-3.343,"af":33.39}},{"type":"Feature","geometry":{"type":"Polygon","coordinates":[[[2.8206,46.5076],[2.8787,46.5264],[2.8928,46.523],[2.8971,46.535],[2.8806,46.5546],[2.9233,46.5729],[2.9278,46.5919],[2.9102,46.6146],[2.8961,46.616],[2.8942,46.6312],[2.8441,46.6532],[2.8327,46.6725],[2.8445,46.6792],[2.8418,46.699],[2.8566,46.6969],[2.8657,46.7131],[2.8454,46.7266],[2.8446,46.7423],[2.8766,46.7688],[2.9068,46.7786],[2.9133,46.791],[2.9515,46.792],[2.9598,46.8043],[3.0321,46.7949],[3.0494,46.7581],[3.0839,46.7378],[3.1296,46.7274],[3.166,46.6917],[3.202,46.679],[3.2696,46.7167],[3.3006,46.7165],[3.3134,46.6899],[3.3456,46.6847],[3.3662,46.6903],[3.379,46.7125],[3.4343,46.7121],[3.4321,46.6951],[3.4531,46.69],[3.4464,46.667],[3.4564,46.6527],[3.483,46.6528],[3.5303,46.6892],[3.5522,46.6822],[3.5581,46.6915],[3.5477,46.7226],[3.5939,46.7227],[3.5757,46.7497],[3.5978,46.7621],[3.6018,46.7521],[3.6283,46.7509],[3.6391,46.7097],[3.7244,46.6258],[3.7154,46.61],[3.7366,46.6022],[3.741,46.5602],[3.7342,46.5503],[3.7414,46.5399],[3.7723,46.5387],[3.8038,46.5203],[3.8392,46.5313],[3.8472,46.5156],[3.8641,46.5123],[3.8669,46.4889],[3.8926,46.4815],[3.9179,46.4962],[3.9578,46.4894],[3.9562,46.4794],[3.9663,46.4756],[3.9339,46.4323],[3.9095,46.428],[3.9024,46.4479],[3.8839,46.4567],[3.8625,46.4389],[3.8658,46.4179],[3.8265,46.4013],[3.8136,46.4193],[3.7913,46.4127],[3.7834,46.4289],[3.732,46.4213],[3.7253,46.4314],[3.6984,46.4286],[3.6946,46.4454],[3.6504,46.4343],[3.6459,46.4181],[3.6052,46.4219],[3.5954,46.4341],[3.5792,46.4316],[3.5635,46.4443],[3.5405,46.4223],[3.5439,46.3959],[3.5361,46.3853],[3.4875,46.3907],[3.465,46.3741],[3.5093,46.3394],[3.5241,46.3378],[3.5256,46.3166],[3.5592,46.2887],[3.5494,46.266],[3.5338,46.2643],[3.5282,46.2483],[3.5171,46.2445],[3.5419,46.2129],[3.4848,46.1906],[3.4488,46.1939],[3.413,46.175],[3.4147,46.2099],[3.3867,46.21],[3.367,46.2502],[3.3336,46.2627],[3.329,46.2538],[3.3032,46.2556],[3.2926,46.2327],[3.2643,46.229],[3.2686,46.2118],[3.2408,46.1813],[3.2167,46.1694],[3.1873,46.1758],[3.1684,46.1613],[3.0913,46.2061],[3.0977,46.2285],[3.0695,46.243],[3.0684,46.2559],[3.0513,46.251],[3.0273,46.2742],[3.005,46.2754],[3.0076,46.2973],[3.0348,46.3267],[3.0083,46.3592],[2.9743,46.3646],[2.9806,46.3977],[2.9671,46.414],[2.9748,46.4376],[2.9377,46.448],[2.9236,46.4391],[2.9076,46.4466],[2.9043,46.4603],[2.8206,46.5076]]]},"properties":{"id":"03-01","nm":"Moulins","dept":"03","ins":88547,"nbv":172,"dG":2.133,"dCD":-4.22,"dED":4.648,"dAB":-3.135,"af":33.2}},{"type":"Feature","geometry":{"type":"Polygon","coordinates":[[[2.2768,46.4249],[2.2834,46.4495],[2.3063,46.4748],[2.3267,46.4731],[2.3238,46.4901],[2.3676,46.5183],[2.4301,46.5265],[2.4503,46.5209],[2.4969,46.5336],[2.5011,46.5228],[2.5202,46.5312],[2.5377,46.5203],[2.6068,46.5508],[2.6016,46.5888],[2.5815,46.5932],[2.5685,46.6091],[2.5849,46.6163],[2.5955,46.6408],[2.5667,46.6533],[2.6059,46.6714],[2.6093,46.6618],[2.6269,46.6588],[2.6233,46.6896],[2.6688,46.7017],[2.705,46.7395],[2.7289,46.7485],[2.7624,46.7185],[2.7821,46.7216],[2.7922,46.7341],[2.8281,46.7344],[2.868,46.7171],[2.8567,46.6951],[2.8407,46.6942],[2.8478,46.6781],[2.8431,46.6549],[2.8942,46.6345],[2.8969,46.6181],[2.9093,46.6158],[2.9319,46.5889],[2.9224,46.5715],[2.8879,46.5544],[2.8973,46.5354],[2.8913,46.5203],[2.8785,46.5255],[2.8373,46.512],[2.8397,46.4932],[2.9061,46.4593],[2.9222,46.4401],[2.9411,46.4478],[2.9854,46.4342],[2.9698,46.4144],[2.9854,46.3882],[2.9755,46.3659],[3.009,46.3603],[3.0394,46.3276],[3.0108,46.2996],[3.0054,46.2755],[3.0301,46.2735],[3.0511,46.2514],[3.0646,46.2605],[3.0975,46.2309],[3.0963,46.2026],[3.1446,46.1752],[3.1115,46.1468],[3.122,46.0995],[3.1094,46.0963],[3.1138,46.0814],[3.0984,46.0834],[3.0864,46.1105],[3.0496,46.1002],[3.0385,46.1072],[3.0141,46.1032],[2.9944,46.1234],[2.9714,46.1215],[2.9519,46.1681],[2.9111,46.1775],[2.9197,46.1901],[2.9098,46.2031],[2.9144,46.2136],[2.9339,46.2199],[2.9356,46.2439],[2.8904,46.2536],[2.8561,46.2548],[2.8223,46.241],[2.8234,46.2205],[2.8086,46.1947],[2.7335,46.2238],[2.7215,46.2112],[2.7321,46.1945],[2.7232,46.1815],[2.6774,46.1726],[2.6551,46.1243],[2.6329,46.1187],[2.6094,46.1298],[2.5909,46.127],[2.563,46.1496],[2.5576,46.1738],[2.5258,46.1877],[2.5141,46.2362],[2.4895,46.2475],[2.4699,46.2877],[2.4415,46.2951],[2.4216,46.2843],[2.4142,46.2969],[2.4199,46.3082],[2.3944,46.3281],[2.3836,46.3298],[2.3648,46.3108],[2.355,46.3245],[2.3359,46.3233],[2.3011,46.3423],[2.3028,46.3547],[2.3229,46.3712],[2.2875,46.3824],[2.2768,46.4249]]]},"properties":{"id":"03-02","nm":"Montluçon","dept":"03","ins":79877,"nbv":145,"dG":-2.264,"dCD":1.903,"dED":1.591,"dAB":-3.377,"af":32.8}},{"type":"Feature","geometry":{"type":"MultiPolygon","coordinates":[[[[5.7811,43.7557],[5.8083,43.7756],[5.8793,43.8755],[5.8895,43.9097],[5.8681,43.9271],[5.8526,43.9691],[5.8394,43.9782],[5.8502,43.99],[5.8625,43.9845],[5.8842,43.9978],[5.89,44.0493],[5.9283,44.0594],[5.9269,44.079],[5.8919,44.0931],[5.8807,44.1127],[5.917,44.1231],[5.9245,44.1545],[5.9599,44.1612],[5.9875,44.1779],[6.022,44.1681],[6.0574,44.1811],[6.0884,44.1728],[6.1013,44.2145],[6.1481,44.2343],[6.1607,44.2262],[6.1705,44.2341],[6.199,44.2278],[6.2191,44.2403],[6.2332,44.2323],[6.2832,44.2325],[6.3008,44.249],[6.3451,44.239],[6.3956,44.2505],[6.4299,44.2812],[6.4692,44.3003],[6.4964,44.2843],[6.5299,44.2889],[6.5455,44.3233],[6.588,44.3067],[6.6009,44.2885],[6.6235,44.298],[6.7043,44.2905],[6.7081,44.2676],[6.7235,44.2639],[6.7283,44.2526],[6.7167,44.2061],[6.7008,44.1936],[6.7018,44.1782],[6.6905,44.167],[6.7073,44.1444],[6.7079,44.1251],[6.7565,44.0796],[6.7467,44.0432],[6.7885,44.0236],[6.7991,44.0052],[6.8388,43.9897],[6.8494,43.9554],[6.8755,43.9528],[6.8914,43.9307],[6.9131,43.9281],[6.9439,43.8989],[6.8849,43.8891],[6.8505,43.9144],[6.8285,43.9174],[6.8034,43.9109],[6.781,43.8836],[6.7488,43.8716],[6.7006,43.882],[6.7027,43.8561],[6.6791,43.8517],[6.6713,43.8364],[6.7023,43.8245],[6.7116,43.8159],[6.7055,43.8083],[6.6351,43.7888],[6.621,43.8047],[6.5893,43.8053],[6.542,43.7759],[6.5429,43.7912],[6.5195,43.808],[6.4865,43.7916],[6.4701,43.7982],[6.4179,43.7917],[6.4135,43.7605],[6.3833,43.7345],[6.3264,43.747],[6.2687,43.7773],[6.2476,43.8028],[6.2134,43.7986],[6.1687,43.7512],[6.1304,43.7362],[6.1081,43.7444],[6.0768,43.7071],[6.0381,43.6943],[6.0392,43.6786],[6.0215,43.6686],[5.9877,43.6954],[5.9831,43.7134],[5.9407,43.7273],[5.9394,43.7469],[5.9231,43.7556],[5.9071,43.752],[5.9032,43.7346],[5.8862,43.7254],[5.8491,43.7182],[5.8308,43.747],[5.7811,43.7557]]],[[[6.2987,44.4083],[6.3012,44.4172],[6.339,44.4275],[6.3865,44.409],[6.3869,44.3976],[6.3357,44.3733],[6.2987,44.4083]]]]},"properties":{"id":"04-01","nm":"Digne-Les-Bains","dept":"04","ins":58004,"nbv":132,"dG":-0.867,"dCD":-10.018,"dED":11.957,"dAB":-3.893,"af":31.16}},{"type":"Feature","geometry":{"type":"Polygon","coordinates":[[[5.5027,44.0635],[5.4989,44.1161],[5.5403,44.1327],[5.5513,44.1498],[5.5771,44.1536],[5.5645,44.1709],[5.5762,44.1881],[5.6093,44.1907],[5.6171,44.178],[5.6405,44.1692],[5.6517,44.1896],[5.6922,44.1869],[5.7139,44.1993],[5.7953,44.2137],[5.8302,44.2005],[5.9095,44.1927],[5.9113,44.2051],[5.8816,44.2112],[5.8585,44.2455],[5.8276,44.2618],[5.8229,44.2758],[5.8359,44.2977],[5.8765,44.2901],[5.877,44.2756],[5.9182,44.251],[5.9126,44.2883],[5.9242,44.294],[5.925,44.3094],[5.8965,44.3184],[5.9033,44.3376],[5.9149,44.3387],[5.9403,44.3655],[5.9528,44.3945],[6.0695,44.4498],[6.0806,44.4764],[6.1151,44.476],[6.1555,44.4611],[6.161,44.4376],[6.1753,44.4388],[6.2291,44.3828],[6.2456,44.3888],[6.2619,44.4135],[6.2335,44.4637],[6.2634,44.466],[6.2934,44.481],[6.3137,44.4668],[6.3361,44.4704],[6.3461,44.4972],[6.3326,44.5104],[6.3614,44.5223],[6.3988,44.4941],[6.4139,44.47],[6.4346,44.4753],[6.4696,44.4521],[6.6275,44.4473],[6.642,44.4859],[6.6689,44.5014],[6.6797,44.5421],[6.7038,44.5394],[6.7389,44.5537],[6.7685,44.5758],[6.7675,44.5879],[6.7999,44.6042],[6.8441,44.6094],[6.8584,44.6294],[6.8824,44.6309],[6.9156,44.66],[6.9484,44.6548],[6.9546,44.6354],[6.9692,44.6259],[6.9377,44.6029],[6.9329,44.5731],[6.9021,44.5538],[6.8795,44.5536],[6.8541,44.5278],[6.878,44.4805],[6.9064,44.4676],[6.9134,44.4507],[6.9482,44.4297],[6.8968,44.4186],[6.8964,44.3728],[6.8559,44.343],[6.8399,44.3459],[6.8101,44.3297],[6.7875,44.2897],[6.7903,44.2724],[6.7628,44.2785],[6.7591,44.2621],[6.7283,44.2526],[6.7041,44.2656],[6.7094,44.2791],[6.7025,44.2906],[6.6232,44.2973],[6.6023,44.2878],[6.5795,44.312],[6.5477,44.322],[6.5325,44.2881],[6.4969,44.2836],[6.4663,44.3006],[6.3984,44.2514],[6.3418,44.2387],[6.3035,44.2482],[6.2843,44.2324],[6.1713,44.2339],[6.165,44.2236],[6.1463,44.2334],[6.1037,44.2146],[6.0881,44.1717],[6.0568,44.1808],[6.0241,44.1674],[5.9875,44.1774],[5.9537,44.1574],[5.9264,44.156],[5.9143,44.1211],[5.8838,44.1084],[5.8929,44.0928],[5.9258,44.0815],[5.9331,44.0613],[5.8895,44.0482],[5.8879,43.9981],[5.8716,43.9915],[5.8692,43.9778],[5.8521,43.9884],[5.8426,43.9805],[5.8702,43.9262],[5.8896,43.91],[5.8878,43.8937],[5.8078,43.7747],[5.7567,43.7316],[5.7162,43.756],[5.7123,43.7779],[5.6855,43.7872],[5.6523,43.8254],[5.5751,43.8301],[5.5447,43.8176],[5.5486,43.8518],[5.5732,43.8631],[5.6022,43.9101],[5.5814,43.9148],[5.5639,43.9422],[5.5121,43.9464],[5.5178,43.9918],[5.5433,44.0262],[5.5425,44.0633],[5.5027,44.0635]],[[6.2997,44.4116],[6.3159,44.3845],[6.3348,44.3743],[6.3858,44.4005],[6.3818,44.4098],[6.3399,44.4253],[6.2997,44.4116]]]},"properties":{"id":"04-02","nm":"Manosque","dept":"04","ins":62568,"nbv":131,"dG":2.449,"dCD":-8.035,"dED":6.96,"dAB":-3.548,"af":31.88}},{"type":"Feature","geometry":{"type":"Polygon","coordinates":[[[5.9484,44.7448],[5.9519,44.7695],[5.9798,44.7851],[5.9497,44.8041],[6.0049,44.821],[6.0151,44.8349],[6.0302,44.8381],[6.0579,44.818],[6.1121,44.8444],[6.1329,44.8645],[6.1682,44.853],[6.2021,44.8589],[6.2474,44.852],[6.2694,44.8705],[6.304,44.8737],[6.3227,44.853],[6.3531,44.8551],[6.3562,44.9387],[6.3263,44.9498],[6.3263,44.9704],[6.3148,44.9802],[6.3194,45.0018],[6.2542,44.9951],[6.2039,45.0125],[6.2189,45.0645],[6.239,45.0729],[6.2289,45.1086],[6.2604,45.1268],[6.2939,45.1087],[6.3345,45.1228],[6.3628,45.1051],[6.3728,45.0687],[6.4343,45.0636],[6.4534,45.052],[6.4847,45.0572],[6.4805,45.0942],[6.5104,45.109],[6.5312,45.0989],[6.5571,45.104],[6.5764,45.1231],[6.6155,45.1215],[6.648,45.0761],[6.6621,45.0717],[6.6743,45.021],[6.7432,45.0163],[6.7497,44.9794],[6.7653,44.9621],[6.7539,44.9421],[6.7608,44.9305],[6.749,44.9224],[6.7539,44.9061],[6.8016,44.8911],[6.8055,44.8769],[6.8647,44.8504],[6.9116,44.8454],[6.9314,44.8637],[7.0066,44.8398],[7.0105,44.8268],[7.0242,44.8226],[7.0054,44.7904],[7.022,44.7711],[7.0292,44.7307],[7.0657,44.7135],[7.0771,44.681],[6.9875,44.6899],[6.961,44.6761],[6.9484,44.6548],[6.9136,44.6592],[6.8826,44.6304],[6.858,44.6284],[6.8481,44.6113],[6.7735,44.5907],[6.7714,44.5752],[6.7527,44.5703],[6.7415,44.555],[6.6847,44.5392],[6.6683,44.5002],[6.6432,44.4864],[6.6323,44.4469],[6.4685,44.4516],[6.4361,44.4732],[6.4116,44.4706],[6.3958,44.4952],[6.3635,44.5187],[6.3429,44.5141],[6.339,44.5065],[6.3483,44.4981],[6.3389,44.4709],[6.3269,44.4636],[6.2925,44.48],[6.2386,44.4626],[6.2625,44.4123],[6.2487,44.3894],[6.2271,44.3819],[6.1816,44.4329],[6.1621,44.4343],[6.1539,44.4609],[6.1319,44.4682],[6.1749,44.4887],[6.1928,44.5128],[6.2172,44.5101],[6.2239,44.5205],[6.2507,44.528],[6.2624,44.5966],[6.1919,44.5901],[6.1696,44.5972],[6.1696,44.6079],[6.1567,44.6142],[6.0935,44.6174],[6.0852,44.6301],[6.0658,44.6248],[6.0436,44.6328],[6.0471,44.6445],[6.033,44.6625],[5.9895,44.6637],[5.9755,44.6846],[5.9889,44.704],[5.9705,44.7102],[5.9484,44.7448]]]},"properties":{"id":"05-02","nm":"Briançon","dept":"05","ins":54517,"nbv":97,"dG":1.991,"dCD":-3.15,"dED":-1.295,"dAB":-6.889,"af":30.93}},{"type":"Feature","geometry":{"type":"Polygon","coordinates":[[[5.4191,44.4252],[5.4382,44.4337],[5.476,44.4204],[5.4928,44.4322],[5.4644,44.4481],[5.4584,44.4994],[5.5161,44.4918],[5.6008,44.4647],[5.6176,44.4742],[5.6267,44.4988],[5.6565,44.501],[5.6573,44.5095],[5.6288,44.5334],[5.5971,44.5434],[5.6351,44.609],[5.6473,44.6128],[5.6401,44.648],[5.6528,44.6554],[5.7289,44.6394],[5.7544,44.6631],[5.7906,44.6548],[5.7994,44.6741],[5.8285,44.6913],[5.8243,44.7016],[5.8012,44.7073],[5.8284,44.7413],[5.8271,44.7597],[5.8809,44.7473],[5.9002,44.7583],[5.9203,44.7528],[5.9454,44.7619],[5.9637,44.7167],[5.9929,44.7028],[5.9773,44.6845],[5.9888,44.6666],[6.034,44.6628],[6.049,44.6296],[6.0911,44.6333],[6.0985,44.6166],[6.1561,44.6145],[6.1903,44.5902],[6.271,44.6006],[6.2524,44.566],[6.2613,44.5414],[6.2405,44.5203],[6.2249,44.5198],[6.2192,44.5086],[6.1899,44.5097],[6.1755,44.4885],[6.1318,44.4682],[6.0837,44.4767],[6.0721,44.4508],[6.0763,44.4387],[6.0531,44.4483],[6.0255,44.4334],[6.0184,44.4188],[5.9535,44.3949],[5.9411,44.3671],[5.9,44.3217],[5.9098,44.3117],[5.9245,44.3153],[5.9145,44.2731],[5.9249,44.2657],[5.9214,44.2484],[5.8746,44.2774],[5.8724,44.292],[5.8382,44.2974],[5.8243,44.2692],[5.86,44.245],[5.8783,44.2139],[5.9147,44.2035],[5.9093,44.1906],[5.7927,44.2118],[5.7533,44.2091],[5.6921,44.1865],[5.6758,44.1915],[5.6836,44.1988],[5.6742,44.2563],[5.683,44.2684],[5.6743,44.2747],[5.6468,44.2673],[5.6323,44.2838],[5.6338,44.3001],[5.6077,44.3069],[5.6208,44.3306],[5.5409,44.3311],[5.5204,44.3497],[5.4928,44.3371],[5.468,44.3521],[5.4608,44.3673],[5.4362,44.3682],[5.4297,44.3764],[5.4423,44.3928],[5.4191,44.4252]]]},"properties":{"id":"05-01","nm":"Gap","dept":"05","ins":59179,"nbv":110,"dG":0.671,"dCD":-3.195,"dED":3.74,"dAB":-4.328,"af":31.66}},{"type":"Feature","geometry":{"type":"MultiPolygon","coordinates":[[[[6.6358,43.7829],[6.6411,43.7954],[6.7089,43.8134],[6.7017,43.8245],[6.6677,43.8306],[6.6782,43.852],[6.6978,43.8596],[6.695,43.8748],[6.6707,43.8877],[6.7494,43.872],[6.7826,43.8849],[6.7986,43.91],[6.8323,43.9182],[6.8531,43.9147],[6.8859,43.8895],[6.9372,43.9003],[6.9143,43.9266],[6.8918,43.9303],[6.8715,43.9534],[6.8476,43.9552],[6.8459,43.9763],[6.8329,43.9915],[6.7465,44.0415],[6.755,44.0822],[6.7072,44.1252],[6.6986,44.1571],[6.6865,44.1683],[6.717,44.2076],[6.724,44.2499],[6.7563,44.2614],[6.7628,44.2796],[6.793,44.2708],[6.8099,44.222],[6.8775,44.1767],[6.9506,44.1967],[6.9637,44.1623],[6.9883,44.1546],[7.0073,44.1174],[7.0283,44.1077],[7.0218,44.0756],[7.054,44.0559],[7.0559,44.0201],[7.0791,43.9944],[7.1315,44.0138],[7.1355,43.9838],[7.1543,43.9646],[7.173,43.9683],[7.2049,44.0021],[7.2297,44.0004],[7.2405,43.954],[7.2168,43.9313],[7.1897,43.921],[7.196,43.904],[7.1882,43.881],[7.1976,43.8692],[7.1857,43.8198],[7.214,43.7882],[7.214,43.7749],[7.1853,43.7465],[7.1845,43.7187],[7.1702,43.7152],[7.1684,43.6981],[7.1583,43.6934],[7.1342,43.6949],[7.1145,43.7125],[7.0804,43.704],[7.0681,43.738],[7.016,43.7727],[6.9912,43.7664],[6.9765,43.7423],[6.8694,43.7619],[6.8691,43.7233],[6.8991,43.7131],[6.9092,43.6988],[6.9693,43.6813],[6.9611,43.6694],[6.9672,43.6569],[6.9185,43.6492],[6.8956,43.636],[6.9022,43.6236],[6.896,43.6146],[6.8524,43.6042],[6.8175,43.6288],[6.8025,43.6269],[6.78,43.6586],[6.7632,43.6622],[6.7611,43.6806],[6.7744,43.7024],[6.7547,43.7373],[6.7112,43.74],[6.7097,43.7487],[6.6838,43.7577],[6.6574,43.7487],[6.6358,43.7829]]],[[[6.978,43.642],[6.978,43.6426],[6.9784,43.6424],[6.978,43.642]]]]},"properties":{"id":"06-02","nm":"Grasse","dept":"06","ins":87215,"nbv":144,"dG":-8.664,"dCD":-2.47,"dED":12.088,"dAB":1.042,"af":35.32}},{"type":"Feature","geometry":{"type":"Polygon","coordinates":[[[6.8596,43.7645],[6.9751,43.7417],[6.9882,43.7577],[6.9843,43.771],[7.0382,43.7647],[7.0787,43.7248],[7.0742,43.6859],[7.0944,43.6756],[7.0771,43.661],[7.0747,43.6455],[7.0992,43.6461],[7.1301,43.6179],[7.129,43.5767],[7.1408,43.5716],[7.1373,43.5595],[7.145,43.5523],[7.1195,43.5427],[7.1107,43.5672],[7.091,43.5718],[7.0523,43.5514],[7.0581,43.5672],[7.0503,43.5728],[7.066,43.5838],[7.0641,43.6012],[6.9983,43.6194],[6.9884,43.6413],[6.9639,43.6597],[6.9592,43.6871],[6.9095,43.698],[6.8989,43.7126],[6.8642,43.7261],[6.8721,43.7387],[6.8596,43.7645]]]},"properties":{"id":"06-07","nm":"Antibes","dept":"06","ins":96284,"nbv":116,"dG":-12.081,"dCD":10.608,"dED":2.561,"dAB":-1.857,"af":37.4}},{"type":"Feature","geometry":{"type":"MultiPolygon","coordinates":[[[[6.7865,44.2897],[6.8092,44.3307],[6.8861,44.3609],[6.9055,44.3584],[6.9601,44.3116],[6.9602,44.296],[6.9958,44.2802],[6.9969,44.2514],[7.0086,44.2354],[7.0389,44.2243],[7.079,44.2317],[7.1466,44.2008],[7.1632,44.2082],[7.1884,44.2009],[7.1925,44.1783],[7.1357,44.1684],[7.1629,44.154],[7.1735,44.1329],[7.2274,44.1353],[7.2624,44.1481],[7.3415,44.1462],[7.3584,44.1177],[7.3931,44.1254],[7.4283,44.1126],[7.4285,44.0518],[7.4169,44.0223],[7.4335,44.001],[7.3931,43.9821],[7.3698,43.9397],[7.3253,43.9488],[7.2965,43.937],[7.3145,43.9158],[7.307,43.9082],[7.3148,43.8968],[7.2722,43.8674],[7.2725,43.8183],[7.2994,43.7727],[7.2966,43.7551],[7.2601,43.7649],[7.2267,43.7435],[7.2509,43.7],[7.2142,43.6501],[7.1996,43.6467],[7.1823,43.7358],[7.2149,43.7828],[7.1861,43.8142],[7.1974,43.8673],[7.1846,43.9116],[7.1877,43.925],[7.2111,43.9305],[7.2214,43.9412],[7.2169,43.9494],[7.2389,43.957],[7.2292,44.0004],[7.2061,44.002],[7.1696,43.966],[7.1515,43.964],[7.1375,43.9769],[7.1307,44.0122],[7.1014,44.0057],[7.0909,43.9919],[7.0749,43.9951],[7.0527,44.0222],[7.0595,44.0311],[7.0525,44.0557],[7.0204,44.0775],[7.024,44.1084],[7.0064,44.1171],[6.9918,44.1495],[6.9619,44.1618],[6.9521,44.1934],[6.8984,44.1884],[6.8778,44.172],[6.8722,44.1843],[6.8367,44.1973],[6.8152,44.2167],[6.7865,44.2897]]],[[[7.2484,43.7262],[7.2492,43.7265],[7.2497,43.7262],[7.2484,43.7262]]],[[[7.2547,43.7227],[7.2548,43.7231],[7.2551,43.7231],[7.2547,43.7227]]],[[[7.2992,43.6877],[7.2991,43.6878],[7.2992,43.6878],[7.2992,43.6877]]],[[[7.2797,43.7158],[7.28,43.7162],[7.2803,43.7166],[7.2797,43.7158]]],[[[7.2812,43.7179],[7.2809,43.7176],[7.2813,43.7185],[7.2812,43.7179]]],[[[7.2859,43.7226],[7.2819,43.7212],[7.2858,43.7236],[7.2859,43.7226]]],[[[7.2832,43.6995],[7.2832,43.6996],[7.2834,43.6995],[7.2832,43.6995]]],[[[7.2675,43.7142],[7.2673,43.7147],[7.2676,43.7143],[7.2675,43.7142]]],[[[7.2699,43.7055],[7.2698,43.7059],[7.2703,43.7057],[7.2699,43.7055]]]]},"properties":{"id":"06-05","nm":"Nice","dept":"06","ins":89884,"nbv":122,"dG":-7.234,"dCD":-5.843,"dED":8.536,"dAB":1.82,"af":37.63}},{"type":"Feature","geometry":{"type":"Polygon","coordinates":[[[6.9005,43.6225],[6.8933,43.6445],[6.9672,43.6569],[7.0026,43.618],[7.0543,43.6014],[7.0352,43.5694],[7.0174,43.5647],[6.9652,43.5613],[6.9569,43.5754],[6.9083,43.564],[6.8983,43.5814],[6.9079,43.599],[6.894,43.6109],[6.9005,43.6225]]]},"properties":{"id":"06-09","nm":"Le Cannet","dept":"06","ins":82386,"nbv":88,"dG":-11.929,"dCD":4.922,"dED":7.388,"dAB":1.208,"af":36.27}},{"type":"Feature","geometry":{"type":"Polygon","coordinates":[[[7.2669,43.8222],[7.2757,43.8286],[7.2731,43.8718],[7.308,43.8911],[7.3084,43.9162],[7.2929,43.9414],[7.3226,43.9488],[7.3667,43.9435],[7.392,43.9815],[7.4289,44.0014],[7.4125,44.0212],[7.4281,44.0546],[7.4298,44.1298],[7.4604,44.126],[7.507,44.1447],[7.5209,44.1388],[7.534,44.1482],[7.5504,44.1457],[7.5638,44.1565],[7.6179,44.1497],[7.6361,44.1771],[7.6831,44.1754],[7.6681,44.1285],[7.719,44.0824],[7.7142,44.0615],[7.7004,44.0407],[7.6642,44.0269],[7.6705,43.9984],[7.6521,43.9736],[7.6113,43.954],[7.5871,43.9548],[7.5724,43.943],[7.5595,43.8974],[7.5005,43.8725],[7.4967,43.8508],[7.5081,43.8415],[7.5299,43.7842],[7.4904,43.7672],[7.4867,43.749],[7.4601,43.7595],[7.4313,43.7492],[7.4058,43.7187],[7.3606,43.7219],[7.3417,43.713],[7.3318,43.6962],[7.3497,43.687],[7.3266,43.6743],[7.3206,43.701],[7.3085,43.6929],[7.3008,43.7062],[7.3449,43.7387],[7.3824,43.7469],[7.3858,43.7585],[7.3176,43.7476],[7.2995,43.7547],[7.2977,43.7727],[7.2669,43.8222]]]},"properties":{"id":"06-04","nm":"Menton","dept":"06","ins":85660,"nbv":122,"dG":-11.922,"dCD":-6.224,"dED":19.506,"dAB":3.119,"af":37.8}},{"type":"Feature","geometry":{"type":"Polygon","coordinates":[[[7.0522,43.6414],[7.0725,43.6492],[7.0864,43.671],[7.0714,43.6867],[7.0796,43.7055],[7.1202,43.7121],[7.1346,43.6985],[7.1614,43.6935],[7.1689,43.7152],[7.1845,43.7187],[7.2001,43.6579],[7.1572,43.6534],[7.1301,43.6179],[7.0979,43.6463],[7.0522,43.6414]]]},"properties":{"id":"06-06","nm":"Cagnes-Sur-Mer","dept":"06","ins":80186,"nbv":94,"dG":-13.686,"dCD":1.222,"dED":14.518,"dAB":0.024,"af":37.28}},{"type":"Feature","geometry":{"type":"MultiPolygon","coordinates":[[[[6.8786,43.5288],[6.9032,43.5649],[6.9558,43.5747],[6.975,43.5619],[7.021,43.5653],[7.0444,43.5941],[7.0676,43.6066],[7.0659,43.5916],[7.0847,43.5731],[7.0385,43.5352],[7.0255,43.5487],[7.0039,43.5498],[6.955,43.5364],[6.9402,43.5135],[6.9537,43.5064],[6.9524,43.4828],[6.9139,43.4828],[6.9106,43.4933],[6.884,43.5025],[6.8954,43.5235],[6.8786,43.5288]]],[[[7.0321,43.5236],[7.0493,43.5238],[7.073,43.5174],[7.0742,43.5151],[7.045,43.5034],[7.0365,43.5074],[7.0321,43.5236]]],[[[7.0834,43.5395],[7.0833,43.5395],[7.0834,43.5396],[7.0834,43.5395]]]]},"properties":{"id":"06-08","nm":"Cannes","dept":"06","ins":84414,"nbv":94,"dG":-16.116,"dCD":9.66,"dED":6.777,"dAB":2.835,"af":40.4}},{"type":"Feature","geometry":{"type":"MultiPolygon","coordinates":[[[[7.2234,43.7313],[7.2274,43.7448],[7.2533,43.754],[7.2623,43.7668],[7.2806,43.7545],[7.3177,43.7593],[7.3243,43.7495],[7.3904,43.7577],[7.3705,43.7379],[7.2986,43.7229],[7.2915,43.7074],[7.2641,43.7019],[7.2462,43.7112],[7.2358,43.7014],[7.2308,43.7087],[7.2393,43.7215],[7.2234,43.7313]]],[[[7.2917,43.7035],[7.292,43.7034],[7.2919,43.7032],[7.2917,43.7035]]],[[[7.2772,43.6982],[7.2776,43.6982],[7.2771,43.6981],[7.2772,43.6982]]],[[[7.2718,43.6964],[7.2714,43.6962],[7.2713,43.6963],[7.2718,43.6964]]],[[[7.265,43.6989],[7.264,43.6975],[7.2644,43.7002],[7.265,43.6989]]],[[[7.2516,43.6933],[7.2515,43.6936],[7.2518,43.6933],[7.2516,43.6933]]],[[[7.2271,43.6835],[7.2271,43.6835],[7.2272,43.6835],[7.2271,43.6835]]]]},"properties":{"id":"06-03","nm":"Nice","dept":"06","ins":91724,"nbv":108,"dG":0.769,"dCD":-5.311,"dED":6.256,"dAB":4.111,"af":41.74}},{"type":"Feature","geometry":{"type":"MultiPolygon","coordinates":[[[[7.2449,43.6916],[7.2477,43.711],[7.2747,43.7103],[7.2863,43.7341],[7.3235,43.7233],[7.3019,43.7065],[7.3042,43.685],[7.2739,43.6945],[7.2449,43.6916]]],[[[7.2579,43.7205],[7.2573,43.7204],[7.2571,43.7213],[7.2579,43.7205]]],[[[7.234,43.6837],[7.234,43.6838],[7.2345,43.6829],[7.234,43.6837]]]]},"properties":{"id":"06-01","nm":"Nice","dept":"06","ins":81347,"nbv":94,"dG":-1.762,"dCD":4.437,"dED":-2.584,"dAB":2.689,"af":40.49}},{"type":"Feature","geometry":{"type":"Polygon","coordinates":[[[4.1774,44.8815],[4.1819,44.9084],[4.2166,44.9339],[4.222,44.9616],[4.236,44.9704],[4.2527,44.9595],[4.3085,44.9711],[4.313,45.0006],[4.3254,45.0063],[4.3552,44.9876],[4.4327,44.9802],[4.4448,44.9605],[4.4974,44.9282],[4.5466,44.9285],[4.6006,44.945],[4.6292,44.9419],[4.6533,44.9574],[4.6643,44.9428],[4.6952,44.9499],[4.7173,44.9381],[4.7557,44.8833],[4.8307,44.8846],[4.8492,44.8685],[4.8443,44.8466],[4.8218,44.8367],[4.8225,44.8174],[4.8032,44.8132],[4.7954,44.7935],[4.7625,44.7737],[4.7694,44.7594],[4.7594,44.747],[4.7817,44.6789],[4.7793,44.6558],[4.7427,44.6083],[4.7417,44.5893],[4.7114,44.5818],[4.6932,44.5568],[4.7077,44.5343],[4.6882,44.504],[4.6992,44.4808],[4.6969,44.4481],[4.6678,44.4304],[4.6489,44.3689],[4.6494,44.2703],[4.6343,44.2832],[4.6155,44.2786],[4.6084,44.2891],[4.5599,44.302],[4.5435,44.3225],[4.5125,44.3282],[4.5067,44.3405],[4.4657,44.3405],[4.4426,44.3592],[4.4535,44.3871],[4.5001,44.417],[4.4954,44.4299],[4.4674,44.4367],[4.4774,44.4642],[4.5013,44.4716],[4.5102,44.4883],[4.5027,44.4953],[4.5165,44.5123],[4.552,44.5066],[4.559,44.5242],[4.555,44.5627],[4.5857,44.5737],[4.5924,44.6142],[4.5751,44.6345],[4.5911,44.6402],[4.5988,44.6587],[4.5933,44.6712],[4.5626,44.6794],[4.5294,44.6705],[4.4847,44.7216],[4.4313,44.7123],[4.4371,44.7536],[4.3964,44.7768],[4.3702,44.7797],[4.3739,44.7907],[4.3594,44.8026],[4.3796,44.8265],[4.3747,44.8372],[4.3561,44.8251],[4.3283,44.8355],[4.2919,44.8126],[4.2418,44.819],[4.1774,44.8815]]]},"properties":{"id":"07-01","nm":"Le Teil","dept":"07","ins":78947,"nbv":128,"dG":8.835,"dCD":-14.266,"dED":6.804,"dAB":-2.557,"af":32.16}},{"type":"Feature","geometry":{"type":"Polygon","coordinates":[[[3.8612,44.7111],[3.8755,44.735],[3.8625,44.7437],[3.8674,44.7533],[3.8927,44.7526],[3.9131,44.768],[3.9105,44.7787],[3.9369,44.7968],[3.9445,44.8243],[3.9627,44.8296],[3.9763,44.8167],[3.9805,44.8311],[3.9911,44.8337],[4.002,44.8234],[4.0029,44.8362],[4.0206,44.837],[4.0236,44.8588],[4.0395,44.8734],[4.1544,44.8733],[4.1782,44.8858],[4.2449,44.8166],[4.2898,44.813],[4.3277,44.8382],[4.3552,44.8254],[4.3632,44.8391],[4.3742,44.8376],[4.3802,44.8256],[4.364,44.7999],[4.3789,44.7927],[4.3792,44.7811],[4.4409,44.7528],[4.4294,44.7252],[4.4381,44.7122],[4.4832,44.7224],[4.5317,44.6758],[4.5874,44.6782],[4.6023,44.6409],[4.5925,44.6291],[4.5855,44.5703],[4.5564,44.5617],[4.566,44.5395],[4.5518,44.5048],[4.5316,44.515],[4.5168,44.5109],[4.5107,44.4977],[4.5205,44.486],[4.4738,44.4502],[4.4749,44.4348],[4.4968,44.4302],[4.5021,44.4179],[4.4485,44.3731],[4.4677,44.3604],[4.4602,44.3519],[4.4649,44.3417],[4.4508,44.3333],[4.4532,44.2978],[4.4397,44.2835],[4.4009,44.2873],[4.3895,44.301],[4.402,44.3323],[4.395,44.3444],[4.3351,44.3385],[4.2902,44.3112],[4.2778,44.2753],[4.2585,44.2643],[4.1868,44.2996],[4.1753,44.3147],[4.1421,44.3139],[4.1297,44.3356],[4.1162,44.3269],[4.0993,44.3342],[4.0735,44.3294],[4.0517,44.317],[4.0357,44.3297],[4.0519,44.338],[4.0554,44.3642],[4.0405,44.3924],[4.0592,44.394],[4.0645,44.4064],[4.0355,44.4199],[4.0449,44.4314],[4.0404,44.4426],[3.9982,44.4599],[3.9857,44.4777],[3.9876,44.5056],[3.9495,44.5712],[3.9298,44.5688],[3.9058,44.5924],[3.9064,44.6099],[3.8937,44.6135],[3.8949,44.6496],[3.8694,44.6784],[3.8771,44.6929],[3.8612,44.7111]]]},"properties":{"id":"07-03","nm":"Aubenas","dept":"07","ins":81022,"nbv":175,"dG":2.308,"dCD":0.502,"dED":-1.867,"dAB":-8.424,"af":29.79}},{"type":"Feature","geometry":{"type":"Polygon","coordinates":[[[4.2903,44.9972],[4.3105,45.0314],[4.34,45.0263],[4.3798,45.0396],[4.3776,45.0532],[4.3458,45.0676],[4.3627,45.0906],[4.3595,45.0998],[4.3994,45.109],[4.3973,45.1179],[4.3695,45.1286],[4.374,45.144],[4.4142,45.1416],[4.4347,45.1228],[4.4508,45.1208],[4.4435,45.1421],[4.4486,45.1633],[4.4794,45.193],[4.4769,45.2117],[4.49,45.2229],[4.4832,45.2365],[4.5069,45.2312],[4.5097,45.2449],[4.5328,45.2389],[4.5876,45.2458],[4.606,45.2568],[4.5909,45.2731],[4.5981,45.2895],[4.6135,45.2922],[4.6147,45.3116],[4.6374,45.3171],[4.6386,45.3264],[4.7257,45.3618],[4.7555,45.3661],[4.7732,45.3546],[4.7628,45.3245],[4.8098,45.2881],[4.8016,45.2413],[4.8126,45.2046],[4.8093,45.1698],[4.8287,45.1579],[4.8046,45.1234],[4.8297,45.0978],[4.8305,45.0716],[4.8591,45.0598],[4.8406,45.0346],[4.8387,45.0074],[4.8861,44.9384],[4.8557,44.8976],[4.8603,44.873],[4.8493,44.8637],[4.8301,44.8845],[4.7829,44.8772],[4.7367,44.886],[4.7406,44.911],[4.6944,44.948],[4.6623,44.9421],[4.6492,44.9543],[4.6282,44.94],[4.6028,44.9449],[4.5484,44.9285],[4.4999,44.9274],[4.4436,44.9599],[4.4263,44.98],[4.356,44.9873],[4.324,45.0046],[4.3139,45.0],[4.3129,44.9867],[4.2903,44.9972]]]},"properties":{"id":"07-02","nm":"Annonay","dept":"07","ins":97138,"nbv":136,"dG":-7.855,"dCD":5.12,"dED":1.414,"dAB":-5.701,"af":32.29}},{"type":"Feature","geometry":{"type":"Polygon","coordinates":[[[4.0245,49.6212],[4.0365,49.6243],[4.0411,49.6383],[4.0958,49.6286],[4.1143,49.6351],[4.127,49.6779],[4.1832,49.6987],[4.1913,49.7163],[4.2249,49.728],[4.229,49.7464],[4.2426,49.7542],[4.2393,49.7685],[4.2059,49.7782],[4.2231,49.7922],[4.2143,49.8061],[4.2236,49.8341],[4.2505,49.8648],[4.2524,49.9009],[4.2176,49.9127],[4.2207,49.9372],[4.2414,49.9614],[4.3092,49.9696],[4.3482,49.9526],[4.4045,49.9484],[4.385,49.9368],[4.3913,49.903],[4.4516,49.92],[4.4084,49.8689],[4.4447,49.8359],[4.436,49.8184],[4.4482,49.8047],[4.4433,49.7954],[4.4617,49.7921],[4.4661,49.8145],[4.4856,49.8248],[4.5093,49.8165],[4.5265,49.7961],[4.5186,49.7876],[4.522,49.7737],[4.5844,49.7498],[4.5747,49.7365],[4.5739,49.7039],[4.6378,49.7292],[4.6718,49.7153],[4.6933,49.7303],[4.7029,49.7568],[4.7181,49.76],[4.6909,49.7737],[4.7299,49.7855],[4.7347,49.8116],[4.8197,49.8021],[4.8409,49.7862],[4.8513,49.7538],[4.838,49.7278],[4.8526,49.7044],[4.8318,49.6574],[4.8439,49.6447],[4.8364,49.6324],[4.8533,49.6158],[4.8345,49.6069],[4.8314,49.5902],[4.8402,49.5765],[4.8266,49.565],[4.7759,49.5699],[4.6929,49.5599],[4.6817,49.547],[4.6685,49.5593],[4.6694,49.5751],[4.6374,49.5803],[4.6266,49.5941],[4.6001,49.5895],[4.5773,49.5636],[4.5859,49.5519],[4.5642,49.5487],[4.5571,49.5264],[4.5265,49.5201],[4.5075,49.4954],[4.5096,49.4794],[4.4715,49.4449],[4.4591,49.4144],[4.4685,49.3932],[4.4292,49.3608],[4.4438,49.3429],[4.4413,49.3271],[4.4026,49.3342],[4.3435,49.3139],[4.3378,49.3258],[4.3082,49.3269],[4.2447,49.3815],[4.2011,49.3838],[4.1858,49.4011],[4.0482,49.4056],[4.0372,49.4382],[4.0548,49.4543],[4.0418,49.4679],[4.0401,49.5057],[4.057,49.5086],[4.0563,49.5211],[4.0773,49.5297],[4.073,49.5415],[4.0487,49.5454],[4.0657,49.5647],[4.0614,49.5864],[4.0245,49.6212]]]},"properties":{"id":"08-01","nm":"Charleville-Mézières","dept":"08","ins":70664,"nbv":226,"dG":-10.984,"dCD":1.412,"dED":11.766,"dAB":1.443,"af":36.89}},{"type":"Feature","geometry":{"type":"Polygon","coordinates":[[[4.3737,49.3212],[4.4023,49.3361],[4.4195,49.3264],[4.4438,49.3339],[4.424,49.3646],[4.4634,49.3874],[4.4569,49.4155],[4.4691,49.4431],[4.5044,49.4755],[4.5044,49.5013],[4.5278,49.5224],[4.5565,49.5275],[4.5933,49.5862],[4.6165,49.5943],[4.6408,49.5793],[4.6756,49.5765],[4.6706,49.5616],[4.6809,49.5504],[4.6908,49.5597],[4.7228,49.5608],[4.7299,49.5717],[4.8046,49.5624],[4.8357,49.5743],[4.8243,49.5881],[4.8332,49.6012],[4.8247,49.6126],[4.8447,49.6182],[4.8348,49.6425],[4.8248,49.6452],[4.8503,49.7055],[4.8363,49.7283],[4.8468,49.7527],[4.8419,49.7822],[4.8699,49.7935],[4.9271,49.787],[4.9474,49.799],[4.9941,49.8008],[5.0148,49.7797],[5.0664,49.7625],[5.088,49.7664],[5.119,49.7382],[5.1254,49.7141],[5.1535,49.7188],[5.1659,49.7112],[5.1683,49.6935],[5.2459,49.6886],[5.2687,49.6965],[5.3322,49.6543],[5.3055,49.6302],[5.3136,49.6143],[5.3357,49.6164],[5.3472,49.6313],[5.3943,49.6168],[5.3753,49.5918],[5.3408,49.5925],[5.3112,49.5604],[5.2752,49.5422],[5.2588,49.5435],[5.2311,49.5702],[5.211,49.574],[5.1626,49.562],[5.1452,49.5902],[5.1129,49.591],[5.1062,49.5771],[5.1133,49.5607],[5.0902,49.5446],[5.1013,49.5365],[5.063,49.5029],[5.082,49.485],[5.0848,49.469],[5.1118,49.4576],[5.1031,49.4389],[5.1154,49.4194],[5.0882,49.4031],[5.1044,49.39],[5.1016,49.3784],[5.0891,49.37],[5.0594,49.3708],[5.0279,49.3369],[5.0357,49.3075],[5.0593,49.29],[5.0507,49.274],[5.0029,49.2664],[4.9519,49.2372],[4.9118,49.264],[4.8803,49.2558],[4.8669,49.2422],[4.8663,49.227],[4.8268,49.2355],[4.8112,49.2483],[4.7437,49.2423],[4.6878,49.2575],[4.6703,49.2413],[4.6342,49.2317],[4.6174,49.238],[4.6063,49.2677],[4.5757,49.2959],[4.4465,49.2734],[4.3964,49.2922],[4.3737,49.3212]]]},"properties":{"id":"08-03","nm":"Sedan","dept":"08","ins":54387,"nbv":223,"dG":-19.772,"dCD":14.574,"dED":6.432,"dAB":0.125,"af":35.05}},{"type":"Feature","geometry":{"type":"MultiPolygon","coordinates":[[[[4.3779,49.9417],[4.4033,49.9493],[4.4472,49.9379],[4.5101,49.9463],[4.5409,49.9695],[4.5764,49.9811],[4.6829,49.996],[4.6846,50.0271],[4.6989,50.0517],[4.6795,50.0669],[4.7021,50.0955],[4.7493,50.1117],[4.7622,50.1364],[4.8253,50.1691],[4.8349,50.1538],[4.8776,50.1537],[4.8822,50.1422],[4.8971,50.138],[4.8688,50.1214],[4.8724,50.0878],[4.8552,50.1002],[4.843,50.0946],[4.8469,50.0836],[4.8275,50.0615],[4.8417,50.039],[4.8234,50.0276],[4.8194,49.9952],[4.7902,49.9675],[4.7944,49.9576],[4.8471,49.949],[4.8902,49.909],[4.852,49.861],[4.8761,49.8173],[4.8652,49.8116],[4.8577,49.7838],[4.8423,49.7824],[4.82,49.8022],[4.7679,49.8127],[4.7581,49.792],[4.7403,49.8078],[4.7204,49.7722],[4.7268,49.7538],[4.7067,49.7565],[4.6729,49.7141],[4.6604,49.7109],[4.6353,49.7267],[4.5743,49.7029],[4.5672,49.7066],[4.5765,49.7472],[4.5228,49.7713],[4.5071,49.8174],[4.4837,49.8229],[4.4646,49.8101],[4.4641,49.7924],[4.4409,49.7944],[4.4453,49.8037],[4.4354,49.8208],[4.4422,49.838],[4.4043,49.8695],[4.4271,49.903],[4.3841,49.9014],[4.388,49.9268],[4.3779,49.9417]]],[[[4.7288,49.7484],[4.73,49.7498],[4.7291,49.7483],[4.7288,49.7484]]]]},"properties":{"id":"08-02","nm":"Charleville-Mézières","dept":"08","ins":60281,"nbv":108,"dG":-13.467,"dCD":10.405,"dED":3.953,"dAB":4.186,"af":40.09}},{"type":"Feature","geometry":{"type":"MultiPolygon","coordinates":[[[[0.826,42.9144],[0.8824,42.9324],[0.8749,42.9578],[0.9766,42.9739],[0.9994,42.9911],[1.0516,42.9706],[1.0889,42.9185],[1.084,42.8966],[1.1012,42.8759],[1.1276,42.8679],[1.1702,42.9083],[1.2009,42.9159],[1.2068,42.9304],[1.229,42.9406],[1.3835,42.9259],[1.3888,42.9354],[1.377,42.9571],[1.3884,42.9812],[1.3677,43.0107],[1.321,43.0037],[1.2915,43.013],[1.2924,43.0282],[1.3167,43.038],[1.3558,43.053],[1.3863,43.0467],[1.4089,43.0543],[1.4148,43.0464],[1.4519,43.0557],[1.4548,43.0725],[1.4693,43.0835],[1.53,43.1011],[1.5265,43.0702],[1.5354,43.0617],[1.5712,43.0913],[1.5989,43.0867],[1.6016,43.0726],[1.624,43.0688],[1.6379,43.0921],[1.6938,43.0922],[1.6983,43.0744],[1.712,43.0746],[1.7131,43.0499],[1.7343,43.0425],[1.7506,43.0631],[1.7716,43.0544],[1.7663,43.0359],[1.7527,43.0327],[1.747,43.018],[1.744,43.0004],[1.7543,42.9891],[1.78,43.0029],[1.8436,42.9731],[1.8447,42.9581],[1.8878,42.949],[1.8918,42.9397],[1.9036,42.9477],[1.9807,42.9298],[1.992,42.9052],[1.9831,42.889],[1.9869,42.8709],[1.9461,42.8561],[1.879,42.8525],[1.8616,42.8273],[1.9288,42.775],[1.9124,42.7677],[1.9131,42.7589],[1.9522,42.7371],[1.9876,42.7338],[2.0571,42.7563],[2.0862,42.7517],[2.089,42.7384],[2.1459,42.7021],[2.1595,42.7021],[2.1759,42.682],[2.166,42.6639],[2.1515,42.662],[2.1278,42.6718],[2.0496,42.663],[2.0292,42.6526],[2.0011,42.6609],[1.9686,42.6163],[1.95,42.6173],[1.934,42.6048],[1.9003,42.6125],[1.8743,42.5817],[1.8373,42.5847],[1.7966,42.5715],[1.7793,42.5821],[1.7276,42.5883],[1.7285,42.6145],[1.6843,42.6248],[1.6642,42.6189],[1.6385,42.63],[1.6005,42.6257],[1.5528,42.6538],[1.5188,42.6454],[1.4814,42.652],[1.4695,42.6305],[1.4775,42.6145],[1.438,42.6029],[1.4204,42.625],[1.4136,42.6537],[1.3875,42.6686],[1.3867,42.6887],[1.3509,42.703],[1.3504,42.7187],[1.2529,42.7145],[1.23,42.7273],[1.166,42.7089],[1.1333,42.7282],[1.1275,42.7573],[1.0807,42.785],[0.9829,42.7869],[0.9604,42.8056],[0.9329,42.7895],[0.9075,42.7969],[0.8596,42.8224],[0.8487,42.8634],[0.8351,42.872],[0.8431,42.8922],[0.826,42.9144]]],[[[1.2525,43.1559],[1.2576,43.1565],[1.2565,43.1489],[1.2525,43.1559]]]]},"properties":{"id":"09-01","nm":"Foix","dept":"09","ins":57416,"nbv":211,"dG":25.629,"dCD":-29.859,"dED":6.011,"dAB":-5.511,"af":30.44}},{"type":"Feature","geometry":{"type":"Polygon","coordinates":[[[0.9792,43.0727],[1.0002,43.0774],[0.9911,43.0929],[1.0009,43.1141],[1.0389,43.1012],[1.0535,43.1454],[1.084,43.1356],[1.1244,43.1568],[1.1486,43.1366],[1.1654,43.1313],[1.1753,43.1408],[1.2083,43.1189],[1.2257,43.0856],[1.2587,43.0911],[1.2604,43.1091],[1.279,43.1107],[1.2919,43.1295],[1.2705,43.1477],[1.2191,43.1526],[1.2141,43.1624],[1.2289,43.1869],[1.2536,43.1844],[1.2766,43.1957],[1.3169,43.1908],[1.3454,43.2123],[1.3695,43.2111],[1.3818,43.2265],[1.3713,43.2419],[1.2937,43.2639],[1.2996,43.2744],[1.2925,43.2884],[1.3177,43.2976],[1.3318,43.3159],[1.373,43.3101],[1.3687,43.3028],[1.379,43.2895],[1.4288,43.2544],[1.4205,43.2244],[1.4651,43.2095],[1.5013,43.2463],[1.4878,43.2692],[1.4962,43.293],[1.5128,43.2935],[1.5217,43.2718],[1.5462,43.2774],[1.5643,43.2564],[1.5713,43.2761],[1.6373,43.2555],[1.6412,43.2381],[1.6545,43.2441],[1.65,43.261],[1.6736,43.2815],[1.6902,43.2724],[1.7239,43.2244],[1.7121,43.1889],[1.8272,43.1455],[1.8522,43.1605],[1.8592,43.1445],[1.8814,43.1478],[1.8815,43.1293],[1.894,43.1231],[1.9168,43.1334],[1.9494,43.1212],[1.9639,43.0688],[1.9438,43.0668],[1.941,43.0541],[1.9851,43.0327],[1.976,43.011],[1.9852,43.0044],[1.9869,42.9683],[2.0063,42.9624],[1.995,42.9529],[1.9588,42.9635],[1.9375,42.9531],[1.9339,42.9393],[1.903,42.9466],[1.8966,42.9316],[1.883,42.9499],[1.8271,42.956],[1.8393,42.9747],[1.8037,42.9937],[1.7805,43.0016],[1.7563,42.9873],[1.7424,43.0011],[1.7442,43.0174],[1.7508,43.0355],[1.7671,43.039],[1.7671,43.058],[1.7498,43.0615],[1.7325,43.0414],[1.706,43.0541],[1.71,43.0697],[1.6868,43.0889],[1.665,43.0942],[1.6408,43.0923],[1.6216,43.0693],[1.5956,43.0736],[1.5973,43.0878],[1.5696,43.0922],[1.5353,43.0598],[1.5241,43.0724],[1.5313,43.0831],[1.5216,43.098],[1.4602,43.0778],[1.4521,43.0552],[1.4074,43.0447],[1.403,43.054],[1.3862,43.0459],[1.3598,43.0516],[1.2933,43.0277],[1.2941,43.0157],[1.3224,43.0054],[1.3736,43.0149],[1.3799,42.9882],[1.4009,42.9805],[1.3812,42.9709],[1.3788,42.9477],[1.3895,42.9329],[1.3826,42.9248],[1.2286,42.9398],[1.2058,42.9184],[1.1613,42.902],[1.132,42.8671],[1.1053,42.8721],[1.0819,42.8997],[1.0874,42.9231],[1.0526,42.9699],[0.9957,42.9913],[1.0103,43.0142],[0.987,43.0253],[0.9792,43.0727]]]},"properties":{"id":"09-02","nm":"Pamiers","dept":"09","ins":62051,"nbv":165,"dG":22.793,"dCD":-27.656,"dED":6.287,"dAB":-3.72,"af":30.98}},{"type":"Feature","geometry":{"type":"Polygon","coordinates":[[[3.8071,48.4816],[3.8257,48.5154],[3.8629,48.5355],[3.854,48.58],[3.8927,48.5757],[3.9164,48.6071],[3.948,48.6044],[3.9766,48.6314],[3.9847,48.6534],[4.003,48.6637],[4.0302,48.6597],[4.06,48.6688],[4.0731,48.6985],[4.1297,48.687],[4.1652,48.7077],[4.2311,48.7029],[4.2432,48.7167],[4.2637,48.7062],[4.3116,48.7109],[4.3342,48.674],[4.3212,48.6494],[4.3347,48.6325],[4.3184,48.6135],[4.3989,48.5637],[4.4939,48.5394],[4.511,48.548],[4.5399,48.5261],[4.5919,48.5536],[4.6429,48.5538],[4.6418,48.5433],[4.6695,48.5352],[4.6768,48.5181],[4.6589,48.5055],[4.6533,48.4708],[4.6372,48.4667],[4.6367,48.4573],[4.6726,48.4454],[4.7095,48.3946],[4.7602,48.3876],[4.7565,48.3657],[4.8415,48.3395],[4.8168,48.3223],[4.8283,48.3042],[4.8508,48.2962],[4.8449,48.2817],[4.8616,48.2664],[4.8461,48.2473],[4.8539,48.2288],[4.8408,48.2195],[4.8616,48.2109],[4.8646,48.1994],[4.8363,48.1643],[4.8523,48.1429],[4.8301,48.1294],[4.8344,48.1052],[4.7344,48.1187],[4.7049,48.0888],[4.684,48.0838],[4.6837,48.0748],[4.7231,48.0458],[4.7074,48.031],[4.7148,48.0208],[4.6699,48.0145],[4.6124,48.0324],[4.5795,48.029],[4.5495,48.0044],[4.5302,48.0069],[4.5164,48.0188],[4.4919,48.0218],[4.4894,48.0418],[4.4376,48.0529],[4.4445,48.0807],[4.4796,48.1067],[4.4493,48.1196],[4.4291,48.1441],[4.3942,48.1559],[4.3948,48.1774],[4.4129,48.1883],[4.4179,48.2097],[4.3961,48.2242],[4.3828,48.2206],[4.3722,48.2399],[4.3764,48.26],[4.3363,48.2811],[4.3146,48.2777],[4.3038,48.2927],[4.2844,48.2866],[4.2235,48.3235],[4.2039,48.3182],[4.1824,48.3333],[4.1627,48.3199],[4.1639,48.2901],[4.1753,48.2826],[4.1693,48.2736],[4.1365,48.2825],[4.1214,48.2768],[4.1052,48.2869],[4.0856,48.2786],[4.087,48.2662],[4.0411,48.3069],[4.0689,48.3176],[4.0678,48.3296],[3.9736,48.4006],[3.9216,48.3794],[3.8973,48.397],[3.8761,48.3921],[3.8431,48.4219],[3.8528,48.43],[3.8489,48.4623],[3.8196,48.4664],[3.8071,48.4816]]]},"properties":{"id":"10-01","nm":"Troyes","dept":"10","ins":63973,"nbv":238,"dG":-18.393,"dCD":2.073,"dED":18.533,"dAB":-0.524,"af":35.07}},{"type":"Feature","geometry":{"type":"MultiPolygon","coordinates":[[[[3.5751,48.1888],[3.6178,48.2217],[3.5999,48.2372],[3.6239,48.2593],[3.6924,48.2576],[3.7591,48.299],[3.76,48.2843],[3.7898,48.297],[3.8233,48.2796],[3.8805,48.3029],[3.8996,48.2825],[3.942,48.2776],[3.9613,48.2559],[4.0193,48.2692],[4.0404,48.2894],[4.07,48.2892],[4.076,48.2727],[4.1097,48.2868],[4.1653,48.2738],[4.1692,48.2838],[4.1532,48.2933],[4.1648,48.2995],[4.1577,48.3078],[4.1684,48.3289],[4.1856,48.3339],[4.2043,48.3199],[4.2226,48.3251],[4.2847,48.2882],[4.3071,48.2954],[4.3607,48.2624],[4.3795,48.2616],[4.3741,48.2412],[4.381,48.2236],[4.4267,48.2138],[4.4164,48.1905],[4.3976,48.1816],[4.4011,48.1588],[4.4332,48.1432],[4.4487,48.1201],[4.4838,48.106],[4.446,48.0825],[4.4433,48.0549],[4.493,48.0405],[4.4941,48.0228],[4.5357,48.0068],[4.56,47.9717],[4.4465,47.9571],[4.4169,47.9683],[4.3433,47.9559],[4.3129,47.9608],[4.2928,47.9259],[4.2699,47.9237],[4.2451,47.93],[4.2237,47.9485],[4.2254,47.9711],[4.2046,47.9734],[4.1983,47.9632],[4.2124,47.9632],[4.2022,47.9415],[4.1855,47.9403],[4.1824,47.955],[4.1647,47.9583],[4.1418,47.9371],[4.1097,47.926],[4.0917,47.9287],[4.0887,47.9417],[4.0483,47.9505],[4.0432,47.9261],[4.0163,47.9294],[4.0059,47.9416],[3.9858,47.9307],[3.9268,47.9343],[3.9045,47.9249],[3.894,47.9292],[3.9138,47.9756],[3.9008,47.9968],[3.8864,47.9998],[3.8799,47.9791],[3.85,47.9837],[3.8396,48.0039],[3.8668,48.0073],[3.8698,48.0161],[3.8232,48.0448],[3.8254,48.0599],[3.7981,48.0865],[3.8032,48.1038],[3.7926,48.1168],[3.7692,48.1326],[3.7569,48.1253],[3.7401,48.132],[3.7541,48.1523],[3.7466,48.1666],[3.7217,48.1719],[3.7216,48.1553],[3.7052,48.1444],[3.668,48.1393],[3.6401,48.1846],[3.6211,48.1914],[3.5939,48.1787],[3.5751,48.1888]]],[[[3.7131,48.283],[3.7121,48.2831],[3.7137,48.2841],[3.7131,48.283]]]]},"properties":{"id":"10-02","nm":"Troyes","dept":"10","ins":73976,"nbv":182,"dG":-15.149,"dCD":7.03,"dED":10.156,"dAB":-1.488,"af":35.44}},{"type":"Feature","geometry":{"type":"Polygon","coordinates":[[[3.3844,48.478],[3.4333,48.4951],[3.4058,48.5281],[3.4769,48.5396],[3.4654,48.5705],[3.507,48.5917],[3.503,48.6046],[3.5555,48.6202],[3.5656,48.6046],[3.5805,48.6046],[3.5846,48.5874],[3.6327,48.5703],[3.6375,48.5396],[3.7381,48.5386],[3.7981,48.5291],[3.8254,48.5152],[3.8102,48.4732],[3.8532,48.4628],[3.8612,48.4322],[3.8463,48.4218],[3.853,48.4083],[3.8806,48.3925],[3.8954,48.399],[3.9223,48.3804],[3.9742,48.4023],[4.052,48.335],[4.069,48.3317],[4.0748,48.3186],[4.0504,48.3084],[4.0632,48.2899],[3.9613,48.2556],[3.9412,48.2767],[3.8985,48.2808],[3.8733,48.3044],[3.8216,48.2777],[3.7878,48.2969],[3.7607,48.2828],[3.7457,48.2898],[3.6866,48.2543],[3.6319,48.2553],[3.6145,48.2725],[3.5841,48.2812],[3.5781,48.287],[3.5854,48.3015],[3.5582,48.3206],[3.5439,48.3198],[3.5424,48.3356],[3.499,48.3688],[3.4533,48.3732],[3.4274,48.3581],[3.4129,48.378],[3.4198,48.4115],[3.3917,48.4233],[3.4056,48.4514],[3.3844,48.478]]]},"properties":{"id":"10-03","nm":"Troyes","dept":"10","ins":65463,"nbv":114,"dG":-5.49,"dCD":-2.447,"dED":10.375,"dAB":2.942,"af":37.91}},{"type":"Feature","geometry":{"type":"MultiPolygon","coordinates":[[[[2.2728,43.4107],[2.2909,43.4211],[2.2821,43.4411],[2.3037,43.4479],[2.3965,43.4168],[2.4285,43.4357],[2.495,43.4371],[2.5208,43.4238],[2.5658,43.4227],[2.5934,43.4126],[2.5928,43.4037],[2.5554,43.388],[2.5572,43.3661],[2.5433,43.3492],[2.5488,43.3387],[2.5857,43.3335],[2.6028,43.2981],[2.6207,43.2865],[2.6319,43.2984],[2.6558,43.2933],[2.6739,43.3022],[2.688,43.3231],[2.7059,43.2987],[2.7037,43.2759],[2.7522,43.255],[2.7814,43.2667],[2.787,43.2871],[2.8109,43.3065],[2.8084,43.3215],[2.8694,43.331],[2.8698,43.3565],[2.8554,43.3732],[2.8696,43.383],[2.8902,43.3657],[2.8872,43.3345],[2.895,43.3263],[2.9214,43.326],[2.9471,43.3122],[3.004,43.3199],[3.0049,43.288],[3.0141,43.2818],[2.9716,43.2667],[2.9599,43.2455],[2.9149,43.2323],[2.8874,43.2425],[2.8683,43.2349],[2.824,43.245],[2.7991,43.2262],[2.863,43.1912],[2.8628,43.1797],[2.8379,43.1667],[2.8325,43.136],[2.8545,43.1306],[2.8677,43.0973],[2.891,43.0956],[2.8908,43.0839],[2.8708,43.0725],[2.8657,43.057],[2.8717,43.0332],[2.8984,43.021],[2.8851,42.9887],[2.9025,42.9588],[2.8831,42.9452],[2.8716,42.9219],[2.81,42.8985],[2.7281,42.9446],[2.7133,42.9314],[2.6898,42.9387],[2.6665,42.9824],[2.6964,42.9788],[2.6863,42.9952],[2.7056,43.0265],[2.6993,43.052],[2.6711,43.0669],[2.6803,43.0828],[2.6773,43.1029],[2.6214,43.134],[2.6212,43.1463],[2.5553,43.1629],[2.5398,43.1627],[2.5343,43.1537],[2.5101,43.1631],[2.4941,43.1565],[2.4848,43.1338],[2.4457,43.1388],[2.4397,43.1137],[2.406,43.1276],[2.409,43.146],[2.3726,43.1509],[2.3515,43.1223],[2.3271,43.1312],[2.3036,43.1226],[2.3035,43.1431],[2.2909,43.1555],[2.2743,43.156],[2.3062,43.1885],[2.3215,43.1847],[2.3141,43.1994],[2.3268,43.2011],[2.3299,43.22],[2.2755,43.2443],[2.2836,43.2561],[2.2964,43.2564],[2.299,43.2773],[2.3277,43.2744],[2.3393,43.2919],[2.3312,43.3147],[2.31,43.3136],[2.2826,43.3283],[2.2781,43.3502],[2.3006,43.3425],[2.3047,43.3613],[2.2973,43.3865],[2.2728,43.4107]]],[[[2.3134,43.2085],[2.3091,43.208],[2.3104,43.2098],[2.3134,43.2085]]],[[[2.286,43.2159],[2.2856,43.216],[2.286,43.2163],[2.286,43.2159]]]]},"properties":{"id":"11-01","nm":"Carcassonne","dept":"11","ins":97086,"nbv":166,"dG":0.138,"dCD":-13.928,"dED":16.393,"dAB":-1.249,"af":31.65}},{"type":"Feature","geometry":{"type":"MultiPolygon","coordinates":[[[[1.6884,43.2735],[1.7072,43.2873],[1.7045,43.3032],[1.732,43.3168],[1.7227,43.3415],[1.7349,43.3363],[1.7496,43.3496],[1.7682,43.34],[1.8133,43.3422],[1.8017,43.3662],[1.8031,43.3926],[1.8166,43.3953],[1.8172,43.411],[1.8278,43.4186],[1.8426,43.4174],[1.8427,43.4327],[1.8591,43.4438],[1.9081,43.4061],[1.9343,43.4252],[1.9542,43.4265],[1.9879,43.4088],[2.0129,43.4147],[2.0354,43.4224],[2.0291,43.4367],[2.0529,43.4304],[2.074,43.3963],[2.1082,43.395],[2.1704,43.4165],[2.1872,43.3943],[2.2138,43.3843],[2.229,43.4078],[2.223,43.4316],[2.262,43.4595],[2.2901,43.4299],[2.292,43.4195],[2.2765,43.4082],[2.2982,43.3864],[2.3047,43.3635],[2.29,43.3257],[2.328,43.3158],[2.3501,43.2835],[2.3015,43.2746],[2.2971,43.2524],[2.2807,43.2473],[2.3081,43.228],[2.3541,43.2158],[2.3315,43.1873],[2.3168,43.1906],[2.3068,43.1793],[2.3021,43.1964],[2.2911,43.1946],[2.2889,43.1594],[2.3076,43.1301],[2.3513,43.1243],[2.3637,43.1516],[2.411,43.1462],[2.4092,43.1261],[2.4315,43.1153],[2.446,43.1406],[2.484,43.1361],[2.4951,43.1595],[2.5075,43.1649],[2.6272,43.147],[2.6296,43.1311],[2.669,43.1157],[2.6858,43.0992],[2.6753,43.0703],[2.696,43.0589],[2.7069,43.027],[2.6868,42.997],[2.7019,42.9821],[2.6837,42.9702],[2.6853,42.9459],[2.7098,42.933],[2.7273,42.9504],[2.7341,42.938],[2.7934,42.9143],[2.81,42.8985],[2.7885,42.8956],[2.763,42.8744],[2.7368,42.8356],[2.6809,42.8307],[2.5008,42.8502],[2.4561,42.8374],[2.3829,42.8486],[2.3363,42.8409],[2.3269,42.8254],[2.3343,42.804],[2.344,42.8013],[2.3555,42.7272],[2.32,42.7067],[2.2674,42.7041],[2.2393,42.6766],[2.1762,42.6489],[2.1652,42.6658],[2.1748,42.6817],[2.1677,42.6961],[2.0871,42.7393],[2.0815,42.7521],[2.0569,42.7558],[2.0037,42.7335],[1.9508,42.7368],[1.9139,42.758],[1.9094,42.7693],[1.9247,42.7778],[1.8993,42.8049],[1.8599,42.8201],[1.876,42.8526],[1.9461,42.8561],[1.9822,42.8706],[1.9871,42.9183],[1.9776,42.9301],[1.9339,42.9393],[1.9367,42.9539],[1.984,42.964],[1.9858,43.0013],[1.9695,43.008],[1.9853,43.0302],[1.9725,43.0453],[1.9427,43.0511],[1.9414,43.0662],[1.9609,43.0722],[1.9505,43.0796],[1.9471,43.1213],[1.9159,43.1333],[1.894,43.1153],[1.8775,43.1422],[1.8262,43.1454],[1.7941,43.1581],[1.7825,43.1516],[1.7392,43.1844],[1.7115,43.1866],[1.7082,43.1982],[1.724,43.2156],[1.695,43.2473],[1.7015,43.2567],[1.6884,43.2735]]],[[[2.3483,43.187],[2.3484,43.1872],[2.3485,43.1871],[2.3483,43.187]]]]},"properties":{"id":"11-03","nm":"Castelnaudary","dept":"11","ins":88789,"nbv":320,"dG":4.115,"dCD":-14.179,"dED":11.958,"dAB":-6.027,"af":28.54}},{"type":"Feature","geometry":{"type":"Polygon","coordinates":[[[2.7964,43.2222],[2.8207,43.2436],[2.8735,43.2352],[2.8835,43.2437],[2.9207,43.2328],[2.9308,43.2457],[2.9623,43.2489],[2.9694,43.2677],[3.0224,43.2818],[3.0544,43.2799],[3.0772,43.2628],[3.1091,43.2548],[3.1413,43.2595],[3.1554,43.2428],[3.2004,43.2494],[3.24,43.2128],[3.1674,43.1583],[3.0826,43.0544],[3.0437,42.9601],[3.0409,42.9316],[3.0605,42.9179],[3.0438,42.8381],[2.983,42.8687],[2.8822,42.9001],[2.8653,42.9185],[2.9005,42.9596],[2.8849,42.9899],[2.8975,43.0196],[2.872,43.0325],[2.8686,43.0497],[2.859,43.0541],[2.8904,43.0918],[2.8658,43.0964],[2.8552,43.1277],[2.8314,43.1347],[2.8355,43.1628],[2.8594,43.1921],[2.7964,43.2222]]]},"properties":{"id":"11-02","nm":"Narbonne","dept":"11","ins":90860,"nbv":99,"dG":-2.718,"dCD":-8.76,"dED":13.318,"dAB":0.216,"af":34.87}},{"type":"Feature","geometry":{"type":"Polygon","coordinates":[[[2.3853,44.1192],[2.4403,44.1098],[2.4542,44.1426],[2.4479,44.1521],[2.4899,44.1551],[2.4766,44.1812],[2.476,44.2066],[2.4555,44.2045],[2.4731,44.2352],[2.4916,44.2403],[2.5065,44.2584],[2.4922,44.3065],[2.5096,44.2899],[2.5418,44.2896],[2.5619,44.2763],[2.5758,44.2875],[2.5631,44.3125],[2.6124,44.3251],[2.6261,44.3056],[2.6427,44.3072],[2.6689,44.325],[2.6645,44.3404],[2.647,44.3493],[2.6499,44.3598],[2.6636,44.3567],[2.7028,44.3755],[2.736,44.3519],[2.7358,44.3357],[2.787,44.341],[2.8182,44.3328],[2.8857,44.3418],[2.9064,44.3291],[2.9502,44.3581],[2.9476,44.3678],[2.9199,44.3793],[2.9506,44.3818],[2.9662,44.3984],[2.9571,44.4175],[2.9396,44.4241],[2.9621,44.4508],[2.9846,44.4286],[2.9973,44.4359],[2.9904,44.4449],[2.9956,44.4625],[3.0454,44.4703],[3.0835,44.4599],[3.0995,44.4806],[3.1368,44.4562],[3.1416,44.4262],[3.1296,44.4174],[3.1404,44.3922],[3.124,44.3875],[3.1213,44.3647],[3.132,44.3573],[3.1364,44.3323],[3.1542,44.3311],[3.1482,44.3211],[3.1544,44.3085],[3.1271,44.2861],[3.124,44.2654],[3.1376,44.2647],[3.1448,44.2762],[3.1547,44.2729],[3.1613,44.246],[3.1885,44.2495],[3.1938,44.2404],[3.2305,44.2303],[3.2145,44.198],[3.2187,44.1906],[3.2939,44.2071],[3.3628,44.2015],[3.3727,44.1696],[3.3357,44.1571],[3.3215,44.1345],[3.3242,44.1086],[3.2769,44.098],[3.2774,44.0827],[3.3021,44.0684],[3.3289,44.079],[3.3496,44.0512],[3.39,44.0572],[3.3982,44.0448],[3.4517,44.0218],[3.4403,43.9982],[3.4181,43.9923],[3.4059,43.9697],[3.3804,43.9675],[3.3756,43.956],[3.3584,43.9499],[3.3524,43.9379],[3.3587,43.9143],[3.3431,43.905],[3.343,43.8943],[3.2729,43.8973],[3.2389,43.8713],[3.235,43.8579],[3.2517,43.8438],[3.2491,43.8297],[3.2073,43.8124],[3.1509,43.8138],[3.0869,43.8357],[3.0613,43.8342],[3.0636,43.8091],[3.0512,43.7982],[3.076,43.7685],[3.054,43.748],[3.0557,43.7166],[3.0694,43.7068],[3.0609,43.6929],[3.0273,43.6926],[2.9924,43.7083],[2.9382,43.6906],[2.9172,43.7364],[2.9054,43.7421],[2.8696,43.7389],[2.8613,43.749],[2.815,43.7621],[2.7889,43.7526],[2.7809,43.7369],[2.7398,43.729],[2.6587,43.7569],[2.564,43.8415],[2.5638,43.8632],[2.5759,43.8788],[2.5505,43.8924],[2.5537,43.9201],[2.4992,43.9456],[2.52,43.9604],[2.5218,43.9808],[2.5015,43.9861],[2.4944,44.0125],[2.462,44.0337],[2.4594,44.0496],[2.4103,44.0558],[2.4105,44.0699],[2.389,44.0914],[2.4,44.1089],[2.3853,44.1192]],[[2.9901,43.8251],[2.9784,43.8166],[2.9868,43.7953],[3.0252,43.8291],[3.0565,43.8317],[3.058,43.8439],[3.0397,43.8593],[2.9884,43.8555],[2.9783,43.843],[2.9901,43.8251]]]},"properties":{"id":"12-03","nm":"Millau","dept":"12","ins":72271,"nbv":158,"dG":-0.422,"dCD":2.906,"dED":-0.531,"dAB":-7.86,"af":26.86}},{"type":"Feature","geometry":{"type":"MultiPolygon","coordinates":[[[[1.8396,44.4759],[1.8606,44.4875],[1.8816,44.4852],[1.8883,44.5052],[1.9281,44.5053],[1.9614,44.5209],[1.9844,44.5474],[2.0296,44.5587],[2.0578,44.5831],[2.0719,44.576],[2.0821,44.5873],[2.1081,44.572],[2.1255,44.5794],[2.1333,44.5702],[2.1495,44.5715],[2.1693,44.5915],[2.1916,44.5908],[2.2075,44.6048],[2.2165,44.6239],[2.2084,44.6438],[2.2341,44.6555],[2.2575,44.6534],[2.2505,44.6334],[2.2628,44.6196],[2.2753,44.6229],[2.2887,44.6478],[2.3324,44.6645],[2.3367,44.6479],[2.3494,44.6411],[2.3803,44.6515],[2.4343,44.6401],[2.4485,44.6487],[2.4847,44.6412],[2.5065,44.6192],[2.5078,44.5913],[2.5279,44.5939],[2.5329,44.5738],[2.5565,44.5524],[2.5285,44.5425],[2.4665,44.5551],[2.4482,44.5361],[2.4121,44.5389],[2.3894,44.499],[2.3722,44.5029],[2.3626,44.4899],[2.3799,44.4752],[2.3851,44.4566],[2.4169,44.443],[2.4078,44.4283],[2.3738,44.418],[2.3809,44.403],[2.4014,44.3979],[2.3915,44.3693],[2.4243,44.3586],[2.4395,44.3625],[2.4516,44.3506],[2.4593,44.3555],[2.4655,44.3413],[2.5099,44.3157],[2.4907,44.3017],[2.5092,44.2572],[2.4744,44.2348],[2.462,44.2154],[2.4757,44.2104],[2.491,44.1841],[2.4832,44.1715],[2.4971,44.1621],[2.484,44.1486],[2.4567,44.1532],[2.4428,44.1114],[2.4046,44.1127],[2.4007,44.0995],[2.3862,44.0929],[2.3409,44.1101],[2.3287,44.1239],[2.2883,44.1223],[2.2949,44.1375],[2.2747,44.1474],[2.2374,44.134],[2.1878,44.1375],[2.1812,44.1416],[2.1924,44.1493],[2.2093,44.1455],[2.23,44.1616],[2.2085,44.1703],[2.1915,44.1621],[2.1774,44.1787],[2.1545,44.181],[2.1466,44.2],[2.1081,44.1937],[2.1074,44.1812],[2.0955,44.1742],[2.0928,44.1851],[2.0775,44.1803],[2.0602,44.189],[2.0576,44.1723],[1.9903,44.1495],[1.9913,44.1583],[1.9782,44.1613],[1.9635,44.1838],[1.9458,44.1819],[1.9407,44.1698],[1.9288,44.1874],[1.9113,44.1854],[1.8907,44.2134],[1.9174,44.2189],[1.9334,44.2459],[1.9586,44.2449],[1.9675,44.2754],[1.9007,44.2791],[1.8688,44.292],[1.878,44.3059],[1.8594,44.3206],[1.8777,44.3361],[1.9112,44.3239],[1.9212,44.332],[1.9185,44.342],[1.908,44.3416],[1.9199,44.3529],[1.9155,44.3685],[1.8923,44.377],[1.9063,44.3839],[1.9234,44.4181],[1.8993,44.4275],[1.8782,44.4226],[1.8501,44.4355],[1.8516,44.4634],[1.8396,44.4759]]],[[[1.8876,44.386],[1.8671,44.3977],[1.8744,44.4057],[1.8862,44.394],[1.8876,44.386]]]]},"properties":{"id":"12-02","nm":"Villefranche-De-Rouergue","dept":"12","ins":68217,"nbv":132,"dG":4.882,"dCD":-1.767,"dED":-2.958,"dAB":-9.14,"af":28.63}},{"type":"Feature","geometry":{"type":"Polygon","coordinates":[[[2.348,44.5002],[2.3515,44.5064],[2.3597,44.4987],[2.3901,44.5007],[2.4098,44.5418],[2.4461,44.5363],[2.4639,44.554],[2.53,44.5454],[2.55,44.5522],[2.5506,44.5618],[2.5246,44.5859],[2.5054,44.5903],[2.4982,44.6005],[2.5067,44.6183],[2.4828,44.642],[2.4677,44.6429],[2.471,44.6517],[2.4891,44.6561],[2.5003,44.6905],[2.5451,44.718],[2.5621,44.7774],[2.5993,44.7932],[2.5966,44.8201],[2.6109,44.8307],[2.6027,44.8432],[2.629,44.8725],[2.6544,44.8713],[2.6578,44.8863],[2.68,44.9069],[2.7046,44.906],[2.7136,44.9271],[2.7384,44.9414],[2.776,44.9093],[2.7721,44.8577],[2.8032,44.8741],[2.8567,44.8753],[2.8555,44.8527],[2.8657,44.8471],[2.8907,44.7893],[2.9046,44.7844],[2.9204,44.7943],[2.9374,44.7747],[2.9244,44.7278],[2.9344,44.6953],[2.969,44.6495],[3.0759,44.573],[3.0842,44.5595],[3.0701,44.5029],[3.0995,44.4816],[3.0901,44.4611],[3.0806,44.4593],[3.0692,44.4684],[3.017,44.4665],[2.993,44.4508],[3.0027,44.438],[2.9914,44.4277],[2.9617,44.4397],[2.9476,44.4347],[2.9443,44.4242],[2.9687,44.401],[2.9377,44.3784],[2.9529,44.3552],[2.9307,44.3461],[2.9269,44.333],[2.9041,44.3285],[2.8844,44.3414],[2.7271,44.3345],[2.7323,44.3576],[2.7006,44.3762],[2.661,44.3512],[2.6731,44.3288],[2.6584,44.2968],[2.6374,44.3061],[2.6399,44.2902],[2.6125,44.2876],[2.6037,44.3024],[2.6145,44.3118],[2.6034,44.3238],[2.5715,44.3041],[2.5808,44.2854],[2.5563,44.2733],[2.543,44.2876],[2.5282,44.2834],[2.5015,44.2956],[2.4951,44.308],[2.5059,44.3184],[2.4931,44.3332],[2.4629,44.34],[2.439,44.3592],[2.3895,44.3678],[2.394,44.3958],[2.3589,44.4168],[2.4008,44.4286],[2.4152,44.4442],[2.3707,44.4608],[2.3788,44.4752],[2.348,44.5002]]]},"properties":{"id":"12-01","nm":"Rodez","dept":"12","ins":77598,"nbv":136,"dG":-9.31,"dCD":14.586,"dED":-4.009,"dAB":-8.023,"af":28.56}},{"type":"Feature","geometry":{"type":"MultiPolygon","coordinates":[[[[5.3346,43.5928],[5.3571,43.6034],[5.3653,43.6248],[5.4047,43.6265],[5.3924,43.6497],[5.3942,43.6689],[5.4129,43.6929],[5.5317,43.6593],[5.6059,43.659],[5.6735,43.6936],[5.714,43.6919],[5.7535,43.7246],[5.7872,43.7167],[5.7885,43.6965],[5.8132,43.689],[5.7995,43.6598],[5.7696,43.6608],[5.7037,43.6399],[5.6809,43.6093],[5.6918,43.5846],[5.661,43.5751],[5.6704,43.5642],[5.7248,43.5511],[5.7159,43.5035],[5.7011,43.4853],[5.7509,43.4344],[5.7884,43.4204],[5.7527,43.4019],[5.7244,43.4088],[5.6442,43.4006],[5.6104,43.4119],[5.5963,43.4399],[5.5628,43.4333],[5.5295,43.4401],[5.4961,43.4633],[5.5318,43.4846],[5.5333,43.5045],[5.4234,43.5115],[5.4233,43.5341],[5.4364,43.5314],[5.4547,43.5481],[5.4666,43.5698],[5.4631,43.5833],[5.3993,43.5676],[5.376,43.5838],[5.3346,43.5928]]],[[[5.4278,43.5649],[5.431,43.5627],[5.4281,43.5598],[5.4278,43.5649]]],[[[5.4139,43.5405],[5.4135,43.5395],[5.4123,43.5402],[5.4139,43.5405]]],[[[5.4193,43.4838],[5.4195,43.4839],[5.4193,43.4836],[5.4193,43.4838]]],[[[5.3861,43.5041],[5.387,43.5044],[5.3869,43.5038],[5.3861,43.5041]]]]},"properties":{"id":"13-14","nm":"Aix-En-Provence","dept":"13","ins":99168,"nbv":102,"dG":0.243,"dCD":1.595,"dED":-0.64,"dAB":-2.466,"af":34.98}},{"type":"Feature","geometry":{"type":"MultiPolygon","coordinates":[[[[5.2512,43.5875],[5.3229,43.597],[5.4027,43.5698],[5.4651,43.5861],[5.4693,43.5736],[5.4422,43.5269],[5.4712,43.4918],[5.4419,43.4715],[5.4044,43.47],[5.3871,43.4548],[5.392,43.4356],[5.3829,43.4189],[5.4252,43.3841],[5.3733,43.3719],[5.3693,43.3891],[5.3545,43.384],[5.3557,43.3746],[5.3214,43.3682],[5.2997,43.3875],[5.2812,43.3803],[5.2666,43.3999],[5.275,43.4189],[5.2906,43.4215],[5.3053,43.4384],[5.2818,43.4815],[5.2711,43.4826],[5.2697,43.4985],[5.2941,43.5195],[5.3371,43.5196],[5.3444,43.5474],[5.264,43.5743],[5.2512,43.5875]]],[[[5.47,43.5176],[5.4699,43.5178],[5.47,43.5179],[5.47,43.5176]]]]},"properties":{"id":"13-11","nm":"Aix-En-Provence","dept":"13","ins":91371,"nbv":93,"dG":-3.654,"dCD":-1.239,"dED":6.546,"dAB":0.186,"af":37.67}},{"type":"Feature","geometry":{"type":"MultiPolygon","coordinates":[[[[5.3758,43.4187],[5.3906,43.434],[5.3885,43.4638],[5.4458,43.4736],[5.4679,43.4897],[5.47,43.5121],[5.5368,43.5044],[5.5327,43.483],[5.5047,43.4682],[5.5048,43.4591],[5.5293,43.4406],[5.5514,43.4427],[5.5619,43.4326],[5.5978,43.4394],[5.6118,43.4124],[5.6443,43.4008],[5.6798,43.4019],[5.7048,43.3555],[5.6886,43.3413],[5.6853,43.3227],[5.6616,43.3171],[5.55,43.3356],[5.5259,43.3218],[5.4751,43.3149],[5.4503,43.3392],[5.4629,43.3607],[5.4478,43.3863],[5.4077,43.3909],[5.3922,43.4132],[5.3758,43.4187]]],[[[5.2348,43.4141],[5.2433,43.4222],[5.2749,43.4189],[5.2732,43.4104],[5.2348,43.4141]]]]},"properties":{"id":"13-10","nm":"Allauch","dept":"13","ins":109874,"nbv":115,"dG":-7.333,"dCD":-5.177,"dED":15.155,"dAB":-1.317,"af":35.15}},{"type":"Feature","geometry":{"type":"Polygon","coordinates":[[[4.6982,43.8971],[4.7394,43.9241],[4.8514,43.9114],[4.9647,43.8723],[5.03,43.8273],[5.0443,43.7926],[5.0924,43.771],[5.1864,43.7355],[5.2293,43.7475],[5.3166,43.7361],[5.4129,43.6929],[5.395,43.6736],[5.3934,43.65],[5.4113,43.6227],[5.3712,43.6244],[5.3568,43.6028],[5.3345,43.5928],[5.2544,43.5921],[5.2546,43.6049],[5.2406,43.6094],[5.2299,43.6341],[5.2141,43.6454],[5.1856,43.6382],[5.1766,43.6699],[5.1454,43.6914],[5.074,43.6844],[4.9984,43.648],[4.9326,43.6704],[4.7698,43.6874],[4.7589,43.692],[4.7512,43.7173],[4.7738,43.7446],[4.7723,43.7832],[4.7525,43.815],[4.7321,43.8198],[4.7414,43.8408],[4.7272,43.879],[4.7112,43.8978],[4.6982,43.8971]]]},"properties":{"id":"13-15","nm":"Châteaurenard","dept":"13","ins":104600,"nbv":109,"dG":-10.454,"dCD":-3.424,"dED":16.16,"dAB":-0.978,"af":35.52}},{"type":"Feature","geometry":{"type":"MultiPolygon","coordinates":[[[[4.2324,43.4597],[4.2397,43.4992],[4.3172,43.5276],[4.3077,43.5458],[4.3139,43.5556],[4.3334,43.5364],[4.3881,43.5625],[4.4081,43.5612],[4.403,43.5732],[4.4273,43.5856],[4.4613,43.5899],[4.4726,43.6107],[4.4446,43.61],[4.4266,43.6255],[4.4515,43.6646],[4.4757,43.6733],[4.4844,43.6977],[4.5369,43.7076],[4.5939,43.6877],[4.6232,43.6898],[4.6124,43.7253],[4.6515,43.7832],[4.6545,43.8082],[4.6424,43.8303],[4.6591,43.8458],[4.642,43.8509],[4.6421,43.8675],[4.7095,43.8981],[4.73,43.881],[4.7273,43.8683],[4.7421,43.8399],[4.7351,43.822],[4.7525,43.8166],[4.7729,43.7824],[4.7742,43.7451],[4.7532,43.7177],[4.7599,43.6939],[4.7991,43.6786],[4.9002,43.671],[4.9266,43.6717],[4.9304,43.6874],[4.9353,43.67],[4.9605,43.6616],[4.9647,43.7204],[4.9819,43.7178],[4.9826,43.6806],[4.9572,43.6383],[5.0469,43.5889],[5.0626,43.5584],[5.0424,43.5669],[5.0115,43.5563],[5.0007,43.5269],[4.9762,43.5063],[4.9401,43.5007],[4.9249,43.5094],[4.8781,43.495],[4.854,43.4658],[4.8383,43.4626],[4.7828,43.4792],[4.7509,43.4623],[4.7353,43.4281],[4.754,43.4088],[4.8311,43.3686],[4.8444,43.3323],[4.835,43.3287],[4.7767,43.3481],[4.6599,43.3455],[4.5853,43.3603],[4.5557,43.3837],[4.5929,43.4133],[4.5742,43.4366],[4.5479,43.4498],[4.4509,43.4566],[4.4233,43.4458],[4.2324,43.4597]]],[[[4.9792,43.4994],[4.9806,43.5022],[4.9826,43.5003],[4.9792,43.4994]]],[[[4.976,43.4945],[4.9763,43.4945],[4.9762,43.4942],[4.976,43.4945]]],[[[4.9673,43.72],[4.9673,43.72],[4.9673,43.72],[4.9673,43.72]]]]},"properties":{"id":"13-16","nm":"Arles","dept":"13","ins":91684,"nbv":95,"dG":-0.266,"dCD":-13.244,"dED":17.143,"dAB":3.914,"af":36.84}},{"type":"Feature","geometry":{"type":"Polygon","coordinates":[[[5.5048,43.2816],[5.529,43.2973],[5.5213,43.3177],[5.5557,43.3354],[5.6927,43.3133],[5.7267,43.3172],[5.7629,43.2823],[5.7608,43.2674],[5.6842,43.2362],[5.6719,43.1795],[5.6401,43.1892],[5.6164,43.1825],[5.6193,43.1574],[5.5762,43.1724],[5.5358,43.212],[5.5099,43.1978],[5.5169,43.2155],[5.5066,43.2296],[5.5195,43.244],[5.5048,43.2816]]]},"properties":{"id":"13-09","nm":"Aubagne","dept":"13","ins":99711,"nbv":101,"dG":-5.252,"dCD":-3.645,"dED":10.933,"dAB":1.849,"af":37.14}},{"type":"Feature","geometry":{"type":"Polygon","coordinates":[[[4.9541,43.6391],[4.9688,43.6583],[4.9993,43.6484],[5.0745,43.6845],[5.1375,43.6939],[5.1759,43.6713],[5.1858,43.6431],[5.2155,43.6457],[5.2416,43.6099],[5.2589,43.6111],[5.2525,43.587],[5.2626,43.5755],[5.3446,43.5522],[5.3484,43.5362],[5.3395,43.5194],[5.2948,43.5162],[5.2717,43.4971],[5.2718,43.4859],[5.2521,43.4768],[5.2031,43.4912],[5.1626,43.4694],[5.1579,43.4553],[5.1424,43.4598],[5.1241,43.4856],[5.1148,43.5213],[5.0605,43.5279],[5.0452,43.522],[5.0213,43.5535],[5.0479,43.5716],[5.0458,43.59],[4.9541,43.6391]]]},"properties":{"id":"13-08","nm":"Salon-De-Provence","dept":"13","ins":102899,"nbv":104,"dG":-9.226,"dCD":0.982,"dED":9.969,"dAB":0.546,"af":37.06}},{"type":"Feature","geometry":{"type":"Polygon","coordinates":[[[5.0886,43.3345],[5.1029,43.3484],[5.0981,43.3991],[5.1157,43.4052],[5.1266,43.3969],[5.1695,43.4163],[5.1971,43.4392],[5.1981,43.4511],[5.2098,43.4447],[5.2258,43.4529],[5.2234,43.4791],[5.2473,43.4748],[5.2795,43.4849],[5.2997,43.4606],[5.3108,43.4316],[5.2732,43.416],[5.2675,43.3981],[5.2854,43.3743],[5.2822,43.3537],[5.2591,43.3377],[5.1523,43.3261],[5.0886,43.3345]]]},"properties":{"id":"13-12","nm":"Vitrolles","dept":"13","ins":95365,"nbv":96,"dG":-7.529,"dCD":-10.884,"dED":21.22,"dAB":6.323,"af":39.94}},{"type":"Feature","geometry":{"type":"MultiPolygon","coordinates":[[[[4.7339,43.4295],[4.7501,43.4617],[4.7702,43.4774],[4.8038,43.4787],[4.8404,43.463],[4.8549,43.4668],[4.8816,43.498],[4.9282,43.5106],[4.9407,43.5009],[4.9637,43.5033],[4.9689,43.5154],[5.0007,43.5315],[4.9917,43.5613],[5.0071,43.5639],[5.0155,43.5278],[4.9983,43.5014],[5.0016,43.4737],[5.04,43.4704],[5.0532,43.4607],[5.0605,43.4025],[5.0968,43.4006],[5.104,43.3877],[5.103,43.346],[5.0802,43.3243],[5.0367,43.3299],[4.9738,43.4028],[4.97,43.4236],[4.9319,43.433],[4.9108,43.4278],[4.8937,43.4047],[4.8815,43.4141],[4.8624,43.403],[4.8598,43.3923],[4.8717,43.3902],[4.8569,43.3858],[4.8624,43.3726],[4.8928,43.3684],[4.9097,43.3768],[4.9115,43.3876],[4.9151,43.3767],[4.8525,43.3325],[4.8412,43.334],[4.8307,43.368],[4.7535,43.4091],[4.7339,43.4295]]],[[[4.9448,43.519],[4.9529,43.526],[4.9571,43.5234],[4.957,43.5233],[4.9448,43.519]]],[[[4.9293,43.5983],[4.9292,43.5983],[4.9292,43.5983],[4.9293,43.5983]]],[[[4.9375,43.5941],[4.9376,43.5942],[4.9377,43.594],[4.9375,43.5941]]]]},"properties":{"id":"13-13","nm":"Martigues","dept":"13","ins":93211,"nbv":95,"dG":7.286,"dCD":-20.357,"dED":14.405,"dAB":5.593,"af":37.25}},{"type":"Feature","geometry":{"type":"Polygon","coordinates":[[[5.3177,43.3477],[5.3542,43.3359],[5.3666,43.3201],[5.3932,43.3164],[5.39,43.2876],[5.3529,43.2972],[5.3591,43.3118],[5.3177,43.3477]]]},"properties":{"id":"13-04","nm":"Marseille","dept":"13","ins":64567,"nbv":60,"dG":37.343,"dCD":-23.687,"dED":-13.57,"dAB":8.452,"af":42.71}},{"type":"Feature","geometry":{"type":"Polygon","coordinates":[[[5.3703,43.2839],[5.3887,43.2941],[5.3932,43.3164],[5.4105,43.315],[5.4149,43.2917],[5.3703,43.2839]]]},"properties":{"id":"13-05","nm":"Marseille","dept":"13","ins":74450,"nbv":67,"dG":17.385,"dCD":-11.52,"dED":-3.557,"dAB":1.696,"af":37.66}},{"type":"Feature","geometry":{"type":"MultiPolygon","coordinates":[[[[5.3256,43.215],[5.343,43.2167],[5.372,43.2547],[5.3594,43.2755],[5.3436,43.2772],[5.3456,43.2915],[5.3711,43.2934],[5.3738,43.281],[5.3991,43.2776],[5.3816,43.2097],[5.3623,43.2039],[5.3716,43.194],[5.3494,43.2128],[5.3375,43.2072],[5.3256,43.215]]],[[[5.3813,43.1901],[5.3915,43.1862],[5.4027,43.1763],[5.3945,43.1697],[5.37,43.1766],[5.3813,43.1901]]],[[[5.2876,43.2797],[5.286,43.2801],[5.2886,43.28],[5.2876,43.2797]]],[[[5.2891,43.2801],[5.3128,43.2874],[5.3284,43.2803],[5.3172,43.2825],[5.2902,43.2608],[5.2858,43.266],[5.2959,43.2743],[5.2891,43.2801]]],[[[5.2289,43.1977],[5.2293,43.1992],[5.2314,43.1989],[5.2289,43.1977]]]]},"properties":{"id":"13-02","nm":"Marseille","dept":"13","ins":83554,"nbv":77,"dG":-1.395,"dCD":3.126,"dED":1.12,"dAB":-1.301,"af":36.19}},{"type":"Feature","geometry":{"type":"Polygon","coordinates":[[[5.3784,43.2234],[5.3953,43.2466],[5.399,43.2755],[5.3888,43.2831],[5.399,43.2868],[5.4415,43.2825],[5.4643,43.2542],[5.481,43.2554],[5.4915,43.2679],[5.5132,43.2633],[5.5261,43.2375],[5.5079,43.2306],[5.5179,43.2156],[5.5099,43.1977],[5.4647,43.2099],[5.4549,43.2028],[5.3816,43.2097],[5.3784,43.2234]]]},"properties":{"id":"13-06","nm":"Marseille","dept":"13","ins":76852,"nbv":74,"dG":-3.146,"dCD":-1.771,"dED":6.813,"dAB":5.263,"af":39.69}},{"type":"Feature","geometry":{"type":"Polygon","coordinates":[[[5.3978,43.2853],[5.408,43.2928],[5.4087,43.3097],[5.4287,43.3197],[5.4666,43.323],[5.4823,43.3138],[5.5137,43.3219],[5.5307,43.3137],[5.5325,43.2995],[5.5071,43.2783],[5.5132,43.2633],[5.4908,43.2671],[5.4757,43.2537],[5.4519,43.2556],[5.4537,43.2714],[5.4419,43.2788],[5.3978,43.2853]]]},"properties":{"id":"13-01","nm":"Marseille","dept":"13","ins":81211,"nbv":72,"dG":-3.262,"dCD":-6.89,"dED":12.084,"dAB":5.293,"af":39.82}},{"type":"Feature","geometry":{"type":"Polygon","coordinates":[[[5.3823,43.3167],[5.3761,43.3544],[5.3917,43.3722],[5.4402,43.391],[5.4647,43.3601],[5.4511,43.3418],[5.4666,43.323],[5.4615,43.3181],[5.4461,43.3208],[5.4156,43.3039],[5.4046,43.3147],[5.3823,43.3167]]]},"properties":{"id":"13-03","nm":"Marseille","dept":"13","ins":73955,"nbv":67,"dG":5.731,"dCD":-15.509,"dED":12.378,"dAB":10.443,"af":41.52}},{"type":"Feature","geometry":{"type":"MultiPolygon","coordinates":[[[[5.4105,43.358],[5.412,43.3574],[5.4119,43.357],[5.4105,43.358]]],[[[5.4138,43.3461],[5.414,43.3461],[5.414,43.3459],[5.4138,43.3461]]],[[[5.2788,43.3805],[5.297,43.3889],[5.3304,43.3713],[5.3685,43.3896],[5.3789,43.3727],[5.3984,43.3682],[5.3788,43.3527],[5.4053,43.3324],[5.3973,43.3209],[5.3684,43.3165],[5.3532,43.3359],[5.3097,43.3595],[5.2823,43.3537],[5.2788,43.3805]]]]},"properties":{"id":"13-07","nm":"Marseille","dept":"13","ins":67165,"nbv":64,"dG":25.225,"dCD":-25.378,"dED":-1.767,"dAB":18.246,"af":45.62}},{"type":"Feature","geometry":{"type":"Polygon","coordinates":[[[-0.3733,49.2314],[-0.3405,49.2677],[-0.2873,49.2947],[-0.2473,49.2909],[-0.2381,49.2782],[-0.2329,49.2868],[-0.1729,49.2854],[-0.0877,49.2985],[0.0097,49.3296],[0.1324,49.4038],[0.223,49.4282],[0.2969,49.4299],[0.3092,49.3896],[0.3027,49.3698],[0.326,49.3404],[0.3085,49.3189],[0.3228,49.2969],[0.3152,49.2827],[0.3259,49.279],[0.3427,49.2956],[0.3624,49.2972],[0.384,49.2856],[0.3836,49.266],[0.3285,49.2523],[0.3254,49.2439],[0.3662,49.2164],[0.3876,49.2164],[0.3949,49.2094],[0.3917,49.1534],[0.4332,49.1407],[0.4107,49.127],[0.3998,49.1008],[0.3372,49.0978],[0.3065,49.1112],[0.2737,49.0936],[0.2436,49.1157],[0.226,49.1146],[0.2372,49.132],[0.2639,49.1442],[0.2249,49.1702],[0.2006,49.163],[0.1816,49.1746],[0.1539,49.1701],[0.1263,49.1506],[0.0961,49.1636],[0.0921,49.1704],[0.1556,49.2002],[0.118,49.2236],[0.1234,49.2411],[0.0836,49.2496],[0.0663,49.2292],[0.0176,49.2279],[0.0056,49.214],[-0.0702,49.1989],[-0.1042,49.2026],[-0.1396,49.1818],[-0.1628,49.1816],[-0.1711,49.2109],[-0.2095,49.2053],[-0.2237,49.2142],[-0.2454,49.1919],[-0.2665,49.1998],[-0.3076,49.1806],[-0.3155,49.1859],[-0.3126,49.2183],[-0.3733,49.2314]]]},"properties":{"id":"14-04","nm":"Ouistreham","dept":"14","ins":104874,"nbv":171,"dG":-10.737,"dCD":9.745,"dED":1.533,"dAB":-3.924,"af":34.4}},{"type":"Feature","geometry":{"type":"MultiPolygon","coordinates":[[[[-1.1403,49.3088],[-1.1123,49.3273],[-1.1199,49.3582],[-1.0901,49.3816],[-1.0704,49.3905],[-0.9622,49.3965],[-0.7891,49.3533],[-0.3977,49.3334],[-0.2874,49.2947],[-0.3418,49.2652],[-0.3762,49.2191],[-0.4156,49.2272],[-0.4356,49.2114],[-0.4793,49.2218],[-0.5007,49.213],[-0.5009,49.2236],[-0.5288,49.2264],[-0.5551,49.2443],[-0.5832,49.2348],[-0.6307,49.2515],[-0.6217,49.1808],[-0.6478,49.1642],[-0.6222,49.1526],[-0.6596,49.1122],[-0.6801,49.1069],[-0.6975,49.0842],[-0.7352,49.0979],[-0.7984,49.081],[-0.8074,49.0629],[-0.8267,49.0612],[-0.838,49.0353],[-0.8533,49.0258],[-0.8684,49.0357],[-0.8646,49.0494],[-0.8864,49.0496],[-0.8699,49.0677],[-0.8808,49.0902],[-0.878,49.1143],[-0.8951,49.1175],[-0.9249,49.1016],[-0.8913,49.1291],[-0.9585,49.1614],[-0.9269,49.1643],[-0.9014,49.2055],[-0.9257,49.2234],[-0.9737,49.1915],[-1.0239,49.2036],[-1.0394,49.2205],[-1.136,49.2705],[-1.1403,49.3088]]],[[[-0.7956,49.0606],[-0.7825,49.0517],[-0.767,49.0509],[-0.7836,49.0434],[-0.7956,49.0606]]],[[[-0.823,49.0337],[-0.8117,49.0457],[-0.8116,49.0458],[-0.8098,49.0381],[-0.823,49.0337]]]]},"properties":{"id":"14-05","nm":"Bayeux","dept":"14","ins":91224,"nbv":188,"dG":-6.482,"dCD":7.293,"dED":0.697,"dAB":-6.079,"af":33.49}},{"type":"Feature","geometry":{"type":"MultiPolygon","coordinates":[[[[-1.1577,48.824],[-1.1572,48.8363],[-1.1422,48.8379],[-1.0915,48.8798],[-1.0753,48.869],[-1.0139,48.9162],[-1.0253,48.9266],[-1.0667,48.9195],[-1.0435,48.9339],[-1.0018,48.9377],[-0.99,48.9514],[-0.9442,48.9677],[-0.9113,48.9942],[-0.9051,49.0116],[-0.8586,49.0282],[-0.8608,49.0381],[-0.8849,49.0387],[-0.892,49.0476],[-0.8467,49.0506],[-0.8174,49.0648],[-0.8204,49.0765],[-0.8071,49.07],[-0.8045,49.0835],[-0.7179,49.0979],[-0.6997,49.0843],[-0.6501,49.126],[-0.6301,49.1246],[-0.6111,49.1378],[-0.5568,49.1402],[-0.518,49.122],[-0.5039,49.15],[-0.4886,49.1379],[-0.4728,49.1465],[-0.4772,49.1585],[-0.5017,49.1601],[-0.4838,49.175],[-0.4494,49.1782],[-0.3812,49.1297],[-0.3241,49.128],[-0.3128,49.1567],[-0.2516,49.1394],[-0.2388,49.1459],[-0.1916,49.1392],[-0.2012,49.1267],[-0.1948,49.1193],[-0.1172,49.1302],[-0.1216,49.1034],[-0.0957,49.1007],[-0.0882,49.0884],[-0.1004,49.0679],[-0.1421,49.0682],[-0.173,49.0809],[-0.1852,49.0724],[-0.1931,49.0821],[-0.2455,49.0685],[-0.2665,49.0778],[-0.2812,49.0698],[-0.3688,49.0785],[-0.4036,49.064],[-0.4254,49.0823],[-0.439,49.0624],[-0.4589,49.0623],[-0.4634,49.0262],[-0.4382,49.011],[-0.3997,49.0074],[-0.3569,48.9792],[-0.3156,48.983],[-0.3028,48.9553],[-0.3072,48.9423],[-0.3368,48.9437],[-0.3491,48.9256],[-0.3603,48.9376],[-0.394,48.9298],[-0.4075,48.9199],[-0.4028,48.8929],[-0.4629,48.8809],[-0.4941,48.8486],[-0.5464,48.8476],[-0.5745,48.8304],[-0.6455,48.8273],[-0.6462,48.8387],[-0.694,48.8461],[-0.7019,48.8346],[-0.6821,48.8219],[-0.7135,48.8001],[-0.7789,48.7861],[-0.8206,48.7533],[-0.8411,48.7524],[-0.8419,48.7658],[-0.8845,48.7568],[-0.9521,48.788],[-0.9712,48.7728],[-1.0141,48.7719],[-1.0426,48.7839],[-1.0588,48.7735],[-1.0827,48.7778],[-1.101,48.7898],[-1.0937,48.7976],[-1.1039,48.8147],[-1.1577,48.824]]],[[[-0.8649,49.0641],[-0.8695,49.068],[-0.8637,49.0695],[-0.8649,49.0641]]]]},"properties":{"id":"14-06","nm":"Vire Normandie","dept":"14","ins":96333,"nbv":210,"dG":-7.088,"dCD":4.445,"dED":3.302,"dAB":-3.84,"af":34.37}},{"type":"Feature","geometry":{"type":"Polygon","coordinates":[[[-0.4963,48.8796],[-0.4056,48.892],[-0.4005,48.9005],[-0.4112,48.9192],[-0.3038,48.9489],[-0.3158,48.9818],[-0.3549,48.9786],[-0.3723,48.9847],[-0.378,48.9977],[-0.4381,49.0106],[-0.4654,49.0261],[-0.4604,49.0605],[-0.4419,49.064],[-0.4256,49.0831],[-0.4034,49.065],[-0.3914,49.0796],[-0.342,49.072],[-0.3131,49.079],[-0.2824,49.0702],[-0.268,49.0784],[-0.225,49.0692],[-0.1893,49.0825],[-0.1023,49.0686],[-0.0947,49.0987],[-0.1265,49.1014],[-0.119,49.1208],[-0.0839,49.1359],[-0.0758,49.1595],[-0.1408,49.1857],[-0.1047,49.2028],[-0.0703,49.1991],[0.0038,49.2136],[0.0119,49.2299],[0.0601,49.2303],[0.084,49.2514],[0.0956,49.2409],[0.1226,49.2446],[0.129,49.2385],[0.123,49.2231],[0.1576,49.1969],[0.1113,49.1799],[0.104,49.1623],[0.1257,49.1532],[0.1839,49.1789],[0.2036,49.1628],[0.2237,49.1707],[0.2427,49.1546],[0.2765,49.1529],[0.2809,49.1411],[0.236,49.1244],[0.2536,49.1014],[0.2753,49.0944],[0.306,49.1117],[0.3314,49.0989],[0.4154,49.0962],[0.418,49.0741],[0.3825,49.0716],[0.3794,49.0481],[0.387,49.0371],[0.4278,49.0323],[0.4463,49.0189],[0.428,48.987],[0.4319,48.9689],[0.4134,48.9502],[0.3791,48.9701],[0.3585,48.9507],[0.3331,48.9427],[0.3081,48.9539],[0.2774,48.95],[0.2755,48.9625],[0.2633,48.9647],[0.2456,48.9598],[0.2324,48.9393],[0.1907,48.9421],[0.1796,48.9296],[0.1539,48.9245],[0.1425,48.9454],[0.1281,48.9515],[0.1007,48.9344],[0.0791,48.9367],[0.0562,48.9018],[-0.0055,48.886],[-0.0076,48.873],[-0.0277,48.8757],[-0.0669,48.8397],[-0.0844,48.8446],[-0.1362,48.8337],[-0.1263,48.8167],[-0.17,48.8247],[-0.2037,48.8446],[-0.2989,48.8493],[-0.3087,48.8584],[-0.3287,48.8569],[-0.3266,48.8401],[-0.3456,48.8219],[-0.3733,48.835],[-0.4102,48.8699],[-0.433,48.8632],[-0.4387,48.8723],[-0.4963,48.8796]]]},"properties":{"id":"14-03","nm":"Lisieux","dept":"14","ins":79965,"nbv":187,"dG":-10.951,"dCD":4.56,"dED":8.491,"dAB":-0.446,"af":36.45}},{"type":"Feature","geometry":{"type":"Polygon","coordinates":[[[-0.3759,49.2243],[-0.3124,49.2203],[-0.3046,49.2113],[-0.313,49.1899],[-0.3043,49.1827],[-0.274,49.1912],[-0.268,49.2017],[-0.2444,49.1927],[-0.2264,49.2173],[-0.2067,49.2069],[-0.1598,49.2161],[-0.1683,49.2005],[-0.1603,49.1814],[-0.1152,49.1789],[-0.0977,49.1641],[-0.0771,49.1638],[-0.066,49.1554],[-0.0959,49.1248],[-0.1159,49.1219],[-0.1345,49.1303],[-0.2043,49.1172],[-0.203,49.1395],[-0.2694,49.1405],[-0.3041,49.1564],[-0.3203,49.1292],[-0.3558,49.1275],[-0.3662,49.1309],[-0.3586,49.1576],[-0.3744,49.1633],[-0.3461,49.1787],[-0.3701,49.1939],[-0.3759,49.2243]]]},"properties":{"id":"14-02","nm":"Caen","dept":"14","ins":68236,"nbv":81,"dG":13.25,"dCD":-5.603,"dED":-5.89,"dAB":-1.384,"af":36.88}},{"type":"Feature","geometry":{"type":"MultiPolygon","coordinates":[[[[-0.6577,49.1592],[-0.6271,49.1814],[-0.633,49.2053],[-0.6252,49.227],[-0.6357,49.2506],[-0.5847,49.2356],[-0.5291,49.2435],[-0.5251,49.2257],[-0.4381,49.212],[-0.3943,49.2297],[-0.3621,49.2135],[-0.3715,49.1959],[-0.3378,49.1811],[-0.3364,49.167],[-0.3429,49.1531],[-0.3567,49.1598],[-0.3662,49.1309],[-0.387,49.1287],[-0.4158,49.1428],[-0.4131,49.1529],[-0.4433,49.1742],[-0.4765,49.1763],[-0.4856,49.164],[-0.4715,49.1464],[-0.4893,49.1362],[-0.5037,49.1442],[-0.5085,49.1244],[-0.5185,49.1222],[-0.576,49.1431],[-0.5879,49.1325],[-0.6083,49.1374],[-0.6305,49.124],[-0.6499,49.1254],[-0.632,49.1511],[-0.6577,49.1592]]],[[[-0.5189,49.2413],[-0.5186,49.242],[-0.5183,49.2411],[-0.5189,49.2413]]],[[[-0.4623,49.2315],[-0.4626,49.2322],[-0.4604,49.2321],[-0.4623,49.2315]]]]},"properties":{"id":"14-01","nm":"Caen","dept":"14","ins":73296,"nbv":84,"dG":6.614,"dCD":6.543,"dED":-10.514,"dAB":-6.473,"af":32.78}},{"type":"Feature","geometry":{"type":"MultiPolygon","coordinates":[[[[2.1731,45.0812],[2.1848,45.1178],[2.1791,45.1363],[2.2076,45.1431],[2.2079,45.1587],[2.2231,45.1666],[2.2011,45.18],[2.1894,45.2225],[2.2372,45.248],[2.2379,45.2597],[2.2694,45.2903],[2.29,45.2888],[2.3169,45.3227],[2.3532,45.33],[2.3502,45.3464],[2.3655,45.3585],[2.3677,45.3876],[2.3493,45.4115],[2.3869,45.4121],[2.4456,45.3836],[2.5085,45.3795],[2.5246,45.394],[2.4875,45.4182],[2.5001,45.4613],[2.5177,45.4831],[2.5438,45.4791],[2.5429,45.4637],[2.5636,45.4658],[2.5848,45.4509],[2.6048,45.4515],[2.6164,45.4692],[2.6289,45.445],[2.6624,45.4351],[2.6789,45.4401],[2.6905,45.4339],[2.6809,45.4095],[2.704,45.3989],[2.712,45.3836],[2.7424,45.3933],[2.7811,45.3858],[2.8139,45.4015],[2.8301,45.3901],[2.8523,45.3923],[2.8676,45.3782],[2.8833,45.3841],[2.9227,45.3681],[2.9328,45.3279],[2.9494,45.3099],[3.0005,45.2903],[3.0165,45.2881],[3.0525,45.3044],[3.065,45.3172],[3.0603,45.3308],[3.1026,45.3544],[3.113,45.3514],[3.1161,45.3337],[3.1018,45.3206],[3.1144,45.3111],[3.1025,45.2903],[3.1285,45.2851],[3.161,45.2953],[3.1738,45.2745],[3.2232,45.277],[3.2235,45.2455],[3.236,45.2209],[3.2722,45.2094],[3.2618,45.1702],[3.2796,45.1554],[3.2858,45.1245],[3.362,45.1042],[3.3284,45.0948],[3.2974,45.1059],[3.287,45.0952],[3.3146,45.0838],[3.2989,45.0564],[3.3075,45.0237],[3.3283,45.0306],[3.3371,45.0254],[3.335,45.0124],[3.3715,45.0022],[3.3469,44.9837],[3.3613,44.9714],[3.3538,44.9546],[3.3368,44.9553],[3.2863,44.9264],[3.253,44.9407],[3.2499,44.9163],[3.2294,44.9078],[3.2382,44.8868],[3.1997,44.8739],[3.1917,44.8624],[3.1637,44.8739],[3.1405,44.9031],[3.129,44.9038],[3.124,44.8897],[3.1077,44.8858],[3.1102,44.8664],[3.095,44.8551],[3.099,44.833],[3.0786,44.8351],[3.048,44.8005],[3.0493,44.7631],[3.031,44.7471],[3.0391,44.7152],[3.0161,44.7125],[2.9818,44.6453],[2.9733,44.6454],[2.9384,44.6785],[2.9231,44.7286],[2.9331,44.7501],[2.9116,44.7617],[2.9313,44.7644],[2.9359,44.7775],[2.9208,44.7926],[2.9041,44.7836],[2.8877,44.7892],[2.8546,44.8507],[2.8548,44.8706],[2.8023,44.8733],[2.7736,44.8548],[2.7673,44.8652],[2.7771,44.8878],[2.7746,44.91],[2.761,44.9291],[2.7437,44.929],[2.7349,44.9387],[2.7224,44.9245],[2.7167,44.9289],[2.7137,44.9634],[2.7258,44.9766],[2.7184,44.994],[2.7362,45.0091],[2.7399,45.0352],[2.7637,45.0646],[2.75,45.0797],[2.7167,45.0883],[2.7124,45.1081],[2.6544,45.1034],[2.644,45.0844],[2.5907,45.0664],[2.5163,45.0608],[2.4854,45.0609],[2.4805,45.0805],[2.4299,45.0793],[2.41,45.0862],[2.4082,45.1033],[2.3679,45.1022],[2.3579,45.1124],[2.3434,45.1021],[2.3463,45.089],[2.3116,45.0717],[2.2581,45.0688],[2.2464,45.0815],[2.2152,45.0753],[2.1731,45.0812]]],[[[2.3904,44.9139],[2.4077,44.9339],[2.4741,44.966],[2.4746,44.948],[2.4929,44.9431],[2.4798,44.9282],[2.4833,44.9183],[2.4663,44.918],[2.4443,44.8948],[2.3977,44.8933],[2.3904,44.9139]]]]},"properties":{"id":"15-02","nm":"Saint-Flour","dept":"15","ins":52310,"nbv":176,"dG":-18.217,"dCD":21.486,"dED":-2.846,"dAB":-7.676,"af":30.05}},{"type":"Feature","geometry":{"type":"Polygon","coordinates":[[[2.0629,44.9766],[2.1345,44.988],[2.1405,45.0073],[2.116,45.0223],[2.0952,45.056],[2.1414,45.0869],[2.2003,45.0786],[2.2131,45.0862],[2.2214,45.0762],[2.257,45.0893],[2.2589,45.0713],[2.3192,45.0742],[2.3402,45.0853],[2.3507,45.1126],[2.3662,45.1147],[2.3692,45.1025],[2.4122,45.1011],[2.4165,45.0823],[2.4923,45.0834],[2.4902,45.0631],[2.5152,45.0622],[2.5456,45.0726],[2.589,45.0662],[2.6404,45.0837],[2.6538,45.1035],[2.7108,45.1101],[2.7206,45.089],[2.7659,45.0664],[2.7197,44.9943],[2.7263,44.9723],[2.7134,44.9613],[2.7187,44.9313],[2.7083,44.9083],[2.6786,44.905],[2.6594,44.888],[2.6542,44.8696],[2.6268,44.87],[2.6061,44.8431],[2.6113,44.8323],[2.5995,44.8191],[2.6003,44.7935],[2.5658,44.779],[2.5534,44.7546],[2.5606,44.7207],[2.5,44.6898],[2.4911,44.6573],[2.4677,44.6429],[2.4489,44.6481],[2.4343,44.6389],[2.3813,44.651],[2.3534,44.6401],[2.3325,44.65],[2.3361,44.6595],[2.324,44.6687],[2.2164,44.6509],[2.2104,44.6422],[2.2208,44.6227],[2.2078,44.6158],[2.1691,44.6384],[2.1723,44.6547],[2.1617,44.6635],[2.1762,44.6776],[2.1562,44.6986],[2.1385,44.6931],[2.1302,44.6995],[2.1526,44.734],[2.1492,44.7698],[2.1668,44.7751],[2.1657,44.8105],[2.1397,44.824],[2.0836,44.8863],[2.0858,44.904],[2.1045,44.9129],[2.0765,44.9341],[2.0798,44.9534],[2.0629,44.9766]],[[2.4001,44.9074],[2.4207,44.893],[2.4283,44.9007],[2.4479,44.8981],[2.4538,44.912],[2.4741,44.9212],[2.4775,44.9375],[2.4642,44.9543],[2.4496,44.9535],[2.4097,44.9342],[2.4098,44.9161],[2.4001,44.9074]]]},"properties":{"id":"15-01","nm":"Aurillac","dept":"15","ins":62314,"nbv":117,"dG":-11.127,"dCD":17.11,"dED":-5.043,"dAB":-7.305,"af":29.74}},{"type":"Feature","geometry":{"type":"Polygon","coordinates":[[[-0.2209,45.7754],[-0.1908,45.7901],[-0.1665,45.7884],[-0.1457,45.8036],[-0.1367,45.8217],[-0.1459,45.8372],[-0.1169,45.8667],[-0.1493,45.9008],[-0.1364,45.9089],[-0.1514,45.9138],[-0.15,45.9272],[-0.0999,45.9303],[-0.0904,45.9458],[-0.0954,45.9594],[-0.1066,45.9589],[-0.1014,45.9701],[-0.062,45.9825],[-0.0456,46.0207],[-0.0253,46.0269],[-0.0395,46.0531],[0.0051,46.0596],[0.0206,46.0531],[0.0733,46.094],[0.0932,46.0923],[0.0973,46.1059],[0.1091,46.0972],[0.1358,46.104],[0.1718,46.0826],[0.1916,46.095],[0.2192,46.0948],[0.2801,46.0599],[0.3894,46.0677],[0.4179,46.0494],[0.4676,46.0613],[0.4749,46.0849],[0.447,46.0856],[0.4433,46.1016],[0.4622,46.1112],[0.4721,46.1302],[0.4919,46.1365],[0.5086,46.1311],[0.506,46.118],[0.5196,46.115],[0.5414,46.0894],[0.6,46.0742],[0.6186,46.0929],[0.6786,46.0971],[0.6755,46.1118],[0.7091,46.1294],[0.7126,46.1396],[0.7836,46.1306],[0.8138,46.1387],[0.8347,46.0964],[0.8206,46.0787],[0.8273,46.0641],[0.8157,46.0502],[0.8574,46.0291],[0.8618,46.0171],[0.8864,46.0316],[0.9265,46.0092],[0.9231,45.9977],[0.9471,45.97],[0.921,45.938],[0.884,45.9232],[0.8596,45.9178],[0.8128,45.9314],[0.8163,45.8963],[0.8266,45.8826],[0.7977,45.831],[0.7819,45.8197],[0.7808,45.7881],[0.743,45.8047],[0.7137,45.8042],[0.715,45.7631],[0.6937,45.762],[0.6526,45.7394],[0.6439,45.7159],[0.6308,45.7181],[0.601,45.6726],[0.5726,45.6544],[0.5757,45.6429],[0.5466,45.6287],[0.5284,45.6399],[0.5129,45.6321],[0.5041,45.6158],[0.517,45.5989],[0.5036,45.5744],[0.5065,45.5539],[0.4513,45.5238],[0.4037,45.5364],[0.3384,45.5735],[0.3697,45.5778],[0.3739,45.5964],[0.3943,45.6143],[0.3541,45.6192],[0.3519,45.6297],[0.3134,45.6428],[0.3065,45.6783],[0.3211,45.7093],[0.31,45.7176],[0.2683,45.7015],[0.2153,45.736],[0.2145,45.7525],[0.1706,45.7518],[0.1013,45.7027],[0.0842,45.7032],[0.0669,45.6805],[0.093,45.645],[0.0465,45.6338],[0.0342,45.607],[-0.002,45.6036],[-0.001,45.6246],[-0.0131,45.6306],[-0.0198,45.6491],[-0.0489,45.6464],[-0.0811,45.6698],[-0.042,45.6849],[-0.0401,45.7053],[-0.1078,45.7265],[-0.1254,45.7364],[-0.1355,45.7581],[-0.1905,45.7546],[-0.2209,45.7754]]]},"properties":{"id":"16-03","nm":"Brie","dept":"16","ins":89903,"nbv":223,"dG":0.092,"dCD":-7.454,"dED":7.658,"dAB":-4.283,"af":32.1}},{"type":"Feature","geometry":{"type":"MultiPolygon","coordinates":[[[[-0.4327,45.625],[-0.409,45.6563],[-0.3862,45.6573],[-0.4229,45.6856],[-0.4207,45.7241],[-0.3826,45.7268],[-0.3897,45.7436],[-0.3651,45.7663],[-0.3661,45.7837],[-0.312,45.7863],[-0.2947,45.8054],[-0.2381,45.8037],[-0.222,45.7766],[-0.1948,45.7659],[-0.1919,45.7552],[-0.133,45.7589],[-0.1234,45.7362],[-0.0367,45.706],[-0.0281,45.6867],[-0.0532,45.684],[-0.0708,45.6684],[-0.0505,45.6467],[-0.0148,45.6525],[-0.0115,45.6325],[0.0026,45.6203],[-0.0234,45.5568],[0.0161,45.5453],[0.0281,45.5642],[0.0478,45.572],[0.0756,45.5602],[0.0829,45.5782],[0.1379,45.5903],[0.1618,45.5735],[0.1773,45.6015],[0.2015,45.599],[0.2493,45.5727],[0.2761,45.5747],[0.2989,45.5938],[0.2967,45.6075],[0.3348,45.6065],[0.3443,45.5699],[0.4511,45.5196],[0.433,45.5042],[0.4333,45.4874],[0.3826,45.4853],[0.3359,45.4601],[0.3296,45.4435],[0.3053,45.4587],[0.3022,45.4461],[0.3177,45.4367],[0.276,45.4264],[0.2483,45.3697],[0.2717,45.3158],[0.2672,45.2984],[0.252,45.2892],[0.2238,45.2902],[0.2002,45.2612],[0.1731,45.2523],[0.1748,45.2394],[0.1358,45.2101],[0.0974,45.2276],[0.0792,45.2205],[0.0547,45.226],[0.0042,45.1917],[-0.0024,45.1948],[0.002,45.2283],[-0.0335,45.2344],[-0.0471,45.249],[-0.1173,45.2507],[-0.1158,45.2914],[-0.1454,45.2881],[-0.1598,45.3062],[-0.1957,45.3049],[-0.2239,45.3187],[-0.2544,45.3111],[-0.2581,45.2989],[-0.2844,45.309],[-0.2905,45.3271],[-0.278,45.3486],[-0.252,45.342],[-0.2463,45.3538],[-0.279,45.3531],[-0.2829,45.3641],[-0.3121,45.3772],[-0.31,45.387],[-0.2505,45.4046],[-0.2546,45.4421],[-0.2864,45.4575],[-0.2809,45.4742],[-0.2626,45.4733],[-0.251,45.4987],[-0.2678,45.5087],[-0.2636,45.5222],[-0.2839,45.5194],[-0.2883,45.5299],[-0.3216,45.5349],[-0.2985,45.5617],[-0.3096,45.5765],[-0.377,45.6092],[-0.3871,45.6253],[-0.4145,45.6164],[-0.4327,45.625]]],[[[-0.415,45.7415],[-0.4151,45.7417],[-0.4149,45.7417],[-0.415,45.7415]]]]},"properties":{"id":"16-02","nm":"Cognac","dept":"16","ins":81709,"nbv":183,"dG":-7.745,"dCD":2.941,"dED":6.032,"dAB":-2.312,"af":34.77}},{"type":"Feature","geometry":{"type":"Polygon","coordinates":[[[-0.029,45.5592],[-0.0095,45.5845],[-0.0109,45.6007],[0.0236,45.604],[0.0376,45.6113],[0.0439,45.6329],[0.0896,45.6454],[0.0884,45.6573],[0.0584,45.6757],[0.0757,45.6874],[0.0801,45.7033],[0.103,45.704],[0.1594,45.747],[0.1855,45.756],[0.2209,45.7509],[0.2183,45.7364],[0.2671,45.7026],[0.31,45.719],[0.323,45.7138],[0.3104,45.6684],[0.3288,45.6589],[0.3129,45.6532],[0.3126,45.6441],[0.3556,45.6286],[0.359,45.6186],[0.3974,45.6138],[0.3622,45.5734],[0.3419,45.5754],[0.3299,45.6071],[0.3057,45.6084],[0.2916,45.5792],[0.2766,45.5738],[0.2497,45.5722],[0.1832,45.6015],[0.1644,45.5643],[0.1408,45.5894],[0.0942,45.5808],[0.0755,45.5564],[0.0545,45.5698],[0.0368,45.568],[0.019,45.5437],[-0.029,45.5592]]]},"properties":{"id":"16-01","nm":"Angoulême","dept":"16","ins":84158,"nbv":101,"dG":6.492,"dCD":-2.528,"dED":-1.725,"dAB":-1.418,"af":35.66}},{"type":"Feature","geometry":{"type":"Polygon","coordinates":[[[-1.047,45.6402],[-1.0444,45.6565],[-1.0188,45.6566],[-0.9919,45.6502],[-0.9938,45.6389],[-0.9675,45.6229],[-0.9463,45.6162],[-0.92,45.6275],[-0.8996,45.617],[-0.8902,45.623],[-0.8803,45.6053],[-0.8663,45.6161],[-0.8411,45.6148],[-0.8322,45.6276],[-0.8586,45.6526],[-0.8753,45.656],[-0.865,45.6692],[-0.8352,45.6789],[-0.7925,45.6559],[-0.7771,45.658],[-0.767,45.6877],[-0.7401,45.6803],[-0.725,45.7],[-0.7045,45.6963],[-0.6852,45.6691],[-0.6882,45.6576],[-0.6694,45.6465],[-0.6412,45.6465],[-0.6077,45.6679],[-0.6105,45.684],[-0.5847,45.6904],[-0.5825,45.7052],[-0.5472,45.6786],[-0.5336,45.6953],[-0.5462,45.7068],[-0.4872,45.6974],[-0.4594,45.6822],[-0.4105,45.6831],[-0.3826,45.6555],[-0.4106,45.6536],[-0.4274,45.623],[-0.4136,45.6167],[-0.3875,45.6267],[-0.3759,45.6085],[-0.3098,45.5767],[-0.297,45.5639],[-0.3159,45.5336],[-0.266,45.5243],[-0.2527,45.5181],[-0.2597,45.5048],[-0.2421,45.5033],[-0.2422,45.49],[-0.2545,45.4905],[-0.2646,45.4707],[-0.2784,45.4729],[-0.2832,45.4645],[-0.2478,45.4374],[-0.2506,45.4217],[-0.2322,45.4192],[-0.2339,45.4098],[-0.3114,45.3807],[-0.2754,45.3592],[-0.2446,45.3606],[-0.2478,45.3435],[-0.2738,45.3426],[-0.2851,45.3295],[-0.2815,45.3065],[-0.2635,45.3013],[-0.2204,45.3226],[-0.1954,45.3074],[-0.1706,45.3086],[-0.1402,45.2917],[-0.1087,45.2896],[-0.1105,45.2488],[-0.0399,45.2465],[-0.0313,45.2336],[0.0035,45.229],[0.0016,45.1835],[-0.0177,45.165],[0.0048,45.1539],[-0.0316,45.1419],[-0.0291,45.1288],[-0.0472,45.0978],[-0.0651,45.1001],[-0.0911,45.1207],[-0.1482,45.089],[-0.2463,45.1083],[-0.2776,45.1416],[-0.3051,45.1486],[-0.3134,45.1374],[-0.3214,45.1564],[-0.3393,45.1672],[-0.3647,45.1696],[-0.3835,45.1438],[-0.403,45.19],[-0.4209,45.2086],[-0.4056,45.2405],[-0.425,45.2484],[-0.4195,45.2716],[-0.4739,45.2939],[-0.5134,45.2864],[-0.5662,45.2955],[-0.5714,45.3321],[-0.5842,45.3416],[-0.5963,45.3204],[-0.6415,45.3148],[-0.6493,45.3224],[-0.7077,45.3275],[-0.7527,45.3218],[-0.7744,45.3696],[-0.8648,45.4534],[-0.807,45.4849],[-0.8051,45.4943],[-0.8198,45.5026],[-0.8271,45.4889],[-0.8278,45.5067],[-0.8504,45.5128],[-0.8788,45.4631],[-1.0257,45.5747],[-0.9936,45.5803],[-0.993,45.5955],[-1.0102,45.5989],[-1.0131,45.6157],[-1.047,45.6402]]]},"properties":{"id":"17-04","nm":"Royan","dept":"17","ins":94544,"nbv":200,"dG":-13.894,"dCD":4.691,"dED":10.14,"dAB":-2.78,"af":34.21}},{"type":"Feature","geometry":{"type":"MultiPolygon","coordinates":[[[[-1.149,46.1306],[-1.1291,46.1497],[-1.0828,46.1413],[-1.0704,46.1551],[-1.0336,46.1683],[-1.0544,46.1951],[-1.0459,46.2139],[-1.0508,46.2258],[-1.0841,46.2199],[-1.1057,46.2326],[-1.0912,46.2508],[-1.1104,46.2618],[-1.1271,46.3078],[-1.0847,46.3181],[-1.0537,46.3495],[-0.9772,46.3512],[-0.965,46.3653],[-0.9516,46.3612],[-0.9275,46.3707],[-0.9532,46.3204],[-0.9324,46.3117],[-0.8667,46.3274],[-0.8521,46.3181],[-0.8397,46.3408],[-0.7971,46.3392],[-0.8027,46.3264],[-0.7504,46.3044],[-0.7536,46.2964],[-0.735,46.2684],[-0.7524,46.2545],[-0.7513,46.2456],[-0.6887,46.2171],[-0.6832,46.1831],[-0.6672,46.1847],[-0.6457,46.1654],[-0.6014,46.1564],[-0.6058,46.1457],[-0.5831,46.1396],[-0.5822,46.1218],[-0.5663,46.1144],[-0.5755,46.1044],[-0.5963,46.1119],[-0.6526,46.0994],[-0.6508,46.0873],[-0.6678,46.0774],[-0.6477,46.0654],[-0.6637,46.0622],[-0.6633,46.0505],[-0.675,46.0464],[-0.7198,46.0529],[-0.7364,46.0447],[-0.7381,46.0335],[-0.7669,46.0385],[-0.7881,46.0554],[-0.8192,46.0375],[-0.8352,46.0517],[-0.8669,46.0456],[-0.8779,46.026],[-0.9065,46.0073],[-0.9107,45.9798],[-0.9542,45.9433],[-0.948,45.9243],[-0.9754,45.9149],[-1.0076,45.9313],[-0.9935,45.9641],[-0.9988,45.9723],[-1.0722,45.9534],[-1.085,45.9796],[-1.1214,46.0025],[-1.0923,45.9919],[-1.0606,45.9954],[-1.053,46.0054],[-1.0572,46.035],[-1.0625,46.0458],[-1.0954,46.0605],[-1.1044,46.0964],[-1.1407,46.1044],[-1.1256,46.1182],[-1.149,46.1306]]],[[[-1.1432,46.0033],[-1.1435,46.0038],[-1.143,46.004],[-1.1432,46.0033]]],[[[-1.1787,46.0093],[-1.1747,46.0242],[-1.1545,46.0187],[-1.1668,46.0184],[-1.1787,46.0093]]],[[[-1.2141,45.9997],[-1.2141,45.9999],[-1.2137,45.9995],[-1.2141,45.9997]]]]},"properties":{"id":"17-02","nm":"Rochefort","dept":"17","ins":111788,"nbv":133,"dG":-2.306,"dCD":1.641,"dED":1.948,"dAB":-2.497,"af":35.27}},{"type":"Feature","geometry":{"type":"MultiPolygon","coordinates":[[[[-0.8261,45.9087],[-0.8137,45.9249],[-0.79,45.9229],[-0.7679,45.9449],[-0.7639,45.9701],[-0.7752,45.993],[-0.7666,46.0038],[-0.7534,46.0154],[-0.7189,46.0168],[-0.7381,46.0335],[-0.7381,46.0509],[-0.6745,46.0468],[-0.6616,46.0659],[-0.6692,46.0752],[-0.6596,46.1],[-0.5943,46.1123],[-0.5743,46.1057],[-0.571,46.1149],[-0.5832,46.1211],[-0.5793,46.1483],[-0.5115,46.1302],[-0.506,46.107],[-0.4457,46.1001],[-0.4216,46.1121],[-0.4209,46.0939],[-0.4015,46.0844],[-0.3833,46.0982],[-0.3531,46.078],[-0.3047,46.078],[-0.2917,46.0877],[-0.2691,46.0563],[-0.2135,46.0444],[-0.1923,46.0545],[-0.1881,46.031],[-0.16,46.0365],[-0.1625,46.011],[-0.1448,46.0047],[-0.1317,45.9799],[-0.1032,45.9697],[-0.0865,45.9502],[-0.097,45.9286],[-0.1463,45.9269],[-0.1318,45.9109],[-0.1439,45.8926],[-0.1313,45.8911],[-0.1269,45.8733],[-0.1114,45.8718],[-0.1221,45.8498],[-0.1417,45.8414],[-0.1349,45.8189],[-0.1565,45.7798],[-0.182,45.7904],[-0.2213,45.7756],[-0.2456,45.8042],[-0.2707,45.808],[-0.2932,45.8047],[-0.3211,45.7846],[-0.3604,45.7792],[-0.3975,45.7859],[-0.4096,45.7673],[-0.4507,45.7653],[-0.4614,45.7531],[-0.4563,45.7398],[-0.3998,45.7355],[-0.4196,45.7235],[-0.4209,45.6869],[-0.4638,45.6785],[-0.485,45.6963],[-0.5293,45.7064],[-0.545,45.6752],[-0.5769,45.6938],[-0.6426,45.6439],[-0.6536,45.6516],[-0.6703,45.6462],[-0.6918,45.6592],[-0.6881,45.6721],[-0.7122,45.6971],[-0.7412,45.6796],[-0.765,45.685],[-0.7789,45.7012],[-0.7462,45.7143],[-0.7392,45.7311],[-0.7495,45.7428],[-0.775,45.7362],[-0.7839,45.745],[-0.7822,45.7689],[-0.7464,45.7808],[-0.7322,45.8011],[-0.7031,45.8107],[-0.6814,45.7954],[-0.6637,45.8049],[-0.6484,45.7898],[-0.6414,45.8247],[-0.6569,45.8383],[-0.6805,45.8386],[-0.6853,45.8503],[-0.7422,45.8681],[-0.7473,45.8828],[-0.7999,45.8802],[-0.8152,45.8873],[-0.8261,45.9087]]],[[[-0.7825,46.0494],[-0.7907,46.0549],[-0.7786,46.0627],[-0.7825,46.0494]]]]},"properties":{"id":"17-03","nm":"Saintes","dept":"17","ins":83726,"nbv":178,"dG":0.515,"dCD":-5.171,"dED":6.242,"dAB":-2.427,"af":34.45}},{"type":"Feature","geometry":{"type":"MultiPolygon","coordinates":[[[[-1.2419,46.1576],[-1.2025,46.1903],[-1.1993,46.2127],[-1.1185,46.2615],[-1.0983,46.2581],[-1.0875,46.2444],[-1.0949,46.2264],[-1.0796,46.2196],[-1.0509,46.2274],[-1.0519,46.1886],[-1.0307,46.1693],[-1.0747,46.1536],[-1.0802,46.136],[-1.1008,46.149],[-1.1276,46.1487],[-1.1492,46.1332],[-1.1742,46.1385],[-1.1767,46.1532],[-1.2068,46.1461],[-1.2419,46.1576]]],[[[-1.5626,46.2448],[-1.5005,46.258],[-1.4742,46.233],[-1.5081,46.2267],[-1.4903,46.2097],[-1.4683,46.2168],[-1.4651,46.229],[-1.4108,46.2296],[-1.4287,46.2074],[-1.3585,46.2068],[-1.3221,46.1877],[-1.296,46.1884],[-1.2726,46.1597],[-1.2541,46.1648],[-1.2786,46.1444],[-1.324,46.1458],[-1.4597,46.2017],[-1.5053,46.1932],[-1.5349,46.2024],[-1.5626,46.2448]]]]},"properties":{"id":"17-01","nm":"La Rochelle","dept":"17","ins":111882,"nbv":123,"dG":41.045,"dCD":-30.468,"dED":-8.287,"dAB":-1.345,"af":34.57}},{"type":"Feature","geometry":{"type":"MultiPolygon","coordinates":[[[[-1.2412,45.7828],[-1.208,45.7961],[-1.1921,45.7896],[-1.1376,45.8007],[-1.1404,45.822],[-1.1708,45.8559],[-1.1164,45.8591],[-1.0819,45.8977],[-1.0769,45.935],[-1.1005,45.9486],[-0.9961,45.9705],[-1.0076,45.9332],[-0.979,45.9152],[-0.9576,45.9165],[-0.9491,45.9241],[-0.9522,45.9465],[-0.9074,45.9866],[-0.9058,46.01],[-0.8674,46.0459],[-0.837,46.0549],[-0.8154,46.0383],[-0.7931,46.0588],[-0.7738,46.0406],[-0.7143,46.0243],[-0.7208,46.0136],[-0.7473,46.0146],[-0.7726,45.9963],[-0.7605,45.9769],[-0.7667,45.946],[-0.7907,45.9221],[-0.8215,45.9196],[-0.8185,45.8917],[-0.8055,45.8818],[-0.7436,45.8818],[-0.74,45.8697],[-0.6884,45.8533],[-0.6784,45.8383],[-0.6581,45.8388],[-0.6392,45.8189],[-0.6475,45.7891],[-0.6719,45.7995],[-0.6832,45.795],[-0.7033,45.8097],[-0.7345,45.7982],[-0.739,45.7791],[-0.7766,45.7682],[-0.781,45.7422],[-0.754,45.7438],[-0.7326,45.727],[-0.7729,45.7017],[-0.7636,45.6753],[-0.773,45.6589],[-0.7917,45.6553],[-0.834,45.6784],[-0.8646,45.6691],[-0.8697,45.6567],[-0.8339,45.6382],[-0.8266,45.621],[-0.887,45.6048],[-0.8884,45.6168],[-0.9171,45.6255],[-0.9476,45.6159],[-0.9718,45.6211],[-0.9998,45.6399],[-0.9997,45.6515],[-1.0335,45.6558],[-1.0417,45.6417],[-1.0238,45.6249],[-1.0397,45.6176],[-1.2035,45.6957],[-1.2247,45.6934],[-1.2261,45.6828],[-1.2117,45.6741],[-1.1915,45.677],[-1.2106,45.6711],[-1.2281,45.6754],[-1.2412,45.7828]]],[[[-1.1737,45.857],[-1.1743,45.8568],[-1.1745,45.8571],[-1.1737,45.857]]],[[[-1.1053,45.9537],[-1.1166,45.9522],[-1.1205,45.9608],[-1.1131,45.9619],[-1.1053,45.9537]]],[[[-1.4131,46.0467],[-1.3676,46.0381],[-1.3657,46.0287],[-1.314,45.9936],[-1.2476,45.9904],[-1.2346,45.9825],[-1.2389,45.9547],[-1.226,45.9401],[-1.2304,45.9254],[-1.188,45.8866],[-1.2054,45.8511],[-1.1955,45.829],[-1.2354,45.8047],[-1.2609,45.8725],[-1.3857,45.9525],[-1.394,45.976],[-1.388,45.9979],[-1.4131,46.0467]]]]},"properties":{"id":"17-05","nm":"Tonnay-Charente","dept":"17","ins":117414,"nbv":145,"dG":-8.505,"dCD":-0.239,"dED":9.91,"dAB":-3.392,"af":34.63}},{"type":"Feature","geometry":{"type":"MultiPolygon","coordinates":[[[[2.1196,47.5832],[2.1513,47.6006],[2.2894,47.6291],[2.3712,47.5874],[2.4381,47.6098],[2.4921,47.5691],[2.5473,47.5752],[2.5682,47.5686],[2.6164,47.541],[2.6148,47.5251],[2.6539,47.5123],[2.6553,47.4914],[2.6663,47.4841],[2.7157,47.4899],[2.7318,47.5381],[2.7459,47.5255],[2.7853,47.5159],[2.8079,47.4949],[2.8745,47.5203],[2.9317,47.4379],[2.8718,47.3436],[2.8757,47.3242],[2.9727,47.2699],[2.901,47.2537],[2.8912,47.2101],[2.9018,47.2023],[2.8924,47.1952],[2.8585,47.2031],[2.8232,47.234],[2.7377,47.1741],[2.6591,47.1727],[2.6463,47.1571],[2.6881,47.1466],[2.6904,47.1349],[2.6741,47.1328],[2.6401,47.0919],[2.5841,47.117],[2.5485,47.1074],[2.5273,47.1208],[2.5064,47.1049],[2.5103,47.0941],[2.4716,47.0869],[2.4726,47.0664],[2.4449,47.0452],[2.4353,47.0537],[2.4271,47.0477],[2.4009,47.0781],[2.39,47.0685],[2.3787,47.0773],[2.3466,47.067],[2.324,47.0739],[2.3344,47.0813],[2.3292,47.0896],[2.3864,47.0926],[2.403,47.1217],[2.4187,47.1026],[2.436,47.1216],[2.3344,47.1375],[2.3211,47.1535],[2.2755,47.1675],[2.272,47.1768],[2.2925,47.1806],[2.2957,47.1896],[2.2764,47.2083],[2.2559,47.2127],[2.2572,47.2398],[2.2823,47.2555],[2.2899,47.2793],[2.3166,47.2779],[2.3257,47.2904],[2.3208,47.3544],[2.2728,47.3614],[2.2513,47.386],[2.2332,47.3895],[2.2269,47.4052],[2.2433,47.4155],[2.2476,47.4396],[2.235,47.4517],[2.2442,47.4908],[2.2334,47.4965],[2.1962,47.4879],[2.2149,47.5209],[2.1979,47.5463],[2.1289,47.5512],[2.1196,47.5832]]],[[[2.3902,47.0661],[2.3906,47.0661],[2.3904,47.0659],[2.3902,47.0661]]],[[[2.3913,47.0567],[2.3914,47.0565],[2.391,47.0564],[2.3913,47.0567]]]]},"properties":{"id":"18-01","nm":"Bourges","dept":"18","ins":70401,"nbv":128,"dG":-6.484,"dCD":2.534,"dED":5.016,"dAB":-1.302,"af":35.07}},{"type":"Feature","geometry":{"type":"MultiPolygon","coordinates":[[[[2.0427,46.8401],[2.0788,46.8376],[2.0939,46.8546],[2.0828,46.8686],[2.1138,46.8803],[2.1365,46.8707],[2.1498,46.8392],[2.1825,46.8612],[2.1949,46.8878],[2.2146,46.8771],[2.2527,46.8794],[2.2515,46.9057],[2.2825,46.9172],[2.2874,46.9321],[2.3048,46.9428],[2.2784,46.9682],[2.2539,46.9711],[2.2861,46.9903],[2.3215,46.993],[2.3396,47.0288],[2.3266,47.0536],[2.3572,47.077],[2.3856,47.0749],[2.392,47.0857],[2.4111,47.0849],[2.4092,47.0742],[2.4469,47.0481],[2.47,47.0655],[2.4689,47.0892],[2.5035,47.0914],[2.5018,47.1054],[2.5269,47.1227],[2.5472,47.1092],[2.5845,47.1175],[2.6399,47.0927],[2.6865,47.1423],[2.6821,47.1497],[2.6524,47.151],[2.6408,47.1631],[2.6581,47.1734],[2.7373,47.1743],[2.8223,47.2357],[2.8429,47.2138],[2.8861,47.1927],[2.895,47.199],[2.8879,47.2074],[2.8996,47.2255],[2.9002,47.2546],[2.9478,47.2686],[2.9766,47.2679],[2.9834,47.2598],[2.9796,47.2288],[3.0281,47.1291],[3.0312,47.0919],[3.0214,47.0653],[3.0638,47.0461],[3.0758,47.0234],[3.0629,46.98],[3.0794,46.9592],[3.0515,46.9107],[3.068,46.8778],[3.0695,46.8524],[3.0561,46.8395],[3.0592,46.8266],[3.0281,46.7933],[2.9651,46.8035],[2.953,46.791],[2.9247,46.7947],[2.8453,46.7425],[2.8467,46.7272],[2.794,46.7341],[2.7856,46.7225],[2.7557,46.7188],[2.7345,46.7464],[2.7112,46.7432],[2.7021,46.7182],[2.6895,46.7191],[2.6452,46.6873],[2.624,46.6898],[2.6217,46.6777],[2.6337,46.674],[2.6284,46.6594],[2.5928,46.6662],[2.5744,46.6586],[2.5967,46.6379],[2.5783,46.6099],[2.5805,46.5973],[2.604,46.5958],[2.6149,46.5533],[2.5366,46.5197],[2.5214,46.531],[2.497,46.5214],[2.4906,46.5333],[2.4461,46.5201],[2.4298,46.5265],[2.3675,46.518],[2.3272,46.4935],[2.3312,46.4792],[2.3227,46.4695],[2.3016,46.471],[2.2842,46.4501],[2.2817,46.4207],[2.1979,46.4282],[2.1725,46.4223],[2.154,46.4341],[2.1516,46.4578],[2.1904,46.4692],[2.2032,46.4872],[2.1585,46.5573],[2.1731,46.5661],[2.1686,46.5946],[2.1877,46.6159],[2.2485,46.632],[2.2571,46.6503],[2.2434,46.6751],[2.2232,46.6808],[2.2089,46.6761],[2.2064,46.6596],[2.1891,46.6524],[2.1894,46.6422],[2.1626,46.6464],[2.1392,46.6643],[2.1353,46.675],[2.1498,46.6925],[2.1188,46.7101],[2.087,46.7126],[2.0904,46.7275],[2.0658,46.7425],[2.0667,46.7516],[2.0962,46.7562],[2.1116,46.7851],[2.0427,46.8401]]],[[[2.4003,47.0986],[2.3994,47.0996],[2.4007,47.0995],[2.4003,47.0986]]]]},"properties":{"id":"18-03","nm":"Bourges","dept":"18","ins":83403,"nbv":202,"dG":-12.691,"dCD":3.852,"dED":9.884,"dAB":-1.628,"af":34.54}},{"type":"Feature","geometry":{"type":"MultiPolygon","coordinates":[[[[1.7737,47.131],[1.8398,47.1783],[1.839,47.2197],[1.8522,47.2222],[1.8749,47.2072],[1.9082,47.2212],[1.9591,47.1934],[1.9829,47.2017],[1.9862,47.2233],[1.9595,47.2397],[1.892,47.2489],[1.9427,47.2911],[1.9983,47.2647],[2.078,47.2859],[2.1351,47.2823],[2.1546,47.3057],[2.1195,47.3329],[2.1264,47.3453],[2.1148,47.3676],[2.0969,47.3668],[2.1029,47.3926],[2.115,47.4218],[2.1392,47.4072],[2.1889,47.4378],[2.2047,47.4071],[2.2304,47.4076],[2.2376,47.3902],[2.2716,47.3726],[2.2721,47.3625],[2.3231,47.3571],[2.3268,47.2923],[2.3175,47.2767],[2.289,47.2783],[2.2824,47.2545],[2.2655,47.248],[2.2553,47.2313],[2.2591,47.2101],[2.2763,47.2097],[2.2957,47.1922],[2.2832,47.1712],[2.3365,47.1385],[2.454,47.1217],[2.4211,47.101],[2.3979,47.107],[2.3887,47.0916],[2.34,47.087],[2.3429,47.0591],[2.3297,47.0509],[2.3402,47.0286],[2.3287,47.0124],[2.3323,47.0031],[2.3122,46.9866],[2.2862,46.9901],[2.2666,46.9767],[2.3088,46.9422],[2.2869,46.9313],[2.2858,46.917],[2.2538,46.9073],[2.2548,46.8808],[2.2409,46.8731],[2.1956,46.8832],[2.1566,46.8381],[2.1395,46.8461],[2.1264,46.88],[2.1509,46.9144],[2.1103,46.9132],[2.0707,46.934],[2.0718,46.9546],[2.0883,46.9642],[2.0919,46.9883],[2.105,47.0009],[2.0503,47.0418],[2.0292,47.045],[2.0546,47.0741],[2.0492,47.1055],[2.0033,47.0943],[2.0061,47.1101],[1.9922,47.1257],[1.9637,47.1242],[1.9236,47.1019],[1.905,47.1083],[1.883,47.1006],[1.7737,47.131]]],[[[2.4024,47.0792],[2.4023,47.0793],[2.4024,47.0793],[2.4024,47.0792]]],[[[2.4079,47.0717],[2.4082,47.0723],[2.4086,47.0722],[2.4079,47.0717]]],[[[2.389,47.0792],[2.3888,47.0793],[2.3889,47.0794],[2.389,47.0792]]]]},"properties":{"id":"18-02","nm":"Vierzon","dept":"18","ins":67997,"nbv":104,"dG":0.395,"dCD":-5.336,"dED":6.019,"dAB":1.561,"af":37.55}},{"type":"Feature","geometry":{"type":"Polygon","coordinates":[[[1.4037,45.224],[1.4166,45.2311],[1.4128,45.2423],[1.4325,45.2532],[1.4289,45.268],[1.4521,45.2648],[1.4687,45.2908],[1.4601,45.3201],[1.447,45.3132],[1.4249,45.3178],[1.4504,45.3707],[1.4211,45.3837],[1.4084,45.4059],[1.4373,45.4235],[1.4591,45.4064],[1.498,45.4089],[1.5006,45.4478],[1.4716,45.4835],[1.4771,45.5111],[1.4964,45.5246],[1.4849,45.5328],[1.4927,45.5493],[1.5142,45.5548],[1.5164,45.5642],[1.5562,45.5502],[1.5827,45.5562],[1.6,45.5815],[1.6229,45.5784],[1.6563,45.5932],[1.6587,45.6048],[1.709,45.6418],[1.7282,45.6386],[1.7758,45.6596],[1.786,45.6829],[1.8158,45.6814],[1.8284,45.6652],[1.8546,45.6723],[1.873,45.6664],[1.8819,45.6819],[1.9061,45.6801],[1.8992,45.6983],[1.9118,45.7083],[1.938,45.7084],[1.9479,45.7218],[1.9877,45.7214],[2.0015,45.7491],[2.052,45.7652],[2.0839,45.746],[2.0879,45.732],[2.1133,45.7262],[2.1335,45.7356],[2.1529,45.7221],[2.1614,45.7361],[2.2128,45.7128],[2.2244,45.6985],[2.271,45.6913],[2.2746,45.6642],[2.3298,45.6768],[2.348,45.6915],[2.344,45.7064],[2.3678,45.7133],[2.4364,45.7009],[2.4822,45.7361],[2.4937,45.7378],[2.5235,45.7112],[2.5191,45.7008],[2.5285,45.6819],[2.5142,45.6702],[2.5286,45.6588],[2.5209,45.6418],[2.4845,45.638],[2.4803,45.6114],[2.4636,45.5962],[2.4926,45.5597],[2.516,45.554],[2.5189,45.5445],[2.5204,45.5204],[2.509,45.5028],[2.5144,45.493],[2.4914,45.4199],[2.5222,45.4027],[2.5234,45.3815],[2.4965,45.3817],[2.4802,45.3697],[2.4673,45.3834],[2.4452,45.3832],[2.3807,45.4136],[2.3547,45.4144],[2.3521,45.4062],[2.3695,45.3871],[2.3516,45.3281],[2.3168,45.3222],[2.2881,45.2869],[2.2682,45.2892],[2.2584,45.2702],[2.2393,45.2613],[2.2408,45.248],[2.2019,45.2226],[2.1163,45.2309],[2.1105,45.2176],[2.0702,45.2235],[2.0331,45.2048],[2.0324,45.1889],[2.0105,45.1683],[2.0137,45.1576],[1.9975,45.1287],[1.9669,45.1129],[1.9554,45.0943],[1.9609,45.0765],[1.9476,45.0744],[1.9264,45.0451],[1.8685,45.0439],[1.8174,45.0761],[1.8087,45.091],[1.795,45.0897],[1.7757,45.1023],[1.7707,45.1432],[1.7476,45.1626],[1.7166,45.1566],[1.7226,45.1853],[1.6907,45.1932],[1.6759,45.2075],[1.6555,45.1959],[1.6551,45.178],[1.6247,45.1757],[1.617,45.1858],[1.6299,45.1931],[1.6263,45.2018],[1.5939,45.1896],[1.4991,45.2155],[1.4798,45.2082],[1.4892,45.1894],[1.4631,45.1758],[1.4648,45.186],[1.4369,45.2164],[1.4037,45.224]]]},"properties":{"id":"19-01","nm":"Tulle","dept":"19","ins":91442,"nbv":217,"dG":7.38,"dCD":-3.816,"dED":-2.273,"dAB":-9.875,"af":24.32}},{"type":"Feature","geometry":{"type":"Polygon","coordinates":[[[1.2265,45.2717],[1.2388,45.299],[1.2358,45.322],[1.272,45.3277],[1.2836,45.3531],[1.3163,45.3621],[1.3215,45.3769],[1.2984,45.3943],[1.2801,45.3838],[1.2569,45.4021],[1.2593,45.4198],[1.2796,45.4135],[1.2888,45.4201],[1.2814,45.4333],[1.2531,45.4444],[1.2703,45.4778],[1.2844,45.4809],[1.2854,45.4905],[1.3489,45.4685],[1.3885,45.4976],[1.4071,45.5268],[1.4212,45.5314],[1.4413,45.5229],[1.4532,45.536],[1.4522,45.5534],[1.4738,45.5539],[1.4807,45.5658],[1.4925,45.5611],[1.4894,45.536],[1.501,45.5312],[1.4788,45.5122],[1.4736,45.4839],[1.5035,45.4484],[1.4952,45.4307],[1.5001,45.4078],[1.46,45.4059],[1.4375,45.4225],[1.4112,45.4024],[1.4207,45.3847],[1.4538,45.3701],[1.4281,45.3198],[1.4448,45.3142],[1.4526,45.3232],[1.475,45.3048],[1.4538,45.2588],[1.4372,45.2655],[1.4365,45.2506],[1.4159,45.2436],[1.4121,45.2277],[1.4362,45.2193],[1.4686,45.1812],[1.4818,45.1896],[1.4788,45.2112],[1.5022,45.2167],[1.5173,45.2039],[1.5609,45.212],[1.5676,45.1924],[1.593,45.1913],[1.6286,45.2047],[1.6374,45.2016],[1.6205,45.1857],[1.6258,45.1766],[1.6541,45.1785],[1.6509,45.1921],[1.6807,45.2065],[1.6894,45.1938],[1.7274,45.1823],[1.7163,45.1678],[1.7198,45.1585],[1.7476,45.1632],[1.7762,45.144],[1.7798,45.1],[1.8109,45.0905],[1.8183,45.0762],[1.8683,45.0448],[1.9141,45.0412],[1.9426,45.0642],[1.9428,45.0754],[1.9587,45.0773],[1.9608,45.109],[1.9968,45.1288],[2.0125,45.1554],[2.0076,45.1657],[2.0309,45.1887],[2.0276,45.2018],[2.0666,45.2232],[2.0965,45.2146],[2.1101,45.2189],[2.1118,45.2325],[2.1497,45.2244],[2.1669,45.2358],[2.1711,45.2229],[2.1876,45.2257],[2.1971,45.2163],[2.1921,45.2056],[2.2025,45.1799],[2.2336,45.1668],[2.1821,45.1317],[2.1903,45.1155],[2.1756,45.0814],[2.142,45.0845],[2.1004,45.0615],[2.1159,45.0227],[2.1409,45.0067],[2.1311,44.9843],[1.9871,44.975],[1.9505,44.9532],[1.9402,44.953],[1.9315,44.9772],[1.9092,44.9785],[1.887,44.9564],[1.8002,44.9203],[1.793,44.9332],[1.7742,44.9244],[1.7484,44.9384],[1.7484,44.9568],[1.7127,44.9676],[1.6849,45.0021],[1.6328,45.032],[1.6083,45.0291],[1.5764,45.0404],[1.5447,45.029],[1.5316,45.0459],[1.4843,45.0308],[1.4767,45.0185],[1.4453,45.0199],[1.3996,45.0612],[1.4051,45.071],[1.393,45.0969],[1.3774,45.105],[1.4104,45.1129],[1.4105,45.1269],[1.323,45.1424],[1.3094,45.1347],[1.2545,45.1587],[1.2896,45.1883],[1.2721,45.2014],[1.2323,45.1977],[1.2277,45.206],[1.2335,45.2222],[1.2755,45.2408],[1.2763,45.2526],[1.2265,45.2717]]]},"properties":{"id":"19-02","nm":"Brive-La-Gaillarde","dept":"19","ins":93265,"nbv":163,"dG":-2.69,"dCD":3.092,"dED":1.001,"dAB":-5.998,"af":28.34}},{"type":"Feature","geometry":{"type":"MultiPolygon","coordinates":[[[[8.5347,42.3722],[8.5506,42.3791],[8.569,42.3699],[8.5743,42.3812],[8.6006,42.3697],[8.641,42.3735],[8.6513,42.3621],[8.6824,42.3596],[8.6874,42.3487],[8.7142,42.3493],[8.8188,42.3164],[8.8616,42.33],[8.86,42.3021],[8.8859,42.2846],[8.8839,42.2709],[8.9039,42.2548],[8.9228,42.2578],[8.9408,42.2374],[8.9744,42.2324],[9.0214,42.2036],[9.0455,42.2075],[9.0487,42.1743],[9.0654,42.167],[9.0756,42.1282],[9.1248,42.1051],[9.1347,42.0875],[9.1337,42.0596],[9.0729,42.0346],[9.0126,42.031],[8.9391,41.9771],[8.8713,41.9529],[8.8571,41.9412],[8.8639,41.9264],[8.838,41.9119],[8.8028,41.9042],[8.8135,41.9326],[8.7909,41.9427],[8.7572,41.9413],[8.7498,41.9568],[8.7402,41.9157],[8.6759,41.9043],[8.6387,41.9103],[8.6077,41.8941],[8.6215,41.9361],[8.6069,41.9423],[8.5931,41.9652],[8.6489,41.969],[8.6698,41.9844],[8.6546,42.0019],[8.6603,42.0124],[8.7463,42.0504],[8.7363,42.065],[8.7192,42.0638],[8.6975,42.1132],[8.6593,42.1009],[8.6475,42.1203],[8.624,42.1226],[8.6117,42.1338],[8.581,42.1287],[8.5916,42.1419],[8.5844,42.1516],[8.5583,42.1459],[8.5858,42.1662],[8.5614,42.1715],[8.5813,42.1832],[8.5775,42.2016],[8.5665,42.2053],[8.5694,42.2281],[8.5399,42.2371],[8.6863,42.2631],[8.6906,42.2737],[8.6563,42.3023],[8.6405,42.2993],[8.6242,42.3109],[8.6051,42.3058],[8.598,42.319],[8.6262,42.3349],[8.6018,42.3524],[8.553,42.3334],[8.5543,42.3628],[8.5347,42.3722]]],[[[8.606,41.889],[8.607,41.889],[8.6057,41.8886],[8.606,41.889]]],[[[8.6022,41.8864],[8.5934,41.874],[8.5857,41.8742],[8.5968,41.8814],[8.6022,41.8864]]],[[[8.7562,41.9374],[8.7551,41.9381],[8.7563,41.9394],[8.7562,41.9374]]]]},"properties":{"id":"2A-01","nm":"Ajaccio","dept":"2A","ins":52490,"nbv":93,"dG":-26.422,"dCD":7.301,"dED":-9.037,"dAB":-3.668,"af":37.82}},{"type":"Feature","geometry":{"type":"MultiPolygon","coordinates":[[[[8.6588,41.7405],[8.6612,41.75],[8.6872,41.7482],[8.728,41.7735],[8.725,41.787],[8.7091,41.7964],[8.7164,41.8035],[8.7379,41.7978],[8.7451,41.813],[8.7702,41.8122],[8.777,41.832],[8.7511,41.8453],[8.7891,41.853],[8.7791,41.8834],[8.8004,41.8894],[8.803,41.8987],[8.7841,41.9217],[8.7427,41.9318],[8.7482,41.96],[8.7613,41.9475],[8.8166,41.9319],[8.8148,41.9098],[8.8395,41.9129],[8.8614,41.9254],[8.8537,41.9436],[8.9377,41.9767],[8.9465,41.9901],[9.0059,42.021],[9.0209,42.0414],[9.0329,42.0324],[9.0699,42.0359],[9.1337,42.0596],[9.1619,42.0278],[9.2212,42.0274],[9.2154,41.9951],[9.227,41.9722],[9.2191,41.9426],[9.2306,41.9327],[9.2211,41.9197],[9.2484,41.9102],[9.2523,41.8992],[9.2361,41.8799],[9.2287,41.8573],[9.2344,41.849],[9.2693,41.84],[9.3015,41.8448],[9.3145,41.8329],[9.3778,41.8681],[9.4038,41.8599],[9.4053,41.8174],[9.3953,41.7948],[9.408,41.766],[9.4066,41.7135],[9.4009,41.6934],[9.3737,41.6781],[9.3955,41.6695],[9.3851,41.6648],[9.3848,41.6454],[9.3626,41.6326],[9.35,41.6374],[9.3573,41.6196],[9.3098,41.6185],[9.2889,41.6088],[9.2851,41.5924],[9.2967,41.5846],[9.314,41.6022],[9.3331,41.6036],[9.3458,41.594],[9.3684,41.5979],[9.3671,41.5898],[9.3468,41.5623],[9.28,41.527],[9.2761,41.504],[9.2876,41.484],[9.2771,41.4635],[9.2633,41.4645],[9.2255,41.4398],[9.2306,41.4136],[9.2651,41.4283],[9.2204,41.3666],[9.1785,41.3675],[9.1667,41.385],[9.1226,41.3978],[9.0937,41.3938],[9.112,41.4373],[9.0923,41.4478],[9.0793,41.4416],[9.0659,41.4503],[9.0631,41.4651],[9.0416,41.4569],[9.0328,41.4689],[9.02,41.4602],[9.0123,41.4735],[8.9932,41.481],[8.9839,41.474],[8.9613,41.4921],[8.9212,41.489],[8.9126,41.5075],[8.8831,41.5054],[8.8775,41.5237],[8.8452,41.5181],[8.8407,41.5239],[8.8505,41.5356],[8.8401,41.5471],[8.787,41.5561],[8.7823,41.5664],[8.7971,41.5749],[8.7745,41.5931],[8.7907,41.6075],[8.7857,41.618],[8.7942,41.6325],[8.8047,41.6418],[8.8195,41.6302],[8.8515,41.648],[8.8717,41.6478],[8.8819,41.6713],[8.9125,41.6793],[8.9132,41.6895],[8.8412,41.6975],[8.8128,41.7133],[8.7828,41.6992],[8.7829,41.7084],[8.7711,41.7117],[8.7834,41.733],[8.7715,41.7408],[8.7072,41.7218],[8.7024,41.7391],[8.6588,41.7405]]],[[[8.7345,41.9241],[8.7378,41.9187],[8.73,41.9192],[8.7345,41.9241]]],[[[9.3815,41.5086],[9.3818,41.5095],[9.382,41.5095],[9.3815,41.5086]]],[[[9.3524,41.5398],[9.3544,41.5416],[9.3545,41.5415],[9.3524,41.5398]]],[[[9.3582,41.5493],[9.3624,41.5538],[9.3688,41.558],[9.3646,41.5519],[9.3582,41.5493]]],[[[9.3748,41.5596],[9.3729,41.5653],[9.374,41.565],[9.3748,41.5596]]],[[[9.3057,41.3687],[9.3054,41.3708],[9.3065,41.3689],[9.3057,41.3687]]],[[[9.2467,41.3746],[9.2682,41.3729],[9.2747,41.3692],[9.261,41.3602],[9.2467,41.3746]]],[[[9.2564,41.351],[9.2617,41.34],[9.2589,41.3336],[9.2479,41.336],[9.2564,41.351]]],[[[9.2638,41.391],[9.2649,41.3938],[9.2655,41.3931],[9.2638,41.391]]],[[[8.7183,41.9569],[8.7244,41.9584],[8.7304,41.956],[8.7252,41.9483],[8.7183,41.9569]]],[[[8.7113,41.91],[8.7122,41.9102],[8.7118,41.9085],[8.7113,41.91]]],[[[8.6651,41.9542],[8.6757,41.9468],[8.6752,41.9087],[8.6662,41.9298],[8.6651,41.9542]]]]},"properties":{"id":"2A-02","nm":"Ajaccio","dept":"2A","ins":62495,"nbv":128,"dG":-24.283,"dCD":-5.038,"dED":-6.197,"dAB":-2.089,"af":35.43}},{"type":"Feature","geometry":{"type":"Polygon","coordinates":[[[8.5733,42.3815],[8.6062,42.3867],[8.6061,42.4165],[8.656,42.4171],[8.662,42.4338],[8.6484,42.4425],[8.6664,42.4461],[8.6758,42.4704],[8.6497,42.4775],[8.666,42.496],[8.667,42.516],[8.7139,42.526],[8.7196,42.5548],[8.7093,42.5768],[8.7253,42.5845],[8.7326,42.5676],[8.7548,42.5716],[8.7658,42.5557],[8.7886,42.5586],[8.8046,42.5734],[8.8001,42.6016],[8.867,42.6083],[8.8801,42.6291],[8.912,42.6295],[8.9326,42.6465],[8.9473,42.6336],[9.0169,42.6422],[9.0574,42.6603],[9.0573,42.6966],[9.1063,42.6556],[9.0985,42.6422],[9.1348,42.6076],[9.1267,42.585],[9.1314,42.5481],[9.177,42.5093],[9.2193,42.518],[9.2251,42.5468],[9.2423,42.5566],[9.3209,42.5449],[9.3751,42.5559],[9.3758,42.5324],[9.4326,42.515],[9.5003,42.5379],[9.5348,42.523],[9.5298,42.4951],[9.5434,42.4285],[9.5323,42.3678],[9.5601,42.2821],[9.5511,42.1091],[9.4159,41.9585],[9.4135,41.9149],[9.3973,41.8743],[9.4018,41.8596],[9.3746,41.8649],[9.3171,41.8323],[9.3014,41.8445],[9.2371,41.8464],[9.2274,41.8555],[9.2515,41.9008],[9.2458,41.9112],[9.2135,41.9176],[9.2266,41.9315],[9.2155,41.9422],[9.2262,41.9682],[9.215,41.9941],[9.2212,42.0242],[9.188,42.0312],[9.1615,42.0249],[9.1314,42.0535],[9.1339,42.0878],[9.1255,42.1037],[9.0712,42.1297],[9.0753,42.1397],[9.0645,42.1658],[9.0508,42.1699],[9.0449,42.2051],[9.0217,42.2031],[8.9733,42.2324],[8.9397,42.2373],[8.9228,42.2568],[8.905,42.2539],[8.8824,42.2709],[8.8787,42.2921],[8.8585,42.3013],[8.8579,42.3299],[8.8197,42.316],[8.7142,42.349],[8.6833,42.3486],[8.6799,42.3585],[8.65,42.3624],[8.6401,42.3729],[8.6005,42.369],[8.5733,42.3815]]]},"properties":{"id":"2B-02","nm":"Calvi","dept":"2B","ins":66505,"nbv":232,"dG":-31.194,"dCD":8.349,"dED":-14.984,"dAB":-8.249,"af":32.62}},{"type":"Feature","geometry":{"type":"MultiPolygon","coordinates":[[[[9.0618,42.6937],[9.1119,42.727],[9.1673,42.7367],[9.1977,42.7249],[9.2221,42.7354],[9.2363,42.719],[9.2569,42.7182],[9.2556,42.7042],[9.2702,42.7005],[9.2894,42.6761],[9.3203,42.6947],[9.3224,42.7168],[9.3434,42.7344],[9.3426,42.7954],[9.3096,42.8338],[9.3339,42.8646],[9.3221,42.9002],[9.357,42.9222],[9.3491,42.9292],[9.3567,42.9458],[9.3401,42.9651],[9.3508,42.9697],[9.3402,42.9937],[9.3573,43.0072],[9.4274,43.0101],[9.4713,42.9846],[9.4563,42.9741],[9.4556,42.9544],[9.4727,42.9241],[9.4927,42.8071],[9.4691,42.7653],[9.4476,42.6679],[9.4636,42.6363],[9.5271,42.565],[9.5344,42.5233],[9.5007,42.5374],[9.4287,42.5142],[9.3739,42.5337],[9.3678,42.5551],[9.3212,42.5447],[9.2432,42.5564],[9.2279,42.5475],[9.2214,42.5171],[9.177,42.5079],[9.1318,42.5461],[9.1259,42.5856],[9.1345,42.6066],[9.1007,42.6366],[9.0847,42.6764],[9.0618,42.6937]]],[[[9.4045,43.0272],[9.4063,43.0276],[9.409,43.0223],[9.4045,43.0272]]]]},"properties":{"id":"2B-01","nm":"Bastia","dept":"2B","ins":59107,"nbv":92,"dG":-25.743,"dCD":-2.119,"dED":-10.57,"dAB":-1.539,"af":35.45}},{"type":"Feature","geometry":{"type":"MultiPolygon","coordinates":[[[[4.1869,47.2451],[4.2027,47.2592],[4.2428,47.2617],[4.2638,47.2503],[4.2885,47.2547],[4.3083,47.234],[4.3667,47.2358],[4.3808,47.2668],[4.3582,47.293],[4.4011,47.3078],[4.404,47.3168],[4.4363,47.3035],[4.457,47.3213],[4.4792,47.3044],[4.5413,47.3193],[4.5848,47.3019],[4.6193,47.3018],[4.6485,47.2635],[4.6789,47.2549],[4.6958,47.2625],[4.7134,47.2286],[4.7439,47.1982],[4.7747,47.1943],[4.7952,47.2176],[4.812,47.2146],[4.8298,47.2342],[4.8224,47.263],[4.8321,47.2768],[4.8555,47.2805],[4.861,47.2714],[4.8965,47.2754],[4.9265,47.2659],[4.9476,47.2798],[4.9996,47.2633],[5.0267,47.2433],[5.0366,47.2708],[5.1165,47.2124],[5.0959,47.1502],[5.1058,47.1363],[5.1228,47.1403],[5.1368,47.1286],[5.1704,47.1412],[5.1934,47.1688],[5.2452,47.1767],[5.2949,47.1556],[5.2955,47.1338],[5.3122,47.1109],[5.3715,47.1378],[5.4009,47.1077],[5.3857,47.082],[5.3314,47.0767],[5.2848,47.0482],[5.2794,47.0266],[5.3177,47.0153],[5.2553,46.9799],[5.2218,46.989],[5.2016,46.9832],[5.1954,46.9703],[5.1105,46.9593],[5.0976,46.9448],[5.0916,46.9591],[5.0745,46.9595],[5.0477,46.9815],[5.0011,46.9699],[5.0044,46.958],[4.8978,46.9668],[4.8951,46.9527],[4.7963,46.9316],[4.7796,46.9185],[4.7348,46.9224],[4.6876,46.8998],[4.6641,46.9128],[4.6726,46.9316],[4.652,46.9416],[4.6146,46.9415],[4.5893,46.9564],[4.5902,46.9671],[4.5739,46.9729],[4.5637,46.9896],[4.5459,46.9937],[4.5562,47.0032],[4.5538,47.0165],[4.5114,47.0116],[4.4883,47.0307],[4.4276,47.0373],[4.4006,47.0545],[4.4036,47.0804],[4.373,47.0803],[4.3532,47.064],[4.3409,47.1026],[4.305,47.1038],[4.2962,47.1122],[4.2748,47.1073],[4.2536,47.1174],[4.2396,47.1422],[4.2129,47.1444],[4.2101,47.1798],[4.231,47.1995],[4.2186,47.2209],[4.1869,47.2451]]],[[[4.107,47.13],[4.115,47.1461],[4.1809,47.1518],[4.1909,47.1455],[4.1741,47.1135],[4.1605,47.1208],[4.148,47.1133],[4.1291,47.1288],[4.1164,47.1232],[4.107,47.13]]]]},"properties":{"id":"21-05","nm":"Beaune","dept":"21","ins":85576,"nbv":248,"dG":-11.48,"dCD":4.839,"dED":9.085,"dAB":-3.13,"af":34.02}},{"type":"Feature","geometry":{"type":"Polygon","coordinates":[[[4.0652,47.4073],[4.0822,47.4204],[4.08,47.4408],[4.0967,47.4348],[4.1072,47.4469],[4.1205,47.4456],[4.1287,47.4624],[4.1146,47.5146],[4.1357,47.518],[4.1569,47.5518],[4.1753,47.5537],[4.1967,47.6044],[4.2112,47.6036],[4.2121,47.6281],[4.2448,47.6572],[4.2274,47.6789],[4.2637,47.6858],[4.2633,47.7038],[4.2394,47.7246],[4.2566,47.7272],[4.2605,47.7422],[4.2925,47.7344],[4.3094,47.7526],[4.3315,47.7581],[4.3273,47.7859],[4.3366,47.7989],[4.3202,47.8118],[4.3208,47.8461],[4.2713,47.8388],[4.2594,47.8465],[4.2623,47.8723],[4.2461,47.8774],[4.2799,47.9005],[4.3061,47.9043],[4.305,47.9202],[4.2934,47.9268],[4.3019,47.9378],[4.2981,47.9497],[4.3127,47.9627],[4.344,47.9559],[4.4172,47.9687],[4.447,47.9567],[4.4936,47.9689],[4.5507,47.9682],[4.5558,47.9834],[4.5357,48.0068],[4.5495,48.0057],[4.5798,48.0293],[4.6165,48.0313],[4.6725,48.0152],[4.6988,48.0239],[4.7267,48.0071],[4.7932,48.0061],[4.8106,47.9887],[4.7968,47.9853],[4.7896,47.9649],[4.8452,47.9612],[4.8661,47.9405],[4.8335,47.919],[4.8339,47.9097],[4.8548,47.8988],[4.871,47.9185],[4.9029,47.921],[4.9312,47.8721],[4.9541,47.8668],[4.9683,47.8336],[4.9936,47.8193],[4.9885,47.8039],[4.9226,47.7715],[4.9311,47.761],[4.959,47.7619],[4.9713,47.7286],[4.9557,47.7031],[4.974,47.6888],[4.9957,47.6894],[5.0292,47.7099],[5.0368,47.6943],[5.0608,47.6948],[5.0468,47.679],[5.0525,47.6692],[5.0793,47.6683],[5.0869,47.6575],[5.1251,47.6471],[5.1616,47.6804],[5.1791,47.6797],[5.1757,47.6532],[5.2114,47.6419],[5.2406,47.6183],[5.2587,47.6222],[5.2407,47.598],[5.2558,47.5779],[5.3225,47.6124],[5.3395,47.6101],[5.3604,47.5798],[5.3449,47.5801],[5.3498,47.5627],[5.3208,47.5492],[5.323,47.5336],[5.2727,47.5352],[5.246,47.508],[5.2553,47.4896],[5.236,47.4679],[5.2072,47.4371],[5.1738,47.4246],[5.1105,47.4299],[5.0992,47.417],[5.0421,47.4469],[5.014,47.4504],[5.008,47.443],[4.9853,47.4586],[4.9678,47.4465],[4.9572,47.4523],[4.9602,47.4333],[4.9065,47.4137],[4.8962,47.4013],[4.8444,47.4005],[4.8153,47.3675],[4.8399,47.3245],[4.8216,47.2956],[4.8418,47.2789],[4.8244,47.2647],[4.8317,47.2373],[4.8123,47.2142],[4.7962,47.2159],[4.777,47.1939],[4.7406,47.1974],[4.7408,47.2081],[4.7163,47.2251],[4.6985,47.2591],[4.6731,47.2549],[4.6482,47.2627],[4.6376,47.2815],[4.624,47.2859],[4.6214,47.3011],[4.5851,47.3015],[4.5419,47.3189],[4.4777,47.3028],[4.4604,47.322],[4.4463,47.3036],[4.4103,47.3151],[4.381,47.3029],[4.3632,47.2865],[4.3832,47.2673],[4.37,47.2353],[4.3084,47.233],[4.2886,47.2534],[4.2626,47.2501],[4.2451,47.2613],[4.2002,47.2594],[4.1869,47.2451],[4.1745,47.2501],[4.1351,47.2374],[4.1167,47.2764],[4.1217,47.3011],[4.1139,47.308],[4.1277,47.3182],[4.124,47.3336],[4.1064,47.3353],[4.1006,47.3699],[4.0789,47.377],[4.0819,47.3932],[4.0652,47.4073]]]},"properties":{"id":"21-04","nm":"Châtillon-Sur-Seine","dept":"21","ins":67447,"nbv":359,"dG":-9.063,"dCD":4.962,"dED":6.49,"dAB":-6.422,"af":30.68}},{"type":"Feature","geometry":{"type":"Polygon","coordinates":[[[4.8129,47.3665],[4.8446,47.401],[4.8964,47.4065],[4.952,47.4321],[4.9544,47.4514],[4.9762,47.4488],[4.9809,47.4621],[5.0008,47.4466],[5.0098,47.4536],[5.0645,47.4392],[5.0739,47.4253],[5.0991,47.417],[5.0664,47.3685],[5.0473,47.3661],[5.0461,47.3417],[5.0591,47.3382],[5.0548,47.3218],[5.0417,47.319],[5.0446,47.3098],[5.0348,47.3169],[4.9823,47.3083],[4.9294,47.2656],[4.9001,47.2629],[4.8923,47.2756],[4.8585,47.2712],[4.817,47.2916],[4.8162,47.3083],[4.8391,47.326],[4.8129,47.3665]]]},"properties":{"id":"21-01","nm":"Dijon","dept":"21","ins":70495,"nbv":82,"dG":3.54,"dCD":6.265,"dED":-7.069,"dAB":-6.563,"af":31.13}},{"type":"Feature","geometry":{"type":"Polygon","coordinates":[[[4.9386,47.279],[4.971,47.3001],[4.9702,47.3092],[5.0209,47.3129],[5.0243,47.2982],[5.043,47.2968],[5.0468,47.3122],[5.0752,47.3058],[5.1411,47.3464],[5.2142,47.3602],[5.2446,47.3427],[5.2356,47.3276],[5.2467,47.309],[5.2672,47.306],[5.2946,47.2831],[5.3286,47.28],[5.3193,47.2415],[5.3277,47.229],[5.3166,47.2176],[5.282,47.2129],[5.2845,47.2016],[5.2552,47.1759],[5.1938,47.1643],[5.1711,47.1398],[5.1363,47.1261],[5.0945,47.1437],[5.1111,47.1836],[5.1002,47.1919],[5.1152,47.1994],[5.1085,47.2212],[5.0428,47.2683],[5.0334,47.2532],[5.0401,47.2452],[5.0238,47.2372],[4.9992,47.2631],[4.9386,47.279]]]},"properties":{"id":"21-03","nm":"Dijon","dept":"21","ins":72426,"nbv":93,"dG":2.92,"dCD":-3.283,"dED":3.536,"dAB":-0.269,"af":36.26}},{"type":"Feature","geometry":{"type":"Polygon","coordinates":[[[5.0172,47.3089],[5.0543,47.3239],[5.0449,47.3659],[5.0682,47.3713],[5.1097,47.4305],[5.1439,47.4222],[5.2065,47.4371],[5.2519,47.4895],[5.2436,47.5081],[5.2725,47.5381],[5.315,47.5327],[5.3092,47.5644],[5.3204,47.5506],[5.3431,47.5601],[5.342,47.5832],[5.3698,47.6055],[5.399,47.5972],[5.426,47.6323],[5.4776,47.6087],[5.4843,47.5663],[5.497,47.5546],[5.4864,47.527],[5.4712,47.5263],[5.4364,47.4905],[5.3982,47.4982],[5.3913,47.4833],[5.408,47.4774],[5.3846,47.4623],[5.4388,47.4506],[5.4306,47.4228],[5.444,47.4066],[5.4369,47.3946],[5.4499,47.3853],[5.4778,47.3956],[5.4973,47.3899],[5.4887,47.3677],[5.4955,47.3418],[5.4847,47.3204],[5.5186,47.3028],[5.5054,47.2831],[5.4888,47.284],[5.4842,47.2377],[5.4749,47.2312],[5.4801,47.2174],[5.4519,47.2026],[5.4592,47.1828],[5.4486,47.1597],[5.44,47.1444],[5.4106,47.1283],[5.4109,47.1148],[5.4009,47.108],[5.374,47.137],[5.3128,47.1084],[5.2935,47.1566],[5.2556,47.176],[5.2802,47.1979],[5.276,47.2088],[5.2845,47.2159],[5.3241,47.2247],[5.3115,47.2397],[5.3225,47.2485],[5.3242,47.2758],[5.287,47.2825],[5.2435,47.3111],[5.2332,47.322],[5.243,47.3431],[5.2298,47.3532],[5.2037,47.3621],[5.1412,47.3461],[5.0901,47.3183],[5.094,47.3069],[5.0835,47.3027],[5.0582,47.3138],[5.0469,47.2965],[5.0306,47.2977],[5.0172,47.3089]]]},"properties":{"id":"21-02","nm":"Dijon","dept":"21","ins":71295,"nbv":125,"dG":-1.065,"dCD":0.943,"dED":2.371,"dAB":-2.185,"af":33.26}},{"type":"Feature","geometry":{"type":"MultiPolygon","coordinates":[[[[-3.1035,48.2976],[-3.0753,48.3103],[-3.0851,48.3279],[-3.0446,48.3616],[-3.0565,48.3835],[-3.0328,48.4131],[-3.0354,48.4317],[-3.0235,48.4483],[-2.9994,48.4434],[-2.9905,48.4317],[-2.9422,48.4296],[-2.9288,48.4459],[-2.913,48.4362],[-2.8833,48.4435],[-2.8752,48.4579],[-2.8448,48.4718],[-2.8212,48.4373],[-2.7779,48.4382],[-2.7842,48.4293],[-2.7768,48.4135],[-2.7332,48.4227],[-2.7135,48.4154],[-2.6983,48.4479],[-2.663,48.4481],[-2.6495,48.4579],[-2.6473,48.4726],[-2.6243,48.4734],[-2.6083,48.4877],[-2.6147,48.5114],[-2.6341,48.5296],[-2.6242,48.5428],[-2.6019,48.5379],[-2.583,48.5072],[-2.546,48.5013],[-2.5215,48.5076],[-2.5159,48.526],[-2.4846,48.5229],[-2.4671,48.5041],[-2.4172,48.5289],[-2.3922,48.504],[-2.3332,48.5056],[-2.3436,48.4798],[-2.3094,48.4773],[-2.3255,48.4435],[-2.2924,48.4392],[-2.2728,48.4173],[-2.3106,48.3973],[-2.3004,48.3775],[-2.3184,48.358],[-2.343,48.3654],[-2.3707,48.3489],[-2.3884,48.3176],[-2.4025,48.3152],[-2.3923,48.2938],[-2.377,48.2863],[-2.3801,48.266],[-2.3507,48.2464],[-2.3348,48.2502],[-2.3231,48.2224],[-2.2487,48.2062],[-2.2333,48.2145],[-2.2183,48.2042],[-2.225,48.1705],[-2.2434,48.1574],[-2.2361,48.1445],[-2.2676,48.1515],[-2.2876,48.1338],[-2.3184,48.1347],[-2.323,48.122],[-2.3483,48.1256],[-2.3578,48.1111],[-2.3757,48.1267],[-2.3779,48.1421],[-2.4249,48.1738],[-2.4894,48.1551],[-2.5254,48.1578],[-2.5284,48.1498],[-2.514,48.1324],[-2.5479,48.0993],[-2.5482,48.0765],[-2.5779,48.0698],[-2.6258,48.0348],[-2.6557,48.0327],[-2.6732,48.0639],[-2.6525,48.0984],[-2.6643,48.1303],[-2.7035,48.1125],[-2.7539,48.1144],[-2.7755,48.0873],[-2.7824,48.1203],[-2.8099,48.146],[-2.8508,48.1413],[-2.8928,48.1652],[-2.9405,48.1717],[-2.9999,48.1606],[-3.023,48.1955],[-3.0772,48.2098],[-3.0554,48.2378],[-3.0909,48.2507],[-3.0873,48.2686],[-3.1035,48.2976]]],[[[-2.5919,48.5331],[-2.5867,48.5388],[-2.5788,48.5336],[-2.5793,48.5328],[-2.5919,48.5331]]],[[[-2.565,48.5269],[-2.5661,48.5291],[-2.5636,48.5331],[-2.565,48.5269]]],[[[-2.5822,48.5565],[-2.5749,48.5639],[-2.5715,48.5601],[-2.5738,48.5523],[-2.5822,48.5565]]]]},"properties":{"id":"22-03","nm":"Lamballe-Armor","dept":"22","ins":89421,"nbv":131,"dG":-9.554,"dCD":16.239,"dED":-6.843,"dAB":-8.134,"af":29.03}},{"type":"Feature","geometry":{"type":"MultiPolygon","coordinates":[[[[-2.6237,48.5427],[-2.5555,48.5905],[-2.5542,48.5995],[-2.5011,48.6059],[-2.4768,48.6204],[-2.4882,48.6453],[-2.4258,48.6561],[-2.4151,48.6422],[-2.3972,48.6427],[-2.3525,48.6588],[-2.3186,48.6885],[-2.3096,48.671],[-2.2838,48.6689],[-2.323,48.6256],[-2.3173,48.6115],[-2.2602,48.6455],[-2.2431,48.6448],[-2.2513,48.6307],[-2.238,48.6258],[-2.242,48.6159],[-2.2283,48.6109],[-2.207,48.5808],[-2.1935,48.5914],[-2.1943,48.6115],[-2.1795,48.5955],[-2.1856,48.581],[-2.1674,48.5807],[-2.163,48.5895],[-2.1721,48.5963],[-2.1533,48.6211],[-2.0932,48.5719],[-2.0444,48.5642],[-2.0449,48.5438],[-2.0042,48.569],[-1.9736,48.5449],[-1.9724,48.5324],[-1.9849,48.5259],[-1.9802,48.5158],[-1.9683,48.5274],[-1.9527,48.5262],[-1.9332,48.5504],[-1.9223,48.5448],[-1.9106,48.5126],[-1.9223,48.4984],[-1.9091,48.4816],[-1.9279,48.4755],[-1.9278,48.4531],[-1.9477,48.4458],[-1.9517,48.4332],[-1.9363,48.4197],[-1.938,48.4009],[-1.9301,48.3948],[-1.9471,48.3675],[-1.9326,48.3607],[-1.9296,48.3468],[-1.9625,48.3397],[-1.9539,48.3157],[-1.9649,48.2904],[-1.9759,48.3011],[-1.9934,48.299],[-2.0021,48.2807],[-2.0143,48.2797],[-2.058,48.2977],[-2.0945,48.2736],[-2.1065,48.2519],[-2.1553,48.2603],[-2.1832,48.249],[-2.1902,48.2259],[-2.1839,48.2103],[-2.2339,48.2133],[-2.2488,48.2053],[-2.3265,48.2205],[-2.3344,48.2473],[-2.3471,48.2451],[-2.3801,48.2637],[-2.3805,48.2846],[-2.4067,48.31],[-2.3904,48.3188],[-2.3721,48.3487],[-2.3411,48.3676],[-2.3172,48.3608],[-2.3058,48.3801],[-2.3159,48.3986],[-2.2806,48.4104],[-2.294,48.4362],[-2.3313,48.4445],[-2.3136,48.4699],[-2.3521,48.4818],[-2.3347,48.4944],[-2.3348,48.5052],[-2.3923,48.5035],[-2.4179,48.528],[-2.4665,48.4975],[-2.4797,48.5195],[-2.5008,48.5277],[-2.5167,48.5211],[-2.5175,48.501],[-2.5946,48.5155],[-2.6084,48.508],[-2.5968,48.5196],[-2.5993,48.5309],[-2.6237,48.5427]]],[[[-2.1871,48.6224],[-2.1962,48.6206],[-2.1893,48.6275],[-2.1871,48.6224]]],[[[-2.4878,48.5106],[-2.4876,48.5096],[-2.4876,48.5086],[-2.4878,48.5106]]],[[[-2.4299,48.4658],[-2.428,48.4649],[-2.4282,48.4639],[-2.4299,48.4658]]],[[[-2.4789,48.4746],[-2.4794,48.4747],[-2.479,48.4753],[-2.4789,48.4746]]],[[[-2.4811,48.4154],[-2.4808,48.4182],[-2.481,48.4153],[-2.4811,48.4154]]],[[[-2.4973,48.4719],[-2.4974,48.4721],[-2.4963,48.4718],[-2.4973,48.4719]]],[[[-2.5005,48.4193],[-2.5003,48.4197],[-2.4978,48.4185],[-2.5005,48.4193]]],[[[-2.5067,48.459],[-2.5057,48.4606],[-2.5054,48.4593],[-2.5067,48.459]]],[[[-2.5102,48.4451],[-2.5101,48.4454],[-2.51,48.4453],[-2.5102,48.4451]]],[[[-2.5173,48.4743],[-2.5173,48.4744],[-2.5173,48.4742],[-2.5173,48.4743]]],[[[-2.5555,48.4714],[-2.5542,48.4732],[-2.554,48.4716],[-2.5555,48.4714]]],[[[-2.5478,48.4666],[-2.5409,48.4721],[-2.5367,48.4728],[-2.5417,48.4647],[-2.5478,48.4666]]],[[[-2.5409,48.4383],[-2.5404,48.4446],[-2.5404,48.4384],[-2.5409,48.4383]]],[[[-2.6042,48.4336],[-2.6055,48.4351],[-2.6038,48.4336],[-2.6042,48.4336]]]]},"properties":{"id":"22-02","nm":"Dinan","dept":"22","ins":104517,"nbv":130,"dG":-5.31,"dCD":7.623,"dED":-1.817,"dAB":-8.933,"af":29.38}},{"type":"Feature","geometry":{"type":"Polygon","coordinates":[[[-3.6659,48.6522],[-3.6233,48.6866],[-3.6087,48.6698],[-3.574,48.6743],[-3.571,48.685],[-3.5844,48.6909],[-3.5843,48.7247],[-3.5646,48.7318],[-3.5238,48.7248],[-3.5066,48.7012],[-3.4689,48.71],[-3.488,48.6927],[-3.4739,48.6764],[-3.4601,48.6768],[-3.4736,48.661],[-3.4676,48.6521],[-3.4282,48.6514],[-3.4138,48.6783],[-3.4262,48.6979],[-3.3947,48.7101],[-3.3592,48.6543],[-3.3084,48.6565],[-3.2894,48.6726],[-3.2418,48.654],[-3.2441,48.6437],[-3.2295,48.6254],[-3.2127,48.6439],[-3.2162,48.6559],[-3.1893,48.6506],[-3.1567,48.6576],[-3.1417,48.6429],[-3.1272,48.654],[-3.1055,48.6392],[-3.0821,48.646],[-3.0768,48.662],[-3.0983,48.6678],[-3.1006,48.6805],[-3.0605,48.6945],[-3.0299,48.6874],[-3.0132,48.6656],[-2.9679,48.649],[-2.9517,48.6551],[-2.9211,48.6482],[-2.9199,48.5997],[-2.9266,48.5862],[-2.9569,48.5949],[-2.9773,48.5878],[-2.9587,48.5665],[-2.9755,48.544],[-2.9547,48.5316],[-2.9508,48.5153],[-3.0226,48.4722],[-3.0209,48.4484],[-3.0312,48.4307],[-3.0256,48.4231],[-3.0561,48.3847],[-3.0307,48.363],[-3.0732,48.3411],[-3.0828,48.3278],[-3.0702,48.3128],[-3.0971,48.2975],[-3.0848,48.253],[-3.0569,48.2437],[-3.0567,48.2234],[-3.0927,48.202],[-3.1087,48.2081],[-3.1295,48.2001],[-3.1343,48.1684],[-3.1551,48.1585],[-3.1942,48.1643],[-3.212,48.1516],[-3.2115,48.1425],[-3.2429,48.1514],[-3.2813,48.1413],[-3.3025,48.1557],[-3.3253,48.1501],[-3.3256,48.1608],[-3.3408,48.1712],[-3.4173,48.1456],[-3.4389,48.1601],[-3.428,48.1741],[-3.4381,48.1831],[-3.5237,48.1786],[-3.5658,48.1864],[-3.5217,48.1934],[-3.5233,48.2031],[-3.5574,48.2251],[-3.556,48.242],[-3.5276,48.2576],[-3.5243,48.2794],[-3.555,48.2936],[-3.5377,48.3056],[-3.5522,48.3164],[-3.5632,48.3472],[-3.5549,48.3764],[-3.6079,48.3885],[-3.6005,48.4217],[-3.5559,48.4505],[-3.6075,48.4773],[-3.6044,48.4963],[-3.5515,48.5374],[-3.5698,48.5561],[-3.5961,48.5551],[-3.5853,48.5729],[-3.592,48.5838],[-3.6416,48.5974],[-3.6659,48.6522]]]},"properties":{"id":"22-04","nm":"Guingamp","dept":"22","ins":81566,"nbv":144,"dG":6.44,"dCD":-4.856,"dED":-0.006,"dAB":-7.595,"af":29.95}},{"type":"Feature","geometry":{"type":"MultiPolygon","coordinates":[[[[-3.6119,48.7953],[-3.5755,48.8124],[-3.5479,48.8125],[-3.5313,48.8325],[-3.5048,48.8403],[-3.4762,48.8379],[-3.4564,48.8178],[-3.429,48.8218],[-3.4324,48.7986],[-3.3914,48.8032],[-3.3896,48.8155],[-3.3548,48.8203],[-3.3018,48.852],[-3.2788,48.8493],[-3.264,48.8359],[-3.2562,48.8432],[-3.2617,48.8558],[-3.2515,48.8524],[-3.2243,48.8698],[-3.2015,48.8529],[-3.208,48.8403],[-3.1953,48.8316],[-3.1665,48.8535],[-3.1054,48.8656],[-3.0724,48.8837],[-3.0848,48.8716],[-3.0763,48.8562],[-3.0869,48.8354],[-3.05,48.8172],[-3.0085,48.8188],[-3.0155,48.8092],[-3.0021,48.8031],[-3.0266,48.7885],[-3.0094,48.7817],[-3.0203,48.7766],[-3.0156,48.7667],[-2.9633,48.7629],[-2.9564,48.779],[-2.9461,48.7804],[-2.9491,48.7619],[-2.9283,48.7545],[-2.9385,48.7456],[-2.9381,48.7226],[-2.9229,48.707],[-2.8892,48.7],[-2.8795,48.6746],[-2.859,48.676],[-2.8152,48.6477],[-2.8255,48.6367],[-2.8084,48.592],[-2.8239,48.5863],[-2.8519,48.6011],[-2.8637,48.5895],[-2.8967,48.582],[-2.9095,48.5918],[-2.9261,48.5864],[-2.9246,48.6012],[-2.9362,48.6091],[-2.9212,48.6275],[-2.9234,48.6475],[-2.9853,48.6524],[-3.0347,48.6852],[-3.0625,48.6915],[-3.0954,48.6837],[-3.1004,48.6738],[-3.0786,48.6652],[-3.069,48.6749],[-3.0543,48.6706],[-3.0559,48.6631],[-3.1025,48.6386],[-3.1275,48.6517],[-3.1363,48.6439],[-3.1568,48.6541],[-3.1927,48.6477],[-3.2069,48.6549],[-3.2254,48.6253],[-3.2407,48.633],[-3.2462,48.6534],[-3.2877,48.6711],[-3.307,48.6567],[-3.36,48.6537],[-3.3999,48.7094],[-3.4232,48.6985],[-3.4128,48.6792],[-3.4258,48.6612],[-3.4221,48.65],[-3.4677,48.6519],[-3.483,48.6565],[-3.4657,48.6712],[-3.4871,48.6865],[-3.4886,48.7022],[-3.5161,48.7038],[-3.5177,48.7191],[-3.5496,48.7333],[-3.5628,48.7586],[-3.5848,48.7588],[-3.6027,48.7713],[-3.5854,48.7736],[-3.5859,48.7924],[-3.6119,48.7953]]],[[[-2.8787,48.703],[-2.8789,48.7032],[-2.8788,48.7032],[-2.8787,48.703]]],[[[-3.1981,48.8641],[-3.1951,48.874],[-3.1807,48.8732],[-3.1837,48.8636],[-3.1981,48.8641]]],[[[-2.9591,48.7803],[-2.9595,48.7796],[-2.9598,48.7803],[-2.9591,48.7803]]],[[[-3.6097,48.7816],[-3.6098,48.7814],[-3.6099,48.7814],[-3.6097,48.7816]]],[[[-2.9822,48.7962],[-2.9803,48.7998],[-2.976,48.7979],[-2.9822,48.7962]]],[[[-3.0377,48.8426],[-3.0382,48.8428],[-3.0369,48.8433],[-3.0377,48.8426]]],[[[-3.0283,48.8355],[-3.0133,48.8575],[-2.9805,48.8611],[-2.9882,48.8401],[-3.0283,48.8355]]],[[[-3.0397,48.8594],[-3.0375,48.8639],[-3.0336,48.8621],[-3.0397,48.8594]]],[[[-3.4109,48.8425],[-3.4082,48.8428],[-3.4068,48.8305],[-3.4109,48.8425]]],[[[-3.4357,48.8984],[-3.4355,48.8999],[-3.4354,48.8999],[-3.4357,48.8984]]],[[[-3.4655,48.89],[-3.4659,48.8905],[-3.4637,48.8926],[-3.4655,48.89]]],[[[-3.5017,48.8827],[-3.495,48.8829],[-3.4869,48.8801],[-3.4944,48.878],[-3.5017,48.8827]]],[[[-3.4799,48.8823],[-3.4821,48.8846],[-3.4751,48.8818],[-3.4799,48.8823]]],[[[-3.5609,48.8263],[-3.5613,48.8263],[-3.5609,48.8271],[-3.5609,48.8263]]]]},"properties":{"id":"22-05","nm":"Lannion","dept":"22","ins":107217,"nbv":139,"dG":4.072,"dCD":0.938,"dED":-4.005,"dAB":-9.953,"af":29.8}},{"type":"Feature","geometry":{"type":"MultiPolygon","coordinates":[[[[-3.0241,48.4723],[-2.9517,48.5184],[-2.9588,48.5336],[-2.9807,48.5349],[-2.9778,48.5515],[-2.9594,48.562],[-2.978,48.5815],[-2.9734,48.5967],[-2.9337,48.5853],[-2.9082,48.5926],[-2.8944,48.5826],[-2.8626,48.5909],[-2.849,48.604],[-2.8334,48.5886],[-2.7831,48.5857],[-2.7701,48.5696],[-2.7124,48.554],[-2.7213,48.5457],[-2.7099,48.5327],[-2.7136,48.5246],[-2.6897,48.4988],[-2.6769,48.5093],[-2.6824,48.532],[-2.6698,48.536],[-2.6501,48.5242],[-2.6268,48.5242],[-2.6059,48.49],[-2.6235,48.4722],[-2.6449,48.4729],[-2.6586,48.4492],[-2.6978,48.4472],[-2.7108,48.4161],[-2.7603,48.4205],[-2.7766,48.4116],[-2.7872,48.4402],[-2.8373,48.4366],[-2.8326,48.4587],[-2.8418,48.4685],[-2.872,48.4588],[-2.8854,48.4434],[-2.9134,48.4353],[-2.9303,48.4419],[-2.9404,48.4285],[-2.9923,48.4314],[-3.0004,48.4434],[-3.0219,48.4477],[-3.0241,48.4723]]],[[[-2.9987,48.5374],[-2.998,48.5375],[-2.9983,48.5368],[-2.9987,48.5374]]]]},"properties":{"id":"22-01","nm":"Saint-Brieuc","dept":"22","ins":89063,"nbv":107,"dG":5.17,"dCD":3.215,"dED":-6.923,"dAB":-6.683,"af":31.97}},{"type":"Feature","geometry":{"type":"Polygon","coordinates":[[[1.3726,46.2161],[1.4086,46.245],[1.4044,46.262],[1.4144,46.2805],[1.441,46.3042],[1.4387,46.3318],[1.41,46.342],[1.4356,46.3545],[1.4457,46.3747],[1.4633,46.3756],[1.4781,46.3942],[1.497,46.3998],[1.5227,46.4267],[1.5443,46.4191],[1.5514,46.3965],[1.6092,46.423],[1.6225,46.4187],[1.6155,46.4001],[1.6417,46.3856],[1.6837,46.4182],[1.7033,46.397],[1.7263,46.391],[1.7472,46.404],[1.7587,46.426],[1.7479,46.4502],[1.7979,46.4552],[1.8212,46.4301],[1.8381,46.4262],[1.9145,46.4433],[1.9281,46.4324],[1.9786,46.4416],[2.0913,46.4095],[2.1154,46.4222],[2.1986,46.4284],[2.2811,46.4205],[2.2861,46.3845],[2.3314,46.379],[2.3377,46.3645],[2.3242,46.3666],[2.3128,46.3562],[2.3138,46.3359],[2.3367,46.3238],[2.3552,46.3256],[2.3668,46.3118],[2.3882,46.3316],[2.4205,46.3101],[2.4206,46.2866],[2.4326,46.2955],[2.4698,46.2882],[2.4807,46.281],[2.4791,46.2637],[2.4896,46.2491],[2.5153,46.2386],[2.5284,46.1857],[2.5585,46.1748],[2.5656,46.1554],[2.5487,46.1112],[2.551,46.0844],[2.5707,46.0478],[2.6027,46.0332],[2.5937,45.9974],[2.6105,45.974],[2.609,45.9667],[2.5695,45.9569],[2.5697,45.9474],[2.5435,45.9294],[2.543,45.9172],[2.5576,45.9125],[2.5056,45.8855],[2.4922,45.8642],[2.4703,45.8715],[2.4473,45.8662],[2.4496,45.8498],[2.4306,45.8342],[2.4033,45.8379],[2.3921,45.8302],[2.4327,45.7867],[2.4439,45.7592],[2.4918,45.7419],[2.4728,45.7292],[2.4728,45.7188],[2.4358,45.6992],[2.4098,45.7096],[2.35,45.7098],[2.3493,45.693],[2.3211,45.6685],[2.3076,45.6757],[2.2684,45.6645],[2.2678,45.688],[2.2181,45.7024],[2.1944,45.6988],[2.1981,45.7161],[2.174,45.7324],[2.162,45.7345],[2.1563,45.7218],[2.1299,45.7342],[2.1139,45.7247],[2.0971,45.7336],[2.0846,45.7284],[2.0821,45.7462],[2.0499,45.7624],[2.0035,45.7497],[1.9914,45.7208],[1.9554,45.7243],[1.9488,45.7062],[1.9224,45.7134],[1.8992,45.6983],[1.8735,45.7283],[1.8843,45.7443],[1.8743,45.7558],[1.8923,45.7649],[1.885,45.7934],[1.8467,45.81],[1.8377,45.8235],[1.828,45.8099],[1.7761,45.833],[1.7709,45.8676],[1.7306,45.8419],[1.693,45.8442],[1.6593,45.8347],[1.6525,45.8453],[1.6024,45.8575],[1.6065,45.8692],[1.5912,45.8835],[1.6278,45.9027],[1.6225,45.928],[1.582,45.9315],[1.5809,45.9178],[1.5657,45.9143],[1.5097,45.9325],[1.5213,45.9527],[1.5661,45.9645],[1.5761,45.9788],[1.5671,45.9963],[1.5375,45.9974],[1.5326,46.0104],[1.5452,46.0348],[1.5315,46.0584],[1.5413,46.0754],[1.5258,46.0779],[1.5206,46.0918],[1.5048,46.0884],[1.4971,46.1053],[1.4841,46.1045],[1.5031,46.1276],[1.4517,46.1533],[1.4652,46.1636],[1.4545,46.1771],[1.4153,46.1764],[1.3726,46.2161]]]},"properties":{"id":"23-01","nm":"Guéret","dept":"23","ins":89980,"nbv":279,"dG":-5.922,"dCD":7.166,"dED":-1.163,"dAB":-7.246,"af":30.28}},{"type":"Feature","geometry":{"type":"Polygon","coordinates":[[[-0.0414,45.1144],[-0.0307,45.128],[-0.0369,45.1406],[-0.006,45.1519],[-0.018,45.1687],[0.0013,45.1837],[0.0076,45.2019],[0.0344,45.209],[0.0548,45.2274],[0.0775,45.2205],[0.0958,45.2281],[0.1328,45.209],[0.1696,45.2351],[0.1747,45.2614],[0.2049,45.2644],[0.2216,45.2908],[0.2658,45.2979],[0.2712,45.3169],[0.2479,45.3694],[0.2708,45.4209],[0.306,45.4355],[0.3024,45.459],[0.3287,45.4465],[0.3331,45.4596],[0.3817,45.4864],[0.4092,45.4926],[0.4296,45.4859],[0.4321,45.5039],[0.4657,45.5395],[0.4826,45.5389],[0.5055,45.5542],[0.4989,45.5647],[0.5127,45.602],[0.4996,45.6172],[0.5103,45.631],[0.5254,45.6443],[0.5422,45.6336],[0.5712,45.6371],[0.5671,45.6533],[0.6299,45.7145],[0.6577,45.6881],[0.7249,45.6959],[0.7762,45.6679],[0.7543,45.6147],[0.7791,45.5917],[0.8069,45.5948],[0.814,45.5769],[0.8415,45.5825],[0.8693,45.6236],[0.8942,45.6013],[0.9464,45.6152],[0.9776,45.6047],[0.9973,45.6153],[1.0232,45.6101],[1.0421,45.586],[1.0379,45.5701],[1.0801,45.5374],[1.1173,45.5478],[1.1675,45.5249],[1.1214,45.4882],[1.1333,45.4715],[1.1623,45.4783],[1.176,45.4716],[1.1801,45.4567],[1.2095,45.4633],[1.236,45.455],[1.2402,45.4377],[1.2565,45.4451],[1.294,45.4337],[1.2862,45.4155],[1.2596,45.4176],[1.2586,45.4006],[1.2755,45.4038],[1.2809,45.3851],[1.2937,45.3976],[1.325,45.3801],[1.3177,45.3624],[1.2888,45.3541],[1.2729,45.3284],[1.2395,45.3192],[1.2402,45.2921],[1.2246,45.2715],[1.1657,45.3041],[1.1244,45.2963],[1.0974,45.3086],[1.0925,45.2887],[1.048,45.3013],[0.9978,45.2687],[1.0087,45.2348],[1.0218,45.224],[0.9935,45.2241],[0.9661,45.2552],[0.9604,45.2415],[0.97,45.2125],[0.9207,45.1871],[0.9087,45.1931],[0.8769,45.1816],[0.8521,45.1877],[0.8551,45.1997],[0.8242,45.197],[0.8119,45.2053],[0.8127,45.2325],[0.7931,45.24],[0.7542,45.2207],[0.7489,45.2399],[0.7334,45.2433],[0.7065,45.2897],[0.6813,45.2986],[0.6746,45.287],[0.6553,45.2819],[0.6661,45.2706],[0.6547,45.2554],[0.6384,45.2592],[0.6211,45.2433],[0.5807,45.2398],[0.5365,45.2455],[0.5079,45.2058],[0.4577,45.2102],[0.4563,45.1955],[0.4098,45.1932],[0.3778,45.1682],[0.3464,45.1624],[0.33,45.1708],[0.3234,45.1577],[0.3068,45.1581],[0.2753,45.1325],[0.2184,45.1434],[0.2095,45.1513],[0.229,45.1687],[0.2096,45.1721],[0.1844,45.1503],[0.1863,45.1055],[0.1311,45.12],[0.1157,45.0994],[0.072,45.0748],[0.0432,45.1157],[-0.0079,45.1192],[-0.0345,45.1036],[-0.0414,45.1144]]]},"properties":{"id":"24-03","nm":"Brantôme En Périgord","dept":"24","ins":66947,"nbv":182,"dG":-0.393,"dCD":-3.596,"dED":6.269,"dAB":-9.34,"af":26.15}},{"type":"Feature","geometry":{"type":"MultiPolygon","coordinates":[[[[0.5775,45.0581],[0.617,45.0665],[0.61,45.0869],[0.6165,45.0979],[0.6736,45.1156],[0.678,45.1442],[0.7125,45.1433],[0.7204,45.1737],[0.7426,45.1877],[0.753,45.1824],[0.7954,45.1912],[0.8099,45.2056],[0.8378,45.1947],[0.8577,45.2022],[0.8683,45.1829],[0.9258,45.1901],[0.961,45.2029],[0.9598,45.2402],[0.9707,45.2602],[0.9946,45.2259],[1.0135,45.2225],[1.0,45.2723],[1.0474,45.3026],[1.0844,45.2911],[1.088,45.3119],[1.1231,45.2977],[1.134,45.3052],[1.1559,45.2982],[1.1649,45.3071],[1.2446,45.2587],[1.276,45.2557],[1.2734,45.2373],[1.2341,45.2235],[1.2283,45.2063],[1.235,45.1981],[1.2722,45.2018],[1.2922,45.1866],[1.2674,45.1628],[1.2731,45.1522],[1.2934,45.1403],[1.3524,45.1402],[1.4126,45.1253],[1.4115,45.1136],[1.3915,45.1009],[1.4111,45.053],[1.4482,45.0194],[1.412,45.0026],[1.4186,44.959],[1.4363,44.9409],[1.4425,44.9162],[1.4234,44.9186],[1.4199,44.9004],[1.4424,44.8819],[1.4144,44.8714],[1.4026,44.8503],[1.3661,44.8455],[1.36,44.8333],[1.366,44.8153],[1.3042,44.7977],[1.2994,44.7755],[1.3228,44.7651],[1.3158,44.7405],[1.3018,44.7408],[1.2877,44.7148],[1.271,44.7203],[1.2247,44.6854],[1.1766,44.6823],[1.1505,44.6702],[1.1515,44.6344],[1.0992,44.5958],[1.1032,44.5717],[1.0764,44.5726],[1.0721,44.596],[1.0087,44.6175],[0.9825,44.6429],[0.968,44.6345],[0.9396,44.6487],[0.9785,44.6459],[0.9918,44.6917],[0.941,44.7178],[0.9476,44.7497],[0.9307,44.7613],[0.968,44.798],[0.9315,44.8514],[0.8898,44.8577],[0.8845,44.8819],[0.865,44.8775],[0.8642,44.8599],[0.8525,44.8512],[0.8253,44.8567],[0.8213,44.8814],[0.7827,44.8959],[0.7764,44.9099],[0.7271,44.9161],[0.7141,44.9421],[0.7007,44.9405],[0.6912,44.9539],[0.6617,44.9534],[0.6511,44.9677],[0.6591,44.987],[0.6517,45.005],[0.6016,45.0304],[0.5775,45.0581]]],[[[0.893,45.1947],[0.8929,45.194],[0.8926,45.1948],[0.893,45.1947]]]]},"properties":{"id":"24-04","nm":"Boulazac Isle Manoire","dept":"24","ins":89941,"nbv":211,"dG":6.287,"dCD":-7.31,"dED":1.8,"dAB":-7.986,"af":27.84}},{"type":"Feature","geometry":{"type":"Polygon","coordinates":[[[-0.0351,44.8548],[-0.0112,44.859],[0.0312,44.9116],[0.0032,44.9473],[0.0137,44.9787],[0.0301,44.9784],[0.0387,44.994],[0.0391,45.0243],[0.0532,45.0126],[0.0727,45.0152],[0.0693,44.9998],[0.0853,44.9876],[0.1091,44.9916],[0.1428,44.9719],[0.1781,44.9778],[0.2058,44.966],[0.2868,44.9598],[0.3083,44.9805],[0.3096,45.0024],[0.3358,45.0013],[0.3533,44.9896],[0.3606,45.0189],[0.373,45.0198],[0.4016,44.9971],[0.4431,45.0447],[0.4503,45.0354],[0.4715,45.0373],[0.4923,45.0528],[0.5128,45.0489],[0.5237,45.0566],[0.5556,45.0415],[0.5859,45.0461],[0.6025,45.0298],[0.6193,45.0292],[0.6633,44.9947],[0.6524,44.9719],[0.6652,44.9546],[0.7159,44.9443],[0.7307,44.9169],[0.7809,44.9111],[0.783,44.8969],[0.8225,44.8825],[0.8229,44.862],[0.8324,44.853],[0.8554,44.8526],[0.8745,44.8827],[0.8902,44.8805],[0.8913,44.8576],[0.9387,44.8467],[0.9727,44.7965],[0.9477,44.7841],[0.936,44.7629],[0.9387,44.7536],[0.9499,44.7545],[0.9425,44.7172],[0.9944,44.6911],[0.9801,44.6455],[0.9474,44.6462],[0.9182,44.6261],[0.8771,44.6143],[0.8707,44.598],[0.8337,44.5999],[0.817,44.6271],[0.8324,44.6343],[0.8424,44.6659],[0.8265,44.6762],[0.8218,44.6943],[0.7987,44.701],[0.7862,44.685],[0.7673,44.6869],[0.763,44.6787],[0.684,44.6753],[0.6602,44.6763],[0.6542,44.6967],[0.6314,44.7066],[0.6237,44.6929],[0.5841,44.6983],[0.5673,44.6716],[0.54,44.6654],[0.5127,44.6787],[0.4169,44.6451],[0.364,44.6603],[0.3525,44.6545],[0.358,44.6894],[0.3405,44.7031],[0.3457,44.7225],[0.271,44.7856],[0.2651,44.8265],[0.2863,44.8241],[0.3089,44.8447],[0.288,44.8632],[0.246,44.8712],[0.2436,44.8597],[0.193,44.8211],[0.1509,44.829],[0.1123,44.8189],[0.1047,44.8322],[0.0829,44.8311],[0.0724,44.8186],[0.0385,44.8284],[0.0226,44.8491],[-0.0351,44.8548]]]},"properties":{"id":"24-02","nm":"Bergerac","dept":"24","ins":84286,"nbv":191,"dG":0.497,"dCD":-7.05,"dED":8.343,"dAB":-4.391,"af":31.04}},{"type":"Feature","geometry":{"type":"Polygon","coordinates":[[[0.0405,45.0196],[0.0778,45.0849],[0.1103,45.0955],[0.1299,45.1201],[0.1477,45.1205],[0.159,45.1071],[0.1879,45.1077],[0.188,45.14],[0.1788,45.1461],[0.2102,45.1724],[0.229,45.1731],[0.2316,45.164],[0.2183,45.1539],[0.2228,45.1449],[0.2754,45.1335],[0.3083,45.1616],[0.3219,45.1574],[0.3272,45.1711],[0.3465,45.1637],[0.3747,45.1679],[0.4083,45.1928],[0.4384,45.1927],[0.4718,45.215],[0.5063,45.2054],[0.5311,45.2313],[0.5319,45.2444],[0.5938,45.2421],[0.6217,45.2462],[0.6374,45.2594],[0.6567,45.2575],[0.661,45.2689],[0.6456,45.2772],[0.6612,45.2903],[0.6729,45.2875],[0.6768,45.3002],[0.7074,45.293],[0.7234,45.2588],[0.749,45.2419],[0.7561,45.2242],[0.7992,45.2406],[0.8204,45.2214],[0.8004,45.1924],[0.7214,45.1746],[0.7114,45.1423],[0.6819,45.1433],[0.6752,45.1141],[0.6207,45.0996],[0.6135,45.0891],[0.619,45.0662],[0.5948,45.0638],[0.5819,45.0554],[0.5828,45.046],[0.5556,45.0413],[0.533,45.0532],[0.4985,45.0539],[0.4737,45.035],[0.4392,45.0421],[0.4019,44.9959],[0.3713,45.019],[0.3489,44.985],[0.3311,45.0012],[0.3117,45.0006],[0.3091,44.9805],[0.2916,44.9599],[0.2059,44.9659],[0.1786,44.9776],[0.143,44.9714],[0.1099,44.9911],[0.0835,44.9859],[0.0675,44.9983],[0.0666,45.0137],[0.0405,45.0196]]]},"properties":{"id":"24-01","nm":"Périgueux","dept":"24","ins":77426,"nbv":105,"dG":3.043,"dCD":-5.092,"dED":4.426,"dAB":-4.678,"af":30.28}},{"type":"Feature","geometry":{"type":"MultiPolygon","coordinates":[[[[5.6992,47.2649],[5.7445,47.2659],[5.7836,47.2908],[5.8495,47.3038],[5.863,47.3162],[5.8954,47.3164],[5.9044,47.3346],[5.9264,47.3271],[5.9277,47.3115],[5.9854,47.3081],[6.0097,47.2592],[6.0267,47.2497],[6.0204,47.233],[6.0326,47.2265],[6.0001,47.2138],[5.9894,47.1953],[6.0124,47.1637],[6.0328,47.1689],[6.0718,47.1308],[6.049,47.1226],[6.022,47.0782],[5.9701,47.0506],[5.9562,46.9995],[5.9402,46.9824],[5.9178,46.9794],[5.9098,46.999],[5.8494,47.0034],[5.8137,47.0174],[5.8118,47.0465],[5.8009,47.0435],[5.7921,47.0229],[5.7619,47.0114],[5.743,47.0226],[5.751,47.0386],[5.7366,47.0553],[5.7644,47.0454],[5.7819,47.0525],[5.7691,47.0908],[5.7884,47.0988],[5.822,47.1435],[5.8082,47.1694],[5.7851,47.1707],[5.7819,47.1893],[5.7604,47.1941],[5.7531,47.2051],[5.7376,47.2015],[5.6992,47.2649]]],[[[6.0227,47.2643],[6.0228,47.2644],[6.0229,47.2643],[6.0227,47.2643]]],[[[6.0298,47.2622],[6.0307,47.263],[6.0306,47.2611],[6.0298,47.2622]]],[[[6.0334,47.2668],[6.0335,47.2673],[6.034,47.2671],[6.0334,47.2668]]],[[[6.0521,47.2481],[6.0506,47.2493],[6.0525,47.248],[6.0521,47.2481]]]]},"properties":{"id":"25-01","nm":"Besançon","dept":"25","ins":75793,"nbv":134,"dG":5.53,"dCD":-1.056,"dED":-1.409,"dAB":-2.539,"af":34.09}},{"type":"Feature","geometry":{"type":"Polygon","coordinates":[[[6.2504,47.4246],[6.2618,47.4304],[6.2646,47.4473],[6.2795,47.4459],[6.3005,47.4687],[6.3025,47.4915],[6.3199,47.4879],[6.3358,47.5065],[6.3877,47.5087],[6.4115,47.5225],[6.4634,47.5122],[6.4718,47.4958],[6.499,47.5107],[6.521,47.4976],[6.5331,47.5065],[6.5509,47.4949],[6.5738,47.4964],[6.5821,47.5146],[6.5678,47.5304],[6.5831,47.5434],[6.6249,47.5294],[6.6483,47.5362],[6.6679,47.5566],[6.652,47.5725],[6.6603,47.5797],[6.7141,47.5545],[6.7412,47.5564],[6.7744,47.5371],[6.8071,47.5631],[6.8247,47.4929],[6.7913,47.4975],[6.7855,47.4829],[6.7243,47.4799],[6.6706,47.4512],[6.6721,47.4097],[6.6532,47.4035],[6.6638,47.3903],[6.6399,47.3708],[6.6532,47.3538],[6.6297,47.3255],[6.6396,47.3082],[6.6565,47.3004],[6.689,47.3062],[6.7064,47.3171],[6.7048,47.33],[6.762,47.3477],[6.7672,47.3641],[6.8596,47.3596],[6.8761,47.351],[6.9862,47.362],[7.0122,47.3729],[7.0499,47.3614],[7.0624,47.3441],[7.045,47.3264],[7.0155,47.325],[7.0074,47.3009],[6.9459,47.2898],[6.9555,47.243],[6.8816,47.2009],[6.8739,47.1853],[6.8514,47.1744],[6.8584,47.1647],[6.8264,47.1442],[6.7862,47.1708],[6.7533,47.2123],[6.7473,47.2348],[6.7182,47.22],[6.6957,47.2274],[6.6519,47.2112],[6.6647,47.222],[6.6572,47.2425],[6.605,47.2392],[6.5954,47.2448],[6.5941,47.2682],[6.581,47.2732],[6.5251,47.2655],[6.5235,47.2816],[6.4902,47.284],[6.4131,47.2685],[6.4054,47.2545],[6.3625,47.2672],[6.3447,47.2476],[6.3154,47.2434],[6.2898,47.2515],[6.312,47.2739],[6.2849,47.3159],[6.2971,47.3218],[6.2934,47.3378],[6.2778,47.3513],[6.2771,47.3676],[6.2924,47.3782],[6.2769,47.414],[6.2623,47.4121],[6.2504,47.4246]]]},"properties":{"id":"25-03","nm":"Montbéliard","dept":"25","ins":64748,"nbv":197,"dG":-10.257,"dCD":3.322,"dED":8.154,"dAB":-0.186,"af":34.27}},{"type":"Feature","geometry":{"type":"Polygon","coordinates":[[[6.6285,47.3254],[6.6473,47.3511],[6.6329,47.3679],[6.6594,47.3845],[6.6472,47.3989],[6.6729,47.4136],[6.6645,47.4518],[6.7251,47.4808],[6.7696,47.4805],[6.7796,47.5095],[6.7941,47.4934],[6.8192,47.4933],[6.8184,47.5197],[6.8085,47.5318],[6.8192,47.5475],[6.902,47.55],[6.9177,47.5243],[6.9496,47.5087],[6.9491,47.4857],[6.9352,47.4856],[6.9276,47.4987],[6.9111,47.4924],[6.9403,47.4333],[6.9384,47.4061],[6.9203,47.406],[6.9139,47.3893],[6.8848,47.3735],[6.879,47.3505],[6.8485,47.3611],[6.7792,47.3634],[6.7703,47.3352],[6.7781,47.3273],[6.7492,47.3454],[6.7204,47.3366],[6.7075,47.3272],[6.7091,47.3159],[6.6896,47.3062],[6.6412,47.2986],[6.6322,47.3024],[6.6285,47.3254]]]},"properties":{"id":"25-04","nm":"Audincourt","dept":"25","ins":65469,"nbv":94,"dG":-4.516,"dCD":-6.034,"dED":13.274,"dAB":4.162,"af":36.91}},{"type":"Feature","geometry":{"type":"Polygon","coordinates":[[[5.9431,46.9808],[5.9604,47.0054],[5.9661,47.0441],[5.9891,47.0626],[5.9869,47.0725],[6.0099,47.0716],[6.0352,47.0996],[6.0639,47.0886],[6.0718,47.0986],[6.0951,47.1011],[6.1101,47.0639],[6.1574,47.0272],[6.1703,47.0263],[6.1894,47.0026],[6.2874,47.0226],[6.2906,47.0431],[6.2757,47.053],[6.2848,47.0603],[6.2766,47.067],[6.2806,47.0884],[6.2589,47.1136],[6.257,47.1428],[6.2382,47.145],[6.2102,47.1652],[6.2738,47.2027],[6.3131,47.2005],[6.3228,47.2097],[6.3119,47.2268],[6.3252,47.2349],[6.3211,47.2448],[6.3439,47.2493],[6.3575,47.2669],[6.4017,47.2549],[6.4108,47.2679],[6.4308,47.2734],[6.5284,47.2834],[6.5303,47.267],[6.5831,47.2734],[6.6065,47.2571],[6.5961,47.251],[6.5998,47.2408],[6.6571,47.2433],[6.6728,47.2215],[6.7517,47.2354],[6.7811,47.1762],[6.826,47.1436],[6.7634,47.1198],[6.7442,47.1079],[6.7454,47.0956],[6.7097,47.0846],[6.6993,47.0639],[6.7196,47.052],[6.6562,47.0245],[6.6385,47.0015],[6.5048,46.9657],[6.4938,46.972],[6.439,46.9309],[6.4646,46.8904],[6.46,46.8513],[6.4323,46.8091],[6.4584,46.7888],[6.4523,46.7742],[6.4246,46.7545],[6.3959,46.7483],[6.3717,46.7241],[6.2729,46.6844],[6.1391,46.5973],[6.115,46.5777],[6.138,46.5578],[6.1313,46.5538],[6.0485,46.6078],[6.0592,46.6253],[6.1018,46.6511],[6.0698,46.6897],[6.1781,46.7407],[6.2045,46.7704],[6.1833,46.7942],[6.1051,46.8443],[6.0867,46.8432],[6.0662,46.8592],[6.047,46.8457],[6.0227,46.8526],[6.0249,46.8658],[6.0058,46.8731],[6.0091,46.8937],[5.9815,46.908],[5.992,46.9342],[5.9564,46.9487],[5.9748,46.9613],[5.9719,46.9738],[5.9431,46.9808]],[[6.2239,46.9744],[6.2002,46.9523],[6.2234,46.9363],[6.2799,46.9355],[6.2749,46.9521],[6.2604,46.9491],[6.2638,46.9582],[6.2533,46.9654],[6.2239,46.9744]]]},"properties":{"id":"25-05","nm":"Pontarlier","dept":"25","ins":83261,"nbv":188,"dG":-15.089,"dCD":18.264,"dED":-2.964,"dAB":-2.259,"af":33.02}},{"type":"Feature","geometry":{"type":"Polygon","coordinates":[[[5.9213,47.3186],[5.9297,47.3286],[5.9265,47.3446],[5.9814,47.3292],[5.9976,47.3403],[6.0178,47.3318],[6.0548,47.3519],[6.0734,47.3511],[6.0822,47.3713],[6.103,47.3714],[6.1176,47.3964],[6.1521,47.3854],[6.172,47.3954],[6.1758,47.4169],[6.1911,47.4147],[6.2065,47.4314],[6.2273,47.4217],[6.2387,47.4319],[6.261,47.4125],[6.276,47.4172],[6.2832,47.3859],[6.2935,47.3788],[6.2787,47.3517],[6.3038,47.3228],[6.2874,47.3103],[6.2953,47.2958],[6.3126,47.2989],[6.301,47.2516],[6.3306,47.2366],[6.3133,47.2247],[6.3269,47.2111],[6.3107,47.1995],[6.2737,47.2024],[6.2461,47.1886],[6.2246,47.1571],[6.2374,47.1458],[6.2556,47.1465],[6.2678,47.1247],[6.2636,47.1112],[6.2863,47.0856],[6.2828,47.0713],[6.3019,47.0656],[6.2821,47.0481],[6.2998,47.0339],[6.3154,47.0395],[6.2945,47.0145],[6.2764,47.0249],[6.2574,47.01],[6.1748,47.0009],[6.1831,47.0129],[6.1494,47.031],[6.1339,47.0523],[6.0972,47.0674],[6.0995,47.0836],[6.0904,47.0937],[6.075,47.0991],[6.0558,47.0883],[6.0371,47.0997],[6.0517,47.125],[6.0682,47.1273],[6.0692,47.1384],[6.0337,47.1677],[6.0115,47.1622],[6.0074,47.1759],[5.9785,47.1972],[6.023,47.2209],[6.0211,47.2306],[6.0097,47.2295],[6.0221,47.2474],[6.004,47.2534],[6.0023,47.2793],[5.9919,47.2842],[5.9863,47.3074],[5.9213,47.3186]]]},"properties":{"id":"25-02","nm":"Besançon","dept":"25","ins":78875,"nbv":142,"dG":3.181,"dCD":1.957,"dED":-2.378,"dAB":-5.004,"af":32.04}},{"type":"Feature","geometry":{"type":"Polygon","coordinates":[[[4.7215,44.3265],[4.7287,44.3694],[4.7495,44.3639],[4.7761,44.372],[4.7893,44.3968],[4.788,44.4081],[4.7694,44.4153],[4.7719,44.4381],[4.7576,44.4549],[4.7759,44.4666],[4.8378,44.4731],[4.8412,44.4947],[4.8736,44.4894],[4.9025,44.5046],[4.9209,44.494],[4.9354,44.5011],[4.9239,44.5422],[4.8848,44.5514],[4.8905,44.5614],[4.9176,44.5667],[4.9222,44.59],[4.9349,44.5926],[4.9421,44.5748],[4.9677,44.5817],[4.9685,44.5932],[4.9879,44.6007],[4.9831,44.6089],[4.9539,44.6041],[4.9474,44.6235],[4.9682,44.6454],[4.9672,44.6566],[4.9412,44.6535],[4.9272,44.669],[4.8782,44.6796],[4.8714,44.7144],[4.8488,44.732],[4.8499,44.7571],[4.8774,44.7606],[4.8907,44.8027],[4.9437,44.8213],[4.9454,44.8297],[4.9358,44.833],[4.9751,44.8568],[4.9737,44.8765],[4.9371,44.9003],[4.9335,44.9135],[4.9468,44.9358],[4.9678,44.9404],[4.9718,44.9592],[4.9874,44.9577],[4.9973,44.9673],[5.0443,44.9601],[5.074,44.9258],[5.1182,44.9226],[5.148,44.9095],[5.1848,44.9192],[5.2245,44.9864],[5.2356,45.0642],[5.2261,45.0763],[5.2707,45.0569],[5.2922,45.0637],[5.3142,45.0521],[5.3411,45.0619],[5.3456,45.0496],[5.3754,45.0434],[5.3877,45.0585],[5.3933,45.0467],[5.4135,45.0454],[5.4692,45.0886],[5.4832,45.0839],[5.4942,45.0717],[5.4749,45.0693],[5.465,45.0461],[5.4936,44.9961],[5.4779,44.9667],[5.4836,44.9222],[5.4656,44.8313],[5.4851,44.8229],[5.4663,44.7946],[5.549,44.7711],[5.5452,44.7956],[5.5818,44.7779],[5.5881,44.7626],[5.6271,44.7525],[5.6489,44.7237],[5.7043,44.7293],[5.7561,44.6964],[5.802,44.7068],[5.8257,44.7014],[5.8296,44.6887],[5.8023,44.6753],[5.7898,44.6532],[5.7535,44.6624],[5.7535,44.6486],[5.7387,44.6408],[5.6428,44.6519],[5.6462,44.6095],[5.6184,44.5835],[5.5992,44.5483],[5.6148,44.5328],[5.6041,44.5216],[5.6096,44.5086],[5.6263,44.4981],[5.6169,44.4732],[5.6036,44.4655],[5.5586,44.4733],[5.4633,44.5002],[5.4644,44.4502],[5.4974,44.4383],[5.4932,44.4285],[5.4743,44.4199],[5.4383,44.4334],[5.4205,44.4246],[5.4431,44.3916],[5.4425,44.3703],[5.4619,44.3677],[5.4691,44.3525],[5.493,44.3398],[5.5216,44.3511],[5.5399,44.3426],[5.5432,44.3312],[5.6245,44.3354],[5.6326,44.3286],[5.6141,44.3143],[5.6427,44.294],[5.6343,44.2816],[5.6512,44.2707],[5.6756,44.2759],[5.6868,44.2661],[5.6733,44.2489],[5.6833,44.2347],[5.6767,44.2122],[5.6867,44.1964],[5.6551,44.189],[5.6471,44.1743],[5.6829,44.1636],[5.6789,44.1461],[5.6313,44.1504],[5.6359,44.1703],[5.6046,44.1914],[5.5754,44.1866],[5.5672,44.171],[5.5832,44.1578],[5.5515,44.1487],[5.541,44.1327],[5.5044,44.1162],[5.4546,44.1193],[5.4338,44.1493],[5.3832,44.1554],[5.3811,44.2014],[5.3581,44.2133],[5.3367,44.2034],[5.3033,44.2057],[5.2492,44.2311],[5.238,44.2135],[5.2074,44.2139],[5.1494,44.2356],[5.1611,44.246],[5.161,44.2621],[5.1469,44.2756],[5.1683,44.2915],[5.1731,44.3075],[5.1664,44.3143],[5.1081,44.2773],[5.0708,44.2891],[5.0585,44.3065],[4.933,44.2622],[4.879,44.2612],[4.8269,44.2285],[4.8142,44.2322],[4.8023,44.302],[4.7622,44.3256],[4.7215,44.3265]],[[4.9067,44.3741],[4.8792,44.3464],[4.8954,44.3382],[4.8838,44.3251],[4.8943,44.3062],[4.984,44.2967],[5.0264,44.3625],[5.0532,44.3649],[5.0609,44.3765],[5.0158,44.3927],[5.0112,44.4098],[4.9704,44.4285],[4.9176,44.4067],[4.9067,44.3741]]]},"properties":{"id":"26-03","nm":"Crest","dept":"26","ins":108753,"nbv":283,"dG":7.703,"dCD":-4.709,"dED":-1.075,"dAB":-9.33,"af":29.22}},{"type":"Feature","geometry":{"type":"MultiPolygon","coordinates":[[[[5.6016,44.5171],[5.6228,44.5356],[5.6647,44.5019],[5.6263,44.4981],[5.6016,44.5171]]],[[[4.8004,45.2984],[4.8589,45.3086],[4.8617,45.2989],[4.8755,45.2973],[4.9878,45.3437],[5.0093,45.3423],[5.023,45.3186],[5.0543,45.319],[5.0759,45.2827],[5.1387,45.2966],[5.1242,45.2489],[5.1378,45.2447],[5.1533,45.2564],[5.1767,45.2486],[5.2017,45.2174],[5.1788,45.2171],[5.1666,45.2046],[5.19,45.1697],[5.1907,45.1409],[5.1864,45.1201],[5.1622,45.0968],[5.1522,45.0724],[5.1628,45.0657],[5.1813,45.0843],[5.2134,45.0827],[5.2356,45.0666],[5.2233,44.9843],[5.1868,44.9202],[5.1457,44.9097],[5.069,44.9259],[5.0417,44.9579],[4.999,44.9668],[4.9882,44.9571],[4.9642,44.9587],[4.9822,44.9729],[4.9644,44.992],[4.9459,44.983],[4.9098,44.9903],[4.89,44.977],[4.8603,44.9839],[4.8883,45.0062],[4.9346,45.0172],[4.9335,45.0337],[4.9599,45.0416],[4.9904,45.0352],[4.9922,45.0553],[4.9425,45.0563],[4.9347,45.0891],[4.9038,45.1082],[4.9135,45.1141],[4.9051,45.145],[4.8668,45.1372],[4.8086,45.17],[4.8118,45.2059],[4.8018,45.2459],[4.8093,45.2883],[4.8004,45.2984]]]]},"properties":{"id":"26-04","nm":"Romans-Sur-Isère","dept":"26","ins":100702,"nbv":126,"dG":-3.437,"dCD":1.041,"dED":3.721,"dAB":-2.49,"af":35.08}},{"type":"Feature","geometry":{"type":"Polygon","coordinates":[[[4.6469,44.3513],[4.6692,44.4337],[4.6887,44.4406],[4.6994,44.4568],[4.6876,44.5008],[4.705,44.5309],[4.6938,44.542],[4.6946,44.5618],[4.7122,44.5828],[4.7407,44.5888],[4.7406,44.6026],[4.7785,44.6544],[4.7608,44.7717],[4.7942,44.7925],[4.7991,44.8118],[4.8206,44.818],[4.8211,44.8382],[4.8406,44.8439],[4.8604,44.8736],[4.8544,44.8968],[4.8904,44.8872],[4.9351,44.9006],[4.9791,44.8782],[4.9741,44.8541],[4.9445,44.8369],[4.9504,44.8224],[4.902,44.811],[4.8764,44.757],[4.8504,44.7537],[4.8498,44.7358],[4.8734,44.7159],[4.8792,44.6834],[4.9284,44.6687],[4.9397,44.6569],[4.9708,44.6563],[4.9732,44.6476],[4.9509,44.6274],[4.9543,44.6084],[4.9914,44.6073],[4.9644,44.5786],[4.9374,44.5723],[4.9354,44.5886],[4.9247,44.5905],[4.9189,44.5655],[4.8891,44.5587],[4.8907,44.5473],[4.9234,44.5436],[4.9406,44.5042],[4.9227,44.4935],[4.9011,44.504],[4.8791,44.4904],[4.845,44.4938],[4.84,44.4729],[4.7674,44.4624],[4.7698,44.4175],[4.7951,44.3988],[4.7778,44.3725],[4.7503,44.3621],[4.731,44.3668],[4.7286,44.3437],[4.7131,44.3205],[4.6506,44.3298],[4.6469,44.3513]]]},"properties":{"id":"26-02","nm":"Montélimar","dept":"26","ins":97115,"nbv":106,"dG":-7.467,"dCD":-0.662,"dED":10.327,"dAB":1.232,"af":35.89}},{"type":"Feature","geometry":{"type":"Polygon","coordinates":[[[4.8036,45.1238],[4.8048,45.1345],[4.8327,45.157],[4.8661,45.1378],[4.8956,45.1492],[4.9069,45.1443],[4.9102,45.0992],[4.9365,45.0915],[4.9438,45.0546],[4.9952,45.0597],[4.9922,45.0326],[4.9493,45.0389],[4.9391,45.0321],[4.9442,45.021],[4.8888,45.0058],[4.8654,44.989],[4.8895,44.9772],[4.9109,44.9915],[4.9255,44.9837],[4.9646,44.993],[4.9807,44.9864],[4.9843,44.9706],[4.9699,44.9613],[4.9784,44.9424],[4.9506,44.9382],[4.934,44.9108],[4.937,44.9],[4.8908,44.8872],[4.8544,44.8969],[4.8859,44.937],[4.8364,45.0069],[4.8397,45.0293],[4.8597,45.0568],[4.8364,45.0684],[4.8282,45.1003],[4.8036,45.1238]]]},"properties":{"id":"26-01","nm":"Valence","dept":"26","ins":73659,"nbv":81,"dG":1.998,"dCD":2.227,"dED":-2.231,"dAB":-0.159,"af":36.84}},{"type":"Feature","geometry":{"type":"Polygon","coordinates":[[[0.5207,48.9081],[0.5528,48.9216],[0.6062,48.9177],[0.6284,48.9331],[0.6552,48.9174],[0.7022,48.9453],[0.7304,48.9436],[0.7803,48.9728],[0.7924,48.9955],[0.7841,49.0041],[0.8051,49.0143],[0.7977,49.023],[0.757,49.0148],[0.7317,49.037],[0.7042,49.0869],[0.7318,49.0987],[0.7256,49.1278],[0.6686,49.1278],[0.653,49.1449],[0.6222,49.1573],[0.5965,49.1561],[0.5985,49.1655],[0.5772,49.1832],[0.5846,49.1902],[0.5816,49.2257],[0.602,49.2282],[0.6117,49.2163],[0.6268,49.2171],[0.6327,49.2316],[0.6593,49.2387],[0.6924,49.2299],[0.7008,49.2147],[0.7129,49.2218],[0.7041,49.2414],[0.7293,49.2588],[0.7549,49.2447],[0.7985,49.2505],[0.8235,49.2413],[0.8293,49.2225],[0.8229,49.2136],[0.8436,49.2033],[0.8551,49.1841],[0.9446,49.202],[0.9802,49.2211],[1.0015,49.2196],[1.0108,49.204],[1.0486,49.1949],[1.0715,49.1744],[1.1322,49.1585],[1.0961,49.1434],[1.1229,49.1316],[1.1352,49.1065],[1.1545,49.1145],[1.1525,49.1263],[1.1622,49.1257],[1.1793,49.1113],[1.2118,49.1106],[1.2253,49.0946],[1.2477,49.0883],[1.2445,49.0552],[1.1954,49.0555],[1.1857,49.0386],[1.1521,49.0291],[1.158,48.9992],[1.1474,48.9946],[1.1455,48.9754],[1.1253,48.9716],[1.102,48.9924],[1.0704,48.9784],[1.0515,48.9872],[1.027,48.9809],[1.0261,48.972],[1.0563,48.95],[1.0296,48.9151],[0.9898,48.9032],[0.9645,48.9158],[0.931,48.9069],[0.9049,48.8841],[0.8874,48.8837],[0.8719,48.9035],[0.8813,48.9187],[0.8517,48.9392],[0.7814,48.9058],[0.7803,48.8821],[0.7685,48.8718],[0.7707,48.851],[0.7925,48.8212],[0.8015,48.821],[0.7941,48.777],[0.7803,48.7678],[0.7861,48.74],[0.7749,48.7375],[0.7321,48.785],[0.689,48.7936],[0.6076,48.8328],[0.6191,48.8497],[0.6015,48.872],[0.5852,48.8768],[0.5879,48.8882],[0.5748,48.9028],[0.5207,48.9081]]]},"properties":{"id":"27-02","nm":"Evreux","dept":"27","ins":79112,"nbv":171,"dG":-9.055,"dCD":-0.033,"dED":11.21,"dAB":-1.143,"af":35.49}},{"type":"Feature","geometry":{"type":"MultiPolygon","coordinates":[[[[0.7287,48.7068],[0.7847,48.74],[0.7789,48.7711],[0.7966,48.7897],[0.7957,48.8182],[0.7656,48.8541],[0.7749,48.8814],[0.7646,48.8903],[0.7786,48.8968],[0.7729,48.9074],[0.7918,48.9057],[0.851,48.9393],[0.8623,48.9389],[0.8691,48.9243],[0.8874,48.928],[0.8739,48.9024],[0.8883,48.8844],[0.9665,48.9163],[0.9907,48.9056],[1.0295,48.9165],[1.0504,48.9505],[1.0195,48.9782],[1.0453,48.9902],[1.0738,48.9778],[1.1037,48.9918],[1.125,48.9725],[1.1438,48.9753],[1.1522,49.0015],[1.148,49.0268],[1.1571,49.0376],[1.1816,49.0388],[1.1944,49.0538],[1.2433,49.056],[1.2461,49.0647],[1.2325,49.0746],[1.2636,49.0901],[1.3517,49.0429],[1.3996,49.0469],[1.4379,49.0244],[1.4577,49.0262],[1.48,49.0072],[1.4721,48.9809],[1.5183,48.9784],[1.4989,48.9671],[1.5104,48.9529],[1.499,48.9388],[1.4647,48.9379],[1.4539,48.9239],[1.4617,48.9011],[1.4716,48.8975],[1.4648,48.8772],[1.4004,48.8589],[1.3617,48.832],[1.3581,48.8151],[1.3774,48.7908],[1.3745,48.7811],[1.3635,48.7831],[1.3325,48.7623],[1.2976,48.768],[1.2548,48.7585],[1.2438,48.7696],[1.2229,48.758],[1.1878,48.7727],[1.1577,48.7695],[1.146,48.7844],[1.1231,48.7868],[1.1199,48.773],[1.1278,48.7657],[1.1148,48.7466],[1.0697,48.7488],[1.0623,48.7574],[1.0291,48.7287],[0.9769,48.73],[0.9212,48.7092],[0.8872,48.7194],[0.8687,48.7063],[0.8639,48.6876],[0.7804,48.6664],[0.764,48.6754],[0.7629,48.6982],[0.7287,48.7068]]],[[[1.1396,49.0319],[1.1379,49.0312],[1.1376,49.0315],[1.1396,49.0319]]],[[[1.1262,49.0209],[1.1259,49.0215],[1.1264,49.0217],[1.1262,49.0209]]]]},"properties":{"id":"27-01","nm":"Evreux","dept":"27","ins":87391,"nbv":151,"dG":-7.87,"dCD":-3.738,"dED":12.995,"dAB":2.157,"af":38.31}},{"type":"Feature","geometry":{"type":"Polygon","coordinates":[[[0.7314,49.3259],[0.7406,49.3423],[0.7822,49.3454],[0.7973,49.3291],[0.8264,49.3265],[0.8327,49.3352],[0.8992,49.3189],[0.9009,49.3011],[0.9374,49.3229],[0.9787,49.2702],[1.04,49.2589],[1.0641,49.2795],[1.0488,49.2982],[1.1302,49.31],[1.1347,49.325],[1.1604,49.3417],[1.1958,49.3388],[1.1991,49.3508],[1.2095,49.3526],[1.2459,49.3475],[1.237,49.3411],[1.2392,49.3128],[1.2657,49.2914],[1.2733,49.2722],[1.2887,49.2692],[1.2952,49.2468],[1.254,49.2239],[1.2518,49.2075],[1.2705,49.2009],[1.2699,49.1832],[1.2807,49.1757],[1.2978,49.1792],[1.3181,49.2041],[1.3381,49.2027],[1.3438,49.1829],[1.391,49.1685],[1.4175,49.1472],[1.409,49.134],[1.4181,49.1252],[1.4141,49.1049],[1.3589,49.119],[1.3479,49.1001],[1.2808,49.0799],[1.2633,49.0894],[1.2449,49.0825],[1.2398,49.0929],[1.2195,49.0926],[1.2153,49.1083],[1.1779,49.1099],[1.1637,49.12],[1.1371,49.1044],[1.1074,49.1221],[1.1109,49.1355],[1.0734,49.1423],[1.1169,49.1544],[1.1181,49.1644],[1.075,49.171],[1.0363,49.203],[1.0096,49.2043],[0.9989,49.2198],[0.943,49.2002],[0.9271,49.2043],[0.848,49.1848],[0.8397,49.2038],[0.8077,49.2148],[0.8245,49.227],[0.8202,49.2416],[0.7757,49.2476],[0.7633,49.2703],[0.7367,49.2762],[0.7453,49.2924],[0.7314,49.3259]]]},"properties":{"id":"27-04","nm":"Louviers","dept":"27","ins":90761,"nbv":127,"dG":3.36,"dCD":-10.217,"dED":9.447,"dAB":1.403,"af":37.94}},{"type":"Feature","geometry":{"type":"Polygon","coordinates":[[[0.3088,49.3869],[0.2969,49.4299],[0.3341,49.4339],[0.3384,49.4454],[0.4251,49.4567],[0.5061,49.4849],[0.5947,49.4283],[0.6426,49.4445],[0.6494,49.4393],[0.6403,49.43],[0.6638,49.4023],[0.7676,49.42],[0.785,49.4119],[0.8027,49.4276],[0.8179,49.3985],[0.8783,49.3962],[0.8909,49.3779],[0.9179,49.3854],[0.9321,49.3451],[0.9207,49.3382],[0.8829,49.3472],[0.8219,49.3242],[0.7911,49.3291],[0.7769,49.3451],[0.7403,49.3408],[0.7324,49.3256],[0.7494,49.2915],[0.743,49.2793],[0.7665,49.2677],[0.7702,49.2441],[0.7274,49.2579],[0.7082,49.2424],[0.7145,49.2192],[0.6957,49.2145],[0.6891,49.2274],[0.656,49.2374],[0.635,49.2313],[0.6279,49.2173],[0.6116,49.2153],[0.5993,49.2282],[0.5787,49.2205],[0.5885,49.1905],[0.5796,49.1791],[0.6055,49.1577],[0.6535,49.1477],[0.6656,49.1283],[0.7301,49.1277],[0.7262,49.1152],[0.7361,49.1017],[0.7243,49.0919],[0.7134,49.0961],[0.7066,49.0843],[0.7309,49.0383],[0.7474,49.0355],[0.7537,49.0161],[0.8034,49.0216],[0.8064,49.0087],[0.7942,49.0054],[0.7888,48.9809],[0.7596,48.9647],[0.7588,48.9555],[0.729,48.9426],[0.6907,48.9412],[0.6547,48.9165],[0.6293,48.931],[0.6055,48.9174],[0.5599,48.9235],[0.541,48.917],[0.5389,48.9029],[0.5511,48.9118],[0.5853,48.8991],[0.5513,48.8744],[0.4752,48.887],[0.4431,48.8813],[0.3861,48.9105],[0.392,48.9287],[0.4311,48.9668],[0.4247,48.9831],[0.4435,49.0158],[0.4279,49.0318],[0.3902,49.034],[0.367,49.0522],[0.3793,49.06],[0.3784,49.0705],[0.3991,49.0802],[0.4083,49.1286],[0.4237,49.1306],[0.4277,49.1408],[0.3863,49.1534],[0.3869,49.2144],[0.3382,49.2307],[0.3198,49.2505],[0.3789,49.2644],[0.3811,49.284],[0.3614,49.2967],[0.3424,49.295],[0.3257,49.2779],[0.3089,49.2833],[0.3199,49.2978],[0.3128,49.311],[0.2979,49.3144],[0.322,49.3389],[0.302,49.3715],[0.3088,49.3869]]]},"properties":{"id":"27-03","nm":"Pont-Audemer","dept":"27","ins":84868,"nbv":189,"dG":-14.614,"dCD":1.883,"dED":14.77,"dAB":-1.59,"af":34.08}},{"type":"Feature","geometry":{"type":"Polygon","coordinates":[[[1.2252,49.31],[1.2387,49.3193],[1.2285,49.3364],[1.2342,49.3428],[1.2681,49.3469],[1.2813,49.3582],[1.2851,49.3881],[1.3085,49.3995],[1.3093,49.4286],[1.3328,49.4318],[1.3451,49.448],[1.3865,49.4633],[1.4766,49.4515],[1.5029,49.4396],[1.5296,49.4424],[1.5374,49.4342],[1.5763,49.4402],[1.608,49.4112],[1.6283,49.4151],[1.6572,49.3999],[1.668,49.4072],[1.6908,49.3993],[1.7044,49.4107],[1.7405,49.4056],[1.7281,49.3938],[1.7568,49.3706],[1.7744,49.3371],[1.7679,49.3185],[1.7737,49.2954],[1.7976,49.2885],[1.8024,49.2735],[1.7903,49.2468],[1.7669,49.252],[1.7537,49.2677],[1.709,49.2627],[1.7039,49.2288],[1.675,49.2114],[1.6702,49.1695],[1.653,49.143],[1.6583,49.1352],[1.6238,49.1003],[1.6234,49.086],[1.5579,49.0691],[1.5138,49.0739],[1.4871,49.0516],[1.4611,49.0612],[1.45,49.0459],[1.4577,49.0262],[1.4455,49.0224],[1.4004,49.0452],[1.3485,49.0444],[1.2896,49.0816],[1.3453,49.1046],[1.3585,49.1195],[1.4115,49.1051],[1.4169,49.1238],[1.406,49.133],[1.4131,49.152],[1.3371,49.1885],[1.3485,49.2041],[1.3934,49.2236],[1.3967,49.2393],[1.3587,49.2509],[1.2692,49.2047],[1.2367,49.2123],[1.2904,49.248],[1.2854,49.2693],[1.2656,49.2695],[1.2654,49.2915],[1.2524,49.305],[1.2252,49.31]]]},"properties":{"id":"27-05","nm":"Vernon","dept":"27","ins":89810,"nbv":165,"dG":-9.314,"dCD":-1.362,"dED":12.391,"dAB":0.303,"af":37.08}},{"type":"Feature","geometry":{"type":"Polygon","coordinates":[[[0.8097,48.6624],[0.8273,48.6807],[0.8584,48.6867],[0.8727,48.7134],[0.8902,48.7204],[0.8999,48.711],[0.9253,48.7101],[0.9791,48.7306],[1.0313,48.7299],[1.0639,48.7595],[1.0734,48.7499],[1.0866,48.7573],[1.1107,48.7507],[1.1219,48.7892],[1.1518,48.7858],[1.1628,48.7696],[1.1869,48.773],[1.2163,48.761],[1.2467,48.7692],[1.2643,48.7577],[1.297,48.7682],[1.3307,48.7619],[1.3764,48.7865],[1.3558,48.8167],[1.3613,48.8338],[1.4059,48.8611],[1.4644,48.8765],[1.4696,48.895],[1.4478,48.9246],[1.4611,48.9375],[1.5014,48.941],[1.514,48.9257],[1.5384,48.9225],[1.5425,48.9032],[1.5634,48.8905],[1.5531,48.8701],[1.5842,48.8604],[1.5804,48.8452],[1.5981,48.8389],[1.5827,48.8286],[1.5915,48.815],[1.5761,48.787],[1.5873,48.7732],[1.574,48.7593],[1.5506,48.7542],[1.5437,48.7366],[1.5275,48.7369],[1.516,48.7255],[1.5343,48.7037],[1.4318,48.6889],[1.3811,48.6522],[1.389,48.6346],[1.4099,48.6356],[1.4218,48.6086],[1.4546,48.6181],[1.4691,48.6103],[1.4742,48.5635],[1.3718,48.5763],[1.3632,48.5629],[1.3794,48.5489],[1.3303,48.546],[1.2915,48.5159],[1.2533,48.5243],[1.2317,48.5137],[1.2102,48.521],[1.1985,48.5028],[1.1427,48.512],[1.1095,48.5056],[1.1036,48.5148],[1.0657,48.5239],[1.0718,48.5303],[1.0653,48.5398],[1.0446,48.518],[1.0255,48.5168],[1.0149,48.5328],[0.996,48.5282],[0.9655,48.5555],[0.9441,48.5493],[0.8506,48.5826],[0.846,48.6079],[0.8172,48.6155],[0.8262,48.6308],[0.8097,48.6624]]]},"properties":{"id":"28-02","nm":"Dreux","dept":"28","ins":75563,"nbv":130,"dG":-4.542,"dCD":1.3,"dED":4.432,"dAB":4.843,"af":39.85}},{"type":"Feature","geometry":{"type":"Polygon","coordinates":[[[0.9644,48.1953],[0.9737,48.2058],[1.0553,48.2051],[1.0642,48.2159],[1.0461,48.2409],[1.0667,48.253],[1.0763,48.2398],[1.1242,48.2366],[1.133,48.242],[1.1327,48.2571],[1.1511,48.2551],[1.1763,48.2673],[1.1828,48.2836],[1.2011,48.2881],[1.2279,48.2713],[1.2897,48.2887],[1.3017,48.2713],[1.3278,48.2719],[1.3406,48.2877],[1.3889,48.2756],[1.4182,48.2957],[1.4922,48.2901],[1.4902,48.3186],[1.5444,48.3158],[1.5526,48.3515],[1.5725,48.3527],[1.5823,48.3637],[1.6103,48.362],[1.6041,48.3478],[1.6248,48.3415],[1.6377,48.352],[1.6701,48.3456],[1.6796,48.3725],[1.6213,48.3957],[1.6419,48.4103],[1.643,48.4213],[1.6054,48.4483],[1.6185,48.4746],[1.615,48.4963],[1.6341,48.5105],[1.6444,48.5039],[1.6787,48.5101],[1.6989,48.4967],[1.7565,48.5051],[1.7676,48.4938],[1.7846,48.5002],[1.8061,48.467],[1.8367,48.4671],[1.8469,48.4471],[1.8715,48.44],[1.9019,48.4392],[1.9295,48.4571],[1.9429,48.4411],[1.9337,48.4081],[1.9782,48.4018],[1.9708,48.3844],[1.9881,48.3639],[1.9737,48.3539],[1.979,48.3129],[1.9613,48.3067],[1.9946,48.2826],[1.9628,48.2475],[1.9642,48.2222],[1.9794,48.204],[1.971,48.1711],[1.9231,48.1723],[1.906,48.1556],[1.9204,48.1464],[1.9127,48.1292],[1.8999,48.1275],[1.8659,48.0837],[1.8434,48.0874],[1.83,48.0788],[1.8047,48.0874],[1.7981,48.0767],[1.7452,48.0639],[1.6904,48.0768],[1.6701,48.0627],[1.6598,48.0755],[1.6274,48.0699],[1.6196,48.0429],[1.5992,48.0425],[1.5941,48.0307],[1.557,48.0403],[1.5472,48.0295],[1.5174,48.0312],[1.5266,48.0072],[1.5226,47.9837],[1.499,47.9851],[1.4421,48.0109],[1.4346,48.0004],[1.4374,47.9769],[1.4063,47.9703],[1.386,47.9792],[1.3697,47.9538],[1.3496,47.9627],[1.3086,47.9539],[1.2975,47.9671],[1.2684,47.9616],[1.2463,47.9797],[1.1965,47.9677],[1.1874,48.0002],[1.1695,48.0067],[1.1588,48.0277],[1.1228,48.0358],[1.1064,48.0603],[1.1089,48.0805],[1.0684,48.0763],[1.0638,48.0877],[0.9953,48.0878],[0.9911,48.0971],[1.0455,48.119],[1.0303,48.134],[1.066,48.1401],[1.076,48.1536],[1.0663,48.1615],[1.0192,48.164],[1.0183,48.1878],[0.9644,48.1953]]]},"properties":{"id":"28-04","nm":"Châteaudun","dept":"28","ins":67351,"nbv":164,"dG":-16.756,"dCD":9.177,"dED":9.214,"dAB":-0.979,"af":34.23}},{"type":"Feature","geometry":{"type":"Polygon","coordinates":[[[0.7557,48.2999],[0.7854,48.3405],[0.854,48.3489],[0.9117,48.3722],[0.9455,48.4004],[0.9453,48.4182],[0.9681,48.4337],[0.9416,48.4569],[0.9357,48.4756],[0.9552,48.4836],[0.9415,48.4988],[0.9639,48.5225],[0.9225,48.5377],[0.9357,48.5489],[0.9271,48.5609],[0.9442,48.55],[0.964,48.5564],[0.9969,48.5303],[1.0132,48.5346],[1.0337,48.5186],[1.0657,48.5239],[1.1143,48.5055],[1.1437,48.5123],[1.1941,48.5023],[1.2103,48.5204],[1.2325,48.5133],[1.2545,48.5252],[1.2725,48.5152],[1.3099,48.519],[1.3241,48.5108],[1.3285,48.5234],[1.3503,48.5285],[1.3735,48.5179],[1.3799,48.5008],[1.3961,48.5083],[1.4177,48.4981],[1.4281,48.5045],[1.4429,48.4926],[1.4686,48.4975],[1.4956,48.4739],[1.478,48.436],[1.4508,48.4215],[1.4331,48.4273],[1.3863,48.4038],[1.4235,48.3874],[1.3967,48.354],[1.4128,48.3433],[1.4423,48.3437],[1.4464,48.3266],[1.4632,48.3137],[1.461,48.2919],[1.4198,48.2933],[1.3836,48.2759],[1.3421,48.2868],[1.3287,48.2715],[1.3094,48.2716],[1.2945,48.2589],[1.2844,48.2878],[1.2275,48.2707],[1.2088,48.2734],[1.2104,48.2837],[1.2014,48.2882],[1.1855,48.2845],[1.1763,48.2644],[1.1356,48.2537],[1.1425,48.2391],[1.1329,48.2356],[1.073,48.2379],[1.0689,48.2492],[1.0571,48.2495],[1.049,48.2392],[1.0543,48.2235],[1.0712,48.2139],[1.0642,48.202],[0.978,48.206],[0.971,48.1957],[1.0075,48.1868],[1.0248,48.193],[1.0343,48.1861],[1.0345,48.1675],[1.0776,48.154],[1.0653,48.1392],[0.9946,48.127],[0.9546,48.0991],[0.9449,48.0982],[0.9411,48.1125],[0.9102,48.1032],[0.8411,48.103],[0.8541,48.1213],[0.8502,48.1333],[0.9057,48.1348],[0.909,48.1482],[0.8609,48.1673],[0.8368,48.167],[0.7957,48.188],[0.8055,48.2055],[0.8265,48.2171],[0.7878,48.2617],[0.7947,48.2927],[0.7557,48.2999]]]},"properties":{"id":"28-03","nm":"Lucé","dept":"28","ins":71148,"nbv":134,"dG":-19.67,"dCD":12.013,"dED":7.546,"dAB":-0.328,"af":36.5}},{"type":"Feature","geometry":{"type":"Polygon","coordinates":[[[1.3487,48.5521],[1.3797,48.578],[1.4003,48.5692],[1.4434,48.5703],[1.4571,48.5596],[1.4769,48.5672],[1.4772,48.5797],[1.4565,48.5878],[1.4695,48.6081],[1.4495,48.6173],[1.4207,48.6066],[1.4111,48.6304],[1.3887,48.6336],[1.3798,48.6516],[1.4306,48.6887],[1.5212,48.7002],[1.5254,48.7093],[1.508,48.7257],[1.5438,48.7394],[1.5715,48.7694],[1.6267,48.7481],[1.585,48.703],[1.6118,48.6893],[1.6038,48.6621],[1.6217,48.65],[1.6431,48.6513],[1.6622,48.6168],[1.715,48.6147],[1.7188,48.6057],[1.7055,48.5874],[1.7128,48.5769],[1.7575,48.5751],[1.7875,48.5538],[1.7757,48.5267],[1.7846,48.5002],[1.7661,48.492],[1.7541,48.5047],[1.6992,48.4963],[1.6616,48.5096],[1.6245,48.5054],[1.6129,48.4473],[1.6462,48.4252],[1.6473,48.4158],[1.6241,48.3959],[1.6883,48.3703],[1.6776,48.3497],[1.6372,48.3491],[1.6282,48.3407],[1.5814,48.3609],[1.5501,48.3458],[1.5514,48.3135],[1.4987,48.3177],[1.4936,48.3033],[1.5087,48.2907],[1.4837,48.2869],[1.4601,48.2961],[1.4597,48.3197],[1.4339,48.3453],[1.4124,48.3428],[1.3907,48.3529],[1.4183,48.3848],[1.3827,48.4022],[1.4312,48.4265],[1.4504,48.423],[1.471,48.4319],[1.4681,48.4435],[1.4907,48.4731],[1.4669,48.4958],[1.4438,48.4907],[1.4307,48.5016],[1.3976,48.5061],[1.3725,48.5008],[1.3749,48.5262],[1.3487,48.5521]]]},"properties":{"id":"28-01","nm":"Chartres","dept":"28","ins":90304,"nbv":123,"dG":-7.529,"dCD":7.839,"dED":1.035,"dAB":-1.738,"af":35.93}},{"type":"Feature","geometry":{"type":"MultiPolygon","coordinates":[[[[-4.6429,48.2728],[-4.6413,48.274],[-4.6409,48.2735],[-4.6429,48.2728]]],[[[-4.6306,48.2795],[-4.6011,48.2877],[-4.5793,48.2778],[-4.5684,48.2936],[-4.5833,48.3189],[-4.5555,48.3382],[-4.5324,48.3417],[-4.5551,48.3024],[-4.5338,48.286],[-4.4998,48.3112],[-4.513,48.2951],[-4.5002,48.2818],[-4.4608,48.2947],[-4.4192,48.2938],[-4.4112,48.2771],[-4.3863,48.2745],[-4.2885,48.2988],[-4.2644,48.2926],[-4.2618,48.2807],[-4.2447,48.2869],[-4.2433,48.298],[-4.2835,48.3148],[-4.3398,48.313],[-4.322,48.3296],[-4.3353,48.3477],[-4.365,48.3457],[-4.372,48.3281],[-4.4593,48.3264],[-4.4338,48.3632],[-4.4077,48.3809],[-4.3099,48.4169],[-4.2803,48.3852],[-4.3057,48.3669],[-4.2972,48.3491],[-4.2732,48.354],[-4.276,48.3717],[-4.2618,48.3711],[-4.2383,48.3898],[-4.2302,48.4236],[-4.2121,48.4237],[-4.1765,48.3894],[-4.1322,48.3683],[-4.0899,48.3802],[-4.0782,48.3632],[-4.057,48.3551],[-4.003,48.3664],[-3.9642,48.3597],[-3.9194,48.4019],[-3.8236,48.4303],[-3.8087,48.4258],[-3.77,48.444],[-3.6898,48.4527],[-3.6408,48.475],[-3.619,48.4632],[-3.5948,48.4705],[-3.5686,48.453],[-3.5535,48.4533],[-3.551,48.4467],[-3.5985,48.4232],[-3.6027,48.3975],[-3.5979,48.3856],[-3.5542,48.3785],[-3.5589,48.3499],[-3.548,48.3134],[-3.5251,48.3235],[-3.5185,48.3181],[-3.545,48.2936],[-3.518,48.2823],[-3.5229,48.2559],[-3.5389,48.2533],[-3.5544,48.2294],[-3.5404,48.2075],[-3.522,48.2039],[-3.5194,48.1895],[-3.5602,48.1914],[-3.6525,48.1566],[-3.6936,48.1512],[-3.7199,48.1301],[-3.7339,48.0942],[-3.7685,48.0862],[-3.7887,48.0725],[-3.7904,48.058],[-3.8088,48.0661],[-3.8169,48.0511],[-3.8662,48.037],[-3.8728,48.0446],[-3.9138,48.0473],[-3.9154,48.0549],[-3.8818,48.0799],[-3.8994,48.0822],[-3.8974,48.116],[-3.9175,48.1286],[-3.9272,48.1252],[-3.9415,48.1527],[-4.0052,48.1415],[-4.0183,48.1589],[-4.0527,48.1619],[-4.0577,48.1381],[-4.084,48.1136],[-4.1304,48.096],[-4.1465,48.1032],[-4.2191,48.0901],[-4.2238,48.0809],[-4.2553,48.0715],[-4.2991,48.0945],[-4.2705,48.141],[-4.2786,48.1557],[-4.2957,48.1584],[-4.294,48.1828],[-4.3168,48.2031],[-4.3694,48.2054],[-4.3798,48.218],[-4.4288,48.2273],[-4.4377,48.2216],[-4.4412,48.2318],[-4.4671,48.239],[-4.4926,48.2334],[-4.4937,48.2207],[-4.5387,48.1806],[-4.54,48.1698],[-4.5601,48.1699],[-4.5523,48.2073],[-4.5735,48.2358],[-4.5482,48.2402],[-4.5456,48.2493],[-4.5578,48.2579],[-4.5972,48.2522],[-4.6093,48.2613],[-4.6176,48.2604],[-4.6228,48.2511],[-4.6298,48.2482],[-4.634,48.247],[-4.6183,48.2706],[-4.6306,48.2795]]],[[[-4.4617,48.3243],[-4.4616,48.3236],[-4.4629,48.3229],[-4.4617,48.3243]]],[[[-4.5315,48.3035],[-4.5365,48.3045],[-4.529,48.3069],[-4.5315,48.3035]]],[[[-5.1413,48.4492],[-5.1117,48.465],[-5.1017,48.4831],[-5.0833,48.4731],[-5.0729,48.4846],[-5.0326,48.463],[-5.1114,48.4355],[-5.1214,48.4511],[-5.1413,48.4492]]]]},"properties":{"id":"29-06","nm":"Plougastel-Daoulas","dept":"29","ins":91534,"nbv":120,"dG":4.643,"dCD":-1.845,"dED":-3.047,"dAB":-7.129,"af":29.47}},{"type":"Feature","geometry":{"type":"MultiPolygon","coordinates":[[[[-3.9901,47.9716],[-3.9658,47.9851],[-3.9565,48.0147],[-3.9555,48.0334],[-3.9734,48.0393],[-3.9154,48.0549],[-3.9102,48.0463],[-3.8532,48.0365],[-3.7702,48.0862],[-3.7144,48.0989],[-3.695,48.0937],[-3.7034,48.0849],[-3.698,48.0646],[-3.6743,48.0593],[-3.6387,47.9852],[-3.5311,47.9889],[-3.516,47.9753],[-3.4919,47.9753],[-3.468,47.9475],[-3.4605,47.9607],[-3.4452,47.9587],[-3.4151,47.9751],[-3.392,47.9574],[-3.4005,47.9407],[-3.3866,47.9263],[-3.4037,47.9146],[-3.4075,47.8973],[-3.3982,47.8632],[-3.4231,47.8691],[-3.4468,47.8628],[-3.4577,47.8367],[-3.4849,47.8246],[-3.5248,47.8425],[-3.5387,47.8367],[-3.5404,47.8241],[-3.5193,47.8032],[-3.5374,47.7634],[-3.5554,47.764],[-3.6879,47.779],[-3.7286,47.8038],[-3.8016,47.7835],[-3.8205,47.7967],[-3.8554,47.7901],[-3.8548,47.8019],[-3.9024,47.8337],[-3.9026,47.8484],[-3.9192,47.8561],[-3.9133,47.8675],[-3.9308,47.8711],[-3.9498,47.8909],[-3.9495,47.9243],[-3.9372,47.9265],[-3.936,47.9353],[-3.9686,47.9462],[-3.9828,47.9397],[-3.9791,47.9539],[-3.9901,47.9716]]],[[[-3.8016,47.7719],[-3.8002,47.7711],[-3.8024,47.7703],[-3.8016,47.7719]]]]},"properties":{"id":"29-08","nm":"Concarneau","dept":"29","ins":90158,"nbv":98,"dG":6.527,"dCD":-3.878,"dED":-1.623,"dAB":-5.212,"af":31.95}},{"type":"Feature","geometry":{"type":"MultiPolygon","coordinates":[[[[-4.7411,48.0404],[-4.7122,48.0429],[-4.7119,48.065],[-4.6747,48.0607],[-4.6662,48.0728],[-4.6204,48.0689],[-4.5824,48.0821],[-4.551,48.0766],[-4.5361,48.0899],[-4.4874,48.0872],[-4.4174,48.1066],[-4.3531,48.1075],[-4.2531,48.0728],[-4.227,48.0799],[-4.2233,48.0905],[-4.1572,48.1029],[-4.1306,48.0969],[-4.1025,48.1068],[-4.1044,48.0532],[-4.1094,48.0418],[-4.1425,48.0337],[-4.1311,48.0188],[-4.1599,48.0145],[-4.1524,47.9871],[-4.1813,48.0017],[-4.1969,47.9926],[-4.2297,47.998],[-4.2375,47.9834],[-4.2163,47.9741],[-4.2122,47.9469],[-4.1723,47.9154],[-4.1717,47.8963],[-4.1406,47.8959],[-4.1228,47.8843],[-4.1131,47.8623],[-4.1631,47.8483],[-4.1657,47.8141],[-4.1925,47.7958],[-4.3742,47.7977],[-4.3826,47.8145],[-4.3567,47.83],[-4.3479,47.849],[-4.3616,47.8894],[-4.4198,47.9591],[-4.5067,48.0044],[-4.5462,48.0123],[-4.5659,47.9997],[-4.6332,48.0275],[-4.6974,48.026],[-4.7411,48.0404]]],[[[-4.8715,48.0405],[-4.8461,48.0421],[-4.8425,48.0324],[-4.8558,48.0328],[-4.8715,48.0405]]],[[[-4.8404,48.0317],[-4.8378,48.0317],[-4.8369,48.0306],[-4.8404,48.0317]]]]},"properties":{"id":"29-07","nm":"Douarnenez","dept":"29","ins":81962,"nbv":96,"dG":-0.25,"dCD":4.745,"dED":-6.434,"dAB":-9.128,"af":29.14}},{"type":"Feature","geometry":{"type":"MultiPolygon","coordinates":[[[[-4.2385,47.9791],[-4.2347,47.9961],[-4.1959,47.9936],[-4.1741,48.0077],[-4.1821,48.0213],[-4.1491,48.0185],[-4.1465,48.0331],[-4.1146,48.0445],[-4.0986,48.0749],[-4.102,48.1059],[-4.0588,48.1376],[-4.0608,48.161],[-4.017,48.1593],[-4.0015,48.1422],[-3.9313,48.1489],[-3.9244,48.1298],[-3.8977,48.1187],[-3.8996,48.0847],[-3.8706,48.081],[-3.955,48.0393],[-3.9505,48.0291],[-3.9665,47.9861],[-3.9807,47.9811],[-3.9855,47.9613],[-3.9547,47.9382],[-3.9289,47.9381],[-3.9312,47.9268],[-3.9475,47.9219],[-3.9521,47.8944],[-3.9866,47.884],[-3.9747,47.8551],[-4.042,47.8458],[-4.0987,47.8624],[-4.1387,47.8988],[-4.1728,47.9007],[-4.1943,47.9394],[-4.219,47.9446],[-4.2168,47.9732],[-4.2385,47.9791]]],[[[-3.9666,47.7117],[-3.9673,47.7137],[-3.965,47.7131],[-3.9666,47.7117]]],[[[-3.9509,47.7203],[-3.9594,47.716],[-3.9552,47.7246],[-3.9509,47.7203]]],[[[-3.9742,47.7253],[-3.9741,47.7254],[-3.9739,47.7251],[-3.9742,47.7253]]],[[[-4.0182,47.7096],[-4.0003,47.7295],[-3.9906,47.7227],[-3.9904,47.703],[-4.0182,47.7096]]],[[[-3.9801,47.7038],[-3.98,47.7043],[-3.9791,47.704],[-3.9801,47.7038]]],[[[-4.0286,47.7739],[-4.0286,47.7762],[-4.0269,47.7772],[-4.0286,47.7739]]],[[[-4.0344,47.7242],[-4.0343,47.7253],[-4.0332,47.725],[-4.0344,47.7242]]]]},"properties":{"id":"29-01","nm":"Quimper","dept":"29","ins":92336,"nbv":103,"dG":1.416,"dCD":7.19,"dED":-7.9,"dAB":-8.247,"af":29.65}},{"type":"Feature","geometry":{"type":"MultiPolygon","coordinates":[[[[-4.634,48.5989],[-4.6334,48.6002],[-4.6333,48.6001],[-4.634,48.5989]]],[[[-4.6202,48.5994],[-4.622,48.6015],[-4.6176,48.5983],[-4.6202,48.5994]]],[[[-4.6198,48.586],[-4.6029,48.6108],[-4.5829,48.6084],[-4.5683,48.6281],[-4.538,48.6371],[-4.4662,48.6259],[-4.4643,48.6388],[-4.4366,48.6435],[-4.4369,48.6583],[-4.4249,48.6527],[-4.3837,48.6614],[-4.3469,48.6783],[-4.3117,48.6725],[-4.2941,48.6617],[-4.3024,48.6434],[-4.2852,48.6416],[-4.2259,48.6549],[-4.1881,48.6863],[-4.1618,48.6898],[-4.148,48.6503],[-4.1587,48.6318],[-4.147,48.6228],[-4.1672,48.5931],[-4.1648,48.5657],[-4.1466,48.5646],[-4.1281,48.5789],[-4.0959,48.567],[-4.0476,48.578],[-4.0578,48.5405],[-4.0235,48.5342],[-4.0251,48.5058],[-3.9784,48.4989],[-3.9705,48.4752],[-3.9735,48.4652],[-4.0125,48.4655],[-4.0183,48.4539],[-4.0731,48.4768],[-4.0828,48.497],[-4.1831,48.4791],[-4.2,48.4827],[-4.193,48.4959],[-4.2024,48.5019],[-4.2221,48.4852],[-4.1951,48.438],[-4.2351,48.4155],[-4.2384,48.3885],[-4.2705,48.3688],[-4.2691,48.357],[-4.3053,48.3563],[-4.304,48.3724],[-4.283,48.3864],[-4.3038,48.4138],[-4.3281,48.4178],[-4.4017,48.3898],[-4.4595,48.4133],[-4.4309,48.4591],[-4.3997,48.4653],[-4.3711,48.4541],[-4.3417,48.466],[-4.3517,48.4797],[-4.35,48.5028],[-4.3737,48.545],[-4.3673,48.5688],[-4.3755,48.578],[-4.417,48.5914],[-4.482,48.55],[-4.5252,48.5506],[-4.5414,48.5282],[-4.5598,48.5512],[-4.6123,48.5783],[-4.6198,48.586]]],[[[-4.5697,48.6403],[-4.5706,48.6327],[-4.5731,48.6342],[-4.5697,48.6403]]],[[[-4.6041,48.6145],[-4.6044,48.6141],[-4.6051,48.6151],[-4.6041,48.6145]]],[[[-4.6023,48.626],[-4.6024,48.6265],[-4.602,48.6261],[-4.6023,48.626]]],[[[-4.593,48.6224],[-4.5932,48.6262],[-4.5919,48.6255],[-4.593,48.6224]]]]},"properties":{"id":"29-05","nm":"Guipavas","dept":"29","ins":98753,"nbv":114,"dG":-3.869,"dCD":9.026,"dED":-6.543,"dAB":-6.257,"af":32.0}},{"type":"Feature","geometry":{"type":"Polygon","coordinates":[[[-4.6015,48.4272],[-4.561,48.4451],[-4.5368,48.4405],[-4.4711,48.4701],[-4.4607,48.4571],[-4.4321,48.4601],[-4.4302,48.4495],[-4.4538,48.4239],[-4.4482,48.4041],[-4.4303,48.3922],[-4.4376,48.3824],[-4.4946,48.378],[-4.5026,48.3949],[-4.5291,48.3867],[-4.5467,48.4008],[-4.5697,48.3925],[-4.6015,48.4272]]]},"properties":{"id":"29-02","nm":"Brest","dept":"29","ins":78166,"nbv":95,"dG":10.296,"dCD":0.815,"dED":-9.283,"dAB":-2.924,"af":35.55}},{"type":"Feature","geometry":{"type":"MultiPolygon","coordinates":[[[[-4.2264,48.4628],[-4.2179,48.4736],[-4.2226,48.4875],[-4.2016,48.5066],[-4.1831,48.4801],[-4.0997,48.4987],[-4.0773,48.4944],[-4.0711,48.477],[-4.0277,48.4552],[-3.9761,48.472],[-3.9848,48.4992],[-4.0291,48.5063],[-4.0251,48.5342],[-4.0612,48.5411],[-4.0496,48.5765],[-4.0961,48.5668],[-4.1212,48.5785],[-4.1413,48.564],[-4.1661,48.5636],[-4.1706,48.5794],[-4.1702,48.5939],[-4.1535,48.6048],[-4.1492,48.6201],[-4.1704,48.6479],[-4.1503,48.6507],[-4.162,48.691],[-4.1299,48.697],[-4.0614,48.6878],[-4.057,48.7005],[-4.0731,48.7058],[-4.0406,48.7036],[-4.0354,48.714],[-4.0157,48.7143],[-4.0088,48.7281],[-4.001,48.7269],[-3.9996,48.7127],[-3.9875,48.7275],[-3.9714,48.7293],[-3.9614,48.7203],[-3.9742,48.6993],[-3.9577,48.6884],[-3.9497,48.6597],[-3.9327,48.6583],[-3.9248,48.6683],[-3.9259,48.6995],[-3.9178,48.6752],[-3.8874,48.674],[-3.9045,48.6613],[-3.8977,48.6467],[-3.8564,48.631],[-3.8503,48.6383],[-3.8652,48.6755],[-3.8235,48.7196],[-3.7875,48.7025],[-3.766,48.7094],[-3.7166,48.7047],[-3.6789,48.6874],[-3.6435,48.6965],[-3.6508,48.6831],[-3.6389,48.6752],[-3.6629,48.6516],[-3.6541,48.6166],[-3.6389,48.6121],[-3.6399,48.597],[-3.6305,48.589],[-3.594,48.5857],[-3.5839,48.5744],[-3.5889,48.5554],[-3.5714,48.5584],[-3.5399,48.5381],[-3.6014,48.4969],[-3.598,48.4715],[-3.6119,48.4619],[-3.6441,48.4735],[-3.69,48.4521],[-3.7549,48.446],[-3.8004,48.4346],[-3.8065,48.4239],[-3.825,48.4299],[-3.9156,48.4037],[-3.962,48.359],[-4.0007,48.3663],[-4.059,48.3516],[-4.094,48.3793],[-4.108,48.3686],[-4.1326,48.3681],[-4.1802,48.3884],[-4.2141,48.4256],[-4.2035,48.4346],[-4.2069,48.4575],[-4.2264,48.4628]]],[[[-3.9919,48.7371],[-4.0226,48.7388],[-4.0407,48.7457],[-4.0067,48.753],[-3.9902,48.7454],[-3.9919,48.7371]]],[[[-3.8841,48.6755],[-3.8847,48.676],[-3.8843,48.6762],[-3.8841,48.6755]]],[[[-3.9707,48.7351],[-3.9718,48.7356],[-3.9711,48.7371],[-3.9707,48.7351]]],[[[-4.0764,48.7071],[-4.0768,48.7064],[-4.0774,48.708],[-4.0764,48.7071]]],[[[-3.8942,48.6907],[-3.8942,48.691],[-3.8927,48.6903],[-3.8942,48.6907]]],[[[-3.9093,48.7024],[-3.9091,48.703],[-3.909,48.703],[-3.9093,48.7024]]]]},"properties":{"id":"29-04","nm":"Morlaix","dept":"29","ins":84364,"nbv":101,"dG":0.316,"dCD":7.456,"dED":-7.297,"dAB":-7.207,"af":30.05}},{"type":"Feature","geometry":{"type":"MultiPolygon","coordinates":[[[[-4.7985,48.4285],[-4.7982,48.4289],[-4.7981,48.4286],[-4.7985,48.4285]]],[[[-4.7955,48.4146],[-4.7625,48.4694],[-4.7787,48.4858],[-4.7738,48.5308],[-4.7615,48.5296],[-4.725,48.5621],[-4.7076,48.5562],[-4.701,48.576],[-4.6853,48.5736],[-4.6706,48.5839],[-4.6592,48.5717],[-4.6275,48.579],[-4.5969,48.5718],[-4.5905,48.5574],[-4.5588,48.5515],[-4.5401,48.532],[-4.528,48.5401],[-4.53,48.5539],[-4.4805,48.5515],[-4.4181,48.5921],[-4.3671,48.5707],[-4.3683,48.5394],[-4.3402,48.4741],[-4.3405,48.4657],[-4.3748,48.4532],[-4.3979,48.4641],[-4.4653,48.4572],[-4.4736,48.4692],[-4.5396,48.4352],[-4.5582,48.4439],[-4.5953,48.4291],[-4.598,48.4207],[-4.5741,48.3936],[-4.5418,48.4026],[-4.5351,48.389],[-4.5022,48.3951],[-4.4902,48.3842],[-4.5379,48.3573],[-4.614,48.3366],[-4.6898,48.3548],[-4.7099,48.3307],[-4.7633,48.3245],[-4.7756,48.3314],[-4.7723,48.3461],[-4.79,48.362],[-4.7878,48.3699],[-4.769,48.3656],[-4.7616,48.3765],[-4.7768,48.3922],[-4.7759,48.4038],[-4.7955,48.4146]]],[[[-4.726,48.5657],[-4.7267,48.5653],[-4.7269,48.5656],[-4.726,48.5657]]],[[[-4.6405,48.5875],[-4.6415,48.5862],[-4.6413,48.5886],[-4.6405,48.5875]]],[[[-4.4551,48.3966],[-4.4545,48.3977],[-4.4542,48.3973],[-4.4551,48.3966]]],[[[-4.4829,48.396],[-4.4828,48.3963],[-4.4826,48.3964],[-4.4829,48.396]]],[[[-4.4783,48.3998],[-4.4789,48.4005],[-4.4775,48.3999],[-4.4783,48.3998]]],[[[-4.493,48.4242],[-4.4931,48.4247],[-4.493,48.4248],[-4.493,48.4242]]],[[[-4.835,48.3192],[-4.835,48.3194],[-4.835,48.3192],[-4.835,48.3192]]],[[[-4.8656,48.3414],[-4.8583,48.353],[-4.842,48.3555],[-4.8575,48.3416],[-4.8656,48.3414]]],[[[-4.8622,48.3731],[-4.8623,48.3731],[-4.8621,48.3733],[-4.8622,48.3731]]],[[[-4.8789,48.3172],[-4.8801,48.3193],[-4.8775,48.3189],[-4.8789,48.3172]]],[[[-4.8804,48.3066],[-4.8805,48.3065],[-4.8806,48.3065],[-4.8804,48.3066]]],[[[-4.9114,48.3741],[-4.893,48.3868],[-4.8792,48.3696],[-4.89,48.3729],[-4.9114,48.3741]]],[[[-4.9442,48.3703],[-4.9384,48.3803],[-4.9326,48.374],[-4.9369,48.3712],[-4.9442,48.3703]]],[[[-4.9868,48.4141],[-4.9689,48.4162],[-4.9692,48.4118],[-4.9868,48.4141]]],[[[-4.9637,48.4027],[-4.952,48.4014],[-4.9448,48.4062],[-4.9537,48.3935],[-4.9647,48.3924],[-4.9637,48.4027]]],[[[-4.9646,48.4195],[-4.9647,48.4196],[-4.9645,48.4196],[-4.9646,48.4195]]],[[[-4.9783,48.3998],[-4.9767,48.3942],[-4.9788,48.3997],[-4.9783,48.3998]]],[[[-5.0122,48.4208],[-5.0187,48.4205],[-5.0109,48.4312],[-5.0122,48.4208]]],[[[-5.0071,48.4159],[-5.0071,48.4161],[-5.0071,48.4159],[-5.0071,48.4159]]],[[[-4.9994,48.4125],[-4.9994,48.4126],[-4.9993,48.4125],[-4.9994,48.4125]]],[[[-5.016,48.4375],[-5.0161,48.4373],[-5.0161,48.4375],[-5.016,48.4375]]]]},"properties":{"id":"29-03","nm":"Brest","dept":"29","ins":92952,"nbv":105,"dG":-2.444,"dCD":6.53,"dED":-5.078,"dAB":-5.76,"af":32.34}},{"type":"Feature","geometry":{"type":"Polygon","coordinates":[[[4.2663,44.0743],[4.2748,44.1032],[4.3103,44.0948],[4.3492,44.0666],[4.4271,44.0871],[4.4394,44.0769],[4.5539,44.0714],[4.5589,44.0497],[4.5514,44.0338],[4.5673,44.0205],[4.5422,44.0128],[4.5355,43.9977],[4.4813,43.9955],[4.4428,43.9476],[4.4461,43.9305],[4.4825,43.9192],[4.4985,43.9431],[4.5234,43.9361],[4.5348,43.9038],[4.5462,43.902],[4.5509,43.8886],[4.521,43.8671],[4.5354,43.8557],[4.5238,43.8254],[4.5401,43.7992],[4.5273,43.7878],[4.4709,43.7773],[4.4519,43.829],[4.4151,43.8589],[4.3933,43.8409],[4.3741,43.8407],[4.3779,43.824],[4.3976,43.8132],[4.3627,43.7976],[4.3582,43.7855],[4.3245,43.8065],[4.3396,43.8306],[4.3575,43.8385],[4.3243,43.8681],[4.3248,43.895],[4.3415,43.9066],[4.378,43.9055],[4.3763,43.9171],[4.3927,43.9284],[4.3815,43.9517],[4.3647,43.9465],[4.3396,43.9637],[4.3537,43.9798],[4.3407,43.9936],[4.3391,44.0194],[4.3062,44.0258],[4.3073,44.0418],[4.2922,44.0493],[4.2894,44.0676],[4.2663,44.0743]]]},"properties":{"id":"30-06","nm":"Nîmes","dept":"30","ins":85573,"nbv":82,"dG":-1.443,"dCD":-6.145,"dED":8.377,"dAB":2.514,"af":37.84}},{"type":"Feature","geometry":{"type":"Polygon","coordinates":[[[3.2627,44.0928],[3.321,44.1084],[3.3203,44.1359],[3.3319,44.1427],[3.3346,44.1588],[3.374,44.171],[3.4218,44.1531],[3.4394,44.1303],[3.5449,44.1146],[3.564,44.1234],[3.6043,44.1154],[3.6293,44.1207],[3.6384,44.1463],[3.6261,44.1534],[3.6371,44.1763],[3.6626,44.1749],[3.67,44.1865],[3.7971,44.1284],[3.8218,44.1358],[3.8731,44.1299],[3.9262,44.1629],[3.9223,44.1814],[3.9572,44.1751],[3.9547,44.1926],[3.9365,44.195],[3.9504,44.2199],[3.9455,44.2407],[3.9756,44.258],[3.9337,44.2757],[3.9391,44.2877],[3.9229,44.3052],[3.9438,44.3169],[3.9473,44.3305],[3.8858,44.3883],[3.9175,44.4053],[3.9477,44.4008],[3.9485,44.4123],[3.959,44.413],[3.9755,44.4431],[3.9985,44.4596],[4.0374,44.4459],[4.0427,44.4206],[4.0684,44.405],[4.0644,44.3941],[4.0431,44.3915],[4.057,44.3614],[4.0447,44.3241],[4.0554,44.3187],[4.0972,44.3347],[4.1163,44.3285],[4.1271,44.3376],[4.1419,44.3275],[4.1381,44.2987],[4.1477,44.2894],[4.1307,44.2717],[4.1298,44.2509],[4.1174,44.2514],[4.1105,44.2644],[4.0953,44.2608],[4.0785,44.2744],[4.0619,44.2725],[4.0679,44.2469],[4.0903,44.2242],[4.0799,44.2178],[4.0859,44.1876],[4.0674,44.1887],[4.0511,44.1734],[4.0637,44.1441],[4.0548,44.1231],[4.0729,44.0992],[4.0995,44.0956],[4.1147,44.0381],[4.1451,44.0278],[4.1458,44.0148],[4.1686,44.0231],[4.2044,43.9989],[4.1982,43.9876],[4.2123,43.9724],[4.1876,43.9636],[4.1772,43.933],[4.2218,43.9258],[4.2347,43.9146],[4.249,43.8976],[4.2391,43.8592],[4.2951,43.8455],[4.2934,43.824],[4.3049,43.8136],[4.2497,43.8196],[4.2083,43.8078],[4.1576,43.8206],[4.1544,43.8364],[4.0955,43.8359],[4.0866,43.8533],[4.0546,43.859],[4.0425,43.8388],[4.0466,43.8291],[4.0222,43.8413],[4.0085,43.8178],[3.9745,43.8015],[3.9593,43.805],[3.9755,43.8289],[3.972,43.8414],[3.9221,43.8584],[3.9161,43.887],[3.8307,43.8664],[3.8039,43.8792],[3.7997,43.8912],[3.8257,43.9203],[3.8233,43.9403],[3.7955,43.9423],[3.7835,43.9648],[3.7319,43.9715],[3.69,43.9514],[3.6714,43.9096],[3.6509,43.9126],[3.6392,43.8962],[3.6347,43.9144],[3.6215,43.9148],[3.5774,43.8686],[3.6005,43.8495],[3.5789,43.8436],[3.5606,43.8548],[3.5285,43.8539],[3.5094,43.8966],[3.4318,43.863],[3.4225,43.8728],[3.4328,43.877],[3.4336,43.904],[3.4044,43.9148],[3.3609,43.9103],[3.3511,43.9383],[3.3774,43.9675],[3.4049,43.9704],[3.418,43.993],[3.4405,43.9989],[3.449,44.0224],[3.3877,44.0569],[3.3527,44.0499],[3.3289,44.0773],[3.2937,44.0677],[3.2627,44.0928]]]},"properties":{"id":"30-05","nm":"Alès","dept":"30","ins":98971,"nbv":196,"dG":5.074,"dCD":-10.595,"dED":6.707,"dAB":-3.123,"af":32.34}},{"type":"Feature","geometry":{"type":"MultiPolygon","coordinates":[[[[4.001,43.8129],[4.0167,43.8277],[4.0135,43.8366],[4.0412,43.8357],[4.0542,43.8604],[4.0872,43.8553],[4.0974,43.8371],[4.1574,43.8363],[4.163,43.8208],[4.2091,43.8093],[4.2842,43.8167],[4.2755,43.8],[4.3071,43.77],[4.3797,43.7437],[4.3992,43.7439],[4.409,43.7573],[4.4049,43.7713],[4.4194,43.7725],[4.4511,43.7172],[4.486,43.6989],[4.4776,43.6728],[4.4515,43.6641],[4.428,43.6248],[4.4392,43.6117],[4.4661,43.6153],[4.475,43.6056],[4.4525,43.5843],[4.4178,43.5806],[4.4088,43.5608],[4.3889,43.5619],[4.2965,43.5147],[4.2437,43.5011],[4.2302,43.4605],[4.1365,43.4825],[4.1101,43.509],[4.1333,43.526],[4.1311,43.5392],[4.1013,43.5547],[4.1074,43.5688],[4.0958,43.5815],[4.0748,43.5886],[4.1465,43.5878],[4.1907,43.6389],[4.1921,43.6543],[4.1632,43.6868],[4.1653,43.7007],[4.144,43.7332],[4.1116,43.7401],[4.0847,43.7675],[4.0528,43.7729],[4.0498,43.7877],[4.001,43.8129]]],[[[4.0537,44.1225],[4.0604,44.1403],[4.0991,44.1562],[4.1273,44.1198],[4.1227,44.1087],[4.074,44.0937],[4.0537,44.1225]]]]},"properties":{"id":"30-02","nm":"Vauvert","dept":"30","ins":95398,"nbv":96,"dG":-8.435,"dCD":-8.231,"dED":19.507,"dAB":1.147,"af":35.61}},{"type":"Feature","geometry":{"type":"Polygon","coordinates":[[[4.049,44.1726],[4.0848,44.1937],[4.0716,44.2205],[4.0818,44.2304],[4.0583,44.2465],[4.0597,44.2748],[4.1106,44.2643],[4.1214,44.2543],[4.129,44.2719],[4.1548,44.2777],[4.1378,44.2959],[4.1384,44.3083],[4.178,44.3173],[4.1874,44.2997],[4.2563,44.2651],[4.2877,44.2906],[4.2895,44.316],[4.3161,44.3206],[4.3265,44.3385],[4.3881,44.3472],[4.4033,44.3336],[4.3917,44.3054],[4.4011,44.2877],[4.4423,44.2862],[4.4568,44.3413],[4.5058,44.3441],[4.5321,44.3234],[4.5488,44.3258],[4.5578,44.305],[4.6178,44.2801],[4.635,44.2848],[4.6784,44.2318],[4.6665,44.2133],[4.6077,44.2065],[4.5538,44.2249],[4.5307,44.2033],[4.5113,44.2083],[4.5006,44.1816],[4.5297,44.1759],[4.5004,44.1445],[4.5005,44.1257],[4.4869,44.1207],[4.5001,44.1064],[4.5269,44.1032],[4.5188,44.0772],[4.4381,44.0768],[4.4256,44.0861],[4.3474,44.0665],[4.3148,44.0924],[4.2759,44.0997],[4.2723,44.0754],[4.2925,44.0683],[4.295,44.0498],[4.3109,44.0443],[4.3076,44.0303],[4.3414,44.0165],[4.3412,43.9959],[4.3566,43.976],[4.3424,43.9613],[4.3635,43.9473],[4.3813,43.955],[4.3877,43.9344],[4.4087,43.9323],[4.3859,43.916],[4.3956,43.9026],[4.3456,43.9062],[4.3395,43.8968],[4.2738,43.9072],[4.249,43.8943],[4.2268,43.9186],[4.1758,43.9337],[4.1842,43.9591],[4.2049,43.9755],[4.1975,43.9967],[4.1675,44.0219],[4.137,44.0144],[4.1405,44.0286],[4.1141,44.0386],[4.0971,44.1066],[4.1213,44.1117],[4.1239,44.1197],[4.0994,44.1496],[4.0604,44.1403],[4.049,44.1726]]]},"properties":{"id":"30-04","nm":"Alès","dept":"30","ins":95047,"nbv":146,"dG":-3.076,"dCD":-9.151,"dED":14.395,"dAB":-0.245,"af":34.27}},{"type":"Feature","geometry":{"type":"Polygon","coordinates":[[[4.4428,43.9483],[4.4571,43.9765],[4.4736,43.9817],[4.4794,43.9951],[4.5189,43.9961],[4.5626,44.0207],[4.5462,44.0286],[4.5581,44.0617],[4.5186,44.0756],[4.5242,44.1019],[4.4974,44.1062],[4.4842,44.122],[4.5013,44.1278],[4.4972,44.1438],[4.5266,44.1657],[4.5239,44.1753],[4.4984,44.1808],[4.5093,44.2105],[4.5321,44.2047],[4.553,44.2387],[4.5632,44.2407],[4.5588,44.2303],[4.5671,44.2185],[4.6054,44.2086],[4.708,44.213],[4.7058,44.1949],[4.7223,44.1854],[4.7065,44.1088],[4.7204,44.0855],[4.7284,44.0794],[4.7609,44.0863],[4.7613,44.0745],[4.785,44.0674],[4.8195,44.0183],[4.8443,44.0043],[4.8418,43.9863],[4.8135,43.986],[4.8144,43.9648],[4.7694,43.9341],[4.7477,43.9306],[4.6929,43.8845],[4.6421,43.8675],[4.6377,43.8858],[4.626,43.8859],[4.6105,43.8619],[4.6211,43.8374],[4.5856,43.8374],[4.5236,43.86],[4.523,43.8739],[4.5404,43.8951],[4.5209,43.9346],[4.4962,43.9419],[4.4862,43.9184],[4.4439,43.9295],[4.4428,43.9483]]]},"properties":{"id":"30-03","nm":"Bagnols-Sur-Cèze","dept":"30","ins":95926,"nbv":106,"dG":-7.538,"dCD":-4.527,"dED":14.561,"dAB":-1.389,"af":34.09}},{"type":"Feature","geometry":{"type":"MultiPolygon","coordinates":[[[[4.2368,43.8743],[4.2704,43.9083],[4.3248,43.895],[4.3258,43.8699],[4.3385,43.8548],[4.3574,43.8521],[4.3551,43.8175],[4.3466,43.8242],[4.334,43.8138],[4.3521,43.7876],[4.3895,43.8088],[4.3665,43.8337],[4.3735,43.8425],[4.4182,43.8591],[4.44,43.8337],[4.455,43.8302],[4.4536,43.8117],[4.4733,43.7792],[4.5374,43.7961],[4.5216,43.8275],[4.5354,43.8557],[4.6074,43.8376],[4.6148,43.8526],[4.6068,43.8627],[4.6244,43.8864],[4.6402,43.8912],[4.649,43.8554],[4.6659,43.8442],[4.644,43.8336],[4.6544,43.8095],[4.6516,43.7825],[4.6302,43.7623],[4.6127,43.7253],[4.6273,43.6854],[4.5949,43.687],[4.5397,43.7071],[4.4859,43.6989],[4.4468,43.722],[4.4409,43.7465],[4.4166,43.7734],[4.3903,43.7415],[4.3577,43.7559],[4.3422,43.7486],[4.2757,43.7986],[4.2738,43.8104],[4.2949,43.8204],[4.2916,43.8347],[4.2756,43.8523],[4.238,43.8577],[4.2368,43.8743]]],[[[4.3525,43.8728],[4.3519,43.8735],[4.3527,43.8739],[4.3525,43.8728]]]]},"properties":{"id":"30-01","nm":"Nîmes","dept":"30","ins":89331,"nbv":90,"dG":-1.737,"dCD":-8.103,"dED":11.594,"dAB":6.27,"af":38.27}},{"type":"Feature","geometry":{"type":"Polygon","coordinates":[[[0.4419,43.1309],[0.5147,43.1868],[0.5059,43.1982],[0.5176,43.2126],[0.5355,43.2083],[0.5701,43.2178],[0.5704,43.2326],[0.5504,43.236],[0.6299,43.2946],[0.6071,43.3108],[0.6117,43.3157],[0.6545,43.3161],[0.7168,43.3813],[0.7326,43.3718],[0.748,43.3842],[0.7448,43.3953],[0.7553,43.4083],[0.7483,43.4205],[0.8039,43.4018],[0.8213,43.4165],[0.9172,43.4064],[0.9405,43.3842],[0.9597,43.3887],[0.981,43.3636],[0.994,43.369],[1.0013,43.39],[0.993,43.4095],[1.0271,43.4181],[1.0221,43.438],[1.0377,43.4607],[1.0175,43.4736],[1.0377,43.4856],[1.1278,43.4639],[1.1401,43.4435],[1.1776,43.4478],[1.2029,43.4373],[1.1914,43.4182],[1.1965,43.4007],[1.2185,43.3941],[1.2106,43.3772],[1.166,43.3496],[1.1372,43.3455],[1.1716,43.3265],[1.1885,43.3028],[1.1525,43.2635],[1.1125,43.2747],[1.0886,43.2523],[1.1001,43.2374],[1.1346,43.2266],[1.1029,43.2033],[1.1053,43.1801],[1.1377,43.1786],[1.1442,43.192],[1.159,43.19],[1.1832,43.1571],[1.1718,43.1507],[1.1751,43.1409],[1.1663,43.1301],[1.1253,43.1545],[1.088,43.1338],[1.055,43.1374],[1.0385,43.1005],[1.0062,43.1097],[0.9935,43.0928],[1.0066,43.0822],[0.9857,43.0681],[0.9938,43.0398],[0.9866,43.0327],[1.0209,43.0094],[1.0032,43.0042],[0.9791,42.9744],[0.8807,42.9583],[0.8848,42.9324],[0.8316,42.9163],[0.844,42.8898],[0.8365,42.871],[0.848,42.8656],[0.8585,42.8259],[0.8029,42.8406],[0.7771,42.8362],[0.7095,42.8612],[0.6633,42.8416],[0.6708,42.8046],[0.6504,42.7828],[0.6672,42.7751],[0.648,42.7583],[0.6641,42.7496],[0.68,42.7233],[0.6767,42.6908],[0.5981,42.7051],[0.5893,42.6949],[0.5292,42.7026],[0.5189,42.692],[0.4947,42.6925],[0.4491,42.7338],[0.4603,42.7384],[0.4631,42.7569],[0.4546,42.7716],[0.4631,42.7926],[0.4553,42.8168],[0.4662,42.8436],[0.4602,42.852],[0.4773,42.8783],[0.5602,42.8605],[0.5753,42.8711],[0.6061,42.9344],[0.6444,42.9598],[0.6188,42.9725],[0.6116,42.9884],[0.6263,42.9994],[0.6049,43.0341],[0.5448,43.0036],[0.5267,43.0066],[0.5379,43.0416],[0.5598,43.046],[0.5523,43.077],[0.5316,43.0829],[0.5274,43.0929],[0.5008,43.0962],[0.4864,43.1156],[0.453,43.1113],[0.46,43.1222],[0.4419,43.1309]]]},"properties":{"id":"31-08","nm":"Saint-Gaudens","dept":"31","ins":86096,"nbv":313,"dG":10.52,"dCD":-15.727,"dED":6.484,"dAB":-5.049,"af":32.03}},{"type":"Feature","geometry":{"type":"Polygon","coordinates":[[[1.0852,43.253],[1.1123,43.2785],[1.1272,43.2666],[1.1524,43.2683],[1.1868,43.3023],[1.1829,43.3124],[1.1534,43.32],[1.1585,43.332],[1.1306,43.337],[1.135,43.3466],[1.1652,43.3494],[1.2077,43.3778],[1.2089,43.3969],[1.1913,43.4041],[1.1988,43.4364],[1.1892,43.4445],[1.1955,43.4689],[1.1869,43.4752],[1.1956,43.4887],[1.2338,43.4973],[1.2461,43.5183],[1.2828,43.5179],[1.3325,43.5617],[1.3752,43.5533],[1.3661,43.5414],[1.378,43.5226],[1.3427,43.5188],[1.3299,43.5019],[1.3475,43.4898],[1.349,43.4729],[1.3748,43.4658],[1.3584,43.4402],[1.3275,43.421],[1.3283,43.4119],[1.3598,43.41],[1.3878,43.3917],[1.4018,43.3925],[1.4143,43.406],[1.3983,43.4446],[1.4465,43.4442],[1.4747,43.4577],[1.479,43.4441],[1.4988,43.4342],[1.4797,43.3967],[1.4915,43.3818],[1.5284,43.366],[1.5168,43.3474],[1.544,43.3445],[1.5752,43.3678],[1.6256,43.3296],[1.6068,43.3138],[1.6123,43.3029],[1.5931,43.3012],[1.5783,43.2876],[1.5649,43.2534],[1.5467,43.276],[1.5173,43.2713],[1.5135,43.2858],[1.4962,43.2887],[1.4904,43.267],[1.5045,43.2493],[1.499,43.238],[1.5091,43.222],[1.485,43.2266],[1.4678,43.2089],[1.4161,43.2263],[1.4251,43.2575],[1.376,43.2884],[1.3602,43.3128],[1.3315,43.3152],[1.2996,43.2839],[1.3025,43.2669],[1.3309,43.2623],[1.3415,43.2442],[1.3735,43.2447],[1.3833,43.2292],[1.3685,43.2093],[1.3322,43.206],[1.3229,43.1908],[1.2745,43.1957],[1.2509,43.1832],[1.2299,43.1866],[1.2203,43.1535],[1.2739,43.1484],[1.3028,43.1226],[1.2632,43.1082],[1.2615,43.0915],[1.2237,43.0859],[1.2107,43.1152],[1.171,43.1452],[1.1806,43.1613],[1.1568,43.1896],[1.1451,43.1902],[1.1397,43.1778],[1.1058,43.1764],[1.1022,43.2045],[1.1279,43.2261],[1.1002,43.2346],[1.0852,43.253]]]},"properties":{"id":"31-07","nm":"Muret","dept":"31","ins":106857,"nbv":137,"dG":2.566,"dCD":-7.814,"dED":6.781,"dAB":-2.351,"af":32.99}},{"type":"Feature","geometry":{"type":"Polygon","coordinates":[[[1.3958,43.5076],[1.4212,43.5143],[1.43,43.5471],[1.4708,43.5308],[1.4962,43.542],[1.4945,43.5536],[1.5131,43.565],[1.5132,43.5769],[1.5381,43.5789],[1.5622,43.5675],[1.5827,43.5808],[1.6074,43.5723],[1.6288,43.6011],[1.6635,43.6055],[1.6688,43.6241],[1.688,43.6303],[1.73,43.6088],[1.7658,43.6031],[1.7886,43.5839],[1.8398,43.5778],[1.8551,43.5487],[1.88,43.5402],[1.8823,43.5205],[1.8934,43.5113],[1.9894,43.4791],[2.0141,43.4858],[2.0125,43.5073],[2.0342,43.5053],[2.0405,43.513],[2.0483,43.4855],[2.0191,43.4698],[2.0178,43.4506],[2.0397,43.4239],[1.988,43.4074],[1.9578,43.424],[1.933,43.4249],[1.9046,43.3935],[1.8957,43.3969],[1.8952,43.4183],[1.856,43.4416],[1.8422,43.4148],[1.8179,43.411],[1.825,43.397],[1.8054,43.391],[1.8135,43.3414],[1.784,43.3447],[1.7727,43.3366],[1.7502,43.3471],[1.7289,43.3325],[1.7365,43.3165],[1.7127,43.3059],[1.716,43.2953],[1.6972,43.2758],[1.6727,43.2785],[1.651,43.2609],[1.6554,43.2441],[1.6353,43.2371],[1.6345,43.2553],[1.5826,43.2686],[1.5765,43.2861],[1.6194,43.3324],[1.5755,43.3667],[1.5466,43.3405],[1.5041,43.3587],[1.5215,43.3591],[1.5247,43.3671],[1.4755,43.3968],[1.4752,43.4181],[1.4941,43.4189],[1.4959,43.4387],[1.4676,43.4494],[1.4206,43.4466],[1.4191,43.4727],[1.4053,43.4856],[1.4107,43.4946],[1.3958,43.5076]]]},"properties":{"id":"31-10","nm":"Saint-Orens-De-Gameville","dept":"31","ins":104172,"nbv":169,"dG":6.455,"dCD":-1.664,"dED":-2.028,"dAB":-10.373,"af":26.36}},{"type":"Feature","geometry":{"type":"Polygon","coordinates":[[[1.1128,43.6996],[1.1189,43.7246],[1.1364,43.7315],[1.1416,43.7472],[1.1374,43.7572],[1.116,43.762],[1.1136,43.7893],[1.1272,43.8106],[1.1462,43.822],[1.1844,43.7936],[1.2167,43.7919],[1.2142,43.7687],[1.2678,43.785],[1.2669,43.7983],[1.2785,43.8029],[1.311,43.8012],[1.3572,43.8188],[1.354,43.8349],[1.3159,43.8323],[1.2941,43.8443],[1.3194,43.8581],[1.3559,43.8547],[1.3493,43.8716],[1.3652,43.8898],[1.4052,43.8847],[1.4324,43.8691],[1.454,43.8774],[1.4768,43.9082],[1.4963,43.8902],[1.5263,43.9057],[1.533,43.9215],[1.5554,43.9179],[1.5471,43.9012],[1.5622,43.8791],[1.5604,43.8631],[1.5913,43.8434],[1.5863,43.8159],[1.5618,43.8123],[1.5498,43.8008],[1.5245,43.8075],[1.4976,43.7846],[1.5065,43.7546],[1.4956,43.7316],[1.4517,43.7258],[1.442,43.706],[1.477,43.6762],[1.453,43.6507],[1.3784,43.676],[1.3468,43.6609],[1.3327,43.6707],[1.31,43.6667],[1.3028,43.6817],[1.2364,43.6503],[1.2166,43.6578],[1.2136,43.6817],[1.183,43.6661],[1.1493,43.6923],[1.1128,43.6996]]]},"properties":{"id":"31-05","nm":"Aucamville","dept":"31","ins":106453,"nbv":123,"dG":-1.56,"dCD":-4.403,"dED":7.274,"dAB":-2.642,"af":33.13}},{"type":"Feature","geometry":{"type":"MultiPolygon","coordinates":[[[[1.4358,43.7113],[1.455,43.7312],[1.4974,43.734],[1.5043,43.7541],[1.4963,43.7844],[1.5239,43.8085],[1.5456,43.8008],[1.5886,43.8172],[1.6448,43.8002],[1.6501,43.7945],[1.6418,43.7814],[1.6556,43.7691],[1.652,43.7521],[1.7065,43.7163],[1.6456,43.6924],[1.6461,43.679],[1.6235,43.6894],[1.6092,43.6852],[1.5717,43.7072],[1.5667,43.6764],[1.5411,43.6518],[1.5618,43.6419],[1.5241,43.6325],[1.5019,43.6393],[1.482,43.628],[1.4858,43.6062],[1.4795,43.6048],[1.4506,43.6088],[1.4371,43.62],[1.4399,43.6622],[1.4527,43.6524],[1.475,43.6731],[1.4358,43.7113]]],[[[1.4437,43.6002],[1.444,43.6],[1.4436,43.6001],[1.4437,43.6002]]]]},"properties":{"id":"31-02","nm":"Toulouse","dept":"31","ins":102980,"nbv":111,"dG":15.107,"dCD":-7.017,"dED":-5.469,"dAB":-6.075,"af":32.2}},{"type":"Feature","geometry":{"type":"MultiPolygon","coordinates":[[[[1.4327,43.585],[1.4399,43.5995],[1.4824,43.6062],[1.4798,43.6283],[1.5048,43.6418],[1.5175,43.633],[1.5369,43.6384],[1.535,43.6524],[1.5639,43.6742],[1.5684,43.7072],[1.5921,43.7023],[1.6092,43.6861],[1.6374,43.6846],[1.6435,43.6942],[1.7199,43.6887],[1.7308,43.6638],[1.7056,43.6522],[1.6724,43.6193],[1.6784,43.6021],[1.6331,43.6039],[1.6124,43.5658],[1.5895,43.5802],[1.5631,43.5664],[1.5314,43.5794],[1.5157,43.5762],[1.5006,43.554],[1.4689,43.5541],[1.4711,43.573],[1.4608,43.5844],[1.4327,43.585]]],[[[1.4568,43.5708],[1.4569,43.5707],[1.4568,43.5706],[1.4568,43.5708]]],[[[1.4424,43.5454],[1.4424,43.5458],[1.4428,43.5455],[1.4424,43.5454]]],[[[1.4484,43.5423],[1.4483,43.543],[1.4492,43.5431],[1.4484,43.5423]]],[[[1.4571,43.5494],[1.4571,43.5497],[1.4572,43.5494],[1.4571,43.5494]]]]},"properties":{"id":"31-03","nm":"Toulouse","dept":"31","ins":79504,"nbv":87,"dG":8.326,"dCD":5.579,"dED":-10.411,"dAB":-10.682,"af":28.75}},{"type":"Feature","geometry":{"type":"MultiPolygon","coordinates":[[[[1.2366,43.6503],[1.2966,43.6806],[1.2982,43.6923],[1.3128,43.6694],[1.333,43.6713],[1.3476,43.6613],[1.3564,43.6667],[1.3508,43.6791],[1.3663,43.6718],[1.3844,43.678],[1.3882,43.6677],[1.4233,43.66],[1.4399,43.6687],[1.4371,43.6196],[1.4566,43.6054],[1.4112,43.6088],[1.3945,43.5964],[1.3605,43.599],[1.3503,43.6043],[1.3582,43.6248],[1.3493,43.6326],[1.3227,43.6267],[1.2791,43.6476],[1.2366,43.6503]]],[[[1.415,43.5726],[1.4149,43.5727],[1.415,43.5727],[1.415,43.5726]]],[[[1.3772,43.5526],[1.3772,43.5528],[1.3773,43.5527],[1.3772,43.5526]]]]},"properties":{"id":"31-01","nm":"Toulouse","dept":"31","ins":83781,"nbv":92,"dG":17.123,"dCD":-5.395,"dED":-9.887,"dAB":-5.298,"af":32.58}},{"type":"Feature","geometry":{"type":"Polygon","coordinates":[[[0.9539,43.7874],[1.0362,43.8042],[1.0597,43.7986],[1.0824,43.8156],[1.1113,43.8051],[1.1153,43.7644],[1.1378,43.7573],[1.1427,43.7432],[1.1403,43.7324],[1.1197,43.724],[1.1163,43.7002],[1.1503,43.6927],[1.1822,43.6669],[1.2119,43.688],[1.2178,43.6611],[1.2368,43.6504],[1.2717,43.6504],[1.3256,43.6262],[1.344,43.634],[1.3664,43.6251],[1.3523,43.6068],[1.377,43.59],[1.3687,43.5727],[1.358,43.5551],[1.3172,43.5538],[1.3072,43.5306],[1.2974,43.533],[1.2842,43.5175],[1.248,43.5161],[1.2409,43.4958],[1.2748,43.4804],[1.2618,43.4745],[1.2271,43.4804],[1.2208,43.4935],[1.1996,43.4913],[1.1898,43.4809],[1.1971,43.4728],[1.1892,43.4445],[1.1362,43.4435],[1.1243,43.464],[1.0333,43.4868],[1.0604,43.5077],[1.0503,43.5159],[1.0608,43.534],[1.0509,43.5414],[1.0877,43.5471],[1.1035,43.5362],[1.1163,43.5455],[1.1122,43.5567],[1.1554,43.5578],[1.1612,43.5746],[1.1993,43.5715],[1.2009,43.5934],[1.1813,43.6125],[1.1574,43.6069],[1.1421,43.6244],[1.1404,43.6416],[1.1153,43.6369],[1.0878,43.6451],[1.0951,43.6634],[1.0749,43.6618],[1.0486,43.6755],[1.0597,43.7029],[1.0276,43.7105],[0.966,43.76],[0.9539,43.7874]]]},"properties":{"id":"31-06","nm":"Tournefeuille","dept":"31","ins":112437,"nbv":142,"dG":7.385,"dCD":-3.267,"dED":-1.22,"dAB":-6.078,"af":31.36}},{"type":"Feature","geometry":{"type":"MultiPolygon","coordinates":[[[[1.3209,43.4089],[1.369,43.4567],[1.3583,43.4706],[1.3412,43.4718],[1.3403,43.49],[1.3299,43.4898],[1.3402,43.5166],[1.3707,43.5252],[1.3683,43.548],[1.3908,43.5471],[1.408,43.5703],[1.405,43.5889],[1.4604,43.5881],[1.4718,43.5608],[1.5022,43.5433],[1.4709,43.5302],[1.4338,43.5429],[1.431,43.5081],[1.4014,43.5078],[1.4189,43.4751],[1.4206,43.4466],[1.402,43.4403],[1.4129,43.3995],[1.3851,43.3904],[1.3594,43.4097],[1.3209,43.4089]]],[[[1.4679,43.6072],[1.4679,43.6074],[1.4682,43.6075],[1.4679,43.6072]]],[[[1.4519,43.6024],[1.452,43.6024],[1.4522,43.6023],[1.4519,43.6024]]]]},"properties":{"id":"31-09","nm":"Toulouse","dept":"31","ins":80653,"nbv":90,"dG":20.025,"dCD":-11.218,"dED":-5.868,"dAB":-2.914,"af":33.29}},{"type":"Feature","geometry":{"type":"MultiPolygon","coordinates":[[[[1.359,43.5791],[1.3668,43.5854],[1.3606,43.599],[1.3947,43.5984],[1.4121,43.609],[1.4769,43.6052],[1.4576,43.595],[1.4415,43.5995],[1.4219,43.5814],[1.4082,43.5841],[1.407,43.5627],[1.3915,43.5451],[1.368,43.5499],[1.359,43.5791]]],[[[1.4712,43.5901],[1.4714,43.5899],[1.4711,43.589],[1.4712,43.5901]]]]},"properties":{"id":"31-04","nm":"Toulouse","dept":"31","ins":68769,"nbv":72,"dG":25.972,"dCD":-8.429,"dED":-14.882,"dAB":-4.177,"af":32.24}},{"type":"Feature","geometry":{"type":"Polygon","coordinates":[[[-0.2818,43.6432],[-0.2666,43.6387],[-0.2629,43.6531],[-0.2437,43.6573],[-0.2457,43.6705],[-0.2581,43.6737],[-0.242,43.6938],[-0.2505,43.708],[-0.1954,43.7376],[-0.199,43.7474],[-0.2185,43.7504],[-0.2108,43.7618],[-0.2264,43.8093],[-0.1938,43.8113],[-0.192,43.8376],[-0.2082,43.8579],[-0.1958,43.8719],[-0.1088,43.8155],[-0.0761,43.8064],[-0.0476,43.8141],[-0.0452,43.8263],[-0.0124,43.839],[-0.003,43.8527],[0.0221,43.8456],[0.0274,43.8549],[0.0942,43.8184],[0.1137,43.8293],[0.123,43.8085],[0.1156,43.7932],[0.1301,43.7706],[0.0986,43.7583],[0.0969,43.7496],[0.1108,43.7375],[0.1418,43.7403],[0.2042,43.7115],[0.2066,43.6996],[0.2333,43.684],[0.2464,43.6306],[0.2666,43.6136],[0.2821,43.6265],[0.2798,43.6402],[0.3265,43.6199],[0.33,43.6073],[0.3939,43.6132],[0.3959,43.6386],[0.3736,43.6398],[0.3664,43.6772],[0.4333,43.6689],[0.438,43.6505],[0.4664,43.662],[0.4857,43.6408],[0.5208,43.6628],[0.5212,43.6845],[0.505,43.7006],[0.5614,43.707],[0.5644,43.7177],[0.553,43.7256],[0.5805,43.7483],[0.6092,43.7492],[0.6162,43.7748],[0.6479,43.7733],[0.6575,43.754],[0.6787,43.7562],[0.6816,43.7648],[0.7065,43.7614],[0.7238,43.7798],[0.7462,43.7711],[0.7471,43.7531],[0.7812,43.7541],[0.8002,43.7399],[0.775,43.7021],[0.7588,43.6973],[0.7753,43.6753],[0.7373,43.6822],[0.7031,43.666],[0.6955,43.6476],[0.7069,43.6415],[0.7113,43.6162],[0.8604,43.569],[0.8786,43.5882],[0.9332,43.5637],[0.939,43.5497],[1.0024,43.5526],[0.993,43.5349],[1.027,43.5196],[1.0482,43.5405],[1.0764,43.5269],[1.063,43.5168],[1.0734,43.5061],[1.0595,43.5042],[1.0519,43.487],[1.0219,43.478],[1.0454,43.4591],[1.0205,43.4343],[1.031,43.4203],[0.9969,43.4073],[1.0058,43.3798],[0.9938,43.3666],[0.9776,43.3628],[0.9636,43.3862],[0.9456,43.3804],[0.9131,43.4076],[0.8211,43.4166],[0.8071,43.3999],[0.7678,43.4163],[0.7493,43.3991],[0.7537,43.3893],[0.7336,43.371],[0.7147,43.3744],[0.6695,43.3249],[0.6459,43.3118],[0.6071,43.3109],[0.5122,43.3345],[0.4942,43.3251],[0.4513,43.339],[0.4431,43.3279],[0.4108,43.3296],[0.3963,43.3334],[0.3838,43.3568],[0.3313,43.3441],[0.326,43.3688],[0.3008,43.3718],[0.2939,43.3874],[0.2316,43.3678],[0.1818,43.3712],[0.1738,43.4],[0.1531,43.3994],[0.1324,43.4269],[0.1616,43.4465],[0.1486,43.4647],[0.1355,43.4655],[0.1287,43.4967],[0.1143,43.515],[0.0521,43.518],[0.0395,43.5373],[0.0158,43.5434],[-0.0026,43.5657],[-0.0162,43.6044],[-0.0703,43.6058],[-0.077,43.5901],[-0.1058,43.5814],[-0.1623,43.5819],[-0.1768,43.5953],[-0.2421,43.5833],[-0.2546,43.5993],[-0.2496,43.6142],[-0.2776,43.616],[-0.2818,43.6432]]]},"properties":{"id":"32-01","nm":"Auch","dept":"32","ins":71480,"nbv":281,"dG":2.672,"dCD":-5.268,"dED":3.632,"dAB":-8.87,"af":28.38}},{"type":"Feature","geometry":{"type":"Polygon","coordinates":[[[-0.2401,43.898],[-0.2244,43.9143],[-0.2163,43.9083],[-0.2007,43.9146],[-0.1797,43.9389],[-0.1635,43.9302],[-0.1259,43.9445],[-0.1047,43.932],[-0.0934,43.9485],[-0.0726,43.9449],[-0.0441,43.9642],[-0.0362,43.9837],[0.0067,43.9538],[-0.0117,43.9252],[0.0314,43.9017],[0.0567,43.8982],[0.0739,43.9156],[0.0552,43.9599],[0.074,43.9823],[0.1136,43.9877],[0.1273,44.0023],[0.1419,43.9945],[0.1416,43.976],[0.158,43.9741],[0.1643,43.995],[0.1901,44.015],[0.2334,44.0226],[0.2375,44.0078],[0.3014,43.9916],[0.3158,43.9968],[0.3142,44.0089],[0.3579,44.0166],[0.3783,44.0075],[0.397,44.0224],[0.4387,44.0287],[0.4596,44.0555],[0.5116,44.0634],[0.5542,44.0551],[0.5919,44.08],[0.6543,44.0423],[0.6622,44.0251],[0.7077,44.0584],[0.742,44.0652],[0.7518,44.0666],[0.7656,44.0311],[0.8282,44.0554],[0.8654,44.0372],[0.8396,44.0243],[0.8176,44.0261],[0.8275,43.9966],[0.7624,43.9471],[0.7641,43.9275],[0.8097,43.9323],[0.8425,43.9152],[0.8648,43.9234],[0.9043,43.8988],[0.8853,43.8906],[0.8845,43.8753],[0.9121,43.8487],[0.9004,43.8484],[0.8993,43.8395],[0.9257,43.8316],[0.905,43.8088],[0.9033,43.7895],[0.9484,43.792],[0.9582,43.772],[1.0237,43.7225],[1.0253,43.7127],[1.0657,43.7003],[1.0519,43.6741],[1.1008,43.6612],[1.0917,43.6489],[1.0963,43.6416],[1.1397,43.6423],[1.1461,43.6181],[1.1616,43.6046],[1.1801,43.6148],[1.2016,43.5966],[1.2032,43.578],[1.1995,43.5692],[1.1653,43.5725],[1.156,43.557],[1.1223,43.5563],[1.1024,43.5345],[1.0863,43.5469],[1.0514,43.5405],[1.0326,43.5181],[1.001,43.5265],[0.9886,43.5393],[0.9934,43.5539],[0.9362,43.5512],[0.9289,43.5648],[0.881,43.5867],[0.8631,43.5677],[0.7766,43.5889],[0.7576,43.6023],[0.7483,43.5983],[0.7121,43.6156],[0.7049,43.64],[0.6919,43.6439],[0.72,43.6798],[0.7588,43.6834],[0.7517,43.6997],[0.7702,43.7033],[0.7675,43.7138],[0.7799,43.7166],[0.795,43.7386],[0.7685,43.7544],[0.7469,43.7511],[0.7421,43.7699],[0.729,43.7756],[0.7061,43.7607],[0.6547,43.7539],[0.6435,43.7721],[0.618,43.7739],[0.6144,43.7499],[0.5818,43.7454],[0.5629,43.7273],[0.5725,43.7021],[0.5075,43.7028],[0.5328,43.6694],[0.5233,43.6676],[0.5255,43.6574],[0.4982,43.6539],[0.4882,43.639],[0.465,43.6615],[0.4265,43.6516],[0.4321,43.6675],[0.3946,43.6774],[0.3713,43.6682],[0.3776,43.6424],[0.3981,43.6426],[0.3964,43.6118],[0.3729,43.6011],[0.3463,43.611],[0.3312,43.6068],[0.321,43.6097],[0.3196,43.6236],[0.2884,43.6382],[0.2667,43.6128],[0.2362,43.6434],[0.2316,43.6816],[0.2021,43.7112],[0.1439,43.7386],[0.11,43.7374],[0.0872,43.7548],[0.0889,43.7628],[0.1254,43.7683],[0.1138,43.8255],[0.0963,43.8172],[0.0415,43.851],[0.0037,43.8502],[-0.0424,43.8269],[-0.0449,43.8155],[-0.0659,43.8031],[-0.1649,43.8454],[-0.1924,43.8815],[-0.2401,43.898]]]},"properties":{"id":"32-02","nm":"L'Isle-Jourdain","dept":"32","ins":73646,"nbv":228,"dG":15.726,"dCD":-16.003,"dED":1.986,"dAB":-7.478,"af":28.5}},{"type":"Feature","geometry":{"type":"Polygon","coordinates":[[[-0.7527,45.3218],[-0.5983,45.3226],[-0.5869,45.3445],[-0.5689,45.3314],[-0.5666,45.2986],[-0.5143,45.2862],[-0.4743,45.2941],[-0.4188,45.2738],[-0.4214,45.252],[-0.4052,45.2396],[-0.4198,45.2078],[-0.3872,45.1521],[-0.3593,45.1707],[-0.3387,45.1671],[-0.3162,45.1457],[-0.2755,45.1407],[-0.2466,45.1087],[-0.1452,45.0899],[-0.1115,45.1153],[-0.0876,45.1216],[-0.06,45.0995],[-0.0413,45.1003],[-0.0255,45.1154],[0.0444,45.1156],[0.0731,45.0697],[0.0075,44.9909],[-0.0253,45.0075],[-0.0549,44.9957],[-0.1071,44.9996],[-0.1757,44.9627],[-0.2477,44.9694],[-0.2505,45.0023],[-0.2685,44.9975],[-0.3175,45.0477],[-0.3486,45.0449],[-0.3613,45.0241],[-0.354,45.0129],[-0.3593,44.9981],[-0.3921,44.9976],[-0.4124,44.9703],[-0.455,44.9532],[-0.483,45.0025],[-0.5525,45.0322],[-0.5933,45.0389],[-0.5953,45.0242],[-0.609,45.0187],[-0.6767,45.0788],[-0.7003,45.167],[-0.7376,45.2293],[-0.7359,45.2827],[-0.7527,45.3218]]]},"properties":{"id":"33-11","nm":"Saint-André-De-Cubzac","dept":"33","ins":99153,"nbv":123,"dG":-7.559,"dCD":-10.28,"dED":19.935,"dAB":0.824,"af":34.99}},{"type":"Feature","geometry":{"type":"Polygon","coordinates":[[[-0.5266,44.8061],[-0.5002,44.8052],[-0.473,44.8269],[-0.453,44.8269],[-0.4465,44.8453],[-0.4596,44.8647],[-0.4231,44.8735],[-0.3609,44.8525],[-0.3602,44.8352],[-0.3412,44.8344],[-0.3078,44.7873],[-0.2796,44.7768],[-0.2521,44.7898],[-0.2429,44.7792],[-0.2223,44.7857],[-0.1914,44.7699],[-0.1664,44.7792],[-0.1484,44.7658],[-0.1179,44.7644],[-0.0958,44.8028],[-0.0756,44.8017],[-0.0631,44.7887],[-0.0356,44.7923],[0.0612,44.7703],[0.0847,44.7881],[0.1055,44.7839],[0.1138,44.7917],[0.1424,44.7538],[0.1803,44.7454],[0.1751,44.7337],[0.141,44.7317],[0.1332,44.7045],[0.1096,44.7107],[0.1048,44.6865],[0.1343,44.6824],[0.1364,44.6661],[0.1705,44.669],[0.1831,44.6602],[0.1641,44.6335],[0.1476,44.6296],[0.151,44.6087],[0.0873,44.5861],[0.0744,44.5524],[0.0357,44.5532],[0.0094,44.5219],[-0.0066,44.5168],[-0.0156,44.5042],[-0.0135,44.4645],[0.008,44.4472],[-0.0232,44.4495],[-0.0291,44.4336],[-0.0557,44.424],[-0.0729,44.4323],[-0.0652,44.4428],[-0.0796,44.4482],[-0.0876,44.4645],[-0.1176,44.4573],[-0.1591,44.4644],[-0.1621,44.4749],[-0.1981,44.4854],[-0.2299,44.4805],[-0.2383,44.5048],[-0.2024,44.5236],[-0.201,44.5367],[-0.133,44.5298],[-0.1011,44.5404],[-0.1023,44.557],[-0.1431,44.5696],[-0.2517,44.5595],[-0.2903,44.5876],[-0.3043,44.6189],[-0.3701,44.6692],[-0.3748,44.6847],[-0.4051,44.6896],[-0.4008,44.704],[-0.4344,44.7028],[-0.4506,44.723],[-0.51,44.7435],[-0.5266,44.8061]]]},"properties":{"id":"33-12","nm":"Créon","dept":"33","ins":88165,"nbv":179,"dG":1.845,"dCD":-3.763,"dED":3.852,"dAB":-5.617,"af":31.54}},{"type":"Feature","geometry":{"type":"Polygon","coordinates":[[[-0.6025,45.0345],[-0.556,45.0341],[-0.4844,45.0031],[-0.4461,44.9371],[-0.3945,44.9456],[-0.3834,44.9391],[-0.3897,44.9226],[-0.3626,44.911],[-0.3314,44.87],[-0.3606,44.852],[-0.4127,44.8635],[-0.417,44.8729],[-0.4412,44.8702],[-0.4556,44.8597],[-0.4488,44.828],[-0.4702,44.826],[-0.4975,44.8059],[-0.5266,44.8061],[-0.5456,44.8346],[-0.5351,44.8874],[-0.5507,44.9296],[-0.5429,44.9832],[-0.6025,45.0345]]]},"properties":{"id":"33-04","nm":"Cenon","dept":"33","ins":96496,"nbv":106,"dG":12.981,"dCD":-11.495,"dED":0.679,"dAB":3.786,"af":38.47}},{"type":"Feature","geometry":{"type":"MultiPolygon","coordinates":[[[[-1.2599,44.6297],[-1.2325,44.8091],[-1.1682,44.8135],[-1.1467,44.824],[-1.0526,44.8243],[-1.0406,44.8488],[-1.0044,44.8298],[-0.9576,44.8305],[-0.8849,44.8498],[-0.9044,44.8079],[-0.8816,44.7608],[-0.7715,44.6932],[-0.8177,44.6636],[-0.8194,44.6343],[-0.8065,44.6257],[-0.8153,44.6078],[-0.8371,44.6095],[-0.8757,44.5939],[-0.9057,44.5664],[-1.0112,44.5103],[-1.0265,44.5072],[-1.0844,44.531],[-1.107,44.5027],[-1.2536,44.4675],[-1.2567,44.5301],[-1.2414,44.5657],[-1.2109,44.5999],[-1.1953,44.6578],[-1.1507,44.6628],[-1.1344,44.6462],[-1.0826,44.6411],[-1.0331,44.6531],[-1.021,44.6695],[-1.0692,44.6961],[-1.0519,44.6954],[-1.0529,44.7068],[-1.1655,44.7753],[-1.1765,44.7615],[-1.173,44.7457],[-1.2206,44.7099],[-1.2381,44.682],[-1.2451,44.6213],[-1.2599,44.6297]]],[[[-1.2452,44.5685],[-1.2564,44.5669],[-1.24,44.5926],[-1.2353,44.5921],[-1.2281,44.5977],[-1.224,44.5979],[-1.2452,44.5685]]],[[[-1.2427,44.5953],[-1.2472,44.5962],[-1.2476,44.5971],[-1.2427,44.5953]]],[[[-1.1902,44.6997],[-1.1767,44.7045],[-1.1663,44.696],[-1.1843,44.6935],[-1.1902,44.6997]]]]},"properties":{"id":"33-08","nm":"La Teste-De-Buch","dept":"33","ins":113453,"nbv":121,"dG":-11.84,"dCD":7.671,"dED":4.587,"dAB":-4.487,"af":32.91}},{"type":"Feature","geometry":{"type":"MultiPolygon","coordinates":[[[[-1.0292,44.4228],[-1.0069,44.4374],[-0.9812,44.4823],[-0.9896,44.5102],[-1.0112,44.5103],[-0.9022,44.5698],[-0.8736,44.5962],[-0.8148,44.6099],[-0.8091,44.6236],[-0.8253,44.6493],[-0.8171,44.665],[-0.7715,44.6932],[-0.7334,44.6739],[-0.6766,44.6832],[-0.6458,44.7311],[-0.6083,44.7584],[-0.59,44.7628],[-0.5706,44.7449],[-0.5348,44.7684],[-0.5115,44.7694],[-0.5083,44.7427],[-0.4487,44.7218],[-0.4354,44.7035],[-0.4076,44.707],[-0.3955,44.7014],[-0.3983,44.6878],[-0.3739,44.6841],[-0.3693,44.6672],[-0.335,44.649],[-0.3037,44.6187],[-0.2903,44.587],[-0.2526,44.5603],[-0.158,44.5646],[-0.1399,44.5729],[-0.0929,44.5538],[-0.1056,44.5365],[-0.1334,44.5286],[-0.1973,44.5349],[-0.1996,44.5207],[-0.2313,44.5102],[-0.2311,44.4823],[-0.1952,44.4878],[-0.1596,44.476],[-0.1568,44.465],[-0.1181,44.4574],[-0.0854,44.4663],[-0.0758,44.447],[-0.0571,44.4525],[-0.0632,44.4319],[-0.0505,44.4247],[-0.0229,44.4504],[0.0049,44.4449],[-0.0072,44.4331],[-0.0064,44.4117],[0.0241,44.3775],[0.015,44.3667],[-0.0078,44.3721],[-0.0796,44.3515],[-0.083,44.3357],[-0.0348,44.2967],[-0.0413,44.2898],[-0.033,44.2717],[-0.0515,44.2678],[-0.067,44.2464],[-0.1407,44.2264],[-0.1908,44.2694],[-0.2215,44.2644],[-0.2234,44.2059],[-0.2718,44.1939],[-0.3896,44.2095],[-0.3966,44.2366],[-0.3869,44.2852],[-0.4314,44.3011],[-0.4357,44.3225],[-0.479,44.325],[-0.5177,44.3394],[-0.5304,44.3653],[-0.6423,44.4001],[-0.6262,44.4108],[-0.6279,44.441],[-0.6405,44.4494],[-0.6731,44.4564],[-0.6927,44.4406],[-0.729,44.4481],[-0.7728,44.4413],[-0.7792,44.4294],[-0.8101,44.4203],[-0.8422,44.4186],[-0.9207,44.4428],[-1.0292,44.4228]]],[[[-0.4447,44.8229],[-0.4446,44.8229],[-0.4446,44.8229],[-0.4447,44.8229]]]]},"properties":{"id":"33-09","nm":"Léognan","dept":"33","ins":103847,"nbv":144,"dG":-1.587,"dCD":-3.141,"dED":6.366,"dAB":-3.761,"af":31.34}},{"type":"Feature","geometry":{"type":"MultiPolygon","coordinates":[[[[-1.2325,44.8091],[-1.1633,45.2854],[-1.1523,45.4841],[-1.1008,45.5408],[-1.0932,45.5647],[-1.0257,45.5747],[-0.8411,45.4351],[-0.774,45.3692],[-0.7374,45.2864],[-0.7374,45.229],[-0.7003,45.1672],[-0.6832,45.0888],[-0.612,45.0211],[-0.5953,45.0242],[-0.5427,44.9844],[-0.5479,44.9167],[-0.6244,44.8995],[-0.6221,44.8767],[-0.6313,44.8642],[-0.6665,44.8583],[-0.6693,44.8955],[-0.6494,44.9015],[-0.6569,44.9173],[-0.6749,44.9302],[-0.6971,44.9276],[-0.7258,44.9563],[-0.7551,44.966],[-0.7938,44.9454],[-0.7985,44.9187],[-0.8309,44.9237],[-0.8428,44.8956],[-0.8812,44.8838],[-0.8849,44.8498],[-0.958,44.8304],[-1.0064,44.8298],[-1.0383,44.8464],[-1.0501,44.8235],[-1.1457,44.8241],[-1.1676,44.8135],[-1.2325,44.8091]]],[[[-1.1567,45.6045],[-1.1476,45.6021],[-1.1474,45.602],[-1.1515,45.5979],[-1.1567,45.6045]]],[[[-1.1734,45.5863],[-1.1731,45.5863],[-1.1734,45.5861],[-1.1734,45.5863]]]]},"properties":{"id":"33-05","nm":"Eysines","dept":"33","ins":123063,"nbv":134,"dG":-1.983,"dCD":-6.248,"dED":10.012,"dAB":-0.915,"af":34.54}},{"type":"Feature","geometry":{"type":"Polygon","coordinates":[[[-0.455,44.9532],[-0.4076,44.9723],[-0.391,45.0004],[-0.3606,44.9976],[-0.3622,45.0187],[-0.3491,45.0462],[-0.3194,45.0499],[-0.2711,45.0007],[-0.2482,45.0023],[-0.2415,44.9712],[-0.1765,44.9636],[-0.1049,44.9997],[-0.0519,44.9977],[-0.0228,45.0078],[0.0095,44.9941],[0.0173,45.014],[0.0391,45.0244],[0.04,44.9938],[0.0306,44.9761],[0.0146,44.9764],[0.0067,44.9482],[0.0346,44.916],[-0.0084,44.8669],[-0.0088,44.8492],[0.0221,44.8497],[0.0407,44.8277],[0.0738,44.8198],[0.0817,44.8307],[0.1075,44.8322],[0.1133,44.8211],[0.1484,44.8293],[0.1922,44.8216],[0.2415,44.8574],[0.2379,44.8721],[0.2807,44.8664],[0.3151,44.8454],[0.301,44.8292],[0.265,44.8204],[0.2773,44.7764],[0.2976,44.7601],[0.2516,44.7503],[0.2316,44.7648],[0.2118,44.7408],[0.2195,44.7246],[0.2013,44.7224],[0.189,44.7472],[0.138,44.7556],[0.1151,44.7879],[0.0728,44.7815],[0.0645,44.7701],[-0.0305,44.7908],[-0.0649,44.7856],[-0.0901,44.8051],[-0.1145,44.7594],[-0.1687,44.7766],[-0.1961,44.7702],[-0.2233,44.7848],[-0.2858,44.7784],[-0.316,44.787],[-0.3413,44.8329],[-0.3603,44.834],[-0.3581,44.8549],[-0.3369,44.8724],[-0.3658,44.9095],[-0.3956,44.9206],[-0.3875,44.9416],[-0.4116,44.947],[-0.4393,44.935],[-0.455,44.9532]]]},"properties":{"id":"33-10","nm":"Libourne","dept":"33","ins":83589,"nbv":144,"dG":-4.972,"dCD":-4.165,"dED":11.243,"dAB":-2.842,"af":33.23}},{"type":"Feature","geometry":{"type":"MultiPolygon","coordinates":[[[[-0.6099,44.8135],[-0.5881,44.8246],[-0.5696,44.8119],[-0.5376,44.8228],[-0.5115,44.7694],[-0.5342,44.7676],[-0.5715,44.7433],[-0.5875,44.7546],[-0.5877,44.777],[-0.6051,44.7905],[-0.6099,44.8135]]],[[[-0.5723,44.8275],[-0.5598,44.836],[-0.5543,44.8324],[-0.5641,44.8232],[-0.5723,44.8275]]],[[[-0.6071,44.8457],[-0.6071,44.8478],[-0.6068,44.8479],[-0.6071,44.8457]]]]},"properties":{"id":"33-03","nm":"Villenave-D'Ornon","dept":"33","ins":75711,"nbv":77,"dG":19.865,"dCD":-7.496,"dED":-9.95,"dAB":-2.081,"af":33.97}},{"type":"Feature","geometry":{"type":"MultiPolygon","coordinates":[[[[-0.5738,44.8376],[-0.581,44.8415],[-0.5745,44.8426],[-0.5738,44.8376]]],[[[-0.5777,44.8564],[-0.5776,44.8564],[-0.5777,44.8563],[-0.5777,44.8564]]],[[[-0.6137,44.8292],[-0.6086,44.8367],[-0.5969,44.8347],[-0.605,44.8275],[-0.6137,44.8292]]]]},"properties":{"id":"33-02","nm":"Bordeaux","dept":"33","ins":9551,"nbv":8,"dG":9.883,"dCD":8.022,"dED":-14.782,"dAB":-8.721,"af":32.04}},{"type":"Feature","geometry":{"type":"Polygon","coordinates":[[[-0.6297,44.898],[-0.5805,44.9094],[-0.5753,44.8662],[-0.559,44.8678],[-0.5529,44.8576],[-0.566,44.8501],[-0.5813,44.8639],[-0.5987,44.8543],[-0.6293,44.8816],[-0.6297,44.898]]]},"properties":{"id":"33-01","nm":"Le Bouscat","dept":"33","ins":30851,"nbv":33,"dG":2.962,"dCD":7.761,"dED":-8.297,"dAB":-4.899,"af":33.66}},{"type":"Feature","geometry":{"type":"Polygon","coordinates":[[[-0.8374,44.7371],[-0.7591,44.7555],[-0.7378,44.7722],[-0.7295,44.8016],[-0.7048,44.8003],[-0.6799,44.8127],[-0.6105,44.8226],[-0.603,44.8184],[-0.6044,44.7919],[-0.5855,44.7791],[-0.59,44.7628],[-0.6317,44.7424],[-0.6335,44.7279],[-0.6689,44.7019],[-0.6567,44.6837],[-0.7203,44.6815],[-0.7301,44.6724],[-0.8236,44.7216],[-0.8374,44.7371]]]},"properties":{"id":"33-07","nm":"Pessac","dept":"33","ins":80692,"nbv":83,"dG":10.302,"dCD":1.066,"dED":-8.788,"dAB":-5.884,"af":30.92}},{"type":"Feature","geometry":{"type":"Polygon","coordinates":[[[-0.905,44.8082],[-0.8816,44.8569],[-0.8841,44.8856],[-0.844,44.8951],[-0.8324,44.9251],[-0.8004,44.9215],[-0.7949,44.9452],[-0.7546,44.9666],[-0.7258,44.9565],[-0.6976,44.9294],[-0.6698,44.93],[-0.6519,44.9169],[-0.6424,44.8946],[-0.6682,44.8927],[-0.6622,44.8635],[-0.6422,44.8612],[-0.6264,44.8392],[-0.6069,44.837],[-0.6106,44.8227],[-0.6264,44.8149],[-0.7297,44.8009],[-0.734,44.7756],[-0.7587,44.7555],[-0.8373,44.7371],[-0.8813,44.76],[-0.905,44.8082]]]},"properties":{"id":"33-06","nm":"Mérignac","dept":"33","ins":102534,"nbv":119,"dG":6.819,"dCD":-0.071,"dED":-4.287,"dAB":-5.012,"af":32.21}},{"type":"Feature","geometry":{"type":"Polygon","coordinates":[[[3.2072,43.4509],[3.2516,43.4793],[3.2689,43.4594],[3.2975,43.4778],[3.3323,43.4834],[3.33,43.5176],[3.3637,43.5322],[3.4234,43.4885],[3.4477,43.4821],[3.4467,43.4711],[3.4665,43.4503],[3.4937,43.4533],[3.5486,43.407],[3.5933,43.3908],[3.6725,43.4302],[3.7223,43.4224],[3.7284,43.4132],[3.7482,43.4198],[3.7279,43.4088],[3.7315,43.3989],[3.6622,43.3922],[3.6387,43.381],[3.5017,43.2628],[3.499,43.2741],[3.4439,43.28],[3.4307,43.2899],[3.3651,43.2771],[3.3753,43.3064],[3.3313,43.3413],[3.3366,43.3758],[3.3133,43.3723],[3.2627,43.3972],[3.2709,43.4159],[3.2235,43.4336],[3.2072,43.4509]]]},"properties":{"id":"34-07","nm":"Sète","dept":"34","ins":106997,"nbv":109,"dG":-3.308,"dCD":-11.164,"dED":16.613,"dAB":0.487,"af":34.97}},{"type":"Feature","geometry":{"type":"Polygon","coordinates":[[[2.5396,43.3459],[2.5558,43.3651],[2.5553,43.3881],[2.5895,43.4037],[2.5664,43.423],[2.6192,43.4393],[2.6413,43.4557],[2.6427,43.4691],[2.6656,43.4679],[2.6546,43.4968],[2.6604,43.523],[2.6166,43.5656],[2.6289,43.5836],[2.6143,43.5998],[2.6356,43.6262],[2.6459,43.6603],[2.6573,43.65],[2.7206,43.6453],[2.7541,43.614],[2.7955,43.6254],[2.8133,43.6411],[2.8712,43.6453],[2.879,43.6573],[2.9084,43.6551],[2.9183,43.6629],[2.9216,43.6897],[2.9335,43.6953],[2.9849,43.709],[3.0321,43.6924],[3.0583,43.6951],[3.0641,43.7075],[3.0536,43.7161],[3.0525,43.7458],[3.073,43.7664],[3.0486,43.8017],[3.0604,43.8105],[3.0648,43.8355],[3.1509,43.8138],[3.2078,43.8125],[3.2491,43.8296],[3.2375,43.7643],[3.2539,43.7151],[3.2719,43.72],[3.2938,43.674],[3.3452,43.6688],[3.3723,43.682],[3.3996,43.668],[3.4164,43.6741],[3.4873,43.6662],[3.4786,43.6511],[3.4943,43.6402],[3.4786,43.6246],[3.4999,43.6131],[3.5001,43.599],[3.4756,43.5698],[3.485,43.5533],[3.4789,43.5296],[3.5361,43.5121],[3.5679,43.4753],[3.5429,43.4598],[3.5372,43.4351],[3.518,43.4274],[3.4938,43.4531],[3.4688,43.4474],[3.4437,43.4815],[3.361,43.5314],[3.3319,43.5191],[3.3339,43.4827],[3.2939,43.4752],[3.2681,43.4584],[3.2499,43.4754],[3.2134,43.4603],[3.2105,43.4514],[3.2279,43.425],[3.1921,43.4213],[3.1624,43.3908],[3.1478,43.4006],[3.1321,43.3945],[3.1303,43.4217],[3.1099,43.4303],[3.0499,43.4136],[3.0476,43.4047],[3.0852,43.3685],[3.131,43.3614],[3.13,43.3482],[3.149,43.3341],[3.1192,43.3151],[3.1556,43.298],[3.1414,43.2596],[3.111,43.2533],[3.079,43.2613],[3.0532,43.2799],[3.0108,43.2739],[3.0004,43.3197],[2.946,43.3119],[2.9241,43.3249],[2.8942,43.3265],[2.8842,43.335],[2.8895,43.3641],[2.8703,43.3731],[2.8636,43.3646],[2.8761,43.3389],[2.8686,43.3297],[2.8141,43.3217],[2.8179,43.3092],[2.7898,43.2902],[2.7868,43.2734],[2.7723,43.2577],[2.7524,43.2548],[2.6991,43.28],[2.7044,43.2915],[2.6951,43.319],[2.6573,43.2933],[2.6335,43.2969],[2.6171,43.2843],[2.5854,43.3326],[2.5516,43.3343],[2.5396,43.3459]]]},"properties":{"id":"34-05","nm":"Clermont-L'Hérault","dept":"34","ins":100010,"nbv":175,"dG":5.382,"dCD":-18.457,"dED":14.218,"dAB":-1.966,"af":33.0}},{"type":"Feature","geometry":{"type":"Polygon","coordinates":[[[3.2364,43.8534],[3.237,43.8694],[3.265,43.8953],[3.3356,43.8932],[3.37,43.9173],[3.392,43.9099],[3.4092,43.9153],[3.4378,43.9011],[3.4354,43.8651],[3.5052,43.8973],[3.5228,43.8885],[3.5277,43.8584],[3.5778,43.8463],[3.5889,43.8553],[3.575,43.8656],[3.624,43.9166],[3.6707,43.9111],[3.6856,43.9538],[3.7521,43.9727],[3.7877,43.9668],[3.7937,43.9449],[3.8271,43.9358],[3.829,43.9245],[3.8008,43.8918],[3.8054,43.8791],[3.8492,43.8684],[3.8569,43.8771],[3.8973,43.8779],[3.9113,43.8891],[3.9232,43.8582],[3.9806,43.8431],[3.9603,43.8103],[3.9809,43.7926],[3.9756,43.7805],[3.9855,43.767],[3.8786,43.7379],[3.8833,43.6874],[3.8424,43.6682],[3.8562,43.6521],[3.8413,43.6476],[3.8252,43.6664],[3.7723,43.662],[3.7496,43.6467],[3.7356,43.6204],[3.7204,43.615],[3.716,43.5997],[3.6916,43.6093],[3.6723,43.5974],[3.6609,43.5704],[3.6805,43.5574],[3.6766,43.545],[3.6988,43.5262],[3.7295,43.5185],[3.7543,43.4868],[3.7289,43.471],[3.6974,43.4785],[3.6661,43.4561],[3.6725,43.4302],[3.5937,43.3894],[3.5541,43.4037],[3.5257,43.4301],[3.5419,43.4595],[3.5629,43.4737],[3.5499,43.5034],[3.4956,43.529],[3.4822,43.522],[3.4821,43.553],[3.4704,43.5702],[3.5005,43.6038],[3.4743,43.6368],[3.4899,43.6376],[3.4773,43.6505],[3.4825,43.6673],[3.4131,43.6708],[3.3922,43.6638],[3.3748,43.6809],[3.355,43.6688],[3.2898,43.6711],[3.2737,43.7118],[3.2523,43.7162],[3.237,43.7647],[3.2509,43.8409],[3.2364,43.8534]]]},"properties":{"id":"34-04","nm":"Mèze","dept":"34","ins":116365,"nbv":158,"dG":5.03,"dCD":-10.428,"dED":8.013,"dAB":-4.103,"af":33.0}},{"type":"Feature","geometry":{"type":"Polygon","coordinates":[[[3.8419,43.6707],[3.8813,43.6893],[3.885,43.7122],[3.873,43.7337],[3.8865,43.7416],[3.8826,43.7516],[3.9204,43.7467],[3.98,43.7625],[3.9745,43.8015],[4.0011,43.8127],[4.0532,43.7853],[4.0667,43.7679],[4.0851,43.7683],[4.1147,43.7379],[4.1424,43.7374],[4.1538,43.7149],[4.1176,43.6967],[4.0691,43.7016],[4.0657,43.6899],[4.0473,43.6808],[4.0538,43.6593],[4.0472,43.6514],[4.0172,43.6487],[4.0134,43.639],[3.9741,43.6509],[3.9485,43.6427],[3.9206,43.6184],[3.8972,43.6225],[3.8818,43.6461],[3.8709,43.6285],[3.8811,43.6199],[3.8647,43.6195],[3.842,43.6477],[3.8503,43.655],[3.8419,43.6707]]]},"properties":{"id":"34-03","nm":"Castelnau-Le-Lez","dept":"34","ins":93020,"nbv":95,"dG":9.172,"dCD":-6.498,"dED":0.312,"dAB":-4.824,"af":32.73}},{"type":"Feature","geometry":{"type":"MultiPolygon","coordinates":[[[[3.9175,43.6157],[3.9172,43.6157],[3.9174,43.6161],[3.9175,43.6157]]],[[[3.6568,43.5691],[3.67,43.5964],[3.6904,43.6102],[3.7114,43.6002],[3.7116,43.6178],[3.7329,43.6197],[3.7479,43.6352],[3.7403,43.645],[3.7809,43.666],[3.7993,43.6595],[3.8274,43.6667],[3.8763,43.6067],[3.8463,43.6208],[3.8239,43.593],[3.8066,43.6008],[3.7943,43.5949],[3.7887,43.5752],[3.8241,43.5516],[3.8172,43.5285],[3.8604,43.4925],[3.798,43.4417],[3.7477,43.4186],[3.6725,43.4302],[3.6677,43.4591],[3.6986,43.4794],[3.7299,43.4714],[3.752,43.4935],[3.7244,43.5177],[3.7018,43.5241],[3.6729,43.548],[3.6761,43.5593],[3.6568,43.5691]]],[[[3.8823,43.6036],[3.8825,43.6037],[3.8825,43.6036],[3.8823,43.6036]]],[[[3.8946,43.6067],[3.8953,43.6076],[3.8961,43.6064],[3.8946,43.6067]]]]},"properties":{"id":"34-08","nm":"Montpellier","dept":"34","ins":89614,"nbv":88,"dG":5.789,"dCD":-10.432,"dED":6.996,"dAB":0.923,"af":36.2}},{"type":"Feature","geometry":{"type":"Polygon","coordinates":[[[3.0313,43.4076],[3.1074,43.4313],[3.1402,43.4209],[3.1266,43.4101],[3.131,43.3964],[3.1506,43.4027],[3.1606,43.3932],[3.1788,43.4157],[3.24,43.4325],[3.2762,43.4129],[3.2661,43.399],[3.2761,43.3893],[3.3136,43.3735],[3.341,43.3733],[3.3311,43.3603],[3.3336,43.3401],[3.3726,43.3114],[3.3773,43.2934],[3.365,43.277],[3.2871,43.2432],[3.2421,43.2102],[3.1986,43.2498],[3.1436,43.2472],[3.1534,43.3],[3.1044,43.32],[3.133,43.3263],[3.129,43.3613],[3.0852,43.3677],[3.0588,43.3999],[3.0313,43.4076]]]},"properties":{"id":"34-06","nm":"Béziers","dept":"34","ins":91541,"nbv":98,"dG":-7.994,"dCD":11.719,"dED":-4.122,"dAB":0.523,"af":36.34}},{"type":"Feature","geometry":{"type":"Polygon","coordinates":[[[3.8769,43.6012],[3.8929,43.6262],[3.9199,43.619],[3.9493,43.6436],[3.9861,43.6545],[4.0075,43.6439],[4.0266,43.6499],[4.0274,43.6598],[4.0444,43.6549],[4.0463,43.6725],[4.0356,43.6797],[4.0701,43.7028],[4.1183,43.697],[4.1538,43.7149],[4.1945,43.6541],[4.1689,43.6094],[4.1506,43.5977],[4.1502,43.5855],[4.1017,43.584],[4.1093,43.5682],[4.1013,43.5547],[4.0372,43.5563],[3.9694,43.5404],[3.9685,43.5643],[3.9297,43.5925],[3.8769,43.6012]]]},"properties":{"id":"34-09","nm":"Montpellier","dept":"34","ins":90642,"nbv":78,"dG":-0.904,"dCD":-3.885,"dED":6.755,"dAB":1.523,"af":36.32}},{"type":"Feature","geometry":{"type":"MultiPolygon","coordinates":[[[[3.7834,43.5994],[3.8221,43.5966],[3.8427,43.6133],[3.8644,43.6097],[3.8712,43.5995],[3.8962,43.6015],[3.9062,43.5916],[3.9389,43.5957],[3.9364,43.5858],[3.9687,43.5654],[3.9726,43.5484],[3.8261,43.4666],[3.8558,43.4957],[3.8104,43.5316],[3.8196,43.5532],[3.7854,43.5778],[3.7907,43.5878],[3.7834,43.5994]]],[[[3.8141,43.6397],[3.8141,43.6397],[3.8142,43.6398],[3.8141,43.6397]]]]},"properties":{"id":"34-01","nm":"Montpellier","dept":"34","ins":90612,"nbv":86,"dG":6.509,"dCD":-6.442,"dED":2.229,"dAB":0.594,"af":36.02}},{"type":"Feature","geometry":{"type":"Polygon","coordinates":[[[3.8076,43.6236],[3.8078,43.6398],[3.8233,43.6433],[3.8581,43.6136],[3.8709,43.6126],[3.8684,43.6425],[3.8788,43.6493],[3.8931,43.6407],[3.8887,43.6198],[3.8975,43.6051],[3.8823,43.6059],[3.8491,43.583],[3.8411,43.5902],[3.855,43.596],[3.852,43.6098],[3.8076,43.6236]]]},"properties":{"id":"34-02","nm":"Montpellier","dept":"34","ins":67226,"nbv":56,"dG":30.893,"dCD":-14.399,"dED":-14.236,"dAB":3.099,"af":38.43}},{"type":"Feature","geometry":{"type":"Polygon","coordinates":[[[-1.8492,48.3437],[-1.8491,48.3598],[-1.8332,48.3807],[-1.7833,48.3738],[-1.7698,48.3621],[-1.744,48.3649],[-1.7033,48.3738],[-1.7001,48.3845],[-1.7135,48.3982],[-1.6895,48.402],[-1.6713,48.381],[-1.6512,48.374],[-1.6478,48.3578],[-1.6101,48.3519],[-1.6597,48.3465],[-1.6676,48.3283],[-1.6975,48.3117],[-1.6926,48.2726],[-1.7342,48.262],[-1.7443,48.2404],[-1.7315,48.2299],[-1.7163,48.1832],[-1.697,48.1842],[-1.6571,48.2101],[-1.6331,48.1985],[-1.6261,48.206],[-1.5993,48.2005],[-1.5915,48.2149],[-1.5996,48.2414],[-1.5832,48.2519],[-1.5628,48.2476],[-1.5277,48.2726],[-1.4814,48.2729],[-1.4958,48.2563],[-1.4533,48.2266],[-1.4209,48.2331],[-1.401,48.2241],[-1.3943,48.2367],[-1.3678,48.2403],[-1.3607,48.251],[-1.3236,48.251],[-1.298,48.2299],[-1.2839,48.2306],[-1.2909,48.2208],[-1.3175,48.2219],[-1.3446,48.2058],[-1.3588,48.1834],[-1.3523,48.1714],[-1.3784,48.1594],[-1.3848,48.1472],[-1.3992,48.1525],[-1.4663,48.1327],[-1.4737,48.1487],[-1.4849,48.1419],[-1.4859,48.1248],[-1.5152,48.1199],[-1.5364,48.1305],[-1.5629,48.0923],[-1.606,48.0879],[-1.6386,48.1095],[-1.6621,48.1058],[-1.6666,48.1367],[-1.6946,48.1344],[-1.7618,48.1664],[-1.7636,48.1856],[-1.7819,48.1957],[-1.7656,48.2078],[-1.7809,48.2389],[-1.8435,48.2506],[-1.8432,48.272],[-1.827,48.2814],[-1.8313,48.2898],[-1.7718,48.3272],[-1.7793,48.3374],[-1.8338,48.3348],[-1.8492,48.3437]]]},"properties":{"id":"35-02","nm":"Rennes","dept":"35","ins":93529,"nbv":111,"dG":9.924,"dCD":4.975,"dED":-12.739,"dAB":-10.318,"af":29.81}},{"type":"Feature","geometry":{"type":"Polygon","coordinates":[[[-1.6192,47.976],[-1.5959,47.9898],[-1.6019,48.0238],[-1.5875,48.0445],[-1.5671,48.0539],[-1.5757,48.0665],[-1.5516,48.1205],[-1.5337,48.1314],[-1.5082,48.1196],[-1.4869,48.1253],[-1.487,48.1415],[-1.4683,48.1515],[-1.458,48.1354],[-1.4351,48.1382],[-1.41,48.1552],[-1.3851,48.1503],[-1.3562,48.1705],[-1.3608,48.183],[-1.3515,48.2011],[-1.3047,48.2243],[-1.3307,48.2521],[-1.2963,48.2601],[-1.2519,48.254],[-1.2344,48.2703],[-1.2004,48.2511],[-1.1813,48.257],[-1.1701,48.2473],[-1.1568,48.2553],[-1.1272,48.2498],[-1.1224,48.2607],[-1.0991,48.2681],[-1.0991,48.25],[-1.0805,48.2195],[-1.0854,48.2087],[-1.0739,48.2009],[-1.0793,48.1772],[-1.0642,48.1608],[-1.0453,48.084],[-1.0214,48.0684],[-1.0326,48.0327],[-1.0167,48.0083],[-1.0209,47.9954],[-1.0713,47.9818],[-1.12,47.9866],[-1.1253,47.9716],[-1.1567,47.9638],[-1.1761,47.8974],[-1.1967,47.8861],[-1.1891,47.8672],[-1.215,47.8538],[-1.2202,47.8205],[-1.2355,47.8165],[-1.2461,47.7767],[-1.365,47.7987],[-1.3919,47.8289],[-1.491,47.8311],[-1.5067,47.8404],[-1.5048,47.8478],[-1.471,47.8838],[-1.4876,47.8943],[-1.4889,47.9076],[-1.5418,47.9081],[-1.5794,47.9387],[-1.5803,47.9537],[-1.6055,47.955],[-1.6043,47.9704],[-1.6192,47.976]]]},"properties":{"id":"35-05","nm":"Vitré","dept":"35","ins":110903,"nbv":140,"dG":-3.8,"dCD":10.158,"dED":-4.574,"dAB":-4.144,"af":33.83}},{"type":"Feature","geometry":{"type":"Polygon","coordinates":[[[-1.7471,48.2405],[-1.7349,48.2662],[-1.6921,48.2738],[-1.7015,48.3037],[-1.6531,48.3513],[-1.6518,48.3785],[-1.6403,48.3875],[-1.6514,48.4204],[-1.6177,48.4619],[-1.6225,48.469],[-1.6552,48.4689],[-1.6814,48.4543],[-1.6945,48.4646],[-1.6733,48.5071],[-1.6847,48.5285],[-1.6695,48.5299],[-1.6619,48.5466],[-1.6643,48.5619],[-1.6867,48.5616],[-1.6965,48.5783],[-1.6881,48.6056],[-1.57,48.6255],[-1.5373,48.5989],[-1.5431,48.5825],[-1.519,48.5667],[-1.5323,48.5473],[-1.5157,48.5375],[-1.4888,48.492],[-1.4513,48.4877],[-1.428,48.4622],[-1.3788,48.4569],[-1.3494,48.4717],[-1.3491,48.4822],[-1.3267,48.4988],[-1.2789,48.5104],[-1.2728,48.5339],[-1.2518,48.5438],[-1.2038,48.5412],[-1.1903,48.5289],[-1.1701,48.5312],[-1.1475,48.5182],[-1.1172,48.5217],[-1.0672,48.5056],[-1.078,48.4931],[-1.0652,48.4514],[-1.0828,48.4337],[-1.0541,48.3809],[-1.1081,48.3825],[-1.139,48.3731],[-1.1426,48.3422],[-1.1252,48.3302],[-1.1137,48.3359],[-1.1121,48.3537],[-1.069,48.3693],[-1.0556,48.3643],[-1.0593,48.3482],[-1.0451,48.3282],[-1.1234,48.2505],[-1.1983,48.2497],[-1.2341,48.2692],[-1.2488,48.2535],[-1.3015,48.259],[-1.3578,48.2509],[-1.3688,48.2396],[-1.3934,48.236],[-1.3989,48.2236],[-1.4491,48.2255],[-1.481,48.2377],[-1.5008,48.2567],[-1.4993,48.2714],[-1.5291,48.271],[-1.5603,48.2473],[-1.5923,48.2461],[-1.5983,48.1988],[-1.62,48.2051],[-1.6373,48.198],[-1.6537,48.2075],[-1.697,48.1811],[-1.7241,48.1826],[-1.7237,48.2102],[-1.7329,48.2148],[-1.7355,48.2356],[-1.7471,48.2405]]]},"properties":{"id":"35-06","nm":"Fougères","dept":"35","ins":89904,"nbv":125,"dG":-6.387,"dCD":10.447,"dED":-2.726,"dAB":-5.372,"af":32.69}},{"type":"Feature","geometry":{"type":"MultiPolygon","coordinates":[[[[-2.1609,48.6395],[-2.1444,48.6323],[-2.1216,48.6365],[-2.1129,48.6476],[-2.0936,48.6336],[-2.0569,48.6402],[-2.0475,48.6381],[-2.0474,48.6263],[-2.0357,48.6267],[-2.0348,48.6523],[-1.994,48.6613],[-1.9832,48.6733],[-1.9908,48.6831],[-1.9621,48.6884],[-1.9549,48.6992],[-1.9429,48.6933],[-1.9369,48.7027],[-1.9049,48.6901],[-1.8346,48.7155],[-1.8457,48.6921],[-1.8261,48.6809],[-1.8621,48.6672],[-1.8702,48.6454],[-1.8573,48.6247],[-1.7888,48.6054],[-1.6695,48.6098],[-1.6843,48.605],[-1.6936,48.5752],[-1.6854,48.562],[-1.669,48.5659],[-1.6539,48.544],[-1.6747,48.5253],[-1.6759,48.492],[-1.7001,48.4587],[-1.7117,48.4599],[-1.7317,48.4925],[-1.7886,48.4767],[-1.8103,48.491],[-1.8501,48.4755],[-1.8819,48.4925],[-1.8911,48.4778],[-1.9103,48.477],[-1.9236,48.5012],[-1.9103,48.5147],[-1.9277,48.5483],[-1.9697,48.5356],[-1.9616,48.5523],[-1.9774,48.5561],[-1.975,48.5666],[-1.9894,48.5805],[-2.0452,48.5428],[-2.0503,48.5645],[-2.0942,48.5706],[-2.1245,48.5892],[-2.1389,48.6231],[-2.1609,48.6395]]],[[[-2.0383,48.6527],[-2.038,48.6523],[-2.0387,48.6529],[-2.0383,48.6527]]],[[[-1.9823,48.6943],[-1.9825,48.6942],[-1.9825,48.6944],[-1.9823,48.6943]]],[[[-1.8303,48.7206],[-1.831,48.7212],[-1.8301,48.7213],[-1.8303,48.7206]]],[[[-2.0707,48.6755],[-2.0689,48.679],[-2.0678,48.6779],[-2.0707,48.6755]]],[[[-2.0586,48.6801],[-2.0586,48.6804],[-2.0583,48.6803],[-2.0586,48.6801]]],[[[-2.0472,48.6869],[-2.0462,48.6877],[-2.0438,48.6839],[-2.0472,48.6869]]],[[[-2.0694,48.6526],[-2.0703,48.6542],[-2.069,48.6526],[-2.0694,48.6526]]],[[[-2.0905,48.6536],[-2.0906,48.6539],[-2.0902,48.6537],[-2.0905,48.6536]]]]},"properties":{"id":"35-07","nm":"Saint-Malo","dept":"35","ins":105960,"nbv":119,"dG":-9.958,"dCD":14.951,"dED":-5.059,"dAB":-6.044,"af":32.06}},{"type":"Feature","geometry":{"type":"Polygon","coordinates":[[[-2.2896,48.001],[-2.279,48.009],[-2.2797,48.0262],[-2.2419,48.0529],[-2.1921,48.0529],[-2.158,48.0842],[-2.0057,48.0623],[-1.9585,48.084],[-1.9359,48.0799],[-1.9584,48.0653],[-1.9507,48.0527],[-1.8619,48.0729],[-1.8262,48.0679],[-1.8201,48.0471],[-1.774,48.0279],[-1.7831,48.0075],[-1.7515,47.9952],[-1.7532,47.9805],[-1.7408,47.983],[-1.7301,48.012],[-1.6907,47.9923],[-1.6912,47.9637],[-1.6829,47.957],[-1.6659,47.9725],[-1.6387,47.9528],[-1.6275,47.973],[-1.6074,47.9729],[-1.6,47.9563],[-1.5682,47.9576],[-1.5749,47.9401],[-1.542,47.9096],[-1.4865,47.9085],[-1.4787,47.8908],[-1.4636,47.8838],[-1.4983,47.8626],[-1.504,47.8468],[-1.4672,47.8098],[-1.5291,47.7848],[-1.5868,47.7792],[-1.5938,47.7676],[-1.6222,47.7634],[-1.6382,47.7223],[-1.6584,47.7093],[-1.7005,47.7139],[-1.7036,47.7005],[-1.7276,47.6988],[-1.7504,47.7072],[-1.7689,47.6985],[-1.8601,47.7074],[-1.9393,47.6853],[-1.9543,47.6719],[-1.9695,47.6736],[-1.9761,47.6908],[-2.0128,47.6662],[-2.0397,47.6686],[-2.0512,47.6499],[-2.0827,47.6508],[-2.0981,47.6317],[-2.1132,47.6515],[-2.1041,47.674],[-2.1248,47.6905],[-2.1198,47.7086],[-2.1314,47.7223],[-2.1071,47.7375],[-2.0648,47.7381],[-2.0603,47.7454],[-2.0838,47.75],[-2.0887,47.7623],[-2.1266,47.761],[-2.1267,47.7707],[-2.0754,47.7908],[-2.0705,47.8117],[-2.0494,47.8166],[-2.0407,47.8299],[-2.0583,47.8594],[-2.0912,47.8434],[-2.1096,47.849],[-2.1015,47.8646],[-2.1162,47.8802],[-2.1124,47.8946],[-2.0865,47.9059],[-2.0827,47.9216],[-2.1041,47.9526],[-2.1444,47.9834],[-2.1731,47.9795],[-2.2374,47.9996],[-2.2871,47.9914],[-2.2896,48.001]]]},"properties":{"id":"35-04","nm":"Guichen","dept":"35","ins":97237,"nbv":113,"dG":2.593,"dCD":-0.87,"dED":-1.451,"dAB":-4.048,"af":34.56}},{"type":"Feature","geometry":{"type":"MultiPolygon","coordinates":[[[[-2.2876,48.1338],[-2.2841,48.144],[-2.2524,48.1496],[-2.2256,48.1699],[-2.2197,48.1986],[-2.2281,48.2101],[-2.1866,48.2108],[-2.1869,48.2476],[-2.153,48.262],[-2.1056,48.2579],[-2.1031,48.2669],[-2.1143,48.2714],[-2.0808,48.2778],[-2.0801,48.2933],[-2.053,48.2982],[-2.0093,48.2801],[-1.9983,48.2973],[-1.9603,48.3063],[-1.9565,48.3204],[-1.9669,48.3429],[-1.9312,48.3504],[-1.9474,48.3671],[-1.9363,48.4165],[-1.9524,48.4306],[-1.9487,48.4464],[-1.929,48.4535],[-1.9288,48.4764],[-1.8949,48.4814],[-1.8911,48.4967],[-1.8421,48.4752],[-1.8069,48.4949],[-1.7898,48.4772],[-1.7288,48.4925],[-1.7038,48.4583],[-1.6792,48.4558],[-1.6527,48.4697],[-1.617,48.4654],[-1.6201,48.4478],[-1.6492,48.4185],[-1.6387,48.3881],[-1.6513,48.3739],[-1.6746,48.3799],[-1.6924,48.4018],[-1.709,48.3972],[-1.6869,48.38],[-1.7025,48.3716],[-1.7694,48.3566],[-1.7848,48.3723],[-1.8241,48.3795],[-1.847,48.3632],[-1.8493,48.3485],[-1.8405,48.3402],[-1.7741,48.3348],[-1.769,48.3251],[-1.7985,48.3151],[-1.8404,48.2674],[-1.8297,48.2454],[-1.7764,48.2402],[-1.7716,48.2221],[-1.7479,48.2059],[-1.7733,48.2008],[-1.7792,48.19],[-1.7613,48.1866],[-1.7573,48.1663],[-1.7378,48.1661],[-1.7209,48.1452],[-1.7026,48.1441],[-1.6964,48.1164],[-1.7024,48.1118],[-1.7233,48.107],[-1.7399,48.1308],[-1.7888,48.1198],[-1.8237,48.1366],[-1.8378,48.1189],[-1.8625,48.1119],[-1.8894,48.1216],[-1.9083,48.1179],[-1.9071,48.0949],[-1.8742,48.0716],[-1.9292,48.054],[-1.9536,48.0533],[-1.9653,48.0744],[-2.0013,48.0618],[-2.0364,48.0687],[-2.0445,48.0619],[-2.1456,48.0855],[-2.1687,48.0765],[-2.2207,48.0794],[-2.2345,48.0633],[-2.2559,48.0631],[-2.2554,48.1089],[-2.2876,48.1338]],[[-1.8834,48.1304],[-1.8226,48.1377],[-1.8139,48.1532],[-1.83,48.1733],[-1.8566,48.1666],[-1.8715,48.175],[-1.8907,48.138],[-1.8834,48.1304]]],[[[-1.6877,48.1267],[-1.6883,48.127],[-1.6868,48.1272],[-1.6877,48.1267]]]]},"properties":{"id":"35-03","nm":"Pacé","dept":"35","ins":90425,"nbv":113,"dG":8.639,"dCD":-1.673,"dED":-4.349,"dAB":-4.981,"af":33.36}},{"type":"Feature","geometry":{"type":"Polygon","coordinates":[[[-1.7849,48.0039],[-1.763,48.065],[-1.7298,48.0584],[-1.7009,48.0657],[-1.7037,48.0827],[-1.6854,48.1019],[-1.6334,48.1107],[-1.603,48.089],[-1.5687,48.0927],[-1.5631,48.0844],[-1.5688,48.0512],[-1.5803,48.05],[-1.6016,48.023],[-1.5902,47.9996],[-1.597,47.9806],[-1.6274,47.9728],[-1.6233,47.9584],[-1.6417,47.9516],[-1.6577,47.9709],[-1.6711,47.9685],[-1.6769,47.9552],[-1.6915,47.9618],[-1.6921,47.9902],[-1.7266,48.0105],[-1.7356,48.0066],[-1.7395,47.9821],[-1.7531,47.9795],[-1.7591,47.9966],[-1.7849,48.0039]]]},"properties":{"id":"35-01","nm":"Rennes","dept":"35","ins":93560,"nbv":99,"dG":15.426,"dCD":-0.136,"dED":-13.171,"dAB":-6.406,"af":33.11}},{"type":"Feature","geometry":{"type":"MultiPolygon","coordinates":[[[[-1.9183,48.1149],[-1.8898,48.1244],[-1.8828,48.1681],[-1.8617,48.1767],[-1.8539,48.168],[-1.8261,48.1745],[-1.806,48.1508],[-1.8111,48.1325],[-1.7857,48.1211],[-1.7451,48.1326],[-1.7211,48.1141],[-1.7028,48.1125],[-1.6992,48.1221],[-1.7139,48.1274],[-1.7041,48.1379],[-1.658,48.143],[-1.6679,48.1232],[-1.6621,48.1058],[-1.6885,48.0975],[-1.7018,48.0636],[-1.7599,48.0659],[-1.7732,48.0318],[-1.8239,48.0491],[-1.823,48.0657],[-1.8866,48.0767],[-1.9183,48.1149]]],[[[-1.6542,48.1019],[-1.6541,48.1021],[-1.6541,48.1017],[-1.6542,48.1019]]],[[[-1.6569,48.0877],[-1.6574,48.0881],[-1.6569,48.0886],[-1.6569,48.0877]]]]},"properties":{"id":"35-08","nm":"Rennes","dept":"35","ins":83811,"nbv":82,"dG":22.916,"dCD":-4.858,"dED":-16.117,"dAB":-7.943,"af":32.11}},{"type":"Feature","geometry":{"type":"Polygon","coordinates":[[[1.2475,47.0209],[1.2727,47.0371],[1.2692,47.0496],[1.2941,47.0724],[1.3124,47.074],[1.3096,47.0946],[1.3188,47.1049],[1.3418,47.1009],[1.3647,47.1211],[1.3433,47.1734],[1.3266,47.1864],[1.3385,47.1956],[1.3522,47.1943],[1.4576,47.2398],[1.5256,47.2268],[1.524,47.2553],[1.5895,47.2585],[1.5924,47.2765],[1.6528,47.2725],[1.6515,47.263],[1.666,47.258],[1.7009,47.2647],[1.7159,47.277],[1.7768,47.2321],[1.7959,47.2379],[1.839,47.2197],[1.8423,47.1777],[1.8161,47.1691],[1.7844,47.1365],[1.7949,47.1214],[1.8271,47.1218],[1.8797,47.1015],[1.9047,47.1089],[1.923,47.1026],[1.9664,47.1254],[1.9964,47.1272],[2.0126,47.1113],[2.0089,47.0949],[2.0226,47.0956],[2.0245,47.1044],[2.0529,47.1038],[2.0553,47.0718],[2.0418,47.0659],[2.0326,47.0455],[2.0513,47.0421],[2.1089,46.9972],[2.0972,46.9902],[2.0851,46.9589],[2.0712,46.9532],[2.0711,46.9352],[2.1095,46.9138],[2.1548,46.9116],[2.1389,46.8885],[2.0913,46.8685],[2.0965,46.8552],[2.0763,46.8347],[2.0547,46.8285],[2.0726,46.8089],[2.1032,46.7954],[2.1166,46.7759],[2.0951,46.7551],[2.0694,46.7519],[2.067,46.7414],[2.0916,46.7271],[2.0926,46.7116],[2.1182,46.7103],[2.1554,46.6921],[2.1376,46.6751],[2.1391,46.6654],[2.1894,46.6422],[2.1818,46.6274],[2.1855,46.6028],[2.1677,46.5896],[2.1747,46.5645],[2.1612,46.5539],[2.2044,46.4844],[2.193,46.4702],[2.1543,46.4588],[2.1573,46.433],[2.1681,46.424],[2.1165,46.4218],[2.089,46.4089],[2.0722,46.4202],[1.9796,46.4397],[1.9255,46.4319],[1.9139,46.4429],[1.8396,46.4259],[1.8195,46.43],[1.7936,46.4567],[1.7564,46.4504],[1.7601,46.427],[1.7505,46.4056],[1.7277,46.3894],[1.7027,46.3969],[1.6832,46.417],[1.6435,46.3853],[1.6263,46.389],[1.6145,46.3995],[1.6182,46.4179],[1.6086,46.4226],[1.5956,46.4086],[1.5455,46.3957],[1.5443,46.4175],[1.5254,46.4268],[1.5268,46.442],[1.5085,46.461],[1.5022,46.4804],[1.5086,46.4998],[1.486,46.5217],[1.4841,46.5414],[1.4956,46.5562],[1.4688,46.5675],[1.4496,46.5621],[1.4447,46.5857],[1.4742,46.6181],[1.4407,46.6373],[1.483,46.6774],[1.4949,46.7458],[1.5279,46.7481],[1.5339,46.7572],[1.5683,46.75],[1.5801,46.7382],[1.6153,46.7507],[1.6204,46.7427],[1.6642,46.7475],[1.6834,46.7787],[1.7068,46.7793],[1.7964,46.8436],[1.8253,46.8981],[1.8085,46.9051],[1.7684,46.8998],[1.7596,46.874],[1.7221,46.8458],[1.7052,46.8707],[1.6845,46.8612],[1.6145,46.8806],[1.5733,46.9052],[1.4967,46.9676],[1.4854,46.9885],[1.4265,46.9625],[1.3957,46.966],[1.3935,46.9427],[1.3634,46.9372],[1.3639,46.9463],[1.346,46.9522],[1.3038,47.0024],[1.2475,47.0209]]]},"properties":{"id":"36-02","nm":"Issoudun","dept":"36","ins":87371,"nbv":193,"dG":-8.465,"dCD":2.428,"dED":6.803,"dAB":-3.998,"af":31.64}},{"type":"Feature","geometry":{"type":"Polygon","coordinates":[[[0.8674,46.7482],[0.9271,46.7572],[0.9482,46.7369],[0.9831,46.7642],[1.0084,46.7613],[0.9991,46.7812],[1.0036,46.7916],[0.9836,46.8038],[1.0078,46.8149],[1.0355,46.94],[1.0624,46.9566],[1.0499,46.9806],[1.0556,46.996],[1.1032,47.0279],[1.1614,47.0397],[1.1819,47.0408],[1.2325,47.0154],[1.2487,47.021],[1.2914,47.0113],[1.3487,46.9528],[1.3767,46.9367],[1.3925,46.9461],[1.3851,46.9676],[1.4254,46.9629],[1.4513,46.9713],[1.4669,46.9892],[1.4872,46.9886],[1.4978,46.9647],[1.5733,46.9052],[1.6085,46.885],[1.6838,46.8628],[1.7109,46.872],[1.7248,46.8497],[1.7589,46.8745],[1.7633,46.9014],[1.8254,46.8999],[1.817,46.8615],[1.805,46.8597],[1.7701,46.8194],[1.7072,46.7794],[1.6848,46.7744],[1.6653,46.7477],[1.6066,46.7473],[1.5792,46.7366],[1.5672,46.7503],[1.5374,46.7579],[1.5303,46.7483],[1.4931,46.7397],[1.49,46.6869],[1.4444,46.6406],[1.4796,46.6185],[1.4468,46.5936],[1.447,46.5702],[1.4998,46.5528],[1.4833,46.5329],[1.5107,46.5046],[1.5093,46.4621],[1.5285,46.4362],[1.4971,46.3948],[1.4795,46.3944],[1.4665,46.3756],[1.4457,46.374],[1.4402,46.3564],[1.4169,46.3471],[1.4073,46.3621],[1.3462,46.4012],[1.3247,46.3952],[1.3159,46.3743],[1.3037,46.3711],[1.2527,46.3771],[1.219,46.3656],[1.2064,46.3875],[1.1822,46.3759],[1.1775,46.3842],[1.2071,46.4289],[1.1864,46.4283],[1.1821,46.4417],[1.1517,46.4488],[1.1352,46.471],[1.1468,46.4757],[1.1333,46.498],[1.1421,46.5085],[1.0888,46.5377],[1.0205,46.5382],[1.0144,46.5665],[0.9638,46.5715],[0.9083,46.6047],[0.894,46.6286],[0.9135,46.6537],[0.9025,46.6796],[0.9248,46.6988],[0.9005,46.7354],[0.8674,46.7482]]]},"properties":{"id":"36-01","nm":"Châteauroux","dept":"36","ins":77075,"nbv":133,"dG":-8.612,"dCD":4.694,"dED":5.857,"dAB":-0.421,"af":34.63}},{"type":"Feature","geometry":{"type":"Polygon","coordinates":[[[0.5394,47.2757],[0.5795,47.3063],[0.6629,47.2998],[0.6858,47.3106],[0.6746,47.3408],[0.7063,47.3542],[0.7148,47.3686],[0.7009,47.3993],[0.7598,47.406],[0.7658,47.3702],[0.7573,47.3559],[0.7677,47.3301],[0.7998,47.3273],[0.8891,47.2915],[0.8662,47.2611],[0.8692,47.2507],[0.8494,47.2321],[0.8662,47.2128],[0.8911,47.2119],[0.8975,47.2443],[0.912,47.2501],[0.9514,47.2388],[0.974,47.2499],[1.0204,47.2532],[1.0714,47.2261],[1.1123,47.2532],[1.1441,47.2199],[1.1865,47.2183],[1.2003,47.2229],[1.2421,47.2758],[1.2946,47.2373],[1.3244,47.1874],[1.3435,47.1736],[1.366,47.1229],[1.3436,47.1006],[1.3193,47.1042],[1.3121,47.0719],[1.2924,47.0703],[1.274,47.0496],[1.2776,47.0404],[1.2531,47.0217],[1.232,47.0142],[1.1798,47.0409],[1.1153,47.0244],[1.1069,47.0306],[1.0812,47.0186],[1.0566,46.9935],[1.0529,46.9761],[1.0647,46.9556],[1.0374,46.9407],[1.0103,46.8145],[0.9897,46.8038],[1.004,46.7932],[1.0117,46.7578],[0.9844,46.7629],[0.958,46.7376],[0.9102,46.7579],[0.8674,46.7482],[0.8151,46.7884],[0.8082,46.827],[0.7913,46.835],[0.7854,46.8501],[0.7524,46.8605],[0.7054,46.9023],[0.7057,46.938],[0.6922,46.9735],[0.6333,46.9869],[0.6192,47.0065],[0.5906,47.0067],[0.5724,47.0253],[0.6065,47.0418],[0.6141,47.0667],[0.6041,47.0745],[0.6116,47.0854],[0.6581,47.0979],[0.7107,47.1276],[0.7103,47.1546],[0.6813,47.1586],[0.6876,47.1698],[0.6789,47.1777],[0.609,47.1886],[0.6151,47.2083],[0.6377,47.2095],[0.6473,47.2284],[0.6411,47.2429],[0.6146,47.2406],[0.595,47.2525],[0.5742,47.2441],[0.568,47.2593],[0.5394,47.2757]]]},"properties":{"id":"37-03","nm":"Saint-Avertin","dept":"37","ins":98520,"nbv":138,"dG":-4.736,"dCD":2.867,"dED":-0.364,"dAB":-4.344,"af":32.93}},{"type":"Feature","geometry":{"type":"MultiPolygon","coordinates":[[[[0.0679,47.2475],[0.0835,47.276],[0.0786,47.2839],[0.1175,47.3323],[0.1449,47.3432],[0.1407,47.362],[0.1744,47.3766],[0.1665,47.3953],[0.1535,47.3988],[0.1813,47.4173],[0.1811,47.4533],[0.2196,47.5019],[0.219,47.521],[0.1931,47.5381],[0.2152,47.5732],[0.2295,47.5796],[0.2307,47.6108],[0.2591,47.6123],[0.2778,47.5975],[0.3221,47.5954],[0.3421,47.5784],[0.3803,47.5693],[0.4003,47.5813],[0.3839,47.6095],[0.3647,47.6202],[0.3826,47.6434],[0.4237,47.6184],[0.4501,47.6211],[0.4617,47.6442],[0.4998,47.646],[0.5166,47.6568],[0.551,47.6591],[0.5583,47.6708],[0.5961,47.6727],[0.6303,47.7095],[0.6405,47.7096],[0.6565,47.6898],[0.6747,47.6993],[0.7123,47.6822],[0.7063,47.6695],[0.7383,47.6437],[0.7267,47.6247],[0.7419,47.6163],[0.7111,47.554],[0.689,47.535],[0.6919,47.5234],[0.715,47.5174],[0.7199,47.5001],[0.6627,47.479],[0.6922,47.438],[0.7183,47.4342],[0.6889,47.4167],[0.6804,47.4005],[0.4951,47.3588],[0.4418,47.323],[0.4014,47.3185],[0.2574,47.2485],[0.1917,47.2324],[0.1345,47.2354],[0.0745,47.2145],[0.0679,47.2475]]],[[[0.6884,47.3915],[0.6892,47.3918],[0.689,47.3904],[0.6884,47.3915]]],[[[0.6935,47.3962],[0.6936,47.3962],[0.6935,47.3961],[0.6935,47.3962]]],[[[0.7141,47.4072],[0.7161,47.4069],[0.7148,47.406],[0.7141,47.4072]]]]},"properties":{"id":"37-05","nm":"Saint-Cyr-Sur-Loire","dept":"37","ins":86747,"nbv":111,"dG":-6.186,"dCD":4.689,"dED":3.922,"dAB":-3.035,"af":34.63}},{"type":"Feature","geometry":{"type":"Polygon","coordinates":[[[0.6915,47.4382],[0.663,47.4823],[0.7085,47.4974],[0.7092,47.514],[0.6854,47.5269],[0.6948,47.5468],[0.7114,47.5552],[0.7356,47.6093],[0.724,47.6257],[0.7343,47.649],[0.6994,47.6694],[0.7197,47.6907],[0.7371,47.6953],[0.8312,47.6764],[0.8671,47.6908],[0.8457,47.6475],[0.8633,47.632],[0.8514,47.6197],[0.8628,47.601],[0.8898,47.6037],[0.9191,47.6327],[0.9651,47.6297],[0.9918,47.6202],[0.985,47.6057],[0.9909,47.589],[1.0013,47.5873],[1.0243,47.609],[1.0639,47.5691],[1.0771,47.5723],[1.0779,47.5622],[1.0485,47.5328],[1.0699,47.5231],[1.0695,47.5031],[1.0965,47.4658],[1.1128,47.4661],[1.1335,47.449],[1.1136,47.428],[1.0962,47.4265],[1.1235,47.392],[1.107,47.3701],[1.1232,47.3556],[1.0955,47.3271],[1.0989,47.312],[1.1091,47.2982],[1.1273,47.2978],[1.1599,47.2746],[1.1741,47.2886],[1.241,47.2882],[1.2356,47.2601],[1.2128,47.2458],[1.2028,47.2231],[1.1711,47.2158],[1.1452,47.219],[1.1164,47.2487],[1.0724,47.2257],[1.0212,47.2525],[0.9856,47.2512],[0.95,47.2372],[0.9113,47.2492],[0.8962,47.2141],[0.8671,47.211],[0.8479,47.2314],[0.8666,47.2483],[0.8628,47.2644],[0.8748,47.2673],[0.8818,47.2944],[0.8443,47.302],[0.7978,47.328],[0.7703,47.3274],[0.7548,47.402],[0.7297,47.4006],[0.7304,47.4317],[0.6915,47.4382]]]},"properties":{"id":"37-02","nm":"Amboise","dept":"37","ins":93120,"nbv":110,"dG":-6.226,"dCD":4.547,"dED":3.853,"dAB":-3.884,"af":34.09}},{"type":"Feature","geometry":{"type":"Polygon","coordinates":[[[0.0527,47.1967],[0.0682,47.2158],[0.1342,47.2354],[0.1922,47.2325],[0.2573,47.2485],[0.2625,47.2595],[0.293,47.264],[0.3923,47.3145],[0.4423,47.3234],[0.4982,47.3603],[0.6642,47.3954],[0.6623,47.3649],[0.6984,47.357],[0.6755,47.3376],[0.6911,47.3117],[0.6642,47.2996],[0.5815,47.306],[0.5429,47.2759],[0.5768,47.2476],[0.5877,47.2557],[0.6436,47.2455],[0.6485,47.2261],[0.6375,47.2063],[0.6148,47.2057],[0.613,47.1871],[0.6647,47.1834],[0.6855,47.1758],[0.6908,47.1597],[0.7101,47.1601],[0.7137,47.131],[0.6566,47.096],[0.614,47.0828],[0.6079,47.0339],[0.5778,47.024],[0.59,47.0066],[0.5712,47.0039],[0.5744,46.9853],[0.6012,46.9731],[0.5994,46.9562],[0.5044,46.9589],[0.4464,46.9411],[0.4386,46.9295],[0.3669,46.9492],[0.3236,46.9312],[0.3111,46.9381],[0.2981,46.9712],[0.3026,46.9802],[0.2916,46.9904],[0.3072,46.9982],[0.3002,47.0211],[0.3085,47.0289],[0.3056,47.0516],[0.2682,47.0424],[0.2622,47.0672],[0.2448,47.0714],[0.2139,47.0541],[0.1797,47.0591],[0.1737,47.0674],[0.1962,47.0907],[0.1827,47.1107],[0.1619,47.1001],[0.1353,47.1071],[0.1143,47.1299],[0.084,47.1188],[0.0764,47.1239],[0.0794,47.1427],[0.0656,47.1431],[0.0539,47.164],[0.0657,47.1872],[0.0527,47.1967]]]},"properties":{"id":"37-04","nm":"Joué-Lès-Tours","dept":"37","ins":92734,"nbv":131,"dG":0.414,"dCD":0.726,"dED":0.756,"dAB":-2.242,"af":35.45}},{"type":"Feature","geometry":{"type":"Polygon","coordinates":[[[0.6528,47.3692],[0.687,47.4252],[0.7068,47.4344],[0.7334,47.4311],[0.7296,47.4005],[0.7064,47.393],[0.7148,47.379],[0.7371,47.3765],[0.717,47.3722],[0.7033,47.349],[0.6951,47.3588],[0.6528,47.3692]]]},"properties":{"id":"37-01","nm":"Tours","dept":"37","ins":71964,"nbv":71,"dG":17.301,"dCD":-3.185,"dED":-11.441,"dAB":-0.913,"af":38.81}},{"type":"Feature","geometry":{"type":"MultiPolygon","coordinates":[[[[5.0723,45.6032],[5.0803,45.6267],[5.0739,45.6416],[5.0904,45.6558],[5.0891,45.6782],[5.1054,45.6875],[5.1039,45.6985],[5.1487,45.7062],[5.1473,45.6541],[5.1866,45.6343],[5.2598,45.6245],[5.2506,45.6105],[5.2567,45.5994],[5.2947,45.5923],[5.3191,45.5704],[5.3374,45.5718],[5.351,45.5866],[5.3967,45.5836],[5.3984,45.6014],[5.3692,45.6029],[5.3768,45.6158],[5.3994,45.6158],[5.4062,45.6488],[5.4466,45.6404],[5.4368,45.629],[5.4423,45.618],[5.4785,45.6188],[5.4985,45.6373],[5.548,45.6114],[5.5674,45.6194],[5.5912,45.6107],[5.6149,45.6254],[5.6475,45.5765],[5.6745,45.5596],[5.6773,45.5318],[5.6921,45.5276],[5.7147,45.4983],[5.6728,45.4782],[5.6649,45.4916],[5.6252,45.5065],[5.6265,45.5163],[5.6074,45.5307],[5.5383,45.5281],[5.5127,45.5401],[5.4939,45.5235],[5.4281,45.5174],[5.4053,45.4996],[5.3701,45.518],[5.3327,45.4923],[5.3187,45.5033],[5.298,45.4977],[5.2818,45.5055],[5.2845,45.5256],[5.2714,45.5331],[5.2675,45.5527],[5.2423,45.5538],[5.2141,45.5352],[5.1938,45.5487],[5.1336,45.5539],[5.1244,45.5659],[5.13,45.5755],[5.1146,45.5792],[5.11,45.5975],[5.0832,45.6108],[5.0723,45.6032]]],[[[5.5952,45.5182],[5.5956,45.5181],[5.5943,45.5153],[5.5952,45.5182]]],[[[5.586,45.5107],[5.5861,45.5101],[5.5857,45.509],[5.586,45.5107]]],[[[5.6072,45.4958],[5.6075,45.4976],[5.6081,45.4961],[5.6072,45.4958]]],[[[5.2985,45.4842],[5.2942,45.4854],[5.2987,45.4843],[5.2985,45.4842]]]]},"properties":{"id":"38-10","nm":"Villefontaine","dept":"38","ins":97742,"nbv":101,"dG":-3.69,"dCD":-2.834,"dED":9.033,"dAB":2.119,"af":39.02}},{"type":"Feature","geometry":{"type":"MultiPolygon","coordinates":[[[[5.5248,45.447],[5.5242,45.4754],[5.5667,45.5052],[5.5598,45.5212],[5.5895,45.5353],[5.6257,45.52],[5.6305,45.5079],[5.6672,45.4912],[5.6737,45.4795],[5.7122,45.4976],[5.7363,45.4724],[5.7327,45.4533],[5.7428,45.4374],[5.798,45.4383],[5.8153,45.4232],[5.8539,45.4175],[5.9079,45.3912],[5.9184,45.4047],[5.9035,45.4074],[5.9039,45.4323],[5.919,45.4414],[5.9248,45.4622],[5.9155,45.4765],[5.9741,45.4919],[5.9903,45.476],[6.0104,45.4727],[6.0133,45.4521],[6.0454,45.4395],[6.1311,45.4353],[6.145,45.4138],[6.1776,45.3932],[6.1919,45.3693],[6.183,45.3597],[6.1947,45.3522],[6.1924,45.3382],[6.1869,45.3202],[6.1569,45.3119],[6.1328,45.2872],[6.141,45.2616],[6.1289,45.2446],[6.1099,45.2411],[6.0915,45.2198],[6.042,45.2379],[6.0248,45.2139],[6.0011,45.2058],[5.9886,45.1879],[5.9913,45.1705],[5.957,45.1557],[5.9563,45.1439],[5.9385,45.1407],[5.8854,45.095],[5.8732,45.0973],[5.8703,45.1189],[5.815,45.1369],[5.8013,45.1608],[5.8264,45.1722],[5.8055,45.2064],[5.8201,45.2035],[5.8409,45.2194],[5.8369,45.2325],[5.8797,45.2367],[5.8865,45.2598],[5.851,45.2842],[5.8386,45.2806],[5.8325,45.2942],[5.8147,45.2803],[5.7894,45.2882],[5.7616,45.267],[5.7634,45.245],[5.7456,45.2411],[5.7249,45.1989],[5.6787,45.2137],[5.6394,45.2547],[5.6599,45.2599],[5.6685,45.2788],[5.7058,45.3063],[5.7137,45.3315],[5.6639,45.3558],[5.6797,45.3998],[5.6756,45.4246],[5.6172,45.4144],[5.5946,45.4196],[5.5717,45.4429],[5.5716,45.4562],[5.5248,45.447]]],[[[5.6117,45.5433],[5.6109,45.5438],[5.6109,45.544],[5.6117,45.5433]]],[[[5.5902,45.5393],[5.5901,45.5395],[5.5901,45.5396],[5.5902,45.5393]]],[[[5.5646,45.5454],[5.5648,45.5454],[5.5649,45.5453],[5.5646,45.5454]]]]},"properties":{"id":"38-05","nm":"Saint-Egrève","dept":"38","ins":106949,"nbv":126,"dG":7.792,"dCD":-5.6,"dED":0.117,"dAB":-5.114,"af":33.9}},{"type":"Feature","geometry":{"type":"MultiPolygon","coordinates":[[[[4.7555,45.3661],[4.7845,45.3735],[4.8117,45.4076],[4.8437,45.3968],[4.8773,45.3986],[4.9281,45.4154],[4.9185,45.4524],[4.925,45.4589],[5.0343,45.4535],[5.0384,45.4904],[5.0489,45.496],[5.0455,45.5257],[5.091,45.5438],[5.1008,45.5249],[5.117,45.5185],[5.1317,45.5252],[5.1371,45.5512],[5.1628,45.556],[5.205,45.5461],[5.2132,45.5353],[5.2401,45.554],[5.2684,45.5528],[5.2754,45.5307],[5.2923,45.524],[5.2837,45.5166],[5.289,45.5046],[5.3164,45.5062],[5.3356,45.4945],[5.3719,45.5179],[5.408,45.5019],[5.4247,45.5184],[5.4697,45.5165],[5.5091,45.5421],[5.5326,45.5316],[5.5721,45.5333],[5.5628,45.5183],[5.5709,45.5037],[5.5252,45.4744],[5.5305,45.4548],[5.5785,45.4569],[5.568,45.4363],[5.5365,45.4337],[5.5361,45.3981],[5.5054,45.389],[5.496,45.3692],[5.4733,45.3829],[5.4438,45.3665],[5.4145,45.3638],[5.4052,45.3297],[5.4151,45.3059],[5.4388,45.3005],[5.4329,45.2865],[5.4126,45.2791],[5.3768,45.2887],[5.3338,45.2783],[5.3065,45.2318],[5.2842,45.2285],[5.278,45.2164],[5.2478,45.2045],[5.2286,45.2156],[5.2068,45.2066],[5.1762,45.2481],[5.122,45.2456],[5.1324,45.297],[5.0754,45.2818],[5.0558,45.3173],[5.0251,45.317],[5.0074,45.3428],[4.9305,45.3244],[4.8797,45.2968],[4.8587,45.2984],[4.8532,45.3075],[4.8004,45.2984],[4.7613,45.3252],[4.7712,45.3524],[4.7555,45.3661]],[[5.2161,45.4546],[5.2119,45.4469],[5.2248,45.4271],[5.2143,45.4193],[5.218,45.4115],[5.2831,45.431],[5.2758,45.4573],[5.2161,45.4546]]],[[[5.2315,45.4203],[5.2321,45.4241],[5.2352,45.4259],[5.2315,45.4203]]]]},"properties":{"id":"38-07","nm":"Roussillon","dept":"38","ins":97000,"nbv":133,"dG":-11.266,"dCD":5.675,"dED":7.202,"dAB":-2.275,"af":35.26}},{"type":"Feature","geometry":{"type":"Polygon","coordinates":[[[5.1344,45.0747],[5.1549,45.0819],[5.1867,45.1213],[5.1813,45.1481],[5.1906,45.1553],[5.1895,45.1686],[5.1643,45.198],[5.1675,45.2102],[5.1848,45.218],[5.2088,45.2085],[5.2287,45.2164],[5.2508,45.2103],[5.3052,45.2322],[5.3331,45.2782],[5.3776,45.289],[5.4076,45.2803],[5.4285,45.2867],[5.431,45.2973],[5.4138,45.3058],[5.403,45.3265],[5.4153,45.367],[5.4437,45.3676],[5.4763,45.3852],[5.4878,45.3728],[5.5001,45.3891],[5.5262,45.3916],[5.5374,45.406],[5.5229,45.4231],[5.5414,45.4392],[5.5733,45.4417],[5.5841,45.4265],[5.6176,45.4155],[5.6763,45.4286],[5.6834,45.4007],[5.6681,45.3812],[5.6658,45.3582],[5.7152,45.3361],[5.7098,45.309],[5.6709,45.2795],[5.6602,45.2595],[5.6394,45.2547],[5.6149,45.2939],[5.6027,45.2976],[5.5754,45.2639],[5.5763,45.2409],[5.543,45.2333],[5.4941,45.1397],[5.4913,45.1016],[5.5037,45.0739],[5.5165,45.0676],[5.4685,45.0879],[5.4352,45.0541],[5.3858,45.0348],[5.3433,45.0502],[5.3379,45.0608],[5.3175,45.0514],[5.2948,45.0631],[5.2691,45.0546],[5.2444,45.061],[5.2219,45.0801],[5.185,45.0847],[5.1568,45.0658],[5.1344,45.0747]]]},"properties":{"id":"38-09","nm":"Voiron","dept":"38","ins":101320,"nbv":122,"dG":-1.195,"dCD":2.175,"dED":1.115,"dAB":-3.754,"af":34.55}},{"type":"Feature","geometry":{"type":"Polygon","coordinates":[[[5.4585,44.8004],[5.4763,44.8103],[5.4764,44.8225],[5.4638,44.826],[5.4835,44.9223],[5.4787,44.9691],[5.4919,44.9962],[5.4649,45.0459],[5.4774,45.072],[5.5019,45.0755],[5.4908,45.1011],[5.4942,45.1406],[5.5371,45.2247],[5.5446,45.2356],[5.5845,45.2439],[5.6242,45.2213],[5.6247,45.2101],[5.6399,45.1975],[5.6507,45.2006],[5.6649,45.1829],[5.7017,45.1926],[5.6925,45.146],[5.7143,45.1349],[5.7065,45.1031],[5.7255,45.0907],[5.7016,45.0599],[5.6871,45.0074],[5.7108,44.9969],[5.7327,45.0152],[5.7455,44.9965],[5.7583,44.9949],[5.7755,45.0171],[5.8053,45.0289],[5.8207,45.0152],[5.8315,45.0191],[5.8495,45.044],[5.841,45.0536],[5.8631,45.085],[5.952,45.1438],[5.9562,45.1555],[5.9888,45.1701],[5.998,45.2056],[6.0286,45.2173],[6.0404,45.2387],[6.0946,45.2209],[6.1066,45.2414],[6.1257,45.2443],[6.1408,45.2126],[6.1595,45.2024],[6.1508,45.1533],[6.1902,45.1642],[6.2238,45.1423],[6.25,45.1509],[6.2656,45.1399],[6.2604,45.1266],[6.2299,45.1078],[6.2434,45.0694],[6.2197,45.0635],[6.2045,45.0137],[6.2539,44.9954],[6.3064,45.0047],[6.3237,44.9987],[6.3153,44.9824],[6.3295,44.9692],[6.3239,44.9525],[6.3588,44.9413],[6.3554,44.8548],[6.3445,44.8493],[6.3204,44.8536],[6.295,44.8742],[6.2689,44.8701],[6.25,44.8519],[6.1974,44.8584],[6.1685,44.8522],[6.1322,44.8628],[6.0565,44.8158],[6.0271,44.8382],[6.0055,44.8205],[5.9589,44.8085],[5.9803,44.7813],[5.9549,44.7735],[5.9511,44.7596],[5.9368,44.7629],[5.9196,44.7514],[5.9005,44.7581],[5.8855,44.7474],[5.8322,44.7561],[5.8112,44.7128],[5.7838,44.7002],[5.7561,44.6959],[5.7043,44.7241],[5.6468,44.7244],[5.6257,44.7529],[5.5839,44.7654],[5.5805,44.7783],[5.5614,44.7876],[5.5537,44.7839],[5.5545,44.7675],[5.4816,44.786],[5.4585,44.8004]]]},"properties":{"id":"38-04","nm":"Seyssinet-Pariset","dept":"38","ins":91954,"nbv":159,"dG":13.403,"dCD":-11.093,"dED":-0.011,"dAB":-3.523,"af":34.35}},{"type":"Feature","geometry":{"type":"Polygon","coordinates":[[[5.0591,45.792],[5.0879,45.7858],[5.1015,45.8135],[5.1081,45.8067],[5.1247,45.8118],[5.1771,45.7934],[5.1917,45.7727],[5.2211,45.7688],[5.2669,45.7899],[5.2904,45.8141],[5.3021,45.8482],[5.3526,45.8832],[5.4138,45.852],[5.4337,45.8318],[5.4221,45.8189],[5.4242,45.8064],[5.5266,45.7161],[5.5712,45.6969],[5.5716,45.6849],[5.5532,45.6974],[5.5464,45.687],[5.5582,45.6731],[5.5864,45.6671],[5.6149,45.6254],[5.5906,45.6095],[5.5678,45.6187],[5.5492,45.6109],[5.52,45.6176],[5.4969,45.6363],[5.479,45.6178],[5.4388,45.6184],[5.4358,45.6418],[5.409,45.6486],[5.3994,45.6315],[5.4205,45.6146],[5.3743,45.6116],[5.4008,45.5991],[5.3975,45.5838],[5.3545,45.5862],[5.3382,45.5711],[5.3166,45.5699],[5.239,45.6082],[5.256,45.6181],[5.2543,45.6273],[5.1871,45.6342],[5.155,45.6471],[5.1427,45.6611],[5.1588,45.7142],[5.1254,45.7381],[5.0951,45.7415],[5.0907,45.7629],[5.0662,45.7675],[5.0591,45.792]]]},"properties":{"id":"38-06","nm":"Bourgoin-Jallieu","dept":"38","ins":91054,"nbv":104,"dG":-10.813,"dCD":-0.484,"dED":13.633,"dAB":1.448,"af":38.75}},{"type":"Feature","geometry":{"type":"Polygon","coordinates":[[[4.7438,45.4202],[4.7604,45.4354],[4.7554,45.4523],[4.7792,45.4552],[4.7803,45.4702],[4.8422,45.501],[4.8717,45.5285],[4.7769,45.5875],[4.8289,45.5883],[4.8532,45.5784],[4.8661,45.595],[4.9013,45.6063],[4.9849,45.6089],[5.0046,45.6232],[5.0347,45.6149],[5.0381,45.6449],[5.0604,45.6664],[5.0821,45.6778],[5.0974,45.6705],[5.0933,45.6549],[5.0738,45.6413],[5.078,45.6167],[5.1202,45.5886],[5.1347,45.5704],[5.1282,45.56],[5.1469,45.5432],[5.1328,45.5361],[5.1357,45.5247],[5.1155,45.5177],[5.0845,45.541],[5.0545,45.5267],[5.0437,45.5069],[5.0538,45.4913],[5.0402,45.4812],[5.0372,45.4524],[4.9397,45.4617],[4.9195,45.4506],[4.9381,45.4134],[4.8442,45.3967],[4.8138,45.407],[4.7849,45.3726],[4.7565,45.3744],[4.7438,45.4202]]]},"properties":{"id":"38-08","nm":"Vienne","dept":"38","ins":82842,"nbv":86,"dG":-6.783,"dCD":3.269,"dED":5.699,"dAB":-1.323,"af":36.86}},{"type":"Feature","geometry":{"type":"MultiPolygon","coordinates":[[[[5.7056,45.1783],[5.7052,45.1792],[5.7058,45.1794],[5.7056,45.1783]]],[[[5.7168,45.1809],[5.7178,45.1999],[5.7434,45.2321],[5.7444,45.2467],[5.758,45.2452],[5.7647,45.2722],[5.7879,45.2876],[5.8172,45.2851],[5.8355,45.2943],[5.8411,45.2829],[5.8505,45.2859],[5.8898,45.2575],[5.88,45.236],[5.8588,45.2366],[5.8205,45.2032],[5.8017,45.204],[5.8061,45.1887],[5.7758,45.1993],[5.7561,45.1962],[5.7476,45.186],[5.7497,45.1689],[5.7421,45.1673],[5.7168,45.1809]]]]},"properties":{"id":"38-01","nm":"Grenoble","dept":"38","ins":84335,"nbv":87,"dG":10.923,"dCD":6.035,"dED":-12.78,"dAB":-9.831,"af":29.88}},{"type":"Feature","geometry":{"type":"Polygon","coordinates":[[[5.6858,45.0135],[5.6975,45.025],[5.7025,45.0615],[5.7231,45.0885],[5.703,45.103],[5.7142,45.1168],[5.7103,45.1358],[5.6889,45.1431],[5.6997,45.1604],[5.7381,45.159],[5.755,45.1972],[5.7777,45.1999],[5.7877,45.1911],[5.8055,45.2064],[5.8132,45.1849],[5.8305,45.1725],[5.806,45.1598],[5.816,45.1421],[5.8764,45.1223],[5.872,45.1065],[5.8803,45.095],[5.8461,45.0558],[5.8577,45.0444],[5.8392,45.0369],[5.8231,45.0134],[5.8064,45.0268],[5.7741,45.0165],[5.763,44.9948],[5.7417,44.9952],[5.7312,45.01],[5.7106,44.9965],[5.6858,45.0135]]]},"properties":{"id":"38-02","nm":"Echirolles","dept":"38","ins":79215,"nbv":90,"dG":13.399,"dCD":-8.862,"dED":-1.158,"dAB":1.348,"af":36.19}},{"type":"Feature","geometry":{"type":"MultiPolygon","coordinates":[[[[5.5701,45.2499],[5.5714,45.2636],[5.5954,45.2798],[5.6029,45.2998],[5.6161,45.2938],[5.6214,45.2716],[5.6732,45.2171],[5.7276,45.1959],[5.7223,45.1791],[5.74,45.1711],[5.7378,45.1542],[5.7028,45.1588],[5.6978,45.1939],[5.6665,45.182],[5.629,45.1978],[5.6208,45.2196],[5.5701,45.2499]]],[[[5.7348,45.1886],[5.7348,45.1889],[5.7352,45.1889],[5.7348,45.1886]]],[[[5.7381,45.1894],[5.7382,45.1896],[5.7395,45.1903],[5.7381,45.1894]]]]},"properties":{"id":"38-03","nm":"Grenoble","dept":"38","ins":56152,"nbv":56,"dG":23.021,"dCD":-10.161,"dED":-9.025,"dAB":-1.955,"af":35.61}},{"type":"Feature","geometry":{"type":"Polygon","coordinates":[[[5.252,46.9445],[5.2648,46.958],[5.2533,46.9787],[5.2742,46.9985],[5.303,47.0064],[5.3018,47.0195],[5.2754,47.0269],[5.2839,47.0479],[5.3359,47.0782],[5.378,47.0797],[5.3971,47.094],[5.4113,47.1161],[5.4085,47.1268],[5.4373,47.1415],[5.4526,47.1667],[5.4583,47.1839],[5.4449,47.199],[5.4776,47.2184],[5.4883,47.2892],[5.5057,47.2858],[5.5227,47.3058],[5.5782,47.2547],[5.6017,47.262],[5.6431,47.2564],[5.6691,47.2746],[5.6989,47.2687],[5.7242,47.2196],[5.7411,47.2035],[5.7539,47.2063],[5.763,47.1941],[5.7804,47.1928],[5.7881,47.1757],[5.8118,47.1688],[5.8282,47.1412],[5.7877,47.0959],[5.7714,47.0916],[5.7847,47.0549],[5.7553,47.0452],[5.7448,47.0213],[5.7649,47.0148],[5.7907,47.0225],[5.7987,47.0439],[5.8161,47.0454],[5.814,47.02],[5.8269,47.0128],[5.8939,46.9965],[5.9218,47.0145],[5.9163,46.9885],[5.9355,46.9828],[5.9495,46.9901],[5.9514,46.9808],[5.976,46.9761],[5.9795,46.9635],[5.9664,46.9487],[5.9971,46.9335],[5.9829,46.908],[6.0087,46.8957],[6.0132,46.8734],[6.0327,46.8709],[6.0305,46.8618],[5.9633,46.8652],[5.9387,46.8834],[5.9109,46.8657],[5.9081,46.844],[5.8787,46.8499],[5.8399,46.8326],[5.8095,46.8416],[5.7974,46.835],[5.7429,46.8653],[5.7013,46.9126],[5.6673,46.9046],[5.6577,46.9182],[5.5984,46.9385],[5.5445,46.9365],[5.5523,46.9098],[5.4872,46.9164],[5.4823,46.9079],[5.4589,46.9116],[5.4487,46.8992],[5.362,46.8828],[5.3502,46.8927],[5.3286,46.8876],[5.3043,46.9363],[5.2846,46.94],[5.262,46.9274],[5.252,46.9445]]]},"properties":{"id":"39-03","nm":"Dole","dept":"39","ins":70205,"nbv":184,"dG":-5.09,"dCD":2.041,"dED":5.551,"dAB":-3.966,"af":32.19}},{"type":"Feature","geometry":{"type":"Polygon","coordinates":[[[5.2989,46.4158],[5.318,46.428],[5.3106,46.4469],[5.3234,46.4625],[5.3742,46.4611],[5.3842,46.4712],[5.4138,46.4725],[5.4202,46.4833],[5.4158,46.4995],[5.3584,46.5197],[5.3559,46.562],[5.367,46.5661],[5.3622,46.5774],[5.4039,46.5835],[5.4102,46.5994],[5.3962,46.6112],[5.416,46.616],[5.4381,46.6373],[5.413,46.6544],[5.4219,46.6607],[5.4176,46.6741],[5.3954,46.685],[5.4063,46.699],[5.3941,46.7083],[5.3949,46.7207],[5.361,46.7313],[5.3667,46.7521],[5.3866,46.7727],[5.3329,46.7956],[5.3271,46.8153],[5.3393,46.8261],[5.3531,46.8162],[5.4079,46.8333],[5.4302,46.826],[5.4576,46.8319],[5.4555,46.8468],[5.4018,46.8685],[5.4012,46.8872],[5.4869,46.9197],[5.5158,46.908],[5.5484,46.9114],[5.5416,46.9358],[5.5972,46.9391],[5.6413,46.9199],[5.6653,46.9208],[5.6687,46.9065],[5.6989,46.9145],[5.7228,46.9047],[5.7151,46.8927],[5.7491,46.8618],[5.796,46.8359],[5.8308,46.8396],[5.8562,46.8234],[5.8464,46.812],[5.8142,46.8141],[5.8195,46.7873],[5.763,46.7279],[5.7751,46.7172],[5.7648,46.6995],[5.7715,46.692],[5.7434,46.6757],[5.7557,46.6568],[5.7501,46.6491],[5.7218,46.6367],[5.7066,46.6057],[5.6759,46.6136],[5.6599,46.5977],[5.647,46.5517],[5.7014,46.5228],[5.6745,46.5136],[5.6861,46.4866],[5.6744,46.4683],[5.6973,46.4558],[5.6998,46.4408],[5.6804,46.4298],[5.6714,46.4012],[5.6481,46.3825],[5.6297,46.344],[5.6366,46.3349],[5.6136,46.3266],[5.5902,46.293],[5.5666,46.2933],[5.5417,46.2698],[5.5197,46.2643],[5.4737,46.2643],[5.4565,46.2748],[5.4731,46.3102],[5.4668,46.3201],[5.4372,46.3164],[5.4206,46.3431],[5.4048,46.3101],[5.4014,46.3378],[5.3801,46.3458],[5.3748,46.3639],[5.3625,46.3701],[5.3713,46.3855],[5.2989,46.4158]]]},"properties":{"id":"39-01","nm":"Lons-Le-Saunier","dept":"39","ins":64925,"nbv":207,"dG":-6.025,"dCD":3.917,"dED":4.773,"dAB":-4.984,"af":31.92}},{"type":"Feature","geometry":{"type":"Polygon","coordinates":[[[5.6272,46.34],[5.6378,46.3595],[5.6631,46.3765],[5.6578,46.3906],[5.6722,46.4079],[5.6926,46.4114],[5.6786,46.4283],[5.6979,46.444],[5.695,46.4563],[5.6742,46.4675],[5.6831,46.4883],[5.6703,46.5108],[5.6834,46.5285],[5.6753,46.5409],[5.6467,46.5485],[5.6457,46.5696],[5.6647,46.6167],[5.7014,46.6071],[5.7284,46.6462],[5.7481,46.6513],[5.741,46.6751],[5.7636,46.6873],[5.7716,46.713],[5.7555,46.7236],[5.8172,46.7861],[5.8185,46.8017],[5.8064,46.8119],[5.8451,46.8236],[5.8522,46.8449],[5.8743,46.8513],[5.9031,46.8457],[5.9028,46.8603],[5.9386,46.886],[5.9676,46.8671],[6.0275,46.859],[6.0316,46.8512],[6.0493,46.8488],[6.0649,46.8604],[6.091,46.8427],[6.1043,46.845],[6.1519,46.8197],[6.1996,46.777],[6.2072,46.7652],[6.1851,46.7555],[6.1813,46.7424],[6.0756,46.6912],[6.106,46.6505],[6.0612,46.6255],[6.0649,46.6133],[6.0541,46.6085],[6.1284,46.5556],[6.1565,46.5454],[6.1535,46.5368],[6.1206,46.5169],[6.0969,46.4813],[6.0757,46.4668],[6.0863,46.4435],[6.0639,46.4164],[6.0148,46.3764],[5.9843,46.3637],[5.9414,46.3088],[5.9233,46.3126],[5.908,46.2844],[5.8942,46.2856],[5.8695,46.2649],[5.7666,46.2679],[5.7252,46.2607],[5.7139,46.3078],[5.6437,46.3252],[5.6445,46.3361],[5.6272,46.34]]]},"properties":{"id":"39-02","nm":"Champagnole","dept":"39","ins":55723,"nbv":170,"dG":-7.803,"dCD":8.52,"dED":-0.176,"dAB":-2.653,"af":34.4}},{"type":"Feature","geometry":{"type":"Polygon","coordinates":[[[-1.2341,43.6057],[-1.2274,43.6278],[-1.1839,43.6553],[-1.1622,43.651],[-1.1436,43.6589],[-1.1422,43.6457],[-1.1037,43.6437],[-1.0762,43.62],[-1.0437,43.6277],[-1.019,43.6533],[-0.9825,43.6617],[-0.9802,43.6786],[-0.9601,43.6755],[-0.9557,43.6968],[-0.9736,43.7177],[-0.9679,43.7289],[-0.9453,43.7296],[-0.9347,43.7443],[-0.9394,43.7572],[-0.9581,43.756],[-0.9856,43.7709],[-0.9789,43.7856],[-1.0037,43.822],[-1.0465,43.837],[-1.024,43.9115],[-1.1086,43.9231],[-1.173,43.9597],[-1.1672,43.9728],[-1.1561,43.972],[-1.1448,43.9869],[-1.0797,44.0215],[-1.0855,44.0606],[-1.1159,44.0696],[-1.0914,44.0944],[-1.0766,44.1353],[-0.9458,44.113],[-0.9289,44.0993],[-0.933,44.074],[-0.9227,44.0835],[-0.848,44.0769],[-0.8386,44.0875],[-0.7858,44.0866],[-0.7672,44.0705],[-0.7435,44.0684],[-0.7373,44.0483],[-0.7065,44.0433],[-0.6767,44.0025],[-0.687,43.9499],[-0.7121,43.9277],[-0.6849,43.9083],[-0.6611,43.9081],[-0.6688,43.8826],[-0.6836,43.875],[-0.6839,43.8592],[-0.6561,43.8541],[-0.6404,43.8289],[-0.5804,43.8276],[-0.5764,43.7993],[-0.5494,43.8169],[-0.5048,43.7846],[-0.4565,43.8154],[-0.4434,43.8582],[-0.4096,43.8502],[-0.3964,43.8608],[-0.375,43.8484],[-0.3668,43.871],[-0.3824,43.8839],[-0.3724,43.8875],[-0.3687,43.9218],[-0.3557,43.9225],[-0.3443,43.9471],[-0.3264,43.9503],[-0.2962,43.9827],[-0.239,43.9477],[-0.2236,43.9509],[-0.2088,43.9301],[-0.2088,43.912],[-0.2271,43.909],[-0.2338,43.8936],[-0.1905,43.8808],[-0.1853,43.863],[-0.2044,43.8573],[-0.1881,43.8325],[-0.1966,43.8263],[-0.1917,43.8104],[-0.2246,43.8056],[-0.2078,43.7504],[-0.194,43.7368],[-0.2445,43.7091],[-0.2387,43.6931],[-0.2557,43.6783],[-0.2396,43.6711],[-0.2424,43.6551],[-0.2614,43.6518],[-0.2637,43.636],[-0.28,43.6347],[-0.2764,43.6167],[-0.2472,43.6158],[-0.243,43.5885],[-0.2819,43.585],[-0.2905,43.5682],[-0.336,43.5507],[-0.3929,43.5689],[-0.4498,43.55],[-0.4635,43.5667],[-0.4365,43.5818],[-0.447,43.5958],[-0.552,43.5434],[-0.5681,43.554],[-0.5966,43.5384],[-0.6582,43.5559],[-0.6632,43.5679],[-0.7045,43.5601],[-0.7093,43.5413],[-0.7209,43.5412],[-0.7721,43.5787],[-0.782,43.5643],[-0.8034,43.5562],[-0.8214,43.5607],[-0.8459,43.5422],[-0.893,43.5507],[-0.9193,43.5443],[-0.9262,43.532],[-0.9797,43.5393],[-0.9889,43.5336],[-0.9926,43.5044],[-1.0689,43.5083],[-1.0781,43.5193],[-1.0875,43.5109],[-1.1083,43.5133],[-1.1464,43.4875],[-1.17,43.4932],[-1.1718,43.5052],[-1.1364,43.5095],[-1.1334,43.5187],[-1.1613,43.5398],[-1.2178,43.5619],[-1.2016,43.5651],[-1.2011,43.5826],[-1.2341,43.6057]]]},"properties":{"id":"40-03","nm":"Aire-Sur-L'Adour","dept":"40","ins":98891,"nbv":212,"dG":7.174,"dCD":-7.995,"dED":2.435,"dAB":-7.479,"af":27.89}},{"type":"Feature","geometry":{"type":"Polygon","coordinates":[[[-1.5236,43.5303],[-1.4462,43.6448],[-1.4387,43.7076],[-1.3841,43.8844],[-1.3472,43.8966],[-1.3378,43.8586],[-1.3172,43.8272],[-1.2583,43.8049],[-1.2186,43.8186],[-1.2151,43.8278],[-1.1784,43.8335],[-1.0466,43.837],[-1.0038,43.8226],[-0.9775,43.7839],[-0.9813,43.7702],[-0.9354,43.7539],[-0.941,43.7314],[-0.9722,43.7211],[-0.954,43.6968],[-0.9517,43.674],[-0.9627,43.6677],[-0.9778,43.6751],[-0.9806,43.6625],[-1.0189,43.6508],[-1.0272,43.6367],[-1.0532,43.624],[-1.0749,43.6195],[-1.0982,43.6385],[-1.1244,43.6393],[-1.1504,43.6562],[-1.1977,43.6525],[-1.2282,43.6268],[-1.2332,43.6073],[-1.1984,43.5796],[-1.1933,43.5647],[-1.21,43.5581],[-1.1955,43.5463],[-1.2911,43.4982],[-1.3221,43.5049],[-1.3677,43.4951],[-1.4178,43.497],[-1.431,43.5138],[-1.4658,43.5163],[-1.4649,43.5315],[-1.4795,43.5384],[-1.5016,43.5272],[-1.5236,43.5303]]]},"properties":{"id":"40-02","nm":"Dax","dept":"40","ins":121061,"nbv":143,"dG":-1.972,"dCD":2.317,"dED":-0.622,"dAB":-5.11,"af":31.99}},{"type":"Feature","geometry":{"type":"Polygon","coordinates":[[[-1.3841,43.8844],[-1.3165,44.1264],[-1.2536,44.4675],[-1.1085,44.5023],[-1.0851,44.5324],[-1.0272,44.5076],[-0.9912,44.5119],[-0.9806,44.4828],[-1.0096,44.4339],[-1.0051,44.4257],[-0.9191,44.4435],[-0.8438,44.4186],[-0.8115,44.4202],[-0.7834,44.4304],[-0.7809,44.4405],[-0.7293,44.4482],[-0.6876,44.4435],[-0.6762,44.4573],[-0.6391,44.4487],[-0.6277,44.4429],[-0.6263,44.3966],[-0.5281,44.3645],[-0.5151,44.3382],[-0.4787,44.325],[-0.4319,44.3226],[-0.4291,44.3015],[-0.3833,44.2864],[-0.3964,44.2369],[-0.387,44.2095],[-0.2744,44.1943],[-0.2279,44.2048],[-0.226,44.2648],[-0.1919,44.2708],[-0.1407,44.2264],[-0.1295,44.2041],[-0.1256,44.1552],[-0.0035,44.1499],[0.0363,44.1307],[0.136,44.1242],[0.1365,44.1087],[0.1045,44.0894],[0.0818,44.0403],[0.061,44.0207],[0.0756,43.9788],[0.0555,43.9553],[0.0765,43.9154],[0.0586,43.8968],[0.0309,43.9005],[-0.0239,43.9298],[0.0037,43.943],[0.0055,43.954],[-0.032,43.9804],[-0.0702,43.945],[-0.0952,43.9448],[-0.0937,43.9318],[-0.1022,43.9271],[-0.1261,43.943],[-0.1642,43.9274],[-0.1772,43.9338],[-0.2087,43.9119],[-0.2092,43.9292],[-0.2253,43.9471],[-0.2346,43.9447],[-0.2585,43.9666],[-0.2939,43.9805],[-0.327,43.9497],[-0.3443,43.946],[-0.3694,43.9128],[-0.3704,43.8793],[-0.3611,43.8731],[-0.3748,43.8466],[-0.3922,43.86],[-0.41,43.8495],[-0.4423,43.8555],[-0.4559,43.8152],[-0.5038,43.7845],[-0.546,43.81],[-0.5786,43.7978],[-0.5806,43.8266],[-0.6446,43.8297],[-0.6566,43.8534],[-0.6864,43.8574],[-0.6626,43.9078],[-0.6857,43.907],[-0.7152,43.9266],[-0.6885,43.9493],[-0.6768,44.0022],[-0.7039,44.0424],[-0.7428,44.0476],[-0.7397,44.0659],[-0.767,44.0701],[-0.7871,44.0863],[-0.8372,44.0858],[-0.8452,44.0764],[-0.9107,44.0853],[-0.9241,44.0814],[-0.9408,44.0434],[-0.9618,44.0471],[-0.9307,44.0961],[-0.9441,44.1119],[-1.0722,44.1346],[-1.0917,44.0935],[-1.1132,44.0724],[-1.084,44.0596],[-1.0806,44.0195],[-1.1444,43.9867],[-1.1718,43.961],[-1.1431,43.9363],[-1.1104,43.924],[-1.0195,43.9112],[-1.0467,43.8369],[-1.1239,43.8391],[-1.2051,43.8288],[-1.2507,43.8092],[-1.2529,43.7951],[-1.3192,43.8289],[-1.3461,43.8925],[-1.3841,43.8844]]]},"properties":{"id":"40-01","nm":"Mont-De-Marsan","dept":"40","ins":105314,"nbv":161,"dG":-4.418,"dCD":1.716,"dED":3.715,"dAB":-4.658,"af":31.32}},{"type":"Feature","geometry":{"type":"Polygon","coordinates":[[[0.5806,47.7129],[0.6097,47.727],[0.621,47.7483],[0.6771,47.7696],[0.6932,47.7675],[0.6893,47.78],[0.6984,47.7894],[0.7217,47.7948],[0.7456,47.8275],[0.7693,47.8327],[0.7593,47.8981],[0.79,47.9121],[0.8095,47.894],[0.812,47.9289],[0.8464,47.9426],[0.8187,47.9893],[0.8319,47.9979],[0.839,48.0296],[0.808,48.0317],[0.7934,48.0486],[0.794,48.0697],[0.8432,48.0735],[0.8419,48.0876],[0.8143,48.0987],[0.944,48.1125],[0.9539,48.1027],[1.0146,48.133],[1.0405,48.132],[1.0461,48.1179],[0.9964,48.1004],[0.998,48.0876],[1.0675,48.0856],[1.0738,48.0763],[1.1122,48.0807],[1.1074,48.0612],[1.1224,48.0367],[1.1659,48.0284],[1.1703,48.0064],[1.1871,48.0025],[1.2067,47.9687],[1.2466,47.9799],[1.2669,47.964],[1.2996,47.9682],[1.3097,47.9554],[1.3406,47.9573],[1.3459,47.9652],[1.3692,47.9568],[1.3869,47.9813],[1.4086,47.9704],[1.4359,47.9786],[1.4323,48.0086],[1.4392,48.012],[1.4978,47.9865],[1.5647,47.9897],[1.5667,47.9744],[1.5474,47.9621],[1.555,47.9532],[1.5285,47.9457],[1.5247,47.9328],[1.5817,47.9021],[1.5906,47.8788],[1.5331,47.8247],[1.5708,47.7968],[1.5537,47.7664],[1.6005,47.7413],[1.5742,47.7213],[1.5788,47.7028],[1.4976,47.6613],[1.4397,47.6527],[1.4097,47.6335],[1.3836,47.646],[1.3922,47.6716],[1.3579,47.6894],[1.2716,47.6531],[1.2231,47.6586],[1.1866,47.6359],[1.1935,47.623],[1.1848,47.6089],[1.218,47.5944],[1.2298,47.6029],[1.2316,47.5942],[1.2512,47.5892],[1.2683,47.5499],[1.2853,47.5416],[1.2553,47.5216],[1.2417,47.4964],[1.1015,47.4643],[1.0854,47.4643],[1.0908,47.4733],[1.0657,47.5053],[1.0666,47.521],[1.0448,47.5318],[1.0726,47.5621],[1.0317,47.6081],[1.0131,47.6044],[1.0026,47.5845],[0.9867,47.5906],[0.986,47.6207],[0.9232,47.6323],[0.8987,47.6038],[0.8624,47.5989],[0.8502,47.6246],[0.8593,47.6335],[0.8437,47.6455],[0.8605,47.6677],[0.8567,47.6855],[0.8279,47.6768],[0.788,47.6799],[0.7384,47.6953],[0.7119,47.6822],[0.6763,47.6972],[0.6541,47.6841],[0.6432,47.6861],[0.648,47.6958],[0.6365,47.7088],[0.6042,47.6854],[0.5806,47.7129]]]},"properties":{"id":"41-03","nm":"Vendôme","dept":"41","ins":81054,"nbv":191,"dG":-12.787,"dCD":7.179,"dED":7.391,"dAB":-4.408,"af":32.42}},{"type":"Feature","geometry":{"type":"Polygon","coordinates":[[[1.0849,47.4297],[1.114,47.4295],[1.1284,47.4437],[1.1128,47.4661],[1.2354,47.4941],[1.2742,47.5346],[1.2511,47.5882],[1.1769,47.6074],[1.19,47.6222],[1.1784,47.6334],[1.213,47.6474],[1.2199,47.6616],[1.2774,47.6533],[1.359,47.691],[1.396,47.6683],[1.3863,47.6445],[1.4104,47.6348],[1.4348,47.6519],[1.4614,47.6521],[1.4722,47.6396],[1.469,47.6267],[1.4415,47.6122],[1.443,47.6026],[1.4101,47.5961],[1.414,47.5733],[1.4049,47.542],[1.4211,47.533],[1.4625,47.54],[1.4743,47.5255],[1.5277,47.5143],[1.529,47.5007],[1.4936,47.4552],[1.5158,47.446],[1.5139,47.4399],[1.495,47.4251],[1.4831,47.3912],[1.4442,47.3733],[1.3983,47.3849],[1.3648,47.3777],[1.3304,47.3902],[1.3203,47.3756],[1.3361,47.3492],[1.296,47.3309],[1.2659,47.3347],[1.2585,47.2989],[1.2437,47.2839],[1.2196,47.2942],[1.1942,47.283],[1.1745,47.2864],[1.162,47.2722],[1.1302,47.2955],[1.1079,47.2986],[1.0948,47.3287],[1.1186,47.3529],[1.1044,47.3694],[1.1211,47.3901],[1.0849,47.4297]]]},"properties":{"id":"41-01","nm":"Blois","dept":"41","ins":82064,"nbv":95,"dG":-9.663,"dCD":7.964,"dED":2.681,"dAB":-2.314,"af":36.49}},{"type":"Feature","geometry":{"type":"Polygon","coordinates":[[[1.2422,47.2758],[1.2687,47.3376],[1.2878,47.3291],[1.3283,47.3499],[1.3317,47.3625],[1.3183,47.3761],[1.3243,47.387],[1.4438,47.3739],[1.4822,47.3914],[1.495,47.4256],[1.5109,47.4401],[1.4843,47.4506],[1.5274,47.4986],[1.5275,47.5133],[1.468,47.5248],[1.4617,47.5383],[1.4205,47.5325],[1.3905,47.5502],[1.4099,47.5548],[1.4091,47.5984],[1.4343,47.6017],[1.4654,47.6253],[1.4611,47.653],[1.4951,47.6609],[1.5769,47.7033],[1.5731,47.7219],[1.6139,47.7369],[1.6265,47.761],[1.7142,47.7309],[1.7434,47.6588],[1.7817,47.6523],[1.7813,47.6429],[1.7934,47.6372],[1.8101,47.6534],[1.843,47.6579],[1.8435,47.6863],[1.8586,47.6924],[1.8683,47.6757],[1.9358,47.6797],[1.946,47.6617],[1.9627,47.6593],[1.9939,47.6641],[2.0088,47.6787],[2.1352,47.6786],[2.1502,47.6704],[2.2039,47.6785],[2.2064,47.6636],[2.2199,47.668],[2.2412,47.6412],[2.2384,47.6204],[2.1523,47.6006],[2.1238,47.5803],[2.1294,47.5517],[2.1965,47.5482],[2.2155,47.5219],[2.208,47.4941],[2.2477,47.4917],[2.2379,47.4716],[2.2479,47.4414],[2.2437,47.4148],[2.2051,47.4053],[2.1855,47.4352],[2.1363,47.4058],[2.12,47.4134],[2.1031,47.3928],[2.0998,47.3716],[2.1138,47.3701],[2.1312,47.3237],[2.1493,47.3189],[2.1566,47.3001],[2.1291,47.2795],[2.0649,47.2822],[2.0246,47.2648],[1.9982,47.264],[1.9405,47.2886],[1.923,47.2744],[1.9247,47.2658],[1.8994,47.2543],[1.9164,47.2357],[1.9033,47.2149],[1.8722,47.2055],[1.8561,47.2197],[1.7994,47.2364],[1.7756,47.2315],[1.7169,47.2751],[1.6673,47.2572],[1.6446,47.2644],[1.6417,47.274],[1.5985,47.2759],[1.5945,47.2598],[1.5321,47.2563],[1.5309,47.2185],[1.5038,47.2346],[1.4497,47.2384],[1.3266,47.1864],[1.2782,47.2548],[1.2422,47.2758]]]},"properties":{"id":"41-02","nm":"Romorantin-Lanthenay","dept":"41","ins":80280,"nbv":105,"dG":-14.089,"dCD":-1.539,"dED":18.017,"dAB":-0.525,"af":35.26}},{"type":"Feature","geometry":{"type":"Polygon","coordinates":[[[3.8893,45.3946],[3.9141,45.4226],[3.959,45.4358],[3.9726,45.4583],[3.9668,45.4722],[3.9839,45.485],[3.9823,45.4954],[3.9654,45.5003],[3.946,45.5443],[3.9545,45.5558],[4.0399,45.5515],[4.0665,45.5392],[4.1098,45.5852],[4.2015,45.5649],[4.2179,45.5886],[4.2132,45.6067],[4.1802,45.6141],[4.182,45.6212],[4.1951,45.6349],[4.2261,45.643],[4.2292,45.62],[4.2458,45.6161],[4.2327,45.5908],[4.275,45.5593],[4.2435,45.5454],[4.2496,45.5242],[4.2804,45.5197],[4.3043,45.479],[4.3018,45.4647],[4.2555,45.459],[4.2587,45.4426],[4.2457,45.4332],[4.2587,45.4174],[4.3001,45.4135],[4.3069,45.4001],[4.3587,45.4205],[4.404,45.3963],[4.4373,45.4089],[4.4612,45.3754],[4.4995,45.3925],[4.5577,45.372],[4.5719,45.3851],[4.6119,45.3929],[4.6173,45.425],[4.6302,45.4315],[4.6376,45.4505],[4.6722,45.4548],[4.6817,45.4798],[4.6983,45.4773],[4.7224,45.4942],[4.7392,45.4871],[4.7604,45.4375],[4.743,45.4142],[4.76,45.383],[4.7555,45.3661],[4.6801,45.3463],[4.6446,45.3291],[4.6434,45.3189],[4.6183,45.3121],[4.6229,45.2913],[4.6,45.2903],[4.5924,45.2765],[4.6061,45.2628],[4.6016,45.2505],[4.5449,45.2443],[4.5406,45.2346],[4.5177,45.2422],[4.5082,45.231],[4.4761,45.238],[4.4331,45.2747],[4.4163,45.2748],[4.3875,45.2552],[4.3494,45.2743],[4.3627,45.2985],[4.3317,45.3185],[4.363,45.3422],[4.3337,45.3678],[4.3125,45.3705],[4.2872,45.3557],[4.2416,45.386],[4.2022,45.3814],[4.1766,45.3924],[4.1528,45.3852],[4.1551,45.3635],[4.1206,45.3694],[4.1079,45.3547],[4.0854,45.3585],[4.0708,45.3361],[4.0413,45.3533],[4.0201,45.3277],[3.9832,45.373],[3.9604,45.367],[3.9468,45.3756],[3.906,45.3332],[3.8893,45.3946]]]},"properties":{"id":"42-04","nm":"Saint-Just-Saint-Rambert","dept":"42","ins":104493,"nbv":140,"dG":-3.865,"dCD":0.531,"dED":5.541,"dAB":-0.467,"af":35.47}},{"type":"Feature","geometry":{"type":"Polygon","coordinates":[[[3.6884,45.7914],[3.7123,45.8006],[3.7274,45.8309],[3.7155,45.8705],[3.7356,45.8712],[3.7544,45.8861],[3.8285,45.8584],[3.8322,45.8346],[3.8621,45.8303],[3.8669,45.8562],[3.8896,45.847],[3.9204,45.8636],[3.9109,45.889],[3.9217,45.898],[3.9532,45.8805],[3.9674,45.8831],[3.9734,45.8989],[3.956,45.9102],[3.9467,45.9321],[3.9494,45.9422],[3.9742,45.9466],[4.0199,45.9401],[4.1026,45.8934],[4.131,45.9034],[4.1666,45.8714],[4.2125,45.8913],[4.2233,45.8849],[4.2184,45.8639],[4.2353,45.8579],[4.2717,45.8894],[4.2891,45.8891],[4.2895,45.9008],[4.3234,45.9039],[4.3598,45.8664],[4.3959,45.8599],[4.3807,45.8259],[4.3879,45.8029],[4.3731,45.8018],[4.3796,45.7837],[4.3495,45.7687],[4.3642,45.7499],[4.3896,45.7551],[4.403,45.7439],[4.3735,45.7106],[4.3702,45.6716],[4.3993,45.6564],[4.4104,45.6324],[4.44,45.6238],[4.4509,45.6056],[4.4757,45.594],[4.4437,45.5538],[4.4294,45.557],[4.423,45.5436],[4.3994,45.5589],[4.3573,45.5601],[4.3438,45.5428],[4.3451,45.5155],[4.317,45.5255],[4.2493,45.5178],[4.2403,45.5426],[4.2738,45.5606],[4.2358,45.5865],[4.23,45.5965],[4.2428,45.6128],[4.2202,45.6414],[4.1859,45.6201],[4.214,45.6074],[4.2193,45.5882],[4.2052,45.5611],[4.1119,45.584],[4.0662,45.5381],[4.0304,45.5512],[3.9588,45.5519],[3.9073,45.5966],[3.8207,45.6375],[3.7768,45.6912],[3.7756,45.7255],[3.7575,45.746],[3.7459,45.7411],[3.7272,45.7557],[3.736,45.7658],[3.7317,45.7744],[3.6884,45.7914]]]},"properties":{"id":"42-06","nm":"Montbrison","dept":"42","ins":111075,"nbv":168,"dG":-13.379,"dCD":10.399,"dED":5.063,"dAB":-3.821,"af":34.49}},{"type":"Feature","geometry":{"type":"Polygon","coordinates":[[[3.6911,45.9407],[3.7036,45.9559],[3.7013,45.9699],[3.7432,45.9665],[3.7561,45.9831],[3.7874,45.9734],[3.826,45.9965],[3.8051,46.0531],[3.8184,46.0924],[3.7931,46.1122],[3.8011,46.1302],[3.7898,46.1553],[3.8056,46.1659],[3.7888,46.1858],[3.7927,46.2115],[3.7682,46.2388],[3.8034,46.24],[3.8034,46.2582],[3.8659,46.2625],[3.8778,46.2759],[3.902,46.2765],[3.91,46.2479],[3.8959,46.2136],[3.9181,46.2034],[3.9727,46.2028],[3.9721,46.1901],[3.9896,46.1725],[4.0272,46.1696],[4.0581,46.1877],[4.1041,46.1984],[4.1377,46.1752],[4.1788,46.1749],[4.1854,46.1902],[4.2078,46.1949],[4.2252,46.179],[4.255,46.1879],[4.2635,46.1754],[4.2541,46.1597],[4.2812,46.1569],[4.2892,46.1704],[4.3268,46.185],[4.363,46.183],[4.3628,46.1999],[4.3751,46.2112],[4.4069,46.2207],[4.4229,46.2033],[4.3986,46.1879],[4.4389,46.1679],[4.4173,46.136],[4.3807,46.1494],[4.3234,46.1306],[4.3066,46.1031],[4.3124,46.0938],[4.3041,46.0708],[4.2863,46.0539],[4.2564,46.0489],[4.2865,46.0184],[4.3059,46.0217],[4.3124,46.005],[4.2995,45.9891],[4.2771,45.9946],[4.2713,45.9836],[4.2986,45.9649],[4.3013,45.9472],[4.3458,45.9303],[4.346,45.9156],[4.2953,45.9015],[4.2864,45.8877],[4.269,45.8884],[4.2445,45.8583],[4.2183,45.8626],[4.214,45.8817],[4.2,45.8863],[4.1746,45.8662],[4.1291,45.9017],[4.1059,45.8917],[4.076,45.9121],[4.0541,45.9085],[4.0341,45.9325],[3.9849,45.9476],[3.9469,45.9361],[3.9561,45.9106],[3.9777,45.8978],[3.9687,45.8819],[3.9515,45.8804],[3.9228,45.8978],[3.9119,45.883],[3.9309,45.8689],[3.9313,45.8572],[3.9133,45.86],[3.8915,45.8468],[3.8715,45.8543],[3.86,45.8283],[3.8257,45.8329],[3.8263,45.8594],[3.7595,45.8798],[3.7401,45.9086],[3.694,45.9307],[3.6911,45.9407]]]},"properties":{"id":"42-05","nm":"Roanne","dept":"42","ins":101589,"nbv":140,"dG":-10.692,"dCD":10.074,"dED":2.695,"dAB":-3.959,"af":34.12}},{"type":"Feature","geometry":{"type":"Polygon","coordinates":[[[4.2806,45.5211],[4.3133,45.5259],[4.3457,45.5171],[4.3432,45.5409],[4.3594,45.5624],[4.4036,45.5582],[4.4209,45.5458],[4.4191,45.5655],[4.4441,45.5561],[4.4662,45.5861],[4.4805,45.5884],[4.5049,45.5873],[4.507,45.5769],[4.5236,45.5733],[4.5676,45.5837],[4.5872,45.571],[4.6141,45.5754],[4.6403,45.5465],[4.6491,45.5651],[4.6718,45.5705],[4.6868,45.558],[4.6526,45.5328],[4.6492,45.5193],[4.6538,45.4888],[4.6817,45.4798],[4.6816,45.468],[4.6608,45.4487],[4.6337,45.4463],[4.6312,45.4312],[4.6171,45.423],[4.612,45.3927],[4.5703,45.3844],[4.5556,45.3712],[4.5145,45.3887],[4.4763,45.3925],[4.4796,45.4166],[4.4604,45.4406],[4.4723,45.4526],[4.4632,45.4742],[4.4231,45.4586],[4.4091,45.4735],[4.3647,45.4843],[4.311,45.4732],[4.2806,45.5211]]]},"properties":{"id":"42-03","nm":"Saint-Chamond","dept":"42","ins":84404,"nbv":94,"dG":-2.834,"dCD":-0.428,"dED":5.865,"dAB":1.668,"af":37.12}},{"type":"Feature","geometry":{"type":"MultiPolygon","coordinates":[[[[4.2441,45.4369],[4.2564,45.4657],[4.2964,45.4637],[4.3043,45.4789],[4.3804,45.4826],[4.412,45.4734],[4.4216,45.4611],[4.4478,45.477],[4.4644,45.4739],[4.4736,45.4599],[4.4624,45.4389],[4.4676,45.4259],[4.4402,45.417],[4.4215,45.4253],[4.4163,45.4406],[4.3787,45.4313],[4.3721,45.44],[4.3621,45.4244],[4.3134,45.4003],[4.3,45.3991],[4.2907,45.4161],[4.2512,45.4216],[4.2441,45.4369]]],[[[4.4507,45.4052],[4.4646,45.3996],[4.4597,45.3915],[4.4507,45.4052]]],[[[4.3975,45.4173],[4.3972,45.4205],[4.3994,45.4148],[4.3975,45.4173]]],[[[4.4026,45.4051],[4.4031,45.4052],[4.403,45.4048],[4.4026,45.4051]]],[[[4.4119,45.4091],[4.4123,45.4111],[4.4132,45.4116],[4.4119,45.4091]]]]},"properties":{"id":"42-01","nm":"Saint-Etienne","dept":"42","ins":63963,"nbv":73,"dG":13.057,"dCD":-9.106,"dED":-0.574,"dAB":2.501,"af":38.34}},{"type":"Feature","geometry":{"type":"MultiPolygon","coordinates":[[[[4.3583,45.4212],[4.3696,45.445],[4.416,45.4417],[4.4392,45.4182],[4.4519,45.4302],[4.4809,45.4173],[4.4765,45.3951],[4.4889,45.3841],[4.4659,45.3716],[4.4476,45.3837],[4.4372,45.4079],[4.4054,45.3951],[4.3583,45.4212]]],[[[4.3688,45.448],[4.3684,45.4482],[4.3689,45.4485],[4.3688,45.448]]],[[[4.4508,45.4333],[4.4502,45.4333],[4.4503,45.4335],[4.4508,45.4333]]],[[[4.4071,45.4634],[4.4079,45.4634],[4.4075,45.4621],[4.4071,45.4634]]],[[[4.3804,45.4563],[4.3804,45.4566],[4.3806,45.4562],[4.3804,45.4563]]]]},"properties":{"id":"42-02","nm":"Saint-Etienne","dept":"42","ins":50889,"nbv":56,"dG":14.001,"dCD":-6.493,"dED":-4.436,"dAB":3.884,"af":39.98}},{"type":"Feature","geometry":{"type":"MultiPolygon","coordinates":[[[[3.0823,45.2897],[3.0842,45.299],[3.1109,45.3072],[3.0905,45.3225],[3.1148,45.3307],[3.1038,45.3546],[3.1709,45.3524],[3.1817,45.3649],[3.2173,45.3704],[3.2359,45.3947],[3.2466,45.3897],[3.2858,45.3996],[3.2957,45.4189],[3.3288,45.4049],[3.341,45.4216],[3.3559,45.4226],[3.3786,45.4022],[3.4185,45.3987],[3.4571,45.4013],[3.5013,45.4276],[3.5186,45.4058],[3.5586,45.3948],[3.5706,45.4021],[3.5901,45.3582],[3.6192,45.3379],[3.6449,45.3593],[3.6626,45.3621],[3.67,45.3835],[3.6796,45.3842],[3.6948,45.3725],[3.7075,45.3757],[3.7102,45.3613],[3.7738,45.35],[3.7867,45.358],[3.7914,45.3848],[3.8081,45.3915],[3.8362,45.3829],[3.8553,45.3598],[3.8984,45.3564],[3.9062,45.3368],[3.9321,45.3396],[3.9426,45.3092],[3.9573,45.2991],[3.9087,45.27],[3.8979,45.2812],[3.8562,45.2681],[3.8533,45.2443],[3.8729,45.2202],[3.8481,45.2002],[3.8613,45.1932],[3.86,45.1756],[3.8712,45.1684],[3.9195,45.1788],[3.9348,45.1655],[3.923,45.1329],[3.9387,45.1117],[3.9598,45.1124],[3.9663,45.121],[3.9841,45.1136],[3.9956,45.0902],[3.9766,45.072],[3.9306,45.0698],[3.9188,45.0558],[3.9027,45.0563],[3.886,45.0408],[3.8913,45.0193],[3.8807,45.0048],[3.927,44.9581],[3.9123,44.9244],[3.9202,44.9143],[3.9077,44.9041],[3.9263,44.8655],[4.0194,44.8462],[4.0288,44.8333],[4.0004,44.8197],[3.984,44.8324],[3.9888,44.8118],[3.9613,44.8279],[3.9476,44.8252],[3.9373,44.7961],[3.9259,44.7892],[3.925,44.7699],[3.9011,44.7637],[3.8933,44.7513],[3.8737,44.7564],[3.8626,44.744],[3.8297,44.755],[3.8382,44.7738],[3.8105,44.7653],[3.7989,44.7859],[3.764,44.8005],[3.7437,44.8364],[3.6632,44.8298],[3.6576,44.8361],[3.6721,44.8534],[3.6413,44.878],[3.5971,44.8763],[3.5896,44.8266],[3.5694,44.8354],[3.5617,44.8249],[3.5082,44.8243],[3.4911,44.808],[3.4795,44.8091],[3.4561,44.8292],[3.4356,44.8807],[3.4207,44.8949],[3.411,44.9495],[3.3994,44.958],[3.3906,44.9504],[3.3716,44.9604],[3.3685,44.9717],[3.3479,44.9739],[3.3455,44.986],[3.3647,44.991],[3.3675,45.0017],[3.3497,45.0017],[3.3453,45.0126],[3.3247,45.0098],[3.3266,45.0211],[3.3109,45.0204],[3.2974,45.0367],[3.3111,45.0829],[3.2898,45.0868],[3.2823,45.1031],[3.3046,45.1064],[3.3264,45.0951],[3.3379,45.1055],[3.3011,45.1245],[3.288,45.1205],[3.2774,45.1343],[3.2609,45.1707],[3.2701,45.2077],[3.2354,45.2199],[3.2336,45.2367],[3.2211,45.2446],[3.2248,45.2695],[3.209,45.2812],[3.1633,45.2699],[3.168,45.282],[3.1574,45.292],[3.1113,45.2841],[3.0823,45.2897]]],[[[3.8979,45.0154],[3.8981,45.0156],[3.8981,45.0151],[3.8979,45.0154]]],[[[3.9217,45.0328],[3.9206,45.0317],[3.9218,45.0329],[3.9217,45.0328]]]]},"properties":{"id":"43-02","nm":"Le Puy-En-Velay","dept":"43","ins":78617,"nbv":197,"dG":-11.01,"dCD":15.204,"dED":-3.768,"dAB":-6.965,"af":31.07}},{"type":"Feature","geometry":{"type":"Polygon","coordinates":[[[3.842,45.2012],[3.8639,45.2174],[3.8524,45.2689],[3.897,45.2815],[3.9171,45.2717],[3.9367,45.2927],[3.9364,45.3296],[3.9142,45.3513],[3.9364,45.3722],[3.977,45.3758],[4.0156,45.3354],[4.0249,45.3407],[4.0213,45.3504],[4.0459,45.3557],[4.0692,45.3357],[4.0813,45.3585],[4.1048,45.3588],[4.1196,45.3695],[4.154,45.3654],[4.1573,45.3736],[4.1439,45.3842],[4.1781,45.3928],[4.1992,45.3832],[4.2337,45.3887],[4.2594,45.3721],[4.2711,45.3746],[4.2752,45.361],[4.3081,45.3714],[4.3487,45.3607],[4.3681,45.3372],[4.3375,45.3174],[4.3717,45.3015],[4.3567,45.2785],[4.363,45.2646],[4.3831,45.2593],[4.4366,45.2736],[4.4908,45.2235],[4.4779,45.2127],[4.4721,45.179],[4.448,45.1612],[4.4435,45.1432],[4.4572,45.1189],[4.4358,45.1095],[4.4226,45.1373],[4.378,45.1392],[4.3732,45.1263],[4.4001,45.1184],[4.3995,45.1045],[4.3648,45.1003],[4.367,45.089],[4.3466,45.07],[4.3594,45.0566],[4.3776,45.0549],[4.3817,45.0416],[4.3521,45.028],[4.3156,45.0298],[4.2984,45.0159],[4.2922,44.9969],[4.3143,44.9728],[4.2524,44.9588],[4.2268,44.9654],[4.2165,44.9335],[4.1826,44.9078],[4.1782,44.8858],[4.1565,44.8732],[4.1162,44.8784],[4.0713,44.8666],[4.039,44.8725],[4.0198,44.846],[3.9188,44.868],[3.9173,44.8867],[3.9007,44.892],[3.9206,44.9375],[3.9201,44.9672],[3.8881,44.9993],[3.8611,45.0009],[3.8636,45.0086],[3.8787,45.0033],[3.8749,45.016],[3.8881,45.0211],[3.8829,45.0429],[3.9204,45.0604],[3.9213,45.0704],[3.9685,45.0698],[3.9897,45.0833],[3.9859,45.1109],[3.9692,45.1186],[3.9406,45.108],[3.9349,45.1226],[3.9205,45.128],[3.9291,45.1645],[3.9219,45.1753],[3.8649,45.1664],[3.8524,45.1705],[3.8597,45.1908],[3.8441,45.1919],[3.842,45.2012]]]},"properties":{"id":"43-01","nm":"Monistrol-Sur-Loire","dept":"43","ins":100864,"nbv":127,"dG":-12.082,"dCD":16.194,"dED":-2.338,"dAB":-6.097,"af":31.51}},{"type":"Feature","geometry":{"type":"Polygon","coordinates":[[[-2.1047,47.5753],[-2.1035,47.5933],[-2.0856,47.608],[-2.0967,47.6317],[-2.0824,47.6496],[-2.0542,47.6503],[-2.0386,47.6698],[-2.0127,47.6665],[-1.9733,47.6944],[-1.9671,47.6744],[-1.9578,47.6717],[-1.9362,47.6867],[-1.8809,47.6959],[-1.8626,47.7076],[-1.8276,47.7108],[-1.7706,47.6986],[-1.7519,47.7076],[-1.722,47.6986],[-1.7072,47.7029],[-1.7073,47.7144],[-1.6585,47.7108],[-1.6406,47.724],[-1.623,47.7636],[-1.4723,47.8052],[-1.4785,47.8358],[-1.3891,47.828],[-1.3575,47.7978],[-1.2462,47.7768],[-1.2478,47.7646],[-1.234,47.7557],[-1.2498,47.7336],[-1.2137,47.7183],[-1.1954,47.7218],[-1.1939,47.7088],[-1.1749,47.6951],[-1.1805,47.6663],[-1.1603,47.6612],[-1.1561,47.6358],[-1.1359,47.619],[-1.1007,47.6206],[-1.0069,47.5891],[-1.0519,47.5596],[-1.0502,47.5491],[-1.0387,47.5483],[-1.045,47.5084],[-1.0063,47.4883],[-0.9671,47.4927],[-0.9589,47.4812],[-0.9675,47.469],[-0.9467,47.4278],[-0.9585,47.4171],[-0.9467,47.387],[-0.9749,47.3713],[-1.0169,47.365],[-1.1672,47.3656],[-1.1912,47.352],[-1.3065,47.3345],[-1.3281,47.3556],[-1.2892,47.3718],[-1.2293,47.3708],[-1.2262,47.3872],[-1.2997,47.4178],[-1.2929,47.4384],[-1.3085,47.439],[-1.3331,47.4645],[-1.3485,47.4666],[-1.364,47.4518],[-1.3991,47.4603],[-1.4083,47.4787],[-1.4445,47.4827],[-1.4832,47.4721],[-1.4845,47.4815],[-1.4708,47.4878],[-1.4732,47.4992],[-1.5057,47.5027],[-1.5883,47.4514],[-1.609,47.4602],[-1.661,47.4525],[-1.6891,47.4704],[-1.6928,47.4241],[-1.714,47.4129],[-1.6748,47.3941],[-1.6624,47.37],[-1.6938,47.3488],[-1.7745,47.3496],[-1.7919,47.3334],[-1.8407,47.3623],[-1.8414,47.3803],[-1.8801,47.3732],[-1.9181,47.3835],[-1.914,47.4257],[-1.9237,47.4386],[-1.9109,47.4432],[-1.9073,47.4632],[-1.8726,47.4681],[-1.8554,47.4833],[-1.881,47.5113],[-1.9449,47.5076],[-1.9463,47.5216],[-1.963,47.5261],[-1.967,47.5418],[-1.9941,47.5433],[-2.0058,47.5577],[-2.0408,47.5702],[-2.1047,47.5753]]]},"properties":{"id":"44-06","nm":"Châteaubriant","dept":"44","ins":117288,"nbv":130,"dG":2.392,"dCD":-1.592,"dED":-1.072,"dAB":-1.152,"af":33.71}},{"type":"Feature","geometry":{"type":"Polygon","coordinates":[[[-1.5681,47.0633],[-1.5447,47.072],[-1.5561,47.093],[-1.5307,47.1114],[-1.5504,47.1454],[-1.5232,47.1637],[-1.5128,47.1893],[-1.4779,47.1892],[-1.485,47.2172],[-1.4768,47.2294],[-1.3543,47.3041],[-1.2964,47.3063],[-1.2748,47.2905],[-1.2761,47.2706],[-1.2504,47.2483],[-1.2307,47.24],[-1.1943,47.2522],[-1.1812,47.2408],[-1.1869,47.221],[-1.1745,47.2128],[-1.1747,47.1905],[-1.1622,47.1858],[-1.1754,47.1634],[-1.2302,47.1377],[-1.2302,47.1019],[-1.1697,47.0933],[-1.1506,47.0701],[-1.1148,47.0617],[-1.1174,47.04],[-1.1467,47.0296],[-1.1965,47.0395],[-1.2717,47.0837],[-1.2888,47.074],[-1.3007,47.0342],[-1.3371,47.0421],[-1.3724,47.0322],[-1.363,47.0058],[-1.3721,46.9895],[-1.3577,46.9736],[-1.3639,46.9581],[-1.4584,46.926],[-1.472,46.9356],[-1.458,46.955],[-1.4769,46.9821],[-1.4632,46.9952],[-1.4773,47.0333],[-1.531,47.0594],[-1.5681,47.0633]]]},"properties":{"id":"44-10","nm":"Vertou","dept":"44","ins":125522,"nbv":126,"dG":0.013,"dCD":7.46,"dED":-7.446,"dAB":-5.487,"af":31.92}},{"type":"Feature","geometry":{"type":"Polygon","coordinates":[[[-2.2481,47.1335],[-2.2255,47.1523],[-2.1786,47.1561],[-2.168,47.1659],[-2.1575,47.2006],[-2.1817,47.2358],[-2.1696,47.2492],[-2.1804,47.2759],[-2.1253,47.2932],[-2.0281,47.302],[-1.8906,47.2761],[-1.8148,47.2201],[-1.7479,47.2055],[-1.6947,47.2057],[-1.6669,47.1885],[-1.6793,47.1726],[-1.7638,47.1822],[-1.7663,47.1714],[-1.7433,47.1555],[-1.7139,47.1546],[-1.7358,47.1395],[-1.7276,47.1275],[-1.6739,47.1345],[-1.657,47.1209],[-1.6306,47.1203],[-1.6276,47.1113],[-1.5993,47.1189],[-1.5542,47.0974],[-1.5413,47.0779],[-1.5432,47.0606],[-1.4998,47.0406],[-1.5478,47.0152],[-1.5427,47.0003],[-1.5545,46.9799],[-1.5187,46.9349],[-1.5324,46.9193],[-1.5288,46.9083],[-1.5022,46.893],[-1.5008,46.8834],[-1.544,46.8734],[-1.5485,46.8601],[-1.6031,46.8747],[-1.6644,46.8747],[-1.6891,46.8899],[-1.7227,46.8837],[-1.7509,46.9285],[-1.8322,46.9322],[-1.8291,46.952],[-1.877,46.9537],[-1.9117,46.9687],[-1.9211,46.9924],[-1.9411,46.9938],[-1.9679,47.0273],[-1.9838,47.0292],[-1.9997,47.0563],[-2.0548,47.0952],[-2.2481,47.1335]]]},"properties":{"id":"44-09","nm":"Pornic","dept":"44","ins":125922,"nbv":134,"dG":-2.48,"dCD":1.42,"dED":0.642,"dAB":-3.371,"af":33.67}},{"type":"Feature","geometry":{"type":"MultiPolygon","coordinates":[[[[-2.5596,47.3743],[-2.4674,47.422],[-2.4575,47.4141],[-2.4532,47.4625],[-2.423,47.4772],[-2.4052,47.4574],[-2.3152,47.4636],[-2.2985,47.5159],[-2.2549,47.5116],[-2.256,47.4997],[-2.2441,47.4943],[-2.1846,47.5122],[-2.1836,47.493],[-2.1623,47.4915],[-2.1546,47.4983],[-2.156,47.522],[-2.0998,47.5323],[-2.1048,47.5489],[-2.0964,47.5728],[-2.0797,47.5789],[-2.0312,47.5686],[-1.9956,47.5446],[-1.9656,47.5424],[-1.959,47.5249],[-1.9458,47.5238],[-1.9423,47.5074],[-1.8832,47.5131],[-1.8506,47.4858],[-1.8955,47.4607],[-1.9586,47.4848],[-1.9626,47.4731],[-1.9791,47.4688],[-1.9756,47.4463],[-2.0424,47.4286],[-2.0285,47.4156],[-2.038,47.4022],[-2.0282,47.3949],[-2.0403,47.3653],[-2.058,47.3552],[-2.0853,47.3553],[-2.091,47.3776],[-2.1026,47.3838],[-2.1156,47.3742],[-2.1302,47.381],[-2.1371,47.3712],[-2.1649,47.3852],[-2.1677,47.3628],[-2.1979,47.3607],[-2.2077,47.3488],[-2.1979,47.3232],[-2.2233,47.3251],[-2.2386,47.313],[-2.2486,47.3199],[-2.2777,47.3155],[-2.2983,47.3011],[-2.307,47.2844],[-2.2904,47.2815],[-2.2873,47.2604],[-2.3064,47.2372],[-2.3497,47.2556],[-2.3634,47.2767],[-2.4074,47.2802],[-2.422,47.2726],[-2.4166,47.2607],[-2.4318,47.2581],[-2.5474,47.2922],[-2.5166,47.3011],[-2.5037,47.3239],[-2.5267,47.3624],[-2.5596,47.3743]]],[[[-2.6229,47.4093],[-2.6217,47.4138],[-2.6171,47.4115],[-2.6229,47.4093]]]]},"properties":{"id":"44-07","nm":"La Baule-Escoublac","dept":"44","ins":114995,"nbv":119,"dG":-5.57,"dCD":7.007,"dED":0.359,"dAB":-4.48,"af":32.99}},{"type":"Feature","geometry":{"type":"MultiPolygon","coordinates":[[[[-1.7729,47.1699],[-1.7629,47.1835],[-1.68,47.1737],[-1.6674,47.1933],[-1.6063,47.1847],[-1.5767,47.1977],[-1.5397,47.1993],[-1.481,47.2263],[-1.4739,47.1878],[-1.5164,47.1851],[-1.5192,47.1666],[-1.5473,47.1455],[-1.5275,47.1095],[-1.5545,47.0974],[-1.599,47.1185],[-1.6405,47.1027],[-1.6483,47.1062],[-1.6455,47.1184],[-1.6873,47.1349],[-1.726,47.1261],[-1.7398,47.1353],[-1.7305,47.153],[-1.7729,47.1699]]],[[[-1.5696,47.223],[-1.5697,47.2231],[-1.5696,47.2231],[-1.5696,47.223]]],[[[-1.5661,47.2291],[-1.5662,47.229],[-1.5662,47.2291],[-1.5661,47.2291]]]]},"properties":{"id":"44-04","nm":"Rezé","dept":"44","ins":93228,"nbv":94,"dG":18.322,"dCD":-5.277,"dED":-11.155,"dAB":-4.352,"af":33.6}},{"type":"Feature","geometry":{"type":"Polygon","coordinates":[[[-2.3106,47.2826],[-2.28,47.3148],[-2.2402,47.3155],[-2.2206,47.3307],[-2.2093,47.3236],[-2.2087,47.3492],[-2.1993,47.3608],[-2.1738,47.3643],[-2.164,47.388],[-2.142,47.3723],[-2.13,47.3841],[-2.1162,47.3762],[-2.1056,47.3861],[-2.0891,47.3752],[-2.0829,47.3555],[-2.0415,47.3648],[-2.0348,47.3926],[-2.0425,47.399],[-2.0339,47.4135],[-2.0658,47.4316],[-1.9957,47.4351],[-1.9765,47.4483],[-1.9811,47.472],[-1.947,47.4881],[-1.9062,47.4618],[-1.9186,47.4353],[-1.9145,47.3809],[-1.8764,47.3739],[-1.839,47.3819],[-1.8374,47.3605],[-1.7945,47.3322],[-1.8205,47.3316],[-1.8747,47.3052],[-1.8991,47.2799],[-2.0024,47.301],[-2.1126,47.2946],[-2.1897,47.2793],[-2.2674,47.2387],[-2.2996,47.2343],[-2.291,47.2753],[-2.3106,47.2826]]]},"properties":{"id":"44-08","nm":"Saint-Nazaire","dept":"44","ins":88015,"nbv":89,"dG":14.876,"dCD":-9.989,"dED":-3.847,"dAB":1.087,"af":37.85}},{"type":"Feature","geometry":{"type":"MultiPolygon","coordinates":[[[[-1.7184,47.4162],[-1.6942,47.426],[-1.6911,47.4712],[-1.6499,47.4502],[-1.6302,47.4602],[-1.5862,47.4511],[-1.5039,47.5029],[-1.4731,47.5013],[-1.4671,47.4905],[-1.4775,47.4806],[-1.4736,47.4727],[-1.4455,47.4829],[-1.4001,47.477],[-1.3996,47.4614],[-1.3811,47.4542],[-1.3449,47.4675],[-1.3291,47.4634],[-1.3134,47.4418],[-1.291,47.4368],[-1.2955,47.4161],[-1.2254,47.3869],[-1.2261,47.3706],[-1.2913,47.3709],[-1.3186,47.3595],[-1.3066,47.3345],[-1.32,47.3215],[-1.3964,47.2847],[-1.479,47.2279],[-1.502,47.2588],[-1.5366,47.2339],[-1.549,47.2361],[-1.5462,47.2531],[-1.5599,47.2686],[-1.5933,47.2735],[-1.6116,47.2957],[-1.6551,47.3074],[-1.6532,47.317],[-1.6809,47.3372],[-1.6841,47.3565],[-1.6678,47.3691],[-1.674,47.3924],[-1.7184,47.4162]]],[[[-1.5725,47.2271],[-1.5727,47.2272],[-1.5726,47.2272],[-1.5725,47.2271]]]]},"properties":{"id":"44-05","nm":"Nantes","dept":"44","ins":120804,"nbv":130,"dG":6.573,"dCD":2.794,"dED":-7.756,"dAB":-5.636,"af":32.81}},{"type":"Feature","geometry":{"type":"MultiPolygon","coordinates":[[[[-1.5295,47.2601],[-1.5299,47.263],[-1.5294,47.2601],[-1.5295,47.2601]]],[[[-1.8991,47.2799],[-1.8752,47.3074],[-1.7915,47.3351],[-1.7774,47.3488],[-1.7217,47.3463],[-1.6841,47.3564],[-1.6802,47.3366],[-1.6506,47.3104],[-1.6628,47.2977],[-1.7147,47.2837],[-1.7169,47.2737],[-1.6919,47.2579],[-1.6548,47.2499],[-1.6481,47.2584],[-1.5881,47.2386],[-1.5766,47.2293],[-1.587,47.2173],[-1.5737,47.1979],[-1.6024,47.186],[-1.6704,47.1887],[-1.7103,47.2089],[-1.7899,47.2101],[-1.8314,47.2271],[-1.846,47.2484],[-1.8991,47.2799]]],[[[-1.5665,47.2293],[-1.5665,47.2295],[-1.5664,47.2294],[-1.5665,47.2293]]]]},"properties":{"id":"44-03","nm":"Saint-Herblain","dept":"44","ins":97601,"nbv":105,"dG":14.678,"dCD":-4.178,"dED":-11.742,"dAB":-2.62,"af":35.81}},{"type":"Feature","geometry":{"type":"MultiPolygon","coordinates":[[[[-1.5939,47.2138],[-1.5657,47.2319],[-1.5568,47.2265],[-1.5358,47.2352],[-1.4952,47.2623],[-1.4789,47.2278],[-1.5371,47.1958],[-1.5737,47.1979],[-1.5939,47.2138]]],[[[-1.5365,47.1937],[-1.5364,47.1939],[-1.5363,47.1936],[-1.5365,47.1937]]],[[[-1.519,47.2874],[-1.5187,47.2884],[-1.5178,47.2876],[-1.519,47.2874]]],[[[-1.5771,47.2558],[-1.5771,47.2558],[-1.577,47.2558],[-1.5771,47.2558]]],[[[-1.6078,47.2087],[-1.6073,47.2091],[-1.6075,47.2082],[-1.6078,47.2087]]]]},"properties":{"id":"44-02","nm":"Nantes","dept":"44","ins":88472,"nbv":92,"dG":22.102,"dCD":-2.681,"dED":-17.158,"dAB":-8.093,"af":31.88}},{"type":"Feature","geometry":{"type":"Polygon","coordinates":[[[-1.7191,47.2745],[-1.717,47.2868],[-1.6937,47.2867],[-1.643,47.3097],[-1.6129,47.296],[-1.5931,47.2739],[-1.5593,47.2701],[-1.5384,47.2565],[-1.5571,47.2169],[-1.5931,47.2314],[-1.6001,47.2454],[-1.6432,47.2576],[-1.651,47.2481],[-1.6689,47.2518],[-1.7191,47.2745]]]},"properties":{"id":"44-01","nm":"Nantes","dept":"44","ins":77342,"nbv":85,"dG":14.193,"dCD":2.484,"dED":-13.797,"dAB":-6.974,"af":33.32}},{"type":"Feature","geometry":{"type":"Polygon","coordinates":[[[1.7197,47.6961],[1.7987,47.7239],[1.825,47.7244],[1.8364,47.7076],[1.8581,47.7112],[1.8577,47.7348],[1.868,47.7403],[1.8619,47.7551],[1.8446,47.7566],[1.8215,47.7764],[1.8453,47.7884],[1.8494,47.8197],[1.8609,47.8327],[1.9193,47.8304],[1.9252,47.7685],[1.9579,47.7616],[1.9672,47.7995],[1.9907,47.7979],[1.9996,47.8138],[1.9995,47.8445],[1.9806,47.8536],[2.0061,47.8868],[2.0311,47.8805],[2.0386,47.8556],[2.0791,47.8716],[2.1245,47.8691],[2.1876,47.8478],[2.2288,47.8583],[2.243,47.8517],[2.2382,47.8367],[2.2467,47.8282],[2.2832,47.8272],[2.3146,47.8388],[2.3391,47.8264],[2.3485,47.8447],[2.3832,47.849],[2.4134,47.841],[2.428,47.8569],[2.5448,47.7965],[2.5696,47.7934],[2.5872,47.8154],[2.5856,47.8263],[2.6454,47.8486],[2.6782,47.8301],[2.6749,47.8162],[2.7064,47.8047],[2.7241,47.814],[2.7402,47.8102],[2.7496,47.7909],[2.7701,47.7807],[2.8055,47.79],[2.8358,47.786],[2.8459,47.7641],[2.8567,47.761],[2.8525,47.7157],[2.862,47.7112],[2.8789,47.7203],[2.8864,47.7019],[2.9264,47.6816],[2.9213,47.6658],[2.9539,47.6456],[2.9345,47.6321],[2.9452,47.6084],[2.9407,47.5986],[2.9762,47.5692],[2.9588,47.5575],[2.9162,47.5654],[2.8731,47.5452],[2.8528,47.5497],[2.8496,47.5403],[2.8746,47.5204],[2.807,47.4944],[2.768,47.5248],[2.7308,47.5323],[2.7247,47.494],[2.6848,47.483],[2.6575,47.4872],[2.6558,47.5096],[2.6119,47.5265],[2.6088,47.5475],[2.5616,47.5724],[2.4914,47.5683],[2.4383,47.6096],[2.3729,47.5857],[2.2869,47.6284],[2.2396,47.6217],[2.24,47.6426],[2.2221,47.6644],[2.2053,47.6612],[2.2009,47.6772],[2.1491,47.6704],[2.1276,47.6783],[2.1106,47.6696],[2.0765,47.6822],[2.0664,47.6742],[2.0094,47.6786],[1.996,47.6638],[1.941,47.6589],[1.932,47.6777],[1.866,47.6746],[1.8574,47.6908],[1.8444,47.6842],[1.8452,47.6571],[1.8102,47.6532],[1.7943,47.6361],[1.7761,47.6528],[1.7435,47.6575],[1.7197,47.6961]]]},"properties":{"id":"45-03","nm":"Gien","dept":"45","ins":70445,"nbv":101,"dG":-12.596,"dCD":2.075,"dED":13.089,"dAB":-1.72,"af":34.18}},{"type":"Feature","geometry":{"type":"Polygon","coordinates":[[[2.4932,48.0875],[2.5736,48.0991],[2.5718,48.1084],[2.5457,48.108],[2.5196,48.127],[2.542,48.1411],[2.5706,48.1409],[2.5787,48.1313],[2.6392,48.1389],[2.6658,48.1207],[2.7064,48.1257],[2.7498,48.1447],[2.7367,48.1661],[2.811,48.1652],[2.7978,48.1406],[2.8188,48.1306],[2.8668,48.1563],[2.9532,48.1652],[2.9638,48.1532],[2.9907,48.1527],[2.9957,48.1427],[3.0117,48.145],[3.0293,48.1333],[3.0219,48.1198],[3.035,48.1161],[3.039,48.0981],[3.049,48.0938],[3.0517,48.0698],[3.0954,48.054],[3.0986,48.0394],[3.1242,48.0311],[3.1037,48.0188],[3.1244,48.0064],[3.127,47.9681],[3.1053,47.9469],[3.053,47.9239],[3.0505,47.9106],[3.0209,47.9067],[3.0099,47.8958],[3.0085,47.8654],[3.0292,47.8571],[3.0339,47.8437],[3.0132,47.8295],[3.0281,47.8012],[3.0238,47.7864],[2.9895,47.7861],[2.935,47.7632],[2.9122,47.7694],[2.8459,47.7628],[2.8305,47.7868],[2.7692,47.7802],[2.7493,47.7906],[2.739,47.811],[2.7233,47.8134],[2.7124,47.8013],[2.6678,47.8203],[2.7062,47.8453],[2.7002,47.8571],[2.712,47.8661],[2.7313,47.8668],[2.733,47.8943],[2.7018,47.9254],[2.6416,47.9191],[2.6062,47.9378],[2.6017,47.9489],[2.5798,47.9436],[2.5704,47.9618],[2.5944,48.0035],[2.6179,48.0112],[2.6195,48.0195],[2.5917,48.0514],[2.5595,48.04],[2.5324,48.0585],[2.5153,48.0533],[2.5232,48.0701],[2.4932,48.0875]]]},"properties":{"id":"45-04","nm":"Amilly","dept":"45","ins":74099,"nbv":115,"dG":-11.284,"dCD":-2.377,"dED":14.581,"dAB":1.659,"af":36.06}},{"type":"Feature","geometry":{"type":"Polygon","coordinates":[[[1.8931,47.9413],[1.9176,47.9497],[1.9221,47.9703],[1.9572,48.0131],[1.9322,48.0416],[1.9364,48.0626],[1.9678,48.0674],[1.9873,48.0928],[1.978,48.107],[1.9656,48.1045],[1.9476,48.141],[1.9034,48.1528],[1.9251,48.1744],[1.9701,48.175],[1.9657,48.1863],[1.9515,48.1896],[1.9571,48.2036],[1.9707,48.2075],[1.9654,48.2558],[1.9799,48.2611],[1.9939,48.2868],[2.0434,48.2863],[2.0527,48.2954],[2.0881,48.2949],[2.1135,48.3074],[2.1175,48.2979],[2.1513,48.2992],[2.1521,48.3161],[2.1809,48.3146],[2.2023,48.3446],[2.2312,48.33],[2.243,48.3329],[2.2532,48.3029],[2.2693,48.315],[2.2952,48.3091],[2.3127,48.3306],[2.3293,48.3328],[2.3597,48.3101],[2.403,48.3206],[2.4234,48.2944],[2.4179,48.2772],[2.4283,48.2567],[2.4687,48.2553],[2.4837,48.2393],[2.5063,48.2386],[2.5087,48.2285],[2.5185,48.2283],[2.5135,48.2188],[2.523,48.1949],[2.5108,48.1808],[2.5168,48.1668],[2.506,48.1565],[2.4834,48.1631],[2.4617,48.1318],[2.5224,48.1252],[2.5468,48.1081],[2.5829,48.1032],[2.5104,48.0894],[2.5066,48.0818],[2.5295,48.0715],[2.5286,48.0623],[2.5428,48.0593],[2.5408,48.0491],[2.5568,48.0411],[2.5969,48.0498],[2.6271,48.014],[2.5955,48.0022],[2.5762,47.9675],[2.5446,47.9755],[2.5417,47.9548],[2.5152,47.9562],[2.513,47.9457],[2.4899,47.9421],[2.4841,47.9307],[2.4339,47.922],[2.418,47.9477],[2.4028,47.949],[2.4159,47.9605],[2.411,47.9718],[2.3786,47.9702],[2.3728,47.9786],[2.3132,47.9913],[2.3032,47.9862],[2.2658,48.008],[2.2461,47.9714],[2.2544,47.9597],[2.2265,47.9488],[2.1506,47.9577],[2.0682,47.9261],[2.0233,47.9415],[2.0212,47.9491],[2.0402,47.9653],[2.0275,47.9749],[2.0024,47.9707],[1.9845,47.9488],[1.9486,47.9457],[1.9181,47.9195],[1.898,47.9211],[1.8931,47.9413]]]},"properties":{"id":"45-05","nm":"Fleury-Les-Aubrais","dept":"45","ins":73581,"nbv":150,"dG":-12.107,"dCD":2.95,"dED":9.718,"dAB":0.249,"af":35.12}},{"type":"Feature","geometry":{"type":"MultiPolygon","coordinates":[[[[1.5124,48.028],[1.5457,48.0445],[1.5919,48.0325],[1.5972,48.0432],[1.6169,48.045],[1.624,48.0703],[1.6592,48.0766],[1.674,48.0657],[1.6892,48.0779],[1.7098,48.067],[1.7454,48.066],[1.7961,48.0776],[1.802,48.0894],[1.8265,48.0804],[1.8448,48.0892],[1.8609,48.0843],[1.8652,48.0952],[1.8861,48.1002],[1.9205,48.1465],[1.9547,48.1408],[1.9565,48.1184],[1.996,48.0943],[1.9726,48.0787],[1.972,48.0662],[1.9373,48.0628],[1.934,48.041],[1.9589,48.0145],[1.9209,47.9671],[1.9164,47.9462],[1.895,47.9382],[1.9148,47.9065],[1.904,47.8965],[1.8596,47.8936],[1.8002,47.8647],[1.7323,47.8471],[1.7229,47.8396],[1.7268,47.8201],[1.6948,47.81],[1.6727,47.8283],[1.6211,47.8192],[1.6273,47.8498],[1.5834,47.8686],[1.5884,47.8794],[1.5747,47.9065],[1.5224,47.9321],[1.5266,47.9454],[1.5443,47.9517],[1.549,47.9671],[1.5664,47.9773],[1.5532,47.9893],[1.5196,47.9818],[1.5228,48.0062],[1.5124,48.028]]],[[[1.9353,47.8446],[1.9376,47.8512],[1.9432,47.8497],[1.9353,47.8446]]]]},"properties":{"id":"45-02","nm":"Orléans","dept":"45","ins":88601,"nbv":119,"dG":1.612,"dCD":-1.151,"dED":0.985,"dAB":0.833,"af":35.57}},{"type":"Feature","geometry":{"type":"Polygon","coordinates":[[[1.5258,47.8201],[1.5354,47.8406],[1.5469,47.8406],[1.5807,47.8696],[1.6306,47.85],[1.6267,47.8205],[1.6594,47.8287],[1.7024,47.8129],[1.7216,47.8193],[1.7187,47.8389],[1.7315,47.8473],[1.8034,47.864],[1.8613,47.893],[1.956,47.9026],[2.0061,47.8868],[1.9847,47.8555],[2.0024,47.8452],[1.9954,47.8033],[2.0047,47.7968],[2.0011,47.7885],[1.9726,47.7974],[1.9592,47.7613],[1.9254,47.7649],[1.915,47.7829],[1.9254,47.7881],[1.9188,47.8228],[1.9039,47.8336],[1.8655,47.8324],[1.8507,47.8201],[1.8459,47.7871],[1.8286,47.7764],[1.8444,47.7582],[1.8598,47.7596],[1.8698,47.7482],[1.8592,47.7282],[1.8704,47.7152],[1.8347,47.7039],[1.8164,47.7238],[1.728,47.6996],[1.7105,47.7335],[1.6311,47.7584],[1.6135,47.7365],[1.5827,47.7267],[1.5944,47.7441],[1.5477,47.7696],[1.5651,47.7831],[1.5605,47.8045],[1.5258,47.8201]]]},"properties":{"id":"45-01","nm":"Orléans","dept":"45","ins":76728,"nbv":85,"dG":-0.045,"dCD":5.624,"dED":-4.043,"dAB":-2.725,"af":33.93}},{"type":"Feature","geometry":{"type":"MultiPolygon","coordinates":[[[[1.9041,47.8969],[1.9077,47.9212],[1.9229,47.9223],[1.9451,47.9437],[1.9854,47.9505],[2.0049,47.9727],[2.0457,47.9675],[2.0243,47.9449],[2.068,47.9277],[2.1024,47.9334],[2.1456,47.9567],[2.2278,47.9494],[2.249,47.9587],[2.2449,47.9687],[2.2597,47.988],[2.2601,48.0111],[2.3029,47.9887],[2.3775,47.9798],[2.394,47.9676],[2.4075,47.9741],[2.4345,47.9228],[2.4787,47.9297],[2.4826,47.9436],[2.5057,47.9454],[2.5165,47.9572],[2.5366,47.955],[2.5428,47.9763],[2.5757,47.967],[2.5781,47.9457],[2.6034,47.948],[2.6171,47.9305],[2.6718,47.9188],[2.6824,47.9278],[2.7139,47.9253],[2.7228,47.8994],[2.7331,47.8972],[2.7322,47.864],[2.7076,47.863],[2.7113,47.8511],[2.6904,47.8338],[2.6584,47.8342],[2.646,47.8477],[2.6256,47.8434],[2.5887,47.8267],[2.575,47.7927],[2.5455,47.7962],[2.4301,47.8542],[2.4149,47.84],[2.3832,47.8487],[2.3531,47.8418],[2.3404,47.8263],[2.3064,47.8377],[2.2533,47.8261],[2.2408,47.8308],[2.2411,47.8517],[2.229,47.8581],[2.1829,47.848],[2.1115,47.8725],[2.0755,47.8706],[2.0369,47.8554],[2.0283,47.8837],[1.9729,47.9014],[1.9041,47.8969]]],[[[1.9001,47.8856],[1.9002,47.8856],[1.9002,47.8855],[1.9001,47.8856]]],[[[1.9235,47.8327],[1.9236,47.8329],[1.9237,47.8328],[1.9235,47.8327]]]]},"properties":{"id":"45-06","nm":"Orléans","dept":"45","ins":76084,"nbv":92,"dG":-0.85,"dCD":2.364,"dED":-0.474,"dAB":-1.778,"af":35.27}},{"type":"Feature","geometry":{"type":"Polygon","coordinates":[[[0.9821,44.5448],[0.9949,44.5499],[1.0165,44.5414],[1.0751,44.5769],[1.097,44.572],[1.0937,44.5906],[1.1512,44.6345],[1.1467,44.6708],[1.1814,44.6833],[1.2218,44.6832],[1.2707,44.7228],[1.2873,44.7184],[1.3008,44.7445],[1.3149,44.7423],[1.3209,44.7586],[1.2964,44.7767],[1.2935,44.7903],[1.3616,44.8119],[1.3658,44.8458],[1.3998,44.8503],[1.4118,44.8725],[1.4421,44.8784],[1.4642,44.8673],[1.4634,44.8457],[1.5378,44.8318],[1.5664,44.7966],[1.6052,44.7806],[1.5663,44.7552],[1.5431,44.7535],[1.5532,44.7414],[1.5658,44.7491],[1.5948,44.7315],[1.602,44.7054],[1.6627,44.6733],[1.6883,44.7015],[1.7147,44.6963],[1.7118,44.6703],[1.7222,44.66],[1.6976,44.6436],[1.7056,44.6222],[1.6932,44.5916],[1.7336,44.601],[1.7615,44.5987],[1.7739,44.5872],[1.7546,44.5751],[1.747,44.5534],[1.7511,44.5203],[1.7307,44.4949],[1.7095,44.4944],[1.7,44.4847],[1.7289,44.4184],[1.6974,44.4324],[1.6916,44.4113],[1.6642,44.3998],[1.6497,44.4249],[1.6351,44.4276],[1.6053,44.4006],[1.6084,44.3824],[1.6249,44.3872],[1.6489,44.3681],[1.6771,44.3883],[1.692,44.3869],[1.6951,44.3492],[1.7156,44.3309],[1.7019,44.3145],[1.634,44.2686],[1.6142,44.2807],[1.6145,44.296],[1.5749,44.3009],[1.5786,44.2839],[1.5699,44.2756],[1.5871,44.2489],[1.5748,44.2338],[1.5405,44.2275],[1.5218,44.2419],[1.5102,44.2724],[1.4829,44.2733],[1.4725,44.2829],[1.4533,44.2545],[1.3801,44.2247],[1.3576,44.2033],[1.3354,44.2279],[1.2814,44.2353],[1.2845,44.2527],[1.3016,44.2638],[1.2936,44.2727],[1.2975,44.293],[1.2553,44.2822],[1.2499,44.2672],[1.2236,44.2799],[1.214,44.2682],[1.1739,44.3032],[1.1084,44.3272],[1.1118,44.3402],[1.0812,44.3544],[1.0924,44.362],[1.0885,44.3711],[1.1322,44.3723],[1.1305,44.3894],[1.105,44.3924],[1.0642,44.3786],[1.0509,44.392],[1.0609,44.4034],[1.0578,44.4246],[1.0281,44.4342],[1.0208,44.4452],[1.0252,44.4675],[1.009,44.48],[1.0161,44.5051],[0.9821,44.5448]]]},"properties":{"id":"46-01","nm":"Cahors","dept":"46","ins":73047,"nbv":190,"dG":-0.788,"dCD":11.34,"dED":-9.728,"dAB":-11.985,"af":27.38}},{"type":"Feature","geometry":{"type":"Polygon","coordinates":[[[1.4091,45.0069],[1.4482,45.0194],[1.4659,45.0149],[1.5278,45.0453],[1.5403,45.0464],[1.5497,45.0291],[1.57,45.0395],[1.6299,45.0335],[1.7028,44.9877],[1.7122,44.9673],[1.7507,44.9559],[1.755,44.938],[1.776,44.9256],[1.7847,44.9372],[1.8038,44.9253],[1.824,44.9293],[1.8323,44.9461],[1.8848,44.9564],[1.9081,44.9781],[1.9401,44.9719],[1.9463,44.953],[1.9908,44.9761],[2.0453,44.9837],[2.0629,44.9766],[2.0806,44.954],[2.0775,44.9344],[2.1082,44.9102],[2.0872,44.9037],[2.0849,44.8859],[2.1392,44.8246],[2.1654,44.8135],[2.1719,44.7898],[2.1659,44.7717],[2.1509,44.7668],[2.1545,44.7364],[2.1304,44.6966],[2.1597,44.6973],[2.1792,44.6745],[2.1679,44.662],[2.17,44.6395],[2.1941,44.6281],[2.2109,44.6048],[2.1944,44.5854],[2.1693,44.5914],[2.1537,44.5718],[2.1038,44.5715],[2.0819,44.5847],[2.0673,44.5665],[2.058,44.5684],[2.0661,44.5773],[2.058,44.5827],[2.0372,44.5723],[2.0331,44.5601],[2.0017,44.5562],[1.9589,44.5194],[1.919,44.5035],[1.9199,44.4887],[1.9102,44.4866],[1.903,44.5018],[1.8907,44.5043],[1.8848,44.4852],[1.8445,44.4818],[1.8534,44.4631],[1.851,44.4365],[1.8733,44.4238],[1.8703,44.3956],[1.9086,44.3646],[1.9089,44.3501],[1.8926,44.3522],[1.882,44.3402],[1.851,44.3323],[1.8367,44.3361],[1.8265,44.3237],[1.7958,44.3349],[1.7749,44.3116],[1.7434,44.3266],[1.7367,44.3182],[1.7024,44.3147],[1.7085,44.3353],[1.6927,44.3432],[1.6871,44.3858],[1.6488,44.3677],[1.6209,44.3834],[1.6072,44.3772],[1.603,44.4022],[1.6324,44.4274],[1.6482,44.4277],[1.6656,44.401],[1.6862,44.4102],[1.6981,44.4352],[1.7192,44.4263],[1.7146,44.457],[1.6977,44.4817],[1.7053,44.4937],[1.7295,44.4959],[1.7474,44.5177],[1.7531,44.5783],[1.7686,44.5915],[1.7331,44.601],[1.7154,44.5908],[1.6899,44.5921],[1.7041,44.6219],[1.6974,44.6449],[1.7154,44.663],[1.7066,44.6738],[1.7139,44.6797],[1.7112,44.6979],[1.6896,44.7018],[1.6652,44.6721],[1.6536,44.675],[1.6488,44.6867],[1.5933,44.715],[1.5941,44.7311],[1.5819,44.7415],[1.566,44.7467],[1.5531,44.74],[1.5439,44.749],[1.541,44.7596],[1.5708,44.7579],[1.5902,44.7686],[1.5974,44.7814],[1.5922,44.7899],[1.5652,44.7939],[1.5585,44.812],[1.5398,44.8193],[1.535,44.8318],[1.5146,44.8273],[1.4908,44.8438],[1.4552,44.8483],[1.4633,44.8667],[1.4108,44.9089],[1.438,44.9266],[1.4167,44.961],[1.4091,45.0069]]]},"properties":{"id":"46-02","nm":"Figeac","dept":"46","ins":66320,"nbv":189,"dG":13.074,"dCD":-8.354,"dED":-4.555,"dAB":-11.172,"af":27.06}},{"type":"Feature","geometry":{"type":"Polygon","coordinates":[[[0.0602,44.0247],[0.0735,44.0276],[0.0872,44.0536],[0.083,44.0637],[0.1329,44.1095],[0.1305,44.1214],[0.1723,44.123],[0.1887,44.1275],[0.19,44.1382],[0.2086,44.14],[0.1766,44.1638],[0.1934,44.174],[0.1671,44.1991],[0.1799,44.2118],[0.2145,44.2236],[0.2564,44.2154],[0.2749,44.229],[0.3042,44.2232],[0.3247,44.2399],[0.3171,44.2539],[0.3338,44.2733],[0.3448,44.2441],[0.389,44.2482],[0.4241,44.2352],[0.4692,44.2361],[0.4886,44.2412],[0.4871,44.2575],[0.5115,44.2468],[0.5735,44.2714],[0.5825,44.2549],[0.6049,44.2575],[0.6652,44.2979],[0.6784,44.2729],[0.7173,44.2791],[0.7282,44.2653],[0.7171,44.2534],[0.7197,44.2399],[0.7558,44.2268],[0.7761,44.2351],[0.786,44.213],[0.8061,44.2176],[0.8049,44.1931],[0.8596,44.1929],[0.8572,44.1752],[0.8904,44.17],[0.8942,44.1438],[0.8809,44.1297],[0.8571,44.1275],[0.7939,44.1447],[0.7986,44.1106],[0.7749,44.114],[0.7547,44.1051],[0.7392,44.0611],[0.7075,44.0588],[0.664,44.0245],[0.6509,44.0438],[0.5922,44.0796],[0.5663,44.06],[0.5385,44.0529],[0.5142,44.0619],[0.5046,44.0507],[0.4607,44.0552],[0.441,44.029],[0.397,44.0216],[0.3814,44.0064],[0.3593,44.0149],[0.3215,44.0081],[0.3179,43.9947],[0.3029,43.991],[0.2092,44.021],[0.1668,43.9963],[0.1608,43.9743],[0.1386,43.9747],[0.1409,43.9931],[0.1316,43.9992],[0.08,43.9811],[0.0606,44.0073],[0.0602,44.0247]]]},"properties":{"id":"47-01","nm":"Agen","dept":"47","ins":86865,"nbv":123,"dG":-4.974,"dCD":-4.057,"dED":11.133,"dAB":-3.362,"af":32.16}},{"type":"Feature","geometry":{"type":"Polygon","coordinates":[[[-0.1407,44.2264],[-0.1232,44.2406],[-0.1078,44.2316],[-0.0877,44.2375],[-0.036,44.2731],[-0.0412,44.303],[-0.0857,44.3376],[-0.0788,44.3537],[0.0182,44.3721],[0.0073,44.3819],[0.0128,44.3921],[-0.014,44.4187],[0.0067,44.4511],[-0.0132,44.4607],[-0.0181,44.4921],[-0.011,44.5127],[0.0164,44.5302],[-0.0014,44.552],[0.0184,44.5435],[0.038,44.5541],[0.0714,44.5501],[0.0828,44.5845],[0.1501,44.6081],[0.153,44.6171],[0.1368,44.6365],[0.1647,44.6339],[0.18,44.6583],[0.1632,44.6704],[0.1342,44.6663],[0.1277,44.6809],[0.1028,44.6859],[0.1077,44.7108],[0.1366,44.7104],[0.1411,44.7376],[0.1535,44.731],[0.1918,44.7489],[0.2002,44.7251],[0.2107,44.7234],[0.2135,44.7505],[0.2332,44.7656],[0.2509,44.7516],[0.2979,44.7621],[0.3458,44.7228],[0.3437,44.7019],[0.3594,44.6913],[0.3499,44.6756],[0.3525,44.6581],[0.3656,44.6622],[0.4169,44.6458],[0.4706,44.6695],[0.4957,44.6698],[0.5078,44.6622],[0.5156,44.6384],[0.5076,44.6334],[0.5075,44.609],[0.5672,44.5967],[0.5144,44.5575],[0.4895,44.5647],[0.4493,44.544],[0.4345,44.5574],[0.433,44.5383],[0.3934,44.5141],[0.4177,44.4934],[0.4854,44.4892],[0.5021,44.4661],[0.4855,44.4275],[0.5141,44.418],[0.5191,44.3815],[0.4935,44.3926],[0.4817,44.3788],[0.4615,44.3776],[0.4607,44.3367],[0.4456,44.3301],[0.4505,44.3185],[0.472,44.3094],[0.4675,44.2995],[0.4896,44.2765],[0.488,44.2522],[0.4963,44.2455],[0.4891,44.2391],[0.4342,44.234],[0.4031,44.2475],[0.3466,44.243],[0.3283,44.2679],[0.3192,44.258],[0.3257,44.2391],[0.3005,44.2213],[0.2729,44.2273],[0.2596,44.2151],[0.2153,44.2221],[0.1769,44.2089],[0.1716,44.1952],[0.2086,44.1761],[0.1847,44.1594],[0.2157,44.1363],[0.1951,44.1374],[0.175,44.1226],[0.0339,44.1314],[-0.0043,44.1499],[-0.1289,44.1524],[-0.1296,44.2038],[-0.1407,44.2264]]]},"properties":{"id":"47-02","nm":"Marmande","dept":"47","ins":76944,"nbv":167,"dG":-4.171,"dCD":-7.679,"dED":14.808,"dAB":-3.028,"af":31.18}},{"type":"Feature","geometry":{"type":"Polygon","coordinates":[[[0.392,44.5136],[0.4306,44.5374],[0.4289,44.5633],[0.4527,44.5453],[0.4918,44.5668],[0.514,44.5586],[0.5628,44.5881],[0.563,44.5974],[0.5478,44.603],[0.5033,44.6063],[0.5099,44.6232],[0.4999,44.6351],[0.5124,44.6435],[0.4955,44.6699],[0.5279,44.6785],[0.5469,44.665],[0.5676,44.6739],[0.5854,44.6992],[0.6172,44.6918],[0.6303,44.7067],[0.6546,44.6968],[0.6607,44.6797],[0.6826,44.6758],[0.7583,44.6802],[0.7634,44.6899],[0.7825,44.6847],[0.7967,44.7018],[0.8178,44.6985],[0.8311,44.6721],[0.8524,44.669],[0.8371,44.6501],[0.8386,44.6356],[0.8234,44.6263],[0.843,44.5994],[0.8682,44.598],[0.8738,44.6135],[0.897,44.6161],[0.9385,44.6396],[0.9675,44.6354],[0.9802,44.645],[1.0136,44.6155],[1.073,44.5963],[1.0783,44.5871],[1.0708,44.5668],[1.0457,44.5622],[1.013,44.5365],[1.0064,44.5475],[0.9874,44.5435],[1.016,44.5065],[1.0107,44.4826],[1.0259,44.467],[1.0242,44.4455],[1.0538,44.432],[1.0619,44.4148],[1.062,44.3655],[0.9967,44.3687],[0.9774,44.3565],[0.9541,44.3608],[0.9412,44.345],[0.9366,44.3687],[0.9191,44.3842],[0.8983,44.3815],[0.8892,44.3675],[0.8956,44.3463],[0.8748,44.3235],[0.8748,44.3112],[0.8955,44.2978],[0.9163,44.3023],[0.9261,44.2869],[0.9509,44.2751],[0.9233,44.2445],[0.9304,44.2349],[0.9062,44.1904],[0.8009,44.1922],[0.8028,44.2096],[0.7865,44.2124],[0.7729,44.2334],[0.7575,44.2249],[0.717,44.241],[0.7117,44.2534],[0.7279,44.2631],[0.7178,44.2773],[0.6792,44.2722],[0.6531,44.2928],[0.6105,44.258],[0.5711,44.2545],[0.579,44.2636],[0.5715,44.2706],[0.5092,44.2453],[0.4847,44.2647],[0.487,44.2761],[0.4729,44.284],[0.4645,44.3112],[0.4458,44.3248],[0.4459,44.3351],[0.4615,44.3418],[0.4582,44.3793],[0.4805,44.3784],[0.4925,44.3957],[0.5061,44.3854],[0.5138,44.3896],[0.5117,44.4156],[0.4848,44.4268],[0.5003,44.4608],[0.4888,44.4728],[0.4932,44.4815],[0.4686,44.4911],[0.4575,44.4833],[0.4427,44.4967],[0.4182,44.4911],[0.392,44.5136]]]},"properties":{"id":"47-03","nm":"Villeneuve-Sur-Lot","dept":"47","ins":75786,"nbv":160,"dG":-1.748,"dCD":-5.034,"dED":8.449,"dAB":-3.258,"af":30.73}},{"type":"Feature","geometry":{"type":"MultiPolygon","coordinates":[[[[2.9816,44.6448],[3.0163,44.7142],[3.0358,44.7207],[3.0269,44.7287],[3.031,44.7493],[3.0462,44.7638],[3.0465,44.8016],[3.0728,44.8242],[3.0723,44.8376],[3.0984,44.8368],[3.0932,44.8546],[3.1039,44.8653],[3.1027,44.886],[3.1281,44.9036],[3.1425,44.9029],[3.1661,44.8747],[3.188,44.8639],[3.2309,44.8862],[3.2267,44.9098],[3.246,44.916],[3.2416,44.9342],[3.2493,44.9396],[3.2674,44.9426],[3.2668,44.9314],[3.2858,44.927],[3.3372,44.9559],[3.3535,44.9548],[3.3728,44.9757],[3.3787,44.9568],[3.4044,44.9571],[3.4153,44.9416],[3.4205,44.8957],[3.4798,44.8097],[3.5061,44.8241],[3.5823,44.8333],[3.5983,44.859],[3.5935,44.8766],[3.6067,44.8793],[3.6535,44.8762],[3.6738,44.8541],[3.6688,44.8294],[3.7445,44.8377],[3.7648,44.8056],[3.7998,44.7851],[3.8063,44.7677],[3.8314,44.7767],[3.8425,44.7717],[3.8357,44.7506],[3.8761,44.7401],[3.8639,44.7133],[3.8728,44.6981],[3.8828,44.6981],[3.8726,44.68],[3.8979,44.6442],[3.895,44.6165],[3.9079,44.6077],[3.906,44.5946],[3.9182,44.5884],[3.9243,44.5707],[3.9552,44.5664],[3.9888,44.5037],[3.9857,44.4783],[3.9984,44.4597],[3.976,44.4422],[3.9526,44.402],[3.9162,44.4049],[3.8943,44.3852],[3.9354,44.3373],[3.9523,44.331],[3.9258,44.3026],[3.9369,44.2936],[3.9388,44.273],[3.9754,44.2598],[3.9461,44.2413],[3.9521,44.2221],[3.9422,44.2007],[3.977,44.171],[3.9739,44.1628],[3.933,44.1775],[3.9264,44.1611],[3.8894,44.1447],[3.8753,44.1262],[3.8316,44.1373],[3.7964,44.1277],[3.6765,44.1844],[3.6592,44.1735],[3.6366,44.1751],[3.6294,44.1543],[3.6532,44.146],[3.6366,44.1397],[3.6328,44.1212],[3.6043,44.1153],[3.5632,44.1227],[3.5437,44.1096],[3.5353,44.1208],[3.4394,44.1293],[3.4289,44.1483],[3.3734,44.1711],[3.3535,44.2017],[3.2945,44.2058],[3.2038,44.19],[3.2192,44.2047],[3.2247,44.2294],[3.1862,44.2485],[3.1618,44.2447],[3.1506,44.2748],[3.1202,44.2618],[3.1224,44.2854],[3.1512,44.3079],[3.1468,44.3282],[3.1337,44.3303],[3.1194,44.3644],[3.1178,44.3843],[3.1397,44.3961],[3.1268,44.4142],[3.142,44.4293],[3.1362,44.4546],[3.068,44.5028],[3.0834,44.5576],[3.0763,44.5703],[2.9816,44.6448]],[[3.136,44.6441],[3.1642,44.6314],[3.2115,44.659],[3.2059,44.6898],[3.1802,44.6963],[3.1704,44.7157],[3.156,44.7101],[3.1637,44.6683],[3.136,44.6441]]],[[[3.1803,44.6859],[3.1912,44.6795],[3.1874,44.6655],[3.1699,44.6699],[3.1803,44.6859]]]]},"properties":{"id":"48-01","nm":"Mende","dept":"48","ins":59764,"nbv":188,"dG":0.236,"dCD":0.681,"dED":-4.691,"dAB":-10.805,"af":26.37}},{"type":"Feature","geometry":{"type":"MultiPolygon","coordinates":[[[[-0.4902,47.6618],[-0.4727,47.6796],[-0.4404,47.6869],[-0.4465,47.7241],[-0.4341,47.7299],[-0.4341,47.7506],[-0.4227,47.7558],[-0.4288,47.7678],[-0.415,47.7682],[-0.4158,47.7809],[-0.3749,47.7604],[-0.3788,47.7492],[-0.3567,47.7306],[-0.3556,47.7146],[-0.2855,47.7195],[-0.2356,47.7046],[-0.2022,47.7252],[-0.1737,47.7152],[-0.2182,47.6905],[-0.1922,47.6479],[-0.1587,47.6468],[-0.1354,47.6333],[-0.1149,47.6361],[-0.1017,47.6621],[-0.0188,47.64],[-0.0045,47.6477],[0.0165,47.6225],[0.0582,47.6053],[0.1149,47.6059],[0.1461,47.5822],[0.1829,47.5984],[0.1857,47.6165],[0.2244,47.6125],[0.2345,47.5781],[0.2143,47.5719],[0.2003,47.5424],[0.2077,47.5261],[0.2261,47.5266],[0.22,47.5019],[0.1819,47.453],[0.1852,47.4241],[0.1659,47.4029],[0.1686,47.3865],[0.1831,47.3811],[0.1458,47.361],[0.1477,47.3469],[0.1183,47.3316],[0.0859,47.2927],[0.0725,47.22],[0.0594,47.2186],[-0.0612,47.2593],[-0.0713,47.25],[-0.0839,47.2717],[-0.1429,47.3074],[-0.1515,47.3032],[-0.1658,47.321],[-0.1795,47.3035],[-0.1819,47.3249],[-0.2248,47.3431],[-0.2353,47.3346],[-0.2357,47.3504],[-0.2659,47.3567],[-0.263,47.3751],[-0.2919,47.4002],[-0.2793,47.4226],[-0.3672,47.4537],[-0.3678,47.4764],[-0.3967,47.4927],[-0.3764,47.4954],[-0.3747,47.5045],[-0.4172,47.5192],[-0.4189,47.5289],[-0.3996,47.5442],[-0.4016,47.5582],[-0.3684,47.5723],[-0.3617,47.5866],[-0.4041,47.6102],[-0.4104,47.6268],[-0.3874,47.635],[-0.3835,47.6582],[-0.4233,47.662],[-0.4385,47.6355],[-0.4641,47.6323],[-0.4783,47.6354],[-0.4752,47.6496],[-0.4902,47.6618]]],[[[-0.2477,47.3474],[-0.2465,47.3474],[-0.2467,47.3458],[-0.2477,47.3474]]],[[[-0.1677,47.297],[-0.1657,47.302],[-0.1641,47.3034],[-0.1677,47.297]]],[[[-0.057,47.2494],[-0.0568,47.2497],[-0.0568,47.2491],[-0.057,47.2494]]],[[[-0.1015,47.2575],[-0.102,47.2586],[-0.1014,47.2594],[-0.1015,47.2575]]],[[[-0.0953,47.2406],[-0.0964,47.2434],[-0.0918,47.2432],[-0.0953,47.2406]]],[[[-0.0964,47.2352],[-0.096,47.2356],[-0.096,47.2349],[-0.0964,47.2352]]],[[[-0.2548,47.2888],[-0.2547,47.2891],[-0.2546,47.289],[-0.2548,47.2888]]],[[[-0.2456,47.2906],[-0.2481,47.3038],[-0.2416,47.3075],[-0.2456,47.2906]]],[[[-0.2841,47.3187],[-0.2881,47.3182],[-0.2839,47.3272],[-0.2841,47.3187]]],[[[-0.2759,47.3127],[-0.2745,47.3165],[-0.2768,47.3089],[-0.2759,47.3127]]],[[[-0.2749,47.2996],[-0.2692,47.2957],[-0.2686,47.2829],[-0.2827,47.2882],[-0.2749,47.2996]]],[[[-0.2614,47.3215],[-0.2633,47.3212],[-0.2635,47.3229],[-0.2614,47.3215]]],[[[-0.2649,47.3255],[-0.2733,47.3353],[-0.2715,47.3371],[-0.2606,47.3347],[-0.2649,47.3255]]],[[[-0.2513,47.331],[-0.2512,47.3317],[-0.2511,47.3318],[-0.2513,47.331]]],[[[-0.3123,47.4092],[-0.3139,47.4094],[-0.3122,47.4094],[-0.3123,47.4092]]],[[[-0.328,47.3455],[-0.3292,47.3489],[-0.3268,47.3556],[-0.328,47.3455]]],[[[-0.3466,47.3262],[-0.3461,47.3273],[-0.3449,47.326],[-0.3466,47.3262]]],[[[-0.3373,47.3241],[-0.337,47.3244],[-0.3369,47.3244],[-0.3373,47.3241]]],[[[-0.3601,47.3117],[-0.3617,47.3129],[-0.3616,47.313],[-0.3601,47.3117]]],[[[-0.4102,47.447],[-0.4101,47.447],[-0.4102,47.4468],[-0.4102,47.447]]],[[[-0.4153,47.4713],[-0.4155,47.4726],[-0.4152,47.4713],[-0.4153,47.4713]]]]},"properties":{"id":"49-03","nm":"Baugé-En-Anjou","dept":"49","ins":71631,"nbv":104,"dG":-10.43,"dCD":8.196,"dED":3.621,"dAB":-0.86,"af":36.99}},{"type":"Feature","geometry":{"type":"MultiPolygon","coordinates":[[[[-0.7137,47.2564],[-0.7128,47.2722],[-0.6918,47.2737],[-0.681,47.3006],[-0.6666,47.2995],[-0.6308,47.3342],[-0.5653,47.3237],[-0.5429,47.3361],[-0.5072,47.3385],[-0.502,47.3614],[-0.4915,47.3676],[-0.4593,47.3626],[-0.45,47.3715],[-0.4356,47.3638],[-0.4023,47.3802],[-0.398,47.3725],[-0.3721,47.373],[-0.3502,47.3985],[-0.3272,47.3624],[-0.3008,47.3663],[-0.3017,47.378],[-0.2942,47.3776],[-0.2736,47.3652],[-0.2614,47.3437],[-0.2437,47.3525],[-0.1476,47.3104],[-0.1388,47.3141],[-0.1328,47.2983],[-0.1227,47.3035],[-0.1217,47.2901],[-0.0802,47.2688],[-0.0537,47.2679],[-0.0524,47.2561],[0.0792,47.2168],[0.0555,47.2011],[0.0665,47.1897],[0.0539,47.1637],[0.0363,47.1601],[0.0176,47.1744],[-0.0112,47.1572],[-0.0388,47.1153],[-0.0265,47.1061],[-0.0355,47.0867],[-0.0844,47.1004],[-0.1009,47.0862],[-0.1021,47.0652],[-0.13,47.055],[-0.1471,47.0697],[-0.1792,47.0702],[-0.146,47.0956],[-0.1801,47.1073],[-0.2064,47.0933],[-0.2411,47.1053],[-0.3418,47.0874],[-0.3924,47.0918],[-0.4093,47.0662],[-0.46,47.0686],[-0.4803,47.0533],[-0.4854,47.0643],[-0.4762,47.0794],[-0.4933,47.0833],[-0.5544,47.0635],[-0.5562,47.0449],[-0.542,47.0346],[-0.5461,47.029],[-0.6089,47.0029],[-0.6156,47.0146],[-0.652,47.0239],[-0.6472,47.043],[-0.6711,47.0593],[-0.6432,47.0933],[-0.6793,47.1038],[-0.6888,47.1297],[-0.6506,47.1456],[-0.6618,47.1626],[-0.6296,47.2077],[-0.6409,47.2136],[-0.6506,47.2019],[-0.6606,47.2107],[-0.6748,47.1994],[-0.669,47.2234],[-0.6841,47.2468],[-0.7137,47.2564]]],[[[-0.0756,47.2808],[-0.0754,47.2822],[-0.0744,47.2798],[-0.0756,47.2808]]],[[[-0.08,47.2926],[-0.0868,47.2962],[-0.0786,47.311],[-0.0699,47.3055],[-0.08,47.2926]]],[[[-0.0922,47.2857],[-0.0914,47.2852],[-0.092,47.2849],[-0.0922,47.2857]]],[[[-0.4371,47.3819],[-0.4371,47.3818],[-0.4373,47.3818],[-0.4371,47.3819]]],[[[-0.348,47.4115],[-0.3519,47.4088],[-0.3519,47.4121],[-0.348,47.4115]]],[[[-0.3175,47.3946],[-0.3168,47.3955],[-0.3174,47.3945],[-0.3175,47.3946]]],[[[-0.3089,47.397],[-0.3088,47.3994],[-0.3078,47.4056],[-0.3089,47.397]]],[[[-0.6734,47.3231],[-0.6749,47.3297],[-0.6713,47.328],[-0.6734,47.3231]]],[[[-0.6974,47.1409],[-0.6966,47.1434],[-0.696,47.1405],[-0.6974,47.1409]]],[[[-0.6921,47.149],[-0.6965,47.152],[-0.6957,47.1527],[-0.6921,47.149]]],[[[-0.6941,47.1805],[-0.6943,47.1811],[-0.6942,47.1812],[-0.6941,47.1805]]],[[[-0.7105,47.138],[-0.713,47.1396],[-0.7104,47.138],[-0.7105,47.138]]],[[[-0.7315,47.211],[-0.7345,47.2144],[-0.7325,47.2151],[-0.7315,47.211]]],[[[-0.7287,47.2088],[-0.7182,47.2131],[-0.7161,47.2014],[-0.7219,47.1944],[-0.7287,47.2088]]],[[[-0.7272,47.2232],[-0.7276,47.2234],[-0.7277,47.2237],[-0.7272,47.2232]]],[[[-0.7409,47.1521],[-0.7403,47.1522],[-0.7406,47.1515],[-0.7409,47.1521]]],[[[-0.776,47.2473],[-0.776,47.2474],[-0.7759,47.2473],[-0.776,47.2473]]],[[[-0.793,47.2091],[-0.787,47.2137],[-0.7838,47.2096],[-0.7865,47.2052],[-0.793,47.2091]]]]},"properties":{"id":"49-04","nm":"Saumur","dept":"49","ins":75902,"nbv":110,"dG":-11.389,"dCD":9.294,"dED":2.255,"dAB":-2.883,"af":35.39}},{"type":"Feature","geometry":{"type":"MultiPolygon","coordinates":[[[[-0.3445,47.7165],[-0.3364,47.7159],[-0.3365,47.7039],[-0.3445,47.7165]]],[[[-0.3729,47.7017],[-0.3643,47.7079],[-0.3578,47.7065],[-0.3591,47.7018],[-0.3729,47.7017]]],[[[-0.6946,47.619],[-0.6762,47.6935],[-0.6635,47.7078],[-0.6677,47.7263],[-0.646,47.7372],[-0.6113,47.7362],[-0.5849,47.7589],[-0.5322,47.7522],[-0.5188,47.7685],[-0.5193,47.7875],[-0.4832,47.7795],[-0.454,47.7581],[-0.422,47.7635],[-0.4462,47.7035],[-0.4382,47.6869],[-0.4719,47.6782],[-0.4811,47.6614],[-0.4752,47.6366],[-0.4411,47.6357],[-0.4298,47.6616],[-0.3868,47.6616],[-0.3874,47.6326],[-0.4018,47.6319],[-0.4092,47.6211],[-0.3959,47.6044],[-0.3603,47.5917],[-0.3679,47.5722],[-0.3896,47.5684],[-0.4025,47.5377],[-0.4178,47.528],[-0.4107,47.5169],[-0.4199,47.5036],[-0.4136,47.4798],[-0.4796,47.4588],[-0.5244,47.4658],[-0.54,47.4513],[-0.5715,47.465],[-0.541,47.4936],[-0.5358,47.5255],[-0.5467,47.5334],[-0.5486,47.5526],[-0.5693,47.5644],[-0.5938,47.5476],[-0.6121,47.5653],[-0.6395,47.5742],[-0.6312,47.6007],[-0.6393,47.616],[-0.6946,47.619]]],[[[-0.4175,47.7438],[-0.4173,47.7443],[-0.4173,47.7437],[-0.4175,47.7438]]]]},"properties":{"id":"49-01","nm":"Angers","dept":"49","ins":87796,"nbv":92,"dG":5.061,"dCD":5.42,"dED":-7.828,"dAB":-3.416,"af":34.3}},{"type":"Feature","geometry":{"type":"MultiPolygon","coordinates":[[[[-0.8684,47.2972],[-0.8544,47.3091],[-0.8412,47.3069],[-0.7977,47.2817],[-0.7697,47.2949],[-0.7765,47.3185],[-0.8062,47.332],[-0.8169,47.327],[-0.8241,47.3384],[-0.8116,47.3673],[-0.8388,47.384],[-0.8343,47.3887],[-0.726,47.3616],[-0.6621,47.3694],[-0.6323,47.3853],[-0.5897,47.4574],[-0.5603,47.4635],[-0.54,47.452],[-0.5256,47.4681],[-0.5097,47.4588],[-0.4743,47.4603],[-0.4215,47.4808],[-0.4251,47.4998],[-0.4126,47.5146],[-0.3763,47.5159],[-0.3658,47.5011],[-0.3775,47.4866],[-0.3518,47.4668],[-0.3649,47.4686],[-0.3673,47.4587],[-0.3474,47.4426],[-0.3168,47.4399],[-0.2687,47.4191],[-0.2944,47.3979],[-0.298,47.3822],[-0.2902,47.3743],[-0.2986,47.3654],[-0.3293,47.3618],[-0.3546,47.3935],[-0.3684,47.3771],[-0.3623,47.3477],[-0.3728,47.34],[-0.3887,47.3441],[-0.3727,47.3634],[-0.3774,47.3726],[-0.4251,47.3714],[-0.4407,47.3497],[-0.4575,47.3611],[-0.4827,47.3515],[-0.4924,47.3655],[-0.5046,47.3388],[-0.5406,47.3369],[-0.5699,47.3227],[-0.5972,47.3349],[-0.6296,47.3336],[-0.667,47.2981],[-0.6807,47.2988],[-0.6789,47.2805],[-0.6973,47.2604],[-0.6997,47.272],[-0.7104,47.2661],[-0.6954,47.2503],[-0.6701,47.2501],[-0.6784,47.2369],[-0.6669,47.2234],[-0.6748,47.2064],[-0.6238,47.217],[-0.617,47.2087],[-0.6396,47.1979],[-0.656,47.175],[-0.6587,47.159],[-0.6456,47.1534],[-0.6494,47.1448],[-0.6786,47.13],[-0.7556,47.1262],[-0.7679,47.1416],[-0.8284,47.1597],[-0.8185,47.1597],[-0.8087,47.1754],[-0.812,47.2063],[-0.8314,47.2122],[-0.8103,47.221],[-0.8089,47.2471],[-0.8586,47.2562],[-0.8642,47.2663],[-0.8517,47.286],[-0.8684,47.2972]]],[[[-0.4307,47.3408],[-0.4299,47.3483],[-0.4246,47.3432],[-0.4307,47.3408]]],[[[-0.3538,47.34],[-0.3538,47.3401],[-0.3537,47.3401],[-0.3538,47.34]]],[[[-0.3329,47.3537],[-0.3328,47.3536],[-0.333,47.353],[-0.3329,47.3537]]],[[[-0.6529,47.2245],[-0.6568,47.23],[-0.6483,47.2385],[-0.6463,47.2322],[-0.6529,47.2245]]],[[[-0.3202,47.4959],[-0.3172,47.4994],[-0.3192,47.4956],[-0.3202,47.4959]]],[[[-0.3288,47.4726],[-0.3298,47.4762],[-0.3262,47.4729],[-0.3288,47.4726]]],[[[-0.3505,47.5119],[-0.3541,47.5153],[-0.3483,47.5197],[-0.3505,47.5119]]],[[[-0.3528,47.3626],[-0.3538,47.3636],[-0.3527,47.3627],[-0.3528,47.3626]]],[[[-0.4154,47.3167],[-0.416,47.3171],[-0.4153,47.3167],[-0.4154,47.3167]]],[[[-0.4047,47.3187],[-0.4048,47.3189],[-0.4046,47.319],[-0.4047,47.3187]]],[[[-0.4388,47.315],[-0.4376,47.3167],[-0.4374,47.3167],[-0.4388,47.315]]],[[[-0.4756,47.3323],[-0.4755,47.3324],[-0.4752,47.332],[-0.4756,47.3323]]],[[[-0.5731,47.4961],[-0.5751,47.4985],[-0.5746,47.5],[-0.5731,47.4961]]],[[[-0.5647,47.4935],[-0.5649,47.495],[-0.5622,47.4934],[-0.5647,47.4935]]],[[[-0.5875,47.2463],[-0.5873,47.2467],[-0.5873,47.2461],[-0.5875,47.2463]]],[[[-0.5841,47.242],[-0.5778,47.2405],[-0.5756,47.2339],[-0.5779,47.2323],[-0.5841,47.242]]],[[[-0.5892,47.2073],[-0.5845,47.2163],[-0.5821,47.2111],[-0.5892,47.2073]]],[[[-0.6052,47.182],[-0.604,47.1846],[-0.5991,47.1873],[-0.6052,47.182]]],[[[-0.612,47.2242],[-0.6074,47.2305],[-0.5999,47.2282],[-0.6033,47.2216],[-0.612,47.2242]]],[[[-0.6197,47.2369],[-0.6266,47.2481],[-0.6154,47.2577],[-0.6197,47.2369]]],[[[-0.6338,47.3035],[-0.6341,47.304],[-0.6334,47.304],[-0.6338,47.3035]]],[[[-0.6293,47.306],[-0.6295,47.3061],[-0.6293,47.306],[-0.6293,47.306]]],[[[-0.6547,47.2649],[-0.6547,47.2652],[-0.6546,47.2649],[-0.6547,47.2649]]],[[[-0.6431,47.262],[-0.6441,47.2641],[-0.643,47.262],[-0.6431,47.262]]]]},"properties":{"id":"49-02","nm":"Angers","dept":"49","ins":92512,"nbv":98,"dG":-1.027,"dCD":10.025,"dED":-7.898,"dAB":-4.281,"af":33.7}},{"type":"Feature","geometry":{"type":"MultiPolygon","coordinates":[[[[-0.5399,47.4587],[-0.5398,47.4587],[-0.5396,47.4585],[-0.5399,47.4587]]],[[[-1.3542,47.3042],[-1.3026,47.3364],[-1.196,47.3511],[-1.1717,47.3642],[-0.9764,47.3714],[-0.9501,47.3862],[-0.9611,47.423],[-0.9217,47.4296],[-0.9249,47.4632],[-0.7774,47.4314],[-0.7504,47.445],[-0.7531,47.4555],[-0.7638,47.4569],[-0.7405,47.4822],[-0.674,47.4734],[-0.6576,47.4989],[-0.6412,47.5018],[-0.5749,47.4825],[-0.564,47.4706],[-0.5863,47.4585],[-0.6328,47.3846],[-0.6632,47.3691],[-0.7206,47.3616],[-0.8129,47.3785],[-0.817,47.3376],[-0.7774,47.3201],[-0.7693,47.2948],[-0.7993,47.2813],[-0.8435,47.3059],[-0.8625,47.3004],[-0.8524,47.2897],[-0.8627,47.2699],[-0.8584,47.2574],[-0.809,47.252],[-0.799,47.24],[-0.8131,47.2136],[-0.8097,47.1632],[-0.8281,47.1539],[-0.8305,47.1367],[-0.8494,47.1191],[-0.835,47.1011],[-0.8427,47.0975],[-0.8681,47.0958],[-0.877,47.1085],[-0.91,47.1185],[-0.9341,47.1026],[-0.9517,47.1089],[-0.9505,47.132],[-0.962,47.145],[-0.9993,47.1505],[-1.074,47.1315],[-1.0851,47.1567],[-1.111,47.1462],[-1.1249,47.1506],[-1.1378,47.1675],[-1.1699,47.1705],[-1.1664,47.1831],[-1.1888,47.2201],[-1.1823,47.2393],[-1.1949,47.2515],[-1.2314,47.2397],[-1.2725,47.2638],[-1.2779,47.2901],[-1.2972,47.3048],[-1.3542,47.3042]]]]},"properties":{"id":"49-06","nm":"Beaupréau-En-Mauges","dept":"49","ins":96342,"nbv":105,"dG":-6.371,"dCD":9.717,"dED":-3.911,"dAB":-1.943,"af":34.66}},{"type":"Feature","geometry":{"type":"Polygon","coordinates":[[[-1.2556,47.7426],[-1.2383,47.7538],[-1.2499,47.7652],[-1.24,47.8097],[-1.1653,47.7772],[-1.0935,47.782],[-1.032,47.771],[-1.0224,47.7783],[-1.0133,47.767],[-0.9794,47.7624],[-0.9596,47.7707],[-0.9722,47.7841],[-0.9604,47.7965],[-0.9312,47.7934],[-0.891,47.7646],[-0.8463,47.7545],[-0.8401,47.7683],[-0.8161,47.7713],[-0.7837,47.7508],[-0.7596,47.7539],[-0.7499,47.7417],[-0.6687,47.7414],[-0.6537,47.7334],[-0.6671,47.7241],[-0.6632,47.7072],[-0.6914,47.6202],[-0.6403,47.6168],[-0.6275,47.6066],[-0.6349,47.5732],[-0.5952,47.5505],[-0.5613,47.5644],[-0.5443,47.5501],[-0.5466,47.5344],[-0.5306,47.5264],[-0.551,47.4714],[-0.6396,47.5005],[-0.6573,47.4698],[-0.6935,47.4706],[-0.7222,47.4832],[-0.7567,47.4715],[-0.7605,47.4608],[-0.7446,47.4454],[-0.7718,47.4319],[-0.7979,47.4311],[-0.8239,47.4368],[-0.8296,47.4481],[-0.8993,47.4591],[-0.9082,47.4497],[-0.9162,47.4616],[-0.9506,47.4666],[-0.9483,47.4756],[-0.9677,47.492],[-1.0128,47.4894],[-1.0445,47.5056],[-1.0393,47.543],[-1.0605,47.556],[-1.0555,47.5653],[-1.0186,47.5773],[-1.0125,47.5916],[-1.101,47.6205],[-1.1379,47.6193],[-1.1583,47.6372],[-1.1631,47.6581],[-1.1821,47.6643],[-1.178,47.6932],[-1.1985,47.719],[-1.2373,47.7235],[-1.2554,47.7312],[-1.2556,47.7426]]]},"properties":{"id":"49-07","nm":"Segré-En-Anjou Bleu","dept":"49","ins":82426,"nbv":107,"dG":-0.95,"dCD":5.521,"dED":-3.573,"dAB":-2.825,"af":34.93}},{"type":"Feature","geometry":{"type":"Polygon","coordinates":[[[-1.2493,47.0978],[-1.2295,47.1121],[-1.239,47.137],[-1.1603,47.1721],[-1.139,47.1687],[-1.1128,47.1476],[-1.0824,47.1561],[-1.0733,47.1325],[-0.9958,47.1533],[-0.9551,47.1442],[-0.9442,47.1318],[-0.9427,47.1088],[-0.9088,47.1185],[-0.8681,47.1012],[-0.8484,47.1041],[-0.8544,47.1185],[-0.8411,47.1251],[-0.8302,47.1528],[-0.8024,47.157],[-0.7816,47.1435],[-0.763,47.1435],[-0.7577,47.1279],[-0.6818,47.1281],[-0.6736,47.1044],[-0.6376,47.0906],[-0.6688,47.0621],[-0.6319,47.0375],[-0.6471,47.0342],[-0.6481,47.0219],[-0.5872,47.0062],[-0.6187,46.9924],[-0.6715,47.0015],[-0.6802,46.9877],[-0.6967,46.995],[-0.7159,46.984],[-0.7358,46.9982],[-0.7573,46.9921],[-0.7878,47.003],[-0.8085,46.9867],[-0.8443,46.9877],[-0.8586,46.9692],[-0.8898,46.9761],[-0.9014,46.9933],[-0.9325,47.0023],[-0.9643,46.9973],[-0.9677,47.0069],[-0.9996,47.0199],[-1.0163,47.0036],[-1.0532,47.0045],[-1.1436,47.0248],[-1.1484,47.0295],[-1.1186,47.0414],[-1.1229,47.0641],[-1.1555,47.0726],[-1.1723,47.0928],[-1.2493,47.0978]]]},"properties":{"id":"49-05","nm":"Cholet","dept":"49","ins":79056,"nbv":76,"dG":-9.824,"dCD":14.04,"dED":-4.245,"dAB":0.312,"af":37.74}},{"type":"Feature","geometry":{"type":"MultiPolygon","coordinates":[[[[-1.4702,49.4663],[-1.4552,49.4879],[-1.4393,49.4892],[-1.4262,49.5032],[-1.4281,49.53],[-1.4115,49.552],[-1.3923,49.5501],[-1.379,49.5355],[-1.3025,49.5353],[-1.2522,49.4748],[-1.2638,49.4569],[-1.2973,49.4584],[-1.3118,49.442],[-1.2914,49.4414],[-1.2808,49.4312],[-1.2228,49.4557],[-1.1893,49.4295],[-1.1622,49.3904],[-1.1783,49.3766],[-1.1748,49.3595],[-1.1386,49.3584],[-1.118,49.3449],[-1.1143,49.3263],[-1.1398,49.307],[-1.1342,49.2868],[-1.1205,49.2801],[-1.1223,49.2649],[-1.0764,49.2334],[-1.0351,49.2206],[-1.0219,49.2048],[-0.9859,49.1941],[-0.956,49.2006],[-0.9261,49.2322],[-0.9021,49.2039],[-0.887,49.2018],[-0.9057,49.1941],[-0.9038,49.1846],[-0.9211,49.1762],[-0.9346,49.1515],[-0.8866,49.1293],[-0.8887,49.1198],[-0.8762,49.112],[-0.8788,49.09],[-0.8694,49.0691],[-0.8878,49.0437],[-0.8625,49.0346],[-0.863,49.0265],[-0.9064,49.0093],[-0.911,48.994],[-0.9427,48.9681],[-0.9871,48.9517],[-1.0047,48.9355],[-1.0211,48.9377],[-1.014,48.9142],[-1.0482,48.8954],[-1.0592,48.8774],[-1.0778,48.8676],[-1.094,48.8778],[-1.1217,48.8483],[-1.1736,48.8273],[-1.1833,48.8102],[-1.1743,48.8021],[-1.1865,48.7807],[-1.2201,48.784],[-1.2614,48.7704],[-1.3163,48.7904],[-1.3261,48.8027],[-1.3221,48.8142],[-1.3514,48.8378],[-1.2894,48.8536],[-1.2849,48.8812],[-1.2512,48.8873],[-1.2575,48.9133],[-1.2704,48.9169],[-1.2151,48.9375],[-1.2165,48.9621],[-1.2411,48.9762],[-1.2169,48.9847],[-1.216,49.0097],[-1.2449,49.0142],[-1.2426,49.0411],[-1.2748,49.0689],[-1.2678,49.0819],[-1.2803,49.0852],[-1.2634,49.1025],[-1.278,49.1138],[-1.2744,49.1309],[-1.2894,49.1435],[-1.308,49.1414],[-1.2803,49.1742],[-1.2783,49.2097],[-1.3517,49.1948],[-1.3705,49.2075],[-1.3527,49.2263],[-1.3546,49.2386],[-1.3669,49.2428],[-1.3423,49.2719],[-1.3627,49.2861],[-1.3622,49.3007],[-1.3214,49.3213],[-1.3011,49.3216],[-1.2981,49.3301],[-1.3463,49.3523],[-1.3927,49.3365],[-1.3874,49.3582],[-1.4265,49.3657],[-1.4183,49.3893],[-1.4347,49.4056],[-1.421,49.4403],[-1.4634,49.4447],[-1.4702,49.4663]]],[[[-1.2434,49.4711],[-1.2433,49.4721],[-1.2429,49.4719],[-1.2434,49.4711]]],[[[-1.1516,49.4935],[-1.1547,49.4943],[-1.1506,49.4948],[-1.1516,49.4935]]],[[[-1.1466,49.4967],[-1.147,49.4985],[-1.1452,49.4979],[-1.1466,49.4967]]]]},"properties":{"id":"50-01","nm":"Saint-Lô","dept":"50","ins":86727,"nbv":180,"dG":-13.485,"dCD":15.889,"dED":-1.558,"dAB":-2.681,"af":35.35}},{"type":"Feature","geometry":{"type":"Polygon","coordinates":[[[-1.8892,49.5341],[-1.855,49.5568],[-1.8419,49.583],[-1.7821,49.5905],[-1.7533,49.5624],[-1.6541,49.5432],[-1.6369,49.5495],[-1.6375,49.5596],[-1.5932,49.567],[-1.5728,49.5827],[-1.5463,49.5759],[-1.5045,49.5931],[-1.4258,49.5918],[-1.3965,49.5663],[-1.3805,49.5671],[-1.3921,49.5504],[-1.4176,49.5482],[-1.43,49.5205],[-1.405,49.5062],[-1.4537,49.4884],[-1.4669,49.4703],[-1.4659,49.4529],[-1.4426,49.4382],[-1.4239,49.4457],[-1.4132,49.4396],[-1.4261,49.4249],[-1.415,49.3854],[-1.4243,49.3768],[-1.4054,49.3588],[-1.3904,49.3603],[-1.3701,49.3413],[-1.3407,49.3564],[-1.2947,49.3259],[-1.3579,49.3044],[-1.3592,49.2821],[-1.3421,49.274],[-1.3616,49.2484],[-1.3527,49.2237],[-1.3661,49.2088],[-1.3492,49.1955],[-1.2585,49.218],[-1.2758,49.2064],[-1.2804,49.1704],[-1.3004,49.1494],[-1.2703,49.1319],[-1.2761,49.1143],[-1.2588,49.1036],[-1.2728,49.0678],[-1.2529,49.0469],[-1.2338,49.043],[-1.2437,49.0184],[-1.2158,49.0156],[-1.2134,48.9847],[-1.2314,48.974],[-1.2143,48.9617],[-1.2112,48.9446],[-1.2298,48.9256],[-1.2585,48.9217],[-1.247,48.8859],[-1.2713,48.8817],[-1.2818,48.8587],[-1.328,48.8378],[-1.392,48.8525],[-1.4244,48.8268],[-1.4501,48.8289],[-1.451,48.8547],[-1.5091,48.8525],[-1.5146,48.8422],[-1.5389,48.84],[-1.5431,48.8499],[-1.5783,48.8622],[-1.5566,48.9324],[-1.5617,48.9516],[-1.5205,48.9517],[-1.5036,48.9626],[-1.5185,48.9744],[-1.5619,48.9684],[-1.5543,49.0188],[-1.5604,49.0314],[-1.5776,49.0161],[-1.5683,48.9963],[-1.5846,49.004],[-1.6094,49.0711],[-1.609,49.1019],[-1.5927,49.1366],[-1.6057,49.2056],[-1.6414,49.2219],[-1.7106,49.3254],[-1.7819,49.3724],[-1.8086,49.3722],[-1.8225,49.3982],[-1.8264,49.4534],[-1.8472,49.4742],[-1.8509,49.5078],[-1.8816,49.5192],[-1.8892,49.5341]]]},"properties":{"id":"50-03","nm":"Coutances","dept":"50","ins":110539,"nbv":224,"dG":-10.825,"dCD":5.9,"dED":-0.302,"dAB":-4.788,"af":34.24}},{"type":"Feature","geometry":{"type":"MultiPolygon","coordinates":[[[[-1.9546,49.7051],[-1.9546,49.7052],[-1.9545,49.7052],[-1.9546,49.7051]]],[[[-1.9483,49.7065],[-1.9426,49.7258],[-1.9177,49.73],[-1.8851,49.7067],[-1.8527,49.7182],[-1.8153,49.689],[-1.6635,49.6717],[-1.675,49.6689],[-1.6751,49.6603],[-1.5986,49.6597],[-1.578,49.645],[-1.571,49.6564],[-1.5212,49.6571],[-1.489,49.6709],[-1.4731,49.6971],[-1.453,49.692],[-1.436,49.7014],[-1.3695,49.7064],[-1.3015,49.6938],[-1.2654,49.697],[-1.2641,49.6757],[-1.2387,49.6506],[-1.229,49.6058],[-1.2546,49.6109],[-1.2732,49.5708],[-1.277,49.5851],[-1.2986,49.5803],[-1.3076,49.5603],[-1.3031,49.5351],[-1.3806,49.5359],[-1.3924,49.5504],[-1.3841,49.5646],[-1.4346,49.5921],[-1.504,49.5924],[-1.5456,49.5753],[-1.5697,49.5809],[-1.6317,49.5604],[-1.6332,49.5494],[-1.6555,49.5422],[-1.7012,49.5463],[-1.7324,49.5609],[-1.7698,49.5541],[-1.7657,49.5786],[-1.7828,49.5901],[-1.8419,49.5831],[-1.852,49.6356],[-1.8673,49.6553],[-1.9416,49.6719],[-1.9471,49.6779],[-1.9372,49.6926],[-1.9483,49.7065]]],[[[-1.5991,49.6711],[-1.6178,49.6737],[-1.6477,49.6741],[-1.6191,49.6742],[-1.5991,49.6711]]],[[[-1.2444,49.5879],[-1.2392,49.5889],[-1.2412,49.584],[-1.2444,49.5879]]]]},"properties":{"id":"50-04","nm":"Cherbourg-En-Cotentin","dept":"50","ins":88663,"nbv":125,"dG":2.837,"dCD":0.66,"dED":-1.651,"dAB":-0.052,"af":38.41}},{"type":"Feature","geometry":{"type":"MultiPolygon","coordinates":[[[[-1.6144,48.8341],[-1.587,48.8472],[-1.5784,48.8622],[-1.5409,48.8505],[-1.5338,48.8403],[-1.5054,48.8517],[-1.4437,48.8562],[-1.4506,48.8321],[-1.4251,48.828],[-1.3933,48.8533],[-1.362,48.8496],[-1.3161,48.8035],[-1.3012,48.8062],[-1.3062,48.786],[-1.2742,48.7822],[-1.2683,48.7713],[-1.2227,48.7845],[-1.1894,48.7835],[-1.1771,48.7997],[-1.188,48.8095],[-1.1575,48.8344],[-1.1535,48.8241],[-1.1025,48.8143],[-1.0919,48.784],[-1.0628,48.774],[-1.0446,48.7836],[-1.0162,48.7728],[-0.9749,48.7738],[-0.9675,48.7861],[-0.9513,48.7892],[-0.8795,48.7568],[-0.8203,48.7705],[-0.8505,48.7468],[-0.8506,48.7335],[-0.8079,48.7255],[-0.7981,48.7095],[-0.7348,48.6857],[-0.7724,48.6545],[-0.7605,48.6319],[-0.7384,48.6224],[-0.7517,48.6197],[-0.7526,48.5998],[-0.7688,48.5897],[-0.7738,48.5634],[-0.8474,48.5215],[-0.8677,48.4986],[-0.8948,48.4945],[-0.9548,48.5169],[-0.9727,48.4943],[-1.0071,48.4904],[-1.056,48.5126],[-1.1036,48.513],[-1.1202,48.5225],[-1.1472,48.5178],[-1.1677,48.5299],[-1.2525,48.5426],[-1.2678,48.5354],[-1.2808,48.5084],[-1.3275,48.4972],[-1.3288,48.4863],[-1.3407,48.489],[-1.3446,48.4732],[-1.3568,48.4668],[-1.3804,48.4558],[-1.4237,48.4609],[-1.449,48.4869],[-1.4899,48.4893],[-1.4962,48.509],[-1.533,48.5462],[-1.526,48.5725],[-1.5421,48.5796],[-1.5413,48.5982],[-1.5708,48.6262],[-1.5173,48.6272],[-1.5106,48.637],[-1.5015,48.6202],[-1.4474,48.6247],[-1.4269,48.6432],[-1.396,48.6451],[-1.3945,48.6722],[-1.431,48.666],[-1.4465,48.6542],[-1.4508,48.67],[-1.4984,48.6841],[-1.5313,48.7299],[-1.5621,48.737],[-1.5741,48.7524],[-1.5755,48.8228],[-1.6144,48.8341]]],[[[-1.5128,48.6597],[-1.5135,48.6608],[-1.5126,48.6597],[-1.5128,48.6597]]],[[[-1.7783,48.875],[-1.7785,48.8754],[-1.778,48.875],[-1.7783,48.875]]],[[[-1.7726,48.8696],[-1.7663,48.8749],[-1.7657,48.8724],[-1.7726,48.8696]]],[[[-1.7796,48.892],[-1.7799,48.892],[-1.7798,48.8921],[-1.7796,48.892]]],[[[-1.8701,48.8762],[-1.8672,48.8853],[-1.854,48.8801],[-1.84,48.8949],[-1.8172,48.8922],[-1.814,48.8768],[-1.7935,48.8833],[-1.8052,48.8698],[-1.8402,48.8705],[-1.8468,48.8806],[-1.8701,48.8762]]],[[[-1.8133,48.8939],[-1.8133,48.8941],[-1.8126,48.8939],[-1.8133,48.8939]]],[[[-1.8032,48.8891],[-1.8015,48.8892],[-1.8008,48.8877],[-1.8032,48.8891]]]]},"properties":{"id":"50-02","nm":"Granville","dept":"50","ins":96780,"nbv":179,"dG":-12.084,"dCD":13.536,"dED":-0.028,"dAB":-4.859,"af":32.99}},{"type":"Feature","geometry":{"type":"Polygon","coordinates":[[[3.6436,48.5365],[3.6312,48.5716],[3.6556,48.5713],[3.673,48.5876],[3.6639,48.6208],[3.6288,48.6356],[3.6367,48.6644],[3.6586,48.6718],[3.6572,48.6863],[3.6766,48.7067],[3.6686,48.7169],[3.6516,48.7175],[3.6529,48.728],[3.6347,48.7439],[3.6772,48.7478],[3.678,48.758],[3.6576,48.7717],[3.6787,48.7822],[3.6767,48.792],[3.7039,48.7947],[3.7045,48.7783],[3.7205,48.7854],[3.7336,48.7775],[3.7503,48.8087],[3.7288,48.8245],[3.8262,48.8077],[3.8329,48.8167],[3.863,48.81],[3.8916,48.8238],[3.8564,48.8494],[3.892,48.8742],[3.8505,48.9149],[3.8509,48.9264],[3.8699,48.9311],[3.8916,48.9225],[3.9143,48.9353],[3.9061,48.9464],[3.8885,48.9435],[3.856,48.9609],[3.8257,48.9628],[3.8113,48.972],[3.8115,48.9851],[3.8482,48.9876],[3.8815,49.0089],[3.9392,49.0057],[3.9809,49.015],[4.002,48.9903],[4.0249,49.0006],[4.0296,49.0297],[4.0398,49.0367],[4.0992,49.0247],[4.1839,49.0268],[4.2846,48.9868],[4.2797,48.9754],[4.3019,48.9648],[4.2773,48.9324],[4.2859,48.9013],[4.3037,48.8968],[4.3322,48.9],[4.3599,48.9213],[4.3579,48.9365],[4.4012,48.9331],[4.4507,48.9474],[4.4513,48.9615],[4.4115,48.9794],[4.395,49.0017],[4.4653,49.0237],[4.4798,49.0199],[4.4876,49.0292],[4.5344,49.0295],[4.5599,49.0173],[4.5907,49.0276],[4.6183,49.0051],[4.6658,49.0093],[4.6816,48.9703],[4.7084,48.9591],[4.7018,48.9517],[4.7128,48.9245],[4.7567,48.9249],[4.7833,48.9001],[4.9319,48.9241],[4.9336,48.913],[4.9182,48.9008],[4.9245,48.8913],[4.9156,48.8716],[4.936,48.8408],[4.894,48.8209],[4.8935,48.8005],[4.9365,48.7899],[4.9821,48.7455],[5.0093,48.7406],[5.0156,48.7096],[4.9884,48.6844],[4.9496,48.6859],[4.9387,48.6748],[4.9125,48.6889],[4.8678,48.6672],[4.817,48.6795],[4.7811,48.6686],[4.7794,48.6528],[4.8409,48.6484],[4.8579,48.6143],[4.7693,48.5909],[4.7743,48.5684],[4.7963,48.5682],[4.785,48.5546],[4.7992,48.5301],[4.7912,48.5284],[4.7231,48.5409],[4.6701,48.5319],[4.6305,48.5535],[4.5968,48.5536],[4.5677,48.5477],[4.5454,48.5252],[4.5254,48.5282],[4.5112,48.5465],[4.4954,48.5388],[4.4225,48.5544],[4.315,48.6164],[4.3303,48.6301],[4.3174,48.652],[4.3304,48.6748],[4.3242,48.6998],[4.2985,48.7142],[4.264,48.706],[4.2431,48.7141],[4.2332,48.7023],[4.1771,48.7084],[4.1312,48.6863],[4.0778,48.7],[4.0581,48.6662],[4.0016,48.6636],[3.9863,48.6543],[3.978,48.6258],[3.9635,48.6269],[3.9492,48.6032],[3.9108,48.6013],[3.8992,48.5749],[3.8665,48.578],[3.8587,48.5587],[3.8667,48.5427],[3.8516,48.5235],[3.8254,48.5152],[3.7333,48.5372],[3.6436,48.5365]]]},"properties":{"id":"51-05","nm":"Vitry-Le-François","dept":"51","ins":75602,"nbv":276,"dG":-22.681,"dCD":13.417,"dED":10.993,"dAB":-1.654,"af":34.88}},{"type":"Feature","geometry":{"type":"MultiPolygon","coordinates":[[[[3.396,48.7586],[3.4082,48.7842],[3.4312,48.7815],[3.4425,48.7901],[3.4389,48.8022],[3.4045,48.8091],[3.4163,48.818],[3.4475,48.8112],[3.4835,48.8171],[3.4909,48.8359],[3.4814,48.8663],[3.5006,48.8716],[3.5288,48.9122],[3.5685,48.9157],[3.5749,48.9395],[3.5985,48.948],[3.5914,48.9605],[3.6205,48.9674],[3.6403,49.0044],[3.6649,49.0059],[3.6765,49.0164],[3.6675,49.0358],[3.6521,49.042],[3.5876,49.0338],[3.5877,49.0594],[3.6361,49.0784],[3.6144,49.1149],[3.5997,49.1207],[3.6196,49.1476],[3.6429,49.1399],[3.6562,49.119],[3.6791,49.1167],[3.7115,49.0951],[3.8175,49.0738],[3.8241,49.0921],[3.86,49.1151],[3.8885,49.1174],[3.8843,49.1439],[3.9107,49.168],[3.9727,49.1846],[3.9855,49.2053],[4.005,49.2098],[4.0136,49.2241],[4.006,49.231],[4.0187,49.2429],[4.0352,49.2313],[4.0324,49.2032],[4.0594,49.1963],[4.0636,49.1859],[4.0897,49.1891],[4.1414,49.2322],[4.1399,49.2126],[4.178,49.1903],[4.2055,49.1982],[4.2006,49.2136],[4.2087,49.2205],[4.2229,49.2135],[4.2622,49.2244],[4.2745,49.2156],[4.2666,49.1919],[4.2783,49.172],[4.3116,49.1681],[4.3476,49.1949],[4.381,49.1726],[4.3722,49.167],[4.3757,49.1558],[4.3282,49.1378],[4.3003,49.1526],[4.2509,49.1171],[4.2123,49.1169],[4.2011,49.0948],[4.2066,49.0863],[4.1609,49.058],[4.1605,49.0289],[4.0587,49.026],[4.0359,49.0334],[4.0245,48.9983],[4.0033,48.989],[3.9767,49.0153],[3.9405,49.0044],[3.8819,49.0084],[3.8464,48.9868],[3.8173,48.9869],[3.8225,48.9641],[3.8873,48.9438],[3.907,48.9476],[3.9178,48.9289],[3.8512,48.9216],[3.9041,48.8636],[3.8752,48.8639],[3.8648,48.8501],[3.9018,48.8234],[3.8713,48.8185],[3.8671,48.8078],[3.8436,48.8142],[3.837,48.8044],[3.7708,48.8208],[3.7527,48.8138],[3.7363,48.7739],[3.6958,48.7801],[3.6933,48.7949],[3.6672,48.7771],[3.6792,48.7476],[3.6451,48.7487],[3.6401,48.7411],[3.6572,48.7185],[3.6833,48.7095],[3.6609,48.6864],[3.6607,48.6717],[3.636,48.6632],[3.628,48.6403],[3.6675,48.62],[3.6635,48.6074],[3.6776,48.5897],[3.6541,48.5684],[3.6216,48.5796],[3.6047,48.5727],[3.5939,48.5865],[3.5826,48.585],[3.5789,48.6041],[3.5624,48.6021],[3.5594,48.6183],[3.5193,48.6331],[3.5138,48.644],[3.4926,48.6471],[3.4509,48.6347],[3.4578,48.6526],[3.4406,48.6637],[3.4511,48.68],[3.4717,48.6885],[3.4665,48.734],[3.4442,48.7368],[3.4323,48.7558],[3.396,48.7586]]],[[[4.0413,49.2543],[4.0412,49.2547],[4.0412,49.2548],[4.0413,49.2543]]],[[[4.01,49.2809],[4.0094,49.2819],[4.0115,49.2817],[4.01,49.2809]]]]},"properties":{"id":"51-03","nm":"Epernay","dept":"51","ins":78476,"nbv":171,"dG":-12.305,"dCD":1.423,"dED":10.374,"dAB":1.587,"af":39.19}},{"type":"Feature","geometry":{"type":"MultiPolygon","coordinates":[[[[4.0326,49.1977],[4.0305,49.2281],[4.0497,49.2447],[4.081,49.2527],[4.0794,49.2723],[4.101,49.2804],[4.126,49.2723],[4.1651,49.2926],[4.1972,49.2857],[4.2173,49.3024],[4.2131,49.3143],[4.2708,49.3154],[4.3082,49.3269],[4.3373,49.3261],[4.3525,49.316],[4.3756,49.3238],[4.3953,49.2932],[4.4479,49.2735],[4.568,49.2967],[4.598,49.2914],[4.5954,49.2726],[4.609,49.2688],[4.6192,49.2384],[4.6342,49.232],[4.6668,49.2395],[4.6862,49.2568],[4.7539,49.2415],[4.8152,49.2501],[4.8562,49.2303],[4.8772,49.25],[4.8763,49.2631],[4.893,49.2584],[4.9239,49.2668],[4.9346,49.2597],[4.9318,49.2488],[4.9685,49.2367],[4.9935,49.2101],[4.9444,49.183],[4.9972,49.1052],[5.0061,49.0589],[4.9869,49.0335],[5.0093,49.0353],[5.0396,49.0197],[5.0393,48.9976],[5.0067,48.9936],[5.0031,48.9853],[5.0395,48.9743],[5.0129,48.9368],[4.9368,48.921],[4.8946,48.9238],[4.8576,48.9089],[4.8199,48.9105],[4.7773,48.8978],[4.7745,48.913],[4.7507,48.9259],[4.7134,48.9208],[4.6993,48.9617],[4.6807,48.9692],[4.6646,49.0094],[4.6187,49.0039],[4.5909,49.0255],[4.5554,49.0175],[4.5328,49.0299],[4.502,49.0269],[4.496,49.0182],[4.4657,49.0237],[4.3958,48.9992],[4.4095,48.9816],[4.4487,48.964],[4.4553,48.9486],[4.3968,48.9314],[4.3636,48.9386],[4.365,48.9248],[4.3289,48.8976],[4.2761,48.8928],[4.2705,48.9027],[4.2814,48.9085],[4.2832,48.9239],[4.2702,48.9361],[4.2959,48.9667],[4.2738,48.9774],[4.2762,48.9867],[4.2562,49.0002],[4.2151,49.0059],[4.2074,49.0187],[4.1751,49.023],[4.1534,49.0373],[4.1609,49.0583],[4.2009,49.083],[4.214,49.1188],[4.2665,49.1232],[4.267,49.1351],[4.2995,49.1529],[4.3282,49.1386],[4.3691,49.1534],[4.3743,49.179],[4.3525,49.191],[4.3167,49.1694],[4.2765,49.17],[4.2568,49.1849],[4.2723,49.2129],[4.2607,49.2241],[4.2139,49.2152],[4.2141,49.2038],[4.1801,49.1848],[4.128,49.2206],[4.0882,49.1868],[4.0606,49.1853],[4.0541,49.1986],[4.0326,49.1977]]],[[[4.0374,49.255],[4.0375,49.2551],[4.0375,49.2549],[4.0374,49.255]]]]},"properties":{"id":"51-04","nm":"Châlons-En-Champagne","dept":"51","ins":77894,"nbv":171,"dG":-11.58,"dCD":4.703,"dED":8.841,"dAB":2.77,"af":39.35}},{"type":"Feature","geometry":{"type":"MultiPolygon","coordinates":[[[[4.0706,49.2665],[4.0705,49.2666],[4.0711,49.2669],[4.0706,49.2665]]],[[[4.0659,49.2524],[4.0658,49.2524],[4.0663,49.253],[4.0659,49.2524]]],[[[4.0567,49.2666],[4.0567,49.2667],[4.057,49.2668],[4.0567,49.2666]]],[[[3.6196,49.1476],[3.6855,49.1544],[3.7058,49.1429],[3.7475,49.1603],[3.7455,49.1772],[3.704,49.1815],[3.6938,49.1996],[3.6549,49.2126],[3.6517,49.2218],[3.6654,49.224],[3.6709,49.237],[3.6622,49.2551],[3.6527,49.2544],[3.6607,49.2694],[3.6516,49.2784],[3.6542,49.2903],[3.6382,49.3012],[3.6476,49.3159],[3.7346,49.3349],[3.7408,49.3476],[3.802,49.3589],[3.8503,49.3461],[3.856,49.3539],[3.8484,49.3623],[3.8632,49.3697],[3.8919,49.3428],[3.9461,49.3494],[3.9531,49.3422],[3.931,49.3136],[3.9431,49.278],[3.9851,49.2764],[3.9861,49.2934],[4.0047,49.301],[4.0266,49.2619],[4.0537,49.252],[4.0383,49.2242],[4.017,49.2396],[4.0096,49.2083],[3.988,49.2021],[3.9733,49.1836],[3.9415,49.1777],[3.9412,49.1546],[3.9211,49.1713],[3.892,49.1519],[3.8885,49.1162],[3.8435,49.1055],[3.8145,49.1151],[3.7768,49.0965],[3.7905,49.0871],[3.8279,49.1027],[3.833,49.0962],[3.8236,49.0826],[3.8399,49.0769],[3.8171,49.0734],[3.7109,49.0956],[3.6801,49.1153],[3.6474,49.1135],[3.6485,49.13],[3.6196,49.1476]]]]},"properties":{"id":"51-02","nm":"Reims","dept":"51","ins":74345,"nbv":133,"dG":-5.778,"dCD":4.5,"dED":3.456,"dAB":1.45,"af":39.58}},{"type":"Feature","geometry":{"type":"Polygon","coordinates":[[[3.8226,49.4025],[3.8699,49.4068],[3.899,49.3934],[3.9247,49.4078],[3.9601,49.3782],[3.9951,49.3783],[4.017,49.3562],[4.035,49.3606],[4.0449,49.4044],[4.1919,49.3993],[4.2015,49.385],[4.2484,49.3823],[4.2744,49.354],[4.294,49.3526],[4.3081,49.3269],[4.2708,49.3152],[4.2251,49.317],[4.2048,49.2826],[4.1749,49.2913],[4.1542,49.2889],[4.1262,49.2702],[4.0962,49.2787],[4.0825,49.2711],[4.0892,49.2602],[4.057,49.2422],[4.0041,49.2609],[4.0186,49.2736],[4.0009,49.2873],[3.9802,49.2748],[3.9363,49.278],[3.9407,49.2936],[3.9292,49.316],[3.946,49.3462],[3.8814,49.3422],[3.8831,49.3525],[3.8561,49.3684],[3.8565,49.3861],[3.8226,49.4025]]]},"properties":{"id":"51-01","nm":"Reims","dept":"51","ins":74097,"nbv":84,"dG":-3.554,"dCD":2.885,"dED":2.23,"dAB":3.645,"af":42.37}},{"type":"Feature","geometry":{"type":"Polygon","coordinates":[[[4.6576,48.0792],[4.7032,48.0887],[4.7041,48.1002],[4.7234,48.1063],[4.7317,48.1194],[4.8276,48.105],[4.8334,48.1175],[4.8939,48.1238],[4.9075,48.1139],[4.9405,48.1265],[4.9641,48.0942],[5.0106,48.0997],[5.0281,48.1198],[5.0159,48.1365],[5.0339,48.1439],[5.0248,48.1593],[5.0255,48.1775],[5.0334,48.1807],[5.1158,48.1663],[5.1418,48.1834],[5.1952,48.1903],[5.1916,48.1676],[5.2,48.1581],[5.2563,48.1355],[5.2894,48.153],[5.3067,48.1398],[5.4133,48.1475],[5.4358,48.1687],[5.4114,48.1831],[5.4285,48.2004],[5.4263,48.2109],[5.517,48.2075],[5.6117,48.2918],[5.6538,48.2685],[5.6454,48.2409],[5.6758,48.2293],[5.6878,48.2342],[5.7182,48.2145],[5.7313,48.194],[5.6848,48.1787],[5.6843,48.1451],[5.6593,48.1227],[5.6717,48.1089],[5.6403,48.0994],[5.6373,48.0824],[5.6963,48.0777],[5.7244,48.0471],[5.7406,48.05],[5.7777,48.0314],[5.7947,47.998],[5.781,47.9767],[5.7869,47.954],[5.8317,47.9583],[5.8458,47.9757],[5.856,47.9482],[5.8814,47.933],[5.8909,47.9106],[5.8823,47.8998],[5.8497,47.9037],[5.8222,47.8696],[5.8298,47.8543],[5.7961,47.8468],[5.7926,47.8561],[5.7599,47.8571],[5.7453,47.8478],[5.7511,47.829],[5.7363,47.8178],[5.6988,47.8231],[5.6867,47.8157],[5.6776,47.7796],[5.6861,47.7696],[5.7066,47.7684],[5.7096,47.7453],[5.6924,47.7354],[5.6957,47.7252],[5.6855,47.7156],[5.6911,47.6847],[5.5964,47.6725],[5.5838,47.6999],[5.5688,47.7067],[5.5299,47.673],[5.4841,47.6839],[5.4393,47.6707],[5.4183,47.6771],[5.4055,47.6705],[5.3995,47.6528],[5.4057,47.6469],[5.3854,47.6346],[5.373,47.6041],[5.3549,47.5913],[5.3415,47.5952],[5.3398,47.6097],[5.3225,47.6121],[5.2801,47.5913],[5.2776,47.5816],[5.2531,47.5769],[5.2381,47.5965],[5.2488,47.6176],[5.2369,47.6168],[5.2115,47.6417],[5.1734,47.6527],[5.1719,47.6792],[5.1254,47.6468],[5.0534,47.6684],[5.0439,47.6766],[5.0514,47.6908],[5.0288,47.6933],[5.0292,47.7088],[4.9691,47.6858],[4.9544,47.7015],[4.966,47.7267],[4.9568,47.7325],[4.9647,47.7418],[4.9585,47.7606],[4.9224,47.759],[4.9183,47.7773],[4.9855,47.8028],[4.9891,47.8223],[4.9604,47.8394],[4.9543,47.866],[4.9277,47.8719],[4.9268,47.8885],[4.8962,47.922],[4.8728,47.9187],[4.8604,47.8963],[4.8333,47.9073],[4.829,47.9151],[4.8625,47.9391],[4.8564,47.9529],[4.844,47.9613],[4.7865,47.9642],[4.7987,47.9898],[4.7905,48.0065],[4.7199,48.0091],[4.7044,48.0203],[4.7177,48.0475],[4.691,48.0723],[4.6576,48.0792]]]},"properties":{"id":"52-01","nm":"Chaumont","dept":"52","ins":69171,"nbv":330,"dG":-13.089,"dCD":0.397,"dED":11.054,"dAB":-2.177,"af":33.5}},{"type":"Feature","geometry":{"type":"Polygon","coordinates":[[[4.6266,48.468],[4.6494,48.4726],[4.6614,48.5097],[4.6751,48.5169],[4.6749,48.5376],[4.792,48.5334],[4.786,48.5635],[4.7762,48.5659],[4.7637,48.5945],[4.8036,48.5976],[4.8453,48.6145],[4.8524,48.6355],[4.8344,48.6509],[4.7723,48.652],[4.7817,48.6702],[4.817,48.6805],[4.8561,48.667],[4.9113,48.6887],[4.9375,48.6762],[4.9506,48.6893],[4.9761,48.6893],[5.0075,48.68],[5.011,48.6678],[4.9941,48.6555],[5.0062,48.6335],[4.9967,48.6194],[5.0052,48.6121],[5.0309,48.6135],[5.057,48.6325],[5.0711,48.5965],[5.1194,48.5957],[5.1411,48.5646],[5.1651,48.5653],[5.2166,48.5268],[5.2272,48.5321],[5.293,48.509],[5.306,48.5162],[5.3288,48.5097],[5.3508,48.4817],[5.3982,48.4739],[5.41,48.4442],[5.4701,48.4209],[5.4102,48.3907],[5.4139,48.3822],[5.4429,48.3794],[5.4205,48.3614],[5.4242,48.3344],[5.4806,48.3567],[5.5265,48.3468],[5.5251,48.3332],[5.5879,48.2729],[5.5167,48.2069],[5.4316,48.2122],[5.422,48.1829],[5.4436,48.168],[5.4126,48.1471],[5.3129,48.1414],[5.2833,48.1288],[5.2761,48.1412],[5.2642,48.1302],[5.2442,48.1457],[5.1954,48.1585],[5.192,48.1821],[5.1788,48.1869],[5.143,48.1836],[5.1198,48.1651],[5.0323,48.1806],[5.026,48.1733],[5.0379,48.1427],[5.0228,48.1367],[5.0289,48.1218],[5.0105,48.0994],[4.9627,48.0938],[4.9406,48.1256],[4.9068,48.1115],[4.8921,48.1233],[4.8428,48.1147],[4.8287,48.1292],[4.8459,48.1425],[4.8355,48.1624],[4.8643,48.2022],[4.8352,48.2212],[4.8492,48.2308],[4.839,48.2377],[4.8449,48.2566],[4.8596,48.2659],[4.8424,48.2837],[4.8453,48.2958],[4.8263,48.3022],[4.8142,48.323],[4.8323,48.3431],[4.7547,48.3667],[4.7552,48.3884],[4.7053,48.3909],[4.7027,48.4066],[4.6803,48.4171],[4.6864,48.4263],[4.6742,48.4438],[4.6359,48.4564],[4.6266,48.468]]]},"properties":{"id":"52-02","nm":"Saint-Dizier","dept":"52","ins":59043,"nbv":231,"dG":-20.051,"dCD":1.204,"dED":21.456,"dAB":2.78,"af":38.28}},{"type":"Feature","geometry":{"type":"Polygon","coordinates":[[[-1.2376,47.8111],[-1.2205,47.8241],[-1.2149,47.8424],[-1.2233,47.8514],[-1.1907,47.8672],[-1.1968,47.8891],[-1.1767,47.898],[-1.1554,47.9654],[-1.1306,47.9709],[-1.1252,47.9868],[-1.0665,47.9829],[-1.0304,47.9926],[-1.0115,47.9873],[-0.9997,47.9673],[-0.9851,47.9666],[-0.9754,47.9775],[-0.9273,47.9778],[-0.9125,48.0097],[-0.9277,48.0347],[-0.8904,48.0466],[-0.8829,48.0611],[-0.8961,48.0948],[-0.8637,48.0953],[-0.8601,48.1113],[-0.8164,48.0851],[-0.7735,48.0872],[-0.7712,48.0712],[-0.8032,48.0658],[-0.7963,48.0539],[-0.8035,48.0411],[-0.7576,48.0354],[-0.7139,47.9506],[-0.6977,47.954],[-0.6964,47.9741],[-0.6249,47.9956],[-0.6261,48.0101],[-0.6578,48.0127],[-0.6339,48.043],[-0.5952,48.0402],[-0.5859,48.0543],[-0.5646,48.058],[-0.5522,48.0441],[-0.5162,48.047],[-0.511,48.0591],[-0.5209,48.0714],[-0.4926,48.0992],[-0.3775,48.1108],[-0.3677,48.1329],[-0.3435,48.1328],[-0.3272,48.1146],[-0.3136,48.1131],[-0.303,48.1285],[-0.281,48.1256],[-0.2416,48.1378],[-0.216,48.1131],[-0.2346,48.0966],[-0.2338,48.0842],[-0.2231,48.0803],[-0.2309,48.0592],[-0.2717,48.065],[-0.2788,48.056],[-0.3389,48.0439],[-0.3371,48.0122],[-0.3086,48.0057],[-0.3126,47.9964],[-0.2971,47.9654],[-0.2766,47.9575],[-0.3386,47.9307],[-0.3943,47.9278],[-0.4061,47.9121],[-0.4021,47.8953],[-0.3732,47.8846],[-0.3707,47.8599],[-0.4075,47.8566],[-0.4432,47.8309],[-0.4313,47.8084],[-0.3882,47.8055],[-0.3765,47.7649],[-0.3821,47.7606],[-0.405,47.7747],[-0.4099,47.7653],[-0.4546,47.7565],[-0.482,47.7788],[-0.5144,47.7857],[-0.5329,47.7508],[-0.5852,47.7565],[-0.6108,47.7357],[-0.709,47.7442],[-0.7353,47.7374],[-0.7632,47.7529],[-0.7834,47.7502],[-0.818,47.7709],[-0.8379,47.7682],[-0.8393,47.7528],[-0.8935,47.7635],[-0.8975,47.7753],[-0.955,47.797],[-0.966,47.7853],[-0.9517,47.7667],[-0.9786,47.7622],[-1.0944,47.782],[-1.171,47.7792],[-1.2376,47.8111]]]},"properties":{"id":"53-02","nm":"Château-Gontier-Sur-Mayenne","dept":"53","ins":79759,"nbv":139,"dG":-9.922,"dCD":12.792,"dED":-2.052,"dAB":-1.861,"af":35.17}},{"type":"Feature","geometry":{"type":"Polygon","coordinates":[[[-1.0997,48.2687],[-1.0903,48.2896],[-1.0473,48.327],[-1.0647,48.3697],[-1.0535,48.3848],[-1.0803,48.4141],[-1.0836,48.4337],[-1.0654,48.4537],[-1.079,48.4819],[-1.077,48.5023],[-1.0603,48.5155],[-1.0042,48.4892],[-0.9744,48.4946],[-0.9554,48.5173],[-0.9235,48.5133],[-0.9184,48.5021],[-0.897,48.4953],[-0.8455,48.4991],[-0.8152,48.4709],[-0.8137,48.4572],[-0.7779,48.4655],[-0.7788,48.4466],[-0.7627,48.4365],[-0.722,48.4481],[-0.736,48.4615],[-0.7309,48.4731],[-0.6904,48.4687],[-0.6745,48.4851],[-0.6625,48.4841],[-0.6468,48.4474],[-0.5953,48.4726],[-0.5535,48.4733],[-0.5099,48.5091],[-0.4794,48.5022],[-0.467,48.5131],[-0.3911,48.5087],[-0.3611,48.4862],[-0.3201,48.5231],[-0.2881,48.5194],[-0.2736,48.5056],[-0.2748,48.5179],[-0.244,48.5341],[-0.2627,48.5484],[-0.2426,48.568],[-0.2191,48.5585],[-0.2082,48.5642],[-0.1444,48.5277],[-0.1732,48.5018],[-0.2014,48.5001],[-0.226,48.4775],[-0.2468,48.4788],[-0.2606,48.4558],[-0.2834,48.4559],[-0.2922,48.4419],[-0.2766,48.4174],[-0.3055,48.3942],[-0.3074,48.3523],[-0.3209,48.3605],[-0.3419,48.349],[-0.3708,48.3521],[-0.3779,48.3243],[-0.4135,48.3083],[-0.421,48.2921],[-0.4806,48.2656],[-0.5275,48.2772],[-0.5384,48.2717],[-0.5321,48.2468],[-0.5878,48.2208],[-0.572,48.1926],[-0.5795,48.1786],[-0.5741,48.1611],[-0.6702,48.1726],[-0.6759,48.1548],[-0.699,48.1561],[-0.7136,48.1782],[-0.7346,48.1862],[-0.7487,48.1737],[-0.7419,48.1628],[-0.7613,48.1642],[-0.7752,48.1493],[-0.8043,48.1582],[-0.8383,48.1532],[-0.8584,48.1369],[-0.8629,48.0937],[-0.8799,48.093],[-0.8899,48.0728],[-0.8764,48.0599],[-0.9206,48.0291],[-0.9187,48.0168],[-0.9024,48.0162],[-0.9216,47.991],[-0.9192,47.9804],[-0.9299,47.9762],[-0.9739,47.9774],[-0.9821,47.9658],[-0.996,47.9658],[-1.0122,47.9863],[-1.0277,47.9885],[-1.0173,48.0081],[-1.035,48.0335],[-1.0252,48.068],[-1.0493,48.0897],[-1.0625,48.1562],[-1.0744,48.1593],[-1.0807,48.1756],[-1.0747,48.199],[-1.0873,48.2098],[-1.0997,48.2687]]]},"properties":{"id":"53-03","nm":"Mayenne","dept":"53","ins":72655,"nbv":117,"dG":-13.513,"dCD":16.344,"dED":-1.861,"dAB":-1.471,"af":33.96}},{"type":"Feature","geometry":{"type":"Polygon","coordinates":[[[-0.8691,48.1228],[-0.8583,48.127],[-0.8627,48.1427],[-0.8484,48.141],[-0.8428,48.1533],[-0.8057,48.1586],[-0.77,48.1499],[-0.7679,48.1655],[-0.7525,48.1652],[-0.7323,48.187],[-0.7069,48.1777],[-0.7081,48.1687],[-0.6868,48.1541],[-0.6791,48.16],[-0.6838,48.1671],[-0.6695,48.1743],[-0.58,48.1632],[-0.5832,48.1821],[-0.5736,48.1919],[-0.5892,48.218],[-0.5799,48.2317],[-0.5607,48.2315],[-0.5337,48.2467],[-0.5395,48.2736],[-0.512,48.2767],[-0.4828,48.2655],[-0.4529,48.2762],[-0.4211,48.2922],[-0.4209,48.3061],[-0.3805,48.3234],[-0.3719,48.3538],[-0.3426,48.3492],[-0.312,48.3616],[-0.3028,48.4112],[-0.2815,48.4162],[-0.2985,48.4461],[-0.2817,48.4584],[-0.2622,48.4585],[-0.2464,48.4802],[-0.2086,48.487],[-0.2054,48.5011],[-0.1683,48.5039],[-0.1563,48.4961],[-0.149,48.4611],[-0.1379,48.453],[-0.106,48.4471],[-0.0724,48.4574],[-0.0492,48.4495],[-0.0555,48.3821],[-0.0779,48.3689],[-0.1095,48.3744],[-0.1336,48.3647],[-0.1326,48.3452],[-0.1223,48.3383],[-0.1544,48.3396],[-0.1576,48.3212],[-0.138,48.2965],[-0.1653,48.2509],[-0.1447,48.2241],[-0.1486,48.2046],[-0.2384,48.1643],[-0.2373,48.1472],[-0.2759,48.1267],[-0.2999,48.1276],[-0.3119,48.1123],[-0.3264,48.112],[-0.3317,48.1259],[-0.3537,48.1339],[-0.3674,48.1306],[-0.3717,48.1148],[-0.4071,48.1007],[-0.491,48.0983],[-0.5135,48.0732],[-0.5102,48.0451],[-0.5384,48.0502],[-0.5562,48.0401],[-0.563,48.0563],[-0.5864,48.053],[-0.5972,48.0388],[-0.6262,48.0434],[-0.6512,48.0163],[-0.6229,48.0079],[-0.6236,47.9933],[-0.681,47.9797],[-0.6932,47.9532],[-0.7188,47.9484],[-0.7297,47.9608],[-0.724,47.9702],[-0.7402,47.9877],[-0.7394,48.009],[-0.7641,48.0407],[-0.8125,48.0409],[-0.802,48.0506],[-0.8025,48.0686],[-0.7716,48.0726],[-0.774,48.086],[-0.8149,48.0835],[-0.8691,48.1228]]]},"properties":{"id":"53-01","nm":"Laval","dept":"53","ins":73427,"nbv":100,"dG":16.798,"dCD":-10.342,"dED":-4.191,"dAB":-1.446,"af":34.98}},{"type":"Feature","geometry":{"type":"Polygon","coordinates":[[[5.7187,49.2162],[5.7362,49.2308],[5.7229,49.2452],[5.7252,49.2697],[5.7524,49.2799],[5.7769,49.2738],[5.7985,49.2978],[5.8287,49.2942],[5.8399,49.2798],[5.8479,49.2507],[5.8366,49.2416],[5.867,49.2368],[5.8629,49.2144],[5.9108,49.221],[5.9276,49.2393],[6.0007,49.2422],[6.0102,49.2216],[5.9812,49.1886],[6.0329,49.1653],[5.9872,49.1442],[6.0058,49.1132],[5.9981,49.1078],[5.9316,49.1079],[5.9266,49.0928],[5.9385,49.0879],[5.956,49.0499],[6.0149,49.0373],[6.0215,49.0227],[6.0446,49.0139],[6.0472,48.9796],[6.0732,48.9814],[6.0819,48.9639],[6.1172,48.9677],[6.1307,48.9371],[6.1737,48.9435],[6.1786,48.935],[6.2224,48.9389],[6.242,48.9239],[6.272,48.9332],[6.2921,48.9178],[6.3113,48.9211],[6.3284,48.9002],[6.3043,48.8877],[6.3114,48.8636],[6.3006,48.8625],[6.2958,48.8445],[6.3069,48.8345],[6.3397,48.8319],[6.333,48.8159],[6.3574,48.8106],[6.3561,48.7917],[6.3186,48.7781],[6.2982,48.7942],[6.1727,48.7687],[6.1582,48.7845],[6.1582,48.8064],[6.1263,48.8014],[6.1243,48.7913],[6.1416,48.7868],[6.1414,48.7664],[6.1532,48.7491],[6.1797,48.7447],[6.1726,48.7344],[6.18,48.7086],[6.0736,48.6928],[6.0842,48.7102],[6.0756,48.721],[6.0934,48.7318],[6.0791,48.7453],[6.093,48.7596],[6.0679,48.7749],[6.0378,48.7667],[6.019,48.7799],[6.017,48.7986],[6.0076,48.8044],[6.0251,48.8125],[6.0189,48.8371],[6.0282,48.8471],[5.9652,48.8607],[5.974,48.8925],[5.9375,48.8938],[5.948,48.8999],[5.9504,48.9174],[5.9787,48.9186],[5.9819,48.9391],[5.9536,48.9646],[5.912,48.9584],[5.9191,48.9839],[5.8742,49.0177],[5.8567,49.0149],[5.8569,49.0026],[5.8333,49.002],[5.8324,48.9892],[5.817,48.9802],[5.8006,48.9862],[5.8144,48.9977],[5.8211,49.0223],[5.8464,49.0444],[5.8309,49.0626],[5.8051,49.0648],[5.819,49.0901],[5.8142,49.1101],[5.7723,49.1055],[5.7468,49.1248],[5.7594,49.1485],[5.7444,49.1565],[5.7628,49.1962],[5.7251,49.1956],[5.7187,49.2162]]]},"properties":{"id":"54-06","nm":"Pont-À-Mousson","dept":"54","ins":87566,"nbv":161,"dG":-1.247,"dCD":-7.476,"dED":9.924,"dAB":4.941,"af":41.49}},{"type":"Feature","geometry":{"type":"Polygon","coordinates":[[[5.714,48.7445],[5.7345,48.7524],[5.7368,48.7705],[5.7621,48.7869],[5.7572,48.8007],[5.7697,48.8057],[5.7817,48.831],[5.7641,48.8728],[5.7848,48.8757],[5.7886,48.8857],[5.7468,48.9156],[5.8002,48.9467],[5.8303,48.9441],[5.8475,48.9543],[5.8464,48.964],[5.8175,48.98],[5.8271,48.9888],[5.817,48.9981],[5.8489,49.0046],[5.8599,49.0179],[5.9173,48.9989],[5.9192,48.9597],[5.9524,48.9665],[5.9877,48.9347],[5.9826,48.9188],[5.9484,48.913],[5.9496,48.8931],[5.9719,48.8959],[5.9777,48.8836],[5.9667,48.8608],[6.0053,48.8478],[6.0194,48.8561],[6.0364,48.8434],[6.0246,48.8339],[6.0272,48.8115],[6.0162,48.8051],[6.0199,48.7796],[6.0369,48.7679],[6.0673,48.7759],[6.1151,48.7603],[6.0846,48.7469],[6.0964,48.7335],[6.0799,48.7214],[6.0862,48.7119],[6.0744,48.6922],[6.0804,48.6702],[6.116,48.6425],[6.15,48.6433],[6.1528,48.6184],[6.1741,48.6107],[6.1584,48.6001],[6.1677,48.5548],[6.2008,48.5474],[6.2276,48.5579],[6.2748,48.5268],[6.301,48.4927],[6.311,48.4311],[6.2696,48.4234],[6.2582,48.4064],[6.2333,48.3971],[6.191,48.3954],[6.1548,48.407],[6.1524,48.3814],[6.1167,48.354],[6.0928,48.3611],[6.0973,48.3694],[6.0856,48.3806],[6.0712,48.3597],[6.0528,48.3653],[5.9592,48.3504],[5.9453,48.3767],[5.9529,48.3892],[5.9447,48.4005],[5.9277,48.3939],[5.9179,48.4041],[5.8742,48.4006],[5.8554,48.4094],[5.8931,48.4443],[5.8856,48.4692],[5.8993,48.4801],[5.898,48.493],[5.8585,48.5069],[5.8104,48.4979],[5.7872,48.4833],[5.7652,48.4966],[5.7658,48.543],[5.7146,48.563],[5.7174,48.5916],[5.7523,48.607],[5.7908,48.6079],[5.8022,48.6225],[5.7932,48.6287],[5.7599,48.6211],[5.7429,48.6526],[5.7598,48.7023],[5.714,48.7445]]]},"properties":{"id":"54-05","nm":"Toul","dept":"54","ins":78674,"nbv":211,"dG":14.321,"dCD":-20.368,"dED":8.409,"dAB":0.727,"af":35.93}},{"type":"Feature","geometry":{"type":"Polygon","coordinates":[[[6.1098,48.7989],[6.1709,48.8195],[6.1577,48.7881],[6.1785,48.769],[6.3007,48.7948],[6.3239,48.7813],[6.3538,48.7919],[6.3592,48.7817],[6.3959,48.7757],[6.4334,48.7891],[6.4526,48.7799],[6.4543,48.7649],[6.4267,48.7237],[6.4143,48.72],[6.3894,48.7413],[6.3374,48.6988],[6.2992,48.7082],[6.2739,48.6797],[6.2391,48.6715],[6.2309,48.6788],[6.2336,48.6941],[6.2127,48.6982],[6.2058,48.6907],[6.2126,48.673],[6.1852,48.6769],[6.1632,48.6676],[6.1617,48.6899],[6.1528,48.6967],[6.1439,48.6914],[6.1384,48.7023],[6.1742,48.7079],[6.174,48.7432],[6.1563,48.7456],[6.1358,48.765],[6.1409,48.7811],[6.1098,48.7989]]]},"properties":{"id":"54-01","nm":"Nancy","dept":"54","ins":83269,"nbv":96,"dG":7.123,"dCD":0.029,"dED":-5.778,"dAB":-0.957,"af":36.58}},{"type":"Feature","geometry":{"type":"Polygon","coordinates":[[[5.4263,49.4863],[5.4422,49.5038],[5.4656,49.4918],[5.4838,49.5074],[5.5319,49.5125],[5.5503,49.5271],[5.5971,49.5196],[5.6109,49.5075],[5.6199,49.5182],[5.6157,49.5272],[5.6426,49.5504],[5.7413,49.5397],[5.7551,49.5445],[5.7583,49.5614],[5.7727,49.5632],[5.8227,49.5398],[5.8368,49.5427],[5.8458,49.5299],[5.8387,49.5207],[5.8523,49.5074],[5.9413,49.4757],[5.943,49.4528],[5.9346,49.4428],[5.9425,49.4302],[5.9169,49.4086],[5.9337,49.3944],[5.9393,49.3625],[5.9562,49.3617],[5.9635,49.3474],[5.9783,49.3447],[5.9516,49.341],[5.9529,49.3269],[5.9842,49.3075],[6.0057,49.3101],[6.0012,49.2783],[6.0117,49.2606],[6.0326,49.2505],[6.0307,49.2328],[6.0103,49.2216],[5.9798,49.242],[5.9324,49.2385],[5.9146,49.2211],[5.8484,49.2126],[5.8529,49.2336],[5.8352,49.242],[5.8461,49.2545],[5.8313,49.2694],[5.8369,49.285],[5.8069,49.2982],[5.7767,49.2737],[5.7613,49.2796],[5.7641,49.3107],[5.7334,49.3102],[5.7234,49.3215],[5.7197,49.3306],[5.7356,49.3382],[5.7384,49.3541],[5.7122,49.3635],[5.7069,49.3837],[5.6869,49.3937],[5.6895,49.4139],[5.6308,49.4361],[5.6183,49.4312],[5.6171,49.4209],[5.5729,49.4231],[5.5295,49.4061],[5.5023,49.4081],[5.4807,49.3824],[5.4468,49.404],[5.4797,49.4409],[5.4609,49.4536],[5.4665,49.4791],[5.4263,49.4863]]]},"properties":{"id":"54-03","nm":"Longwy","dept":"54","ins":80382,"nbv":137,"dG":0.896,"dCD":-7.351,"dED":7.461,"dAB":9.758,"af":44.27}},{"type":"Feature","geometry":{"type":"Polygon","coordinates":[[[6.1536,48.569],[6.1605,48.5813],[6.1555,48.6019],[6.1942,48.6076],[6.1975,48.6188],[6.1807,48.6305],[6.2136,48.6502],[6.2036,48.6989],[6.2392,48.6961],[6.2362,48.6748],[6.2574,48.6734],[6.2948,48.7081],[6.3369,48.7034],[6.3906,48.7423],[6.4225,48.7213],[6.4376,48.7494],[6.466,48.7703],[6.5332,48.7493],[6.5624,48.7565],[6.6003,48.7161],[6.6396,48.7023],[6.6584,48.708],[6.6767,48.6891],[6.6743,48.6764],[6.6856,48.6858],[6.7284,48.6642],[6.756,48.6701],[6.7812,48.6436],[6.8266,48.6459],[6.8488,48.623],[6.9048,48.6197],[6.922,48.6346],[6.9611,48.6082],[7.01,48.6115],[7.0163,48.6041],[7.0037,48.5994],[7.0041,48.5906],[7.0341,48.5805],[7.0567,48.5515],[7.0841,48.5454],[7.0713,48.5204],[7.1228,48.5134],[7.0936,48.5127],[6.9669,48.4725],[6.8917,48.4176],[6.8777,48.4167],[6.8573,48.4342],[6.828,48.4157],[6.8151,48.395],[6.7945,48.4021],[6.7823,48.3894],[6.7814,48.4011],[6.7673,48.3992],[6.7571,48.4116],[6.7135,48.4216],[6.6995,48.4131],[6.645,48.4274],[6.6379,48.4649],[6.6235,48.4729],[6.5832,48.4585],[6.5717,48.4379],[6.584,48.4173],[6.5336,48.4311],[6.5006,48.4142],[6.4713,48.4092],[6.4548,48.417],[6.4229,48.4071],[6.412,48.392],[6.3886,48.3909],[6.3766,48.4104],[6.3365,48.4046],[6.3042,48.4159],[6.3029,48.4284],[6.3122,48.4352],[6.302,48.4442],[6.3079,48.4656],[6.295,48.4856],[6.2986,48.4956],[6.273,48.5277],[6.2266,48.5554],[6.201,48.546],[6.1721,48.5515],[6.1536,48.569]]]},"properties":{"id":"54-04","nm":"Lunéville","dept":"54","ins":95841,"nbv":248,"dG":-11.714,"dCD":4.424,"dED":9.145,"dAB":0.475,"af":37.0}},{"type":"Feature","geometry":{"type":"MultiPolygon","coordinates":[[[[6.0739,48.6926],[6.1796,48.7001],[6.1898,48.6754],[6.2199,48.673],[6.2145,48.6492],[6.1836,48.6336],[6.2046,48.6081],[6.1791,48.6061],[6.1493,48.6181],[6.1491,48.6439],[6.116,48.6419],[6.0804,48.6674],[6.0739,48.6926]]],[[[6.196,48.69],[6.1958,48.6917],[6.1959,48.6918],[6.196,48.69]]]]},"properties":{"id":"54-02","nm":"Nancy","dept":"54","ins":67916,"nbv":82,"dG":10.354,"dCD":0.637,"dED":-7.621,"dAB":-1.796,"af":36.07}},{"type":"Feature","geometry":{"type":"MultiPolygon","coordinates":[[[[4.8884,48.8008],[4.889,48.8176],[4.9308,48.8428],[4.9117,48.8681],[4.9225,48.8889],[4.9124,48.8986],[4.9507,48.931],[5.0101,48.9377],[5.0293,48.954],[5.0341,48.9769],[4.9937,48.9842],[5.0301,48.9962],[5.0334,49.0252],[5.009,49.035],[4.9653,49.0217],[5.0155,49.0741],[5.0505,49.058],[5.0849,49.0646],[5.0859,49.0517],[5.1047,49.0488],[5.1608,49.0631],[5.1845,49.0449],[5.2312,49.0597],[5.2266,49.0458],[5.2391,49.0327],[5.2106,49.016],[5.2227,48.9953],[5.2559,48.9858],[5.2646,48.9929],[5.305,48.987],[5.3191,48.9713],[5.3455,48.9626],[5.4073,48.9752],[5.4464,48.9978],[5.4439,49.0164],[5.4717,49.0166],[5.4766,49.0254],[5.4688,49.0325],[5.484,49.0417],[5.5588,49.0384],[5.5819,49.0234],[5.5814,49.0124],[5.6014,49.0165],[5.6171,49.003],[5.6781,49.0219],[5.6851,49.0338],[5.7134,49.0176],[5.7307,49.0183],[5.7583,49.0274],[5.7659,49.0469],[5.7451,49.0599],[5.7765,49.0836],[5.8084,49.0754],[5.8118,49.0621],[5.8374,49.0651],[5.8363,49.0552],[5.8542,49.042],[5.8292,49.031],[5.819,49.0135],[5.8282,49.0065],[5.8057,48.988],[5.8345,48.9757],[5.8506,48.9596],[5.8473,48.9518],[5.7991,48.9459],[5.7789,48.9253],[5.7558,48.9199],[5.7666,48.8972],[5.7911,48.8867],[5.7684,48.87],[5.7817,48.8283],[5.771,48.8068],[5.7763,48.7904],[5.7378,48.771],[5.742,48.7528],[5.719,48.7459],[5.7257,48.7287],[5.7649,48.7015],[5.7452,48.657],[5.7616,48.6235],[5.8036,48.6252],[5.7903,48.6074],[5.7542,48.6075],[5.7149,48.5862],[5.717,48.5611],[5.7763,48.5391],[5.7614,48.5226],[5.7652,48.4966],[5.7402,48.4659],[5.7193,48.4602],[5.6581,48.4717],[5.6535,48.4586],[5.6205,48.444],[5.6215,48.426],[5.6134,48.4402],[5.5894,48.4423],[5.5767,48.4322],[5.5528,48.4399],[5.5175,48.4307],[5.5119,48.4102],[5.4452,48.4251],[5.4091,48.4447],[5.3992,48.4726],[5.3476,48.4829],[5.3253,48.5083],[5.2123,48.5288],[5.1648,48.564],[5.1463,48.5603],[5.1166,48.5946],[5.0703,48.596],[5.0547,48.6295],[5.0268,48.612],[4.9994,48.6147],[5.0034,48.6359],[4.9928,48.6583],[5.0093,48.6717],[4.9886,48.6843],[5.0033,48.6984],[4.9973,48.7096],[5.0058,48.7143],[5.0048,48.7389],[4.9807,48.7467],[4.9314,48.7899],[4.8884,48.8008]]],[[[5.4418,49.236],[5.4776,49.2453],[5.5086,49.2407],[5.4555,49.2132],[5.4418,49.236]]],[[[5.3753,49.254],[5.4105,49.2795],[5.4277,49.2758],[5.4299,49.2508],[5.3753,49.254]]],[[[5.2268,49.2334],[5.3002,49.2477],[5.3033,49.2429],[5.2778,49.2204],[5.2624,49.2307],[5.233,49.2236],[5.2268,49.2334]]]]},"properties":{"id":"55-01","nm":"Bar-Le-Duc","dept":"55","ins":74962,"nbv":304,"dG":-17.04,"dCD":5.381,"dED":12.787,"dAB":-0.919,"af":35.28}},{"type":"Feature","geometry":{"type":"Polygon","coordinates":[[[4.9398,49.1851],[4.9884,49.2077],[4.9705,49.235],[4.952,49.2372],[4.9966,49.2641],[5.0499,49.2757],[5.0489,49.2923],[5.0254,49.3105],[5.0337,49.3181],[5.0257,49.3329],[5.0613,49.3719],[5.0998,49.3783],[5.0979,49.3918],[5.077,49.4034],[5.1066,49.4183],[5.1003,49.4448],[5.1071,49.4564],[5.0591,49.5006],[5.0946,49.5279],[5.0882,49.5448],[5.1075,49.5601],[5.1131,49.5923],[5.1442,49.591],[5.1662,49.5639],[5.2084,49.5743],[5.2359,49.5691],[5.2647,49.5424],[5.3061,49.5584],[5.3409,49.595],[5.376,49.5934],[5.3913,49.6162],[5.4311,49.5925],[5.4381,49.5706],[5.457,49.567],[5.4462,49.5503],[5.4662,49.5363],[5.467,49.5259],[5.456,49.5157],[5.4825,49.4937],[5.4665,49.4738],[5.4681,49.4547],[5.4872,49.4473],[5.4821,49.4285],[5.508,49.4213],[5.5035,49.4091],[5.6062,49.422],[5.6337,49.4378],[5.6921,49.4161],[5.6953,49.3919],[5.7392,49.3543],[5.7226,49.3241],[5.7354,49.3109],[5.7632,49.3168],[5.7691,49.3036],[5.7618,49.2789],[5.7261,49.2673],[5.7243,49.2462],[5.7399,49.2287],[5.7204,49.2153],[5.73,49.1959],[5.7609,49.2016],[5.7648,49.1942],[5.7462,49.1617],[5.7722,49.14],[5.7562,49.1336],[5.7548,49.1156],[5.7707,49.1066],[5.8219,49.1087],[5.817,49.0997],[5.8268,49.09],[5.8022,49.0725],[5.7751,49.0828],[5.7589,49.0758],[5.749,49.0592],[5.7662,49.0469],[5.7794,49.051],[5.7602,49.0266],[5.7362,49.0181],[5.7093,49.0166],[5.6895,49.0296],[5.6138,49.0027],[5.5988,49.0144],[5.5712,49.0142],[5.5777,49.0253],[5.556,49.0408],[5.4837,49.0414],[5.4554,48.9998],[5.4082,48.9755],[5.3411,48.9606],[5.3025,48.9862],[5.268,48.9923],[5.2498,48.9837],[5.2455,48.9923],[5.222,48.9922],[5.2074,49.013],[5.2338,49.0325],[5.2218,49.0529],[5.184,49.0448],[5.153,49.0615],[5.0878,49.0496],[5.0773,49.0624],[5.0505,49.0577],[5.0217,49.072],[5.0049,49.0613],[4.9955,49.1088],[4.9398,49.1851]]]},"properties":{"id":"55-02","nm":"Verdun","dept":"55","ins":59230,"nbv":273,"dG":-11.835,"dCD":-0.61,"dED":14.64,"dAB":2.16,"af":37.46}},{"type":"Feature","geometry":{"type":"Polygon","coordinates":[[[-2.659,48.0059],[-2.6516,48.0129],[-2.6541,48.0378],[-2.6247,48.0356],[-2.5785,48.0718],[-2.5535,48.0771],[-2.5549,48.0991],[-2.5367,48.1051],[-2.5148,48.1342],[-2.535,48.1565],[-2.4941,48.1572],[-2.4798,48.1678],[-2.4702,48.1606],[-2.4261,48.1741],[-2.4058,48.1675],[-2.3746,48.1404],[-2.3613,48.1148],[-2.3519,48.1252],[-2.3275,48.121],[-2.3079,48.1367],[-2.2842,48.1329],[-2.2535,48.1063],[-2.2518,48.0634],[-2.2373,48.064],[-2.2372,48.0751],[-2.2196,48.0809],[-2.1685,48.0762],[-2.1704,48.0634],[-2.1937,48.0514],[-2.2495,48.0478],[-2.2738,48.0302],[-2.281,48.0187],[-2.2746,48.0107],[-2.2874,47.9981],[-2.2368,47.9998],[-2.1915,47.991],[-2.1784,47.9801],[-2.1445,47.9841],[-2.1108,47.9599],[-2.0783,47.9184],[-2.0847,47.9046],[-2.1145,47.8908],[-2.1131,47.8766],[-2.0957,47.8617],[-2.1037,47.8471],[-2.0697,47.8518],[-2.0549,47.8687],[-2.0519,47.8421],[-2.0354,47.8329],[-2.0679,47.8115],[-2.0736,47.7893],[-2.1098,47.775],[-2.109,47.7634],[-2.0845,47.7628],[-2.0806,47.7509],[-2.0619,47.7514],[-2.0585,47.7381],[-2.1027,47.7361],[-2.1283,47.7211],[-2.1186,47.7083],[-2.121,47.6827],[-2.1037,47.6761],[-2.1123,47.6487],[-2.0964,47.6473],[-2.0842,47.6186],[-2.1024,47.5933],[-2.0988,47.5335],[-2.1528,47.5226],[-2.1543,47.4965],[-2.1642,47.4892],[-2.1898,47.4943],[-2.191,47.5123],[-2.2438,47.4939],[-2.29,47.515],[-2.3129,47.4848],[-2.3117,47.4651],[-2.3264,47.4588],[-2.3525,47.4546],[-2.3705,47.4637],[-2.3983,47.4559],[-2.4293,47.4719],[-2.4513,47.4626],[-2.4589,47.4479],[-2.4912,47.4402],[-2.5007,47.4583],[-2.49,47.4712],[-2.5018,47.4885],[-2.4953,47.4962],[-2.4616,47.4878],[-2.3657,47.5045],[-2.3845,47.5322],[-2.382,47.5448],[-2.4196,47.5594],[-2.3782,47.5887],[-2.396,47.5918],[-2.3859,47.6045],[-2.3965,47.618],[-2.4452,47.6181],[-2.4412,47.6276],[-2.4559,47.6384],[-2.4868,47.6326],[-2.4996,47.6176],[-2.5095,47.6244],[-2.5246,47.6175],[-2.5264,47.6004],[-2.5823,47.6004],[-2.5793,47.6342],[-2.5576,47.652],[-2.5048,47.6617],[-2.485,47.6919],[-2.4943,47.704],[-2.539,47.7129],[-2.5252,47.7308],[-2.5387,47.7409],[-2.538,47.7681],[-2.5508,47.7783],[-2.5451,47.7932],[-2.5589,47.7969],[-2.5493,47.8118],[-2.5693,47.8207],[-2.5815,47.8631],[-2.6071,47.8589],[-2.627,47.8842],[-2.6031,47.9104],[-2.6262,47.9227],[-2.6534,47.9173],[-2.6473,47.9537],[-2.6313,47.9729],[-2.659,48.0059]]]},"properties":{"id":"56-04","nm":"Ploërmel","dept":"56","ins":111535,"nbv":141,"dG":-16.192,"dCD":19.134,"dED":-2.145,"dAB":-6.276,"af":31.51}},{"type":"Feature","geometry":{"type":"MultiPolygon","coordinates":[[[[-2.9509,47.61],[-2.9433,47.6257],[-2.8906,47.6363],[-2.8554,47.6848],[-2.8026,47.6771],[-2.7829,47.6911],[-2.7928,47.7016],[-2.7876,47.7134],[-2.7664,47.7113],[-2.7541,47.7274],[-2.7342,47.7323],[-2.7341,47.7172],[-2.6938,47.7016],[-2.7115,47.6741],[-2.6831,47.6748],[-2.6596,47.6588],[-2.6312,47.6707],[-2.6103,47.667],[-2.6138,47.6542],[-2.5988,47.6485],[-2.5737,47.5984],[-2.5305,47.6016],[-2.5283,47.618],[-2.455,47.6388],[-2.433,47.6192],[-2.3935,47.6189],[-2.3755,47.5883],[-2.4117,47.5591],[-2.3805,47.5436],[-2.3791,47.525],[-2.358,47.5075],[-2.3749,47.4979],[-2.3906,47.5057],[-2.4121,47.4963],[-2.4416,47.4991],[-2.5246,47.5263],[-2.542,47.5227],[-2.5496,47.5098],[-2.5906,47.5182],[-2.6339,47.5062],[-2.6398,47.5162],[-2.6616,47.518],[-2.6753,47.4918],[-2.7238,47.5067],[-2.7813,47.4951],[-2.7939,47.4841],[-2.8149,47.4868],[-2.8512,47.5006],[-2.8491,47.5134],[-2.8696,47.5306],[-2.9049,47.5359],[-2.9192,47.5482],[-2.9088,47.5698],[-2.9213,47.5693],[-2.9509,47.61]],[[-2.8464,47.5891],[-2.8404,47.5443],[-2.8301,47.5498],[-2.8309,47.5605],[-2.8132,47.5539],[-2.8046,47.5666],[-2.8024,47.5491],[-2.7873,47.5544],[-2.7584,47.5382],[-2.7277,47.5636],[-2.7363,47.5755],[-2.752,47.574],[-2.7287,47.585],[-2.7328,47.6001],[-2.7698,47.6056],[-2.7912,47.6194],[-2.8298,47.616],[-2.8407,47.598],[-2.8234,47.5878],[-2.8464,47.5891]]],[[[-2.7981,47.5662],[-2.7942,47.5794],[-2.7852,47.578],[-2.7867,47.5568],[-2.7981,47.5662]]],[[[-2.7546,47.5729],[-2.7537,47.5721],[-2.7551,47.5725],[-2.7546,47.5729]]],[[[-2.762,47.5688],[-2.7618,47.5687],[-2.7622,47.5685],[-2.762,47.5688]]],[[[-2.7742,47.5944],[-2.794,47.5923],[-2.8098,47.5783],[-2.8176,47.5998],[-2.7998,47.597],[-2.8059,47.6085],[-2.8022,47.6117],[-2.7742,47.5944]]],[[[-2.7625,47.5909],[-2.762,47.5921],[-2.7624,47.5908],[-2.7625,47.5909]]],[[[-2.8234,47.5985],[-2.8236,47.6002],[-2.8203,47.5996],[-2.8234,47.5985]]],[[[-2.9459,47.5281],[-2.9455,47.5296],[-2.9454,47.5296],[-2.9459,47.5281]]]]},"properties":{"id":"56-01","nm":"Vannes","dept":"56","ins":114184,"nbv":122,"dG":-1.636,"dCD":7.807,"dED":-5.904,"dAB":-8.359,"af":30.15}},{"type":"Feature","geometry":{"type":"MultiPolygon","coordinates":[[[[-2.8355,47.3237],[-2.8354,47.3271],[-2.8352,47.3208],[-2.8355,47.3237]]],[[[-3.3651,47.7111],[-3.3518,47.7144],[-3.3482,47.7348],[-3.3193,47.7379],[-3.2964,47.7713],[-3.2502,47.8004],[-3.2111,47.8012],[-3.1959,47.7795],[-3.1482,47.7704],[-3.1049,47.8137],[-3.076,47.828],[-3.0379,47.8309],[-3.0341,47.8466],[-3.0122,47.866],[-2.9744,47.8618],[-2.9612,47.8538],[-2.9526,47.8275],[-2.9227,47.8196],[-2.9339,47.7959],[-2.9509,47.7935],[-2.9507,47.7594],[-2.9409,47.749],[-2.9177,47.765],[-2.8721,47.7534],[-2.8846,47.6919],[-2.8551,47.684],[-2.8912,47.6357],[-2.9558,47.6243],[-2.9535,47.6127],[-2.9633,47.6052],[-2.9542,47.5973],[-2.9625,47.5859],[-2.9263,47.557],[-2.9621,47.5538],[-2.9786,47.5621],[-2.9815,47.5768],[-3.0018,47.5624],[-3.0114,47.5714],[-3.0473,47.5743],[-3.0889,47.5644],[-3.1143,47.5768],[-3.1331,47.5324],[-3.1171,47.4964],[-3.0792,47.4688],[-3.1341,47.4745],[-3.1455,47.4834],[-3.1634,47.5317],[-3.1428,47.5347],[-3.1346,47.5485],[-3.1395,47.5783],[-3.1595,47.6067],[-3.1838,47.6111],[-3.2098,47.643],[-3.2882,47.6856],[-3.342,47.6952],[-3.36,47.6858],[-3.356,47.6986],[-3.3651,47.7111]]],[[[-3.0768,47.4664],[-3.0763,47.4676],[-3.0756,47.4667],[-3.0768,47.4664]]],[[[-3.0664,47.4648],[-3.0663,47.4651],[-3.0662,47.4651],[-3.0664,47.4648]]],[[[-2.9369,47.5806],[-2.9373,47.582],[-2.9369,47.5831],[-2.9369,47.5806]]],[[[-2.8821,47.3295],[-2.891,47.3472],[-2.865,47.3492],[-2.8593,47.3336],[-2.8821,47.3295]]],[[[-2.8606,47.3294],[-2.8604,47.3295],[-2.8606,47.3293],[-2.8606,47.3294]]],[[[-2.9352,47.5377],[-2.9331,47.5371],[-2.933,47.5368],[-2.9352,47.5377]]],[[[-3.0272,47.4164],[-3.0272,47.4169],[-3.0259,47.4167],[-3.0272,47.4164]]],[[[-3.0161,47.4109],[-3.0173,47.4114],[-3.0136,47.4117],[-3.0161,47.4109]]],[[[-3.0046,47.4079],[-3.0044,47.4081],[-3.0043,47.4081],[-3.0046,47.4079]]],[[[-2.9969,47.4009],[-2.9548,47.3909],[-2.9421,47.3971],[-2.9368,47.3892],[-2.9515,47.3856],[-2.9518,47.3809],[-2.9459,47.3733],[-2.9461,47.3686],[-2.9601,47.3825],[-2.9974,47.393],[-2.9969,47.4009]]],[[[-2.9495,47.4031],[-2.9499,47.4028],[-2.9495,47.4036],[-2.9495,47.4031]]],[[[-2.9702,47.3554],[-2.9707,47.3581],[-2.9699,47.3554],[-2.9702,47.3554]]],[[[-2.9617,47.3523],[-2.9617,47.3525],[-2.9617,47.3522],[-2.9617,47.3523]]],[[[-3.2643,47.3599],[-3.252,47.3907],[-3.1905,47.3635],[-3.1574,47.3646],[-3.1435,47.3325],[-3.0559,47.3082],[-3.093,47.2779],[-3.1149,47.2895],[-3.144,47.2861],[-3.1715,47.3009],[-3.2181,47.2924],[-3.2522,47.311],[-3.243,47.326],[-3.2643,47.3599]]],[[[-3.177,47.5498],[-3.1776,47.5502],[-3.1769,47.5506],[-3.177,47.5498]]],[[[-3.1628,47.5472],[-3.1631,47.5552],[-3.1603,47.5473],[-3.1628,47.5472]]],[[[-3.1581,47.5465],[-3.1581,47.5465],[-3.158,47.5464],[-3.1581,47.5465]]],[[[-3.1734,47.5637],[-3.1736,47.5636],[-3.1738,47.5639],[-3.1734,47.5637]]],[[[-3.1995,47.6082],[-3.1995,47.6101],[-3.1981,47.608],[-3.1995,47.6082]]]]},"properties":{"id":"56-02","nm":"Auray","dept":"56","ins":112956,"nbv":120,"dG":-6.511,"dCD":8.295,"dED":-2.59,"dAB":-7.543,"af":31.15}},{"type":"Feature","geometry":{"type":"Polygon","coordinates":[[[-3.1725,48.0336],[-3.1602,48.0587],[-3.1228,48.073],[-3.0921,48.0518],[-3.0532,48.039],[-3.0299,48.0414],[-3.0041,48.0604],[-3.0202,48.0861],[-3.0067,48.097],[-2.9423,48.0914],[-2.9047,48.1315],[-2.8825,48.1359],[-2.8757,48.152],[-2.8493,48.1415],[-2.804,48.1451],[-2.7685,48.0925],[-2.7545,48.1158],[-2.7078,48.1129],[-2.6609,48.1308],[-2.6503,48.0969],[-2.6694,48.0649],[-2.669,48.0476],[-2.6574,48.042],[-2.6539,47.9914],[-2.6343,47.9832],[-2.6276,47.9647],[-2.6472,47.952],[-2.654,47.9211],[-2.6265,47.9231],[-2.5939,47.9056],[-2.6262,47.882],[-2.6118,47.8616],[-2.5837,47.8653],[-2.5665,47.854],[-2.5747,47.8403],[-2.5704,47.825],[-2.5479,47.8113],[-2.5413,47.7906],[-2.5478,47.7776],[-2.5321,47.7699],[-2.5374,47.7417],[-2.5217,47.7296],[-2.5364,47.7212],[-2.5363,47.7112],[-2.4871,47.699],[-2.4833,47.6868],[-2.4955,47.6586],[-2.5592,47.6509],[-2.5784,47.6159],[-2.6052,47.6367],[-2.6171,47.6681],[-2.6593,47.6582],[-2.6855,47.6744],[-2.7072,47.6683],[-2.7201,47.6791],[-2.6971,47.7014],[-2.7368,47.7181],[-2.7426,47.7331],[-2.7655,47.7107],[-2.7876,47.7114],[-2.7895,47.7023],[-2.7771,47.6946],[-2.7976,47.6832],[-2.7977,47.6746],[-2.8832,47.6878],[-2.8792,47.7075],[-2.8901,47.716],[-2.8755,47.7254],[-2.8771,47.7562],[-2.9106,47.764],[-2.9093,47.7507],[-2.9177,47.7472],[-2.9553,47.7495],[-2.9473,47.7725],[-2.9556,47.7934],[-2.9344,47.8001],[-2.9301,47.8177],[-2.9525,47.8268],[-2.964,47.8566],[-3.0125,47.8651],[-3.046,47.8282],[-3.069,47.8398],[-3.0707,47.8715],[-3.1114,47.8829],[-3.0791,47.8833],[-3.0776,47.908],[-3.0878,47.913],[-3.0755,47.9303],[-3.1451,47.9625],[-3.1363,48.009],[-3.1507,48.0314],[-3.1725,48.0336]]]},"properties":{"id":"56-03","nm":"Pontivy","dept":"56","ins":98154,"nbv":112,"dG":-9.189,"dCD":7.246,"dED":0.797,"dAB":-4.201,"af":32.02}},{"type":"Feature","geometry":{"type":"Polygon","coordinates":[[[-3.7347,48.1126],[-3.7144,48.1432],[-3.6958,48.1522],[-3.6674,48.1513],[-3.5695,48.1855],[-3.5241,48.1786],[-3.4771,48.1863],[-3.4528,48.178],[-3.445,48.1871],[-3.4201,48.174],[-3.4374,48.1597],[-3.4174,48.1461],[-3.3371,48.1719],[-3.3206,48.1559],[-3.2879,48.153],[-3.2808,48.1421],[-3.2414,48.1516],[-3.2199,48.1474],[-3.1923,48.165],[-3.1751,48.1594],[-3.1581,48.1679],[-3.1492,48.1606],[-3.1334,48.1732],[-3.1306,48.2002],[-3.0805,48.2108],[-3.0148,48.1979],[-3.0106,48.1743],[-2.9953,48.1708],[-2.9928,48.1603],[-2.9471,48.1719],[-2.8917,48.1649],[-2.8777,48.151],[-2.8916,48.1285],[-2.9029,48.1299],[-2.9211,48.1064],[-2.9366,48.1028],[-2.9397,48.0887],[-3.0042,48.0973],[-3.0104,48.0792],[-2.9957,48.062],[-3.03,48.0361],[-3.0911,48.0511],[-3.1237,48.0709],[-3.1674,48.0487],[-3.1647,48.0367],[-3.1315,48.0092],[-3.1444,47.9646],[-3.1246,47.9469],[-3.074,47.934],[-3.0832,47.9156],[-3.0787,47.8796],[-3.066,47.8703],[-3.0706,47.8461],[-3.06,47.8273],[-3.1141,47.808],[-3.1258,47.7822],[-3.1481,47.769],[-3.1869,47.7762],[-3.2042,47.7815],[-3.2137,47.8018],[-3.2369,47.8039],[-3.2851,47.7799],[-3.2997,47.7948],[-3.3289,47.7769],[-3.3398,47.7833],[-3.379,47.7669],[-3.3993,47.7746],[-3.502,47.738],[-3.5296,47.7653],[-3.522,47.8005],[-3.5373,47.8164],[-3.5395,47.8366],[-3.5231,47.8495],[-3.5176,47.8378],[-3.4878,47.8247],[-3.4565,47.8382],[-3.4486,47.8634],[-3.4056,47.8689],[-3.4029,47.8858],[-3.4171,47.907],[-3.3898,47.9235],[-3.4014,47.9451],[-3.3948,47.9569],[-3.4163,47.9716],[-3.4674,47.9453],[-3.4812,47.9518],[-3.4941,47.9757],[-3.5153,47.9749],[-3.5327,47.9882],[-3.5577,47.9937],[-3.584,47.9845],[-3.6397,47.9849],[-3.6761,48.0565],[-3.7086,48.0666],[-3.7027,48.0957],[-3.7333,48.0964],[-3.7347,48.1126]]]},"properties":{"id":"56-06","nm":"Hennebont","dept":"56","ins":93830,"nbv":114,"dG":-7.095,"dCD":4.251,"dED":1.992,"dAB":-5.039,"af":31.4}},{"type":"Feature","geometry":{"type":"MultiPolygon","coordinates":[[[[-3.5061,47.7352],[-3.4541,47.7622],[-3.3957,47.7745],[-3.366,47.77],[-3.3402,47.7843],[-3.3278,47.7781],[-3.3214,47.7897],[-3.2902,47.7935],[-3.2875,47.7723],[-3.3518,47.7413],[-3.3677,47.7159],[-3.3915,47.7009],[-3.457,47.6978],[-3.5061,47.7352]]],[[[-3.515,47.6475],[-3.4969,47.654],[-3.4156,47.6353],[-3.4224,47.6199],[-3.4603,47.6214],[-3.515,47.6475]]]]},"properties":{"id":"56-05","nm":"Lorient","dept":"56","ins":80820,"nbv":85,"dG":4.199,"dCD":1.638,"dED":-4.678,"dAB":-3.513,"af":35.11}},{"type":"Feature","geometry":{"type":"Polygon","coordinates":[[[6.0329,49.4228],[6.0581,49.4664],[6.0939,49.4545],[6.1034,49.471],[6.123,49.4749],[6.128,49.4939],[6.1481,49.489],[6.1565,49.504],[6.175,49.5103],[6.2337,49.5084],[6.2407,49.5149],[6.2798,49.5033],[6.3005,49.4791],[6.3325,49.4682],[6.3624,49.4626],[6.4291,49.4767],[6.5353,49.4342],[6.5572,49.4194],[6.5391,49.4083],[6.5522,49.3999],[6.5563,49.3675],[6.4852,49.3423],[6.4714,49.3585],[6.4497,49.361],[6.4516,49.3498],[6.4215,49.3375],[6.4106,49.3161],[6.3852,49.3078],[6.3753,49.2694],[6.3809,49.2569],[6.3235,49.2248],[6.3085,49.2257],[6.2894,49.2304],[6.2759,49.2713],[6.2381,49.2516],[6.2233,49.2581],[6.2068,49.2484],[6.18,49.2714],[6.1868,49.282],[6.1647,49.302],[6.1662,49.3204],[6.1339,49.3326],[6.1419,49.3511],[6.1286,49.3572],[6.116,49.3461],[6.0873,49.3485],[6.0583,49.3588],[6.0667,49.3764],[6.0329,49.4228]]]},"properties":{"id":"57-09","nm":"Thionville","dept":"57","ins":100711,"nbv":154,"dG":-7.438,"dCD":3.827,"dED":4.323,"dAB":3.987,"af":41.82}},{"type":"Feature","geometry":{"type":"Polygon","coordinates":[[[6.2855,48.8449],[6.3089,48.87],[6.2973,48.8826],[6.3243,48.8969],[6.3244,48.9132],[6.3485,48.9415],[6.3738,48.9414],[6.3864,48.9269],[6.4067,48.9347],[6.4092,48.9622],[6.4274,48.9721],[6.4233,48.9838],[6.4394,48.9859],[6.4516,48.9734],[6.4838,48.9654],[6.52,48.97],[6.5327,48.9596],[6.5513,48.9794],[6.5718,48.9738],[6.5868,48.9972],[6.6115,48.9962],[6.6653,49.0407],[6.69,49.0372],[6.7208,49.0598],[6.7666,49.063],[6.8123,49.0799],[6.8171,49.0589],[6.8298,49.0573],[6.8357,49.0457],[6.858,49.0444],[6.8622,49.012],[6.8819,49.0109],[6.878,49.0017],[6.8945,48.9817],[6.8935,48.9642],[6.9874,48.9495],[6.9789,48.9328],[6.9583,48.9226],[6.9638,48.8942],[7.0483,48.8737],[7.06,48.8612],[7.0941,48.863],[7.0982,48.8512],[7.0532,48.8433],[7.0512,48.816],[7.0893,48.8067],[7.0714,48.8004],[7.0723,48.7906],[7.1201,48.7997],[7.1447,48.8216],[7.1429,48.8406],[7.1871,48.8499],[7.1998,48.8271],[7.2629,48.8185],[7.2538,48.8066],[7.2913,48.7941],[7.3135,48.7674],[7.2932,48.7528],[7.2647,48.6994],[7.248,48.6859],[7.2664,48.6632],[7.3043,48.6601],[7.2605,48.6029],[7.2656,48.5921],[7.2192,48.5536],[7.1939,48.5495],[7.1686,48.5285],[7.1158,48.5375],[7.0917,48.5291],[7.0584,48.5377],[7.0666,48.5469],[7.0413,48.5724],[6.9933,48.5936],[6.9971,48.6094],[6.9401,48.6149],[6.9278,48.6349],[6.9114,48.6206],[6.8531,48.6213],[6.8333,48.6439],[6.7826,48.6427],[6.7535,48.6661],[6.7321,48.6634],[6.686,48.6793],[6.6684,48.6673],[6.6729,48.692],[6.6621,48.7058],[6.6388,48.7011],[6.6266,48.7127],[6.5991,48.7157],[6.562,48.7555],[6.5052,48.7474],[6.4947,48.7644],[6.4534,48.7661],[6.4514,48.7771],[6.432,48.7877],[6.3957,48.7747],[6.3745,48.7855],[6.3567,48.7796],[6.3437,48.8098],[6.3287,48.8218],[6.307,48.8212],[6.3016,48.8394],[6.2855,48.8449]]]},"properties":{"id":"57-04","nm":"Sarrebourg","dept":"57","ins":80777,"nbv":282,"dG":-21.436,"dCD":16.114,"dED":6.371,"dAB":0.463,"af":36.82}},{"type":"Feature","geometry":{"type":"Polygon","coordinates":[[[6.825,48.957],[6.8849,48.9882],[6.8743,49.0084],[6.8475,49.0251],[6.8586,49.032],[6.8559,49.0461],[6.8909,49.0613],[6.8811,49.0733],[6.906,49.0825],[6.9106,49.0989],[6.9218,49.1003],[6.9382,49.0851],[6.9666,49.0843],[6.9754,49.0949],[6.9714,49.1097],[6.9856,49.1233],[6.9768,49.1387],[6.9861,49.1636],[7.0168,49.1754],[7.0192,49.1927],[7.035,49.1914],[7.0282,49.1713],[7.0469,49.1364],[7.0267,49.1171],[7.0562,49.112],[7.0861,49.1303],[7.0826,49.1527],[7.1015,49.156],[7.1134,49.1523],[7.1128,49.1414],[7.1565,49.1215],[7.1843,49.1315],[7.1999,49.1205],[7.2453,49.13],[7.2935,49.1154],[7.3299,49.1449],[7.3593,49.1465],[7.3653,49.172],[7.4458,49.1843],[7.4399,49.1749],[7.4561,49.1647],[7.4941,49.1696],[7.5064,49.1548],[7.4958,49.136],[7.5309,49.0979],[7.568,49.0799],[7.6011,49.0832],[7.6296,49.0736],[7.64,49.0491],[7.6095,49.0212],[7.578,48.9573],[7.5561,48.9443],[7.5561,48.9358],[7.534,48.933],[7.4503,48.9664],[7.3919,48.9526],[7.3587,48.9565],[7.325,48.9442],[7.2901,48.9564],[7.289,48.9743],[7.2385,48.9877],[7.2093,48.9801],[7.1758,49.0061],[7.1258,49.0059],[7.1,49.0761],[7.0696,49.0677],[7.0786,49.0503],[7.0544,49.0295],[7.0544,49.0121],[7.0348,48.9877],[7.0413,48.9771],[7.0284,48.9686],[7.0319,48.956],[6.9925,48.9603],[6.9872,48.9499],[6.9366,48.9622],[6.9059,48.9569],[6.8861,48.967],[6.825,48.957]]]},"properties":{"id":"57-05","nm":"Sarreguemines","dept":"57","ins":72095,"nbv":117,"dG":-20.189,"dCD":7.924,"dED":11.774,"dAB":5.342,"af":41.78}},{"type":"Feature","geometry":{"type":"Polygon","coordinates":[[[6.3677,49.2673],[6.3849,49.2959],[6.376,49.3032],[6.4103,49.3177],[6.4166,49.3347],[6.4378,49.3453],[6.4305,49.3548],[6.4575,49.3633],[6.4756,49.3579],[6.4845,49.3428],[6.5124,49.3473],[6.5416,49.3624],[6.5543,49.3802],[6.552,49.3947],[6.5768,49.3897],[6.5867,49.3851],[6.5871,49.3722],[6.6023,49.3671],[6.5879,49.3496],[6.5706,49.3576],[6.5666,49.3472],[6.5907,49.3363],[6.5924,49.3198],[6.6138,49.3028],[6.6703,49.2802],[6.6615,49.2595],[6.6907,49.2477],[6.6904,49.2206],[6.7197,49.2213],[6.7316,49.2059],[6.7138,49.1895],[6.7201,49.1762],[6.7422,49.1642],[6.7752,49.1658],[6.7769,49.1467],[6.8038,49.1356],[6.7895,49.1044],[6.8132,49.0803],[6.7688,49.0628],[6.7206,49.0584],[6.6974,49.0483],[6.6971,49.0388],[6.6608,49.0384],[6.6428,49.018],[6.6569,49.0026],[6.63,49.0109],[6.6096,48.9944],[6.5887,48.9958],[6.5698,48.972],[6.549,48.978],[6.5327,48.9584],[6.5177,48.9696],[6.4688,48.966],[6.4332,48.9906],[6.4279,49.0141],[6.4048,49.012],[6.3985,49.0239],[6.4236,49.0388],[6.446,49.0342],[6.4488,49.0531],[6.483,49.0592],[6.493,49.0953],[6.4545,49.1002],[6.4375,49.0928],[6.4197,49.101],[6.4258,49.141],[6.4037,49.1381],[6.3936,49.1511],[6.4046,49.1537],[6.4134,49.1799],[6.4279,49.1888],[6.4307,49.2026],[6.4103,49.2142],[6.4264,49.227],[6.3859,49.2385],[6.3677,49.2673]]]},"properties":{"id":"57-07","nm":"Saint-Avold","dept":"57","ins":89245,"nbv":173,"dG":-14.161,"dCD":-2.753,"dED":19.437,"dAB":7.671,"af":43.04}},{"type":"Feature","geometry":{"type":"Polygon","coordinates":[[[5.8919,49.4959],[5.9361,49.5008],[5.9721,49.4914],[5.9795,49.4618],[6.0418,49.4479],[6.0449,49.4007],[6.0786,49.3974],[6.0591,49.3879],[6.0776,49.3782],[6.0631,49.3576],[6.1458,49.3524],[6.1517,49.3468],[6.1431,49.3335],[6.1714,49.3204],[6.1639,49.304],[6.1802,49.2931],[6.196,49.2615],[6.1523,49.2556],[6.1415,49.269],[6.0643,49.252],[6.0516,49.2272],[6.0278,49.2333],[6.0251,49.2526],[6.0056,49.2569],[6.0039,49.3089],[5.9859,49.3053],[5.9409,49.3357],[5.9584,49.3453],[5.9605,49.357],[5.9249,49.3731],[5.9347,49.381],[5.9302,49.399],[5.9111,49.4073],[5.938,49.431],[5.9305,49.4466],[5.9396,49.4508],[5.9396,49.4644],[5.9272,49.4835],[5.8977,49.4807],[5.8919,49.4959]]]},"properties":{"id":"57-08","nm":"Hayange","dept":"57","ins":90707,"nbv":125,"dG":-2.1,"dCD":-10.578,"dED":14.338,"dAB":12.506,"af":47.62}},{"type":"Feature","geometry":{"type":"Polygon","coordinates":[[[6.764,49.1587],[6.7734,49.1672],[6.8427,49.1552],[6.8443,49.173],[6.8596,49.1809],[6.8377,49.2132],[6.8594,49.2227],[6.8914,49.2094],[6.9382,49.2224],[6.9574,49.2042],[6.9752,49.2094],[7.0186,49.1876],[7.0193,49.1767],[6.9867,49.1633],[6.9779,49.1483],[6.9876,49.1283],[6.9726,49.1089],[6.9718,49.0839],[6.9379,49.0829],[6.9232,49.0985],[6.9126,49.0975],[6.8989,49.0757],[6.9083,49.068],[6.8285,49.0429],[6.8224,49.0562],[6.8025,49.0604],[6.8164,49.0713],[6.8089,49.0887],[6.7907,49.099],[6.7988,49.1365],[6.764,49.1587]]]},"properties":{"id":"57-06","nm":"Forbach","dept":"57","ins":66393,"nbv":99,"dG":-9.613,"dCD":-6.231,"dED":16.556,"dAB":12.633,"af":47.55}},{"type":"Feature","geometry":{"type":"MultiPolygon","coordinates":[[[[6.2161,49.1236],[6.2164,49.124],[6.2165,49.1239],[6.2161,49.1236]]],[[[5.9785,49.1946],[5.9876,49.2099],[6.0277,49.2311],[6.0311,49.2448],[6.0494,49.2361],[6.0548,49.2471],[6.1431,49.2684],[6.1638,49.2555],[6.1858,49.2566],[6.1881,49.2322],[6.2047,49.2206],[6.1813,49.1848],[6.2089,49.1715],[6.1987,49.1438],[6.1411,49.141],[6.1405,49.1297],[6.1841,49.1122],[6.1668,49.0968],[6.1451,49.1107],[6.1364,49.0989],[6.1441,49.0896],[6.1139,49.0764],[6.0979,49.0834],[6.1041,49.0933],[6.0942,49.1001],[6.1059,49.1339],[6.0751,49.149],[6.0576,49.1432],[6.0111,49.1535],[6.021,49.1701],[5.9785,49.1946]]]]},"properties":{"id":"57-01","nm":"Metz","dept":"57","ins":93930,"nbv":111,"dG":-3.254,"dCD":-4.075,"dED":6.578,"dAB":6.329,"af":42.09}},{"type":"Feature","geometry":{"type":"MultiPolygon","coordinates":[[[[6.136,49.1379],[6.1702,49.1485],[6.1973,49.1434],[6.2049,49.1547],[6.206,49.176],[6.1839,49.1775],[6.1793,49.187],[6.2001,49.2078],[6.1997,49.2212],[6.1742,49.2473],[6.1858,49.2566],[6.2143,49.2543],[6.2363,49.266],[6.2427,49.2567],[6.2618,49.2725],[6.2855,49.2668],[6.2916,49.2313],[6.3251,49.2247],[6.357,49.2509],[6.3975,49.2592],[6.3807,49.244],[6.426,49.2288],[6.4236,49.2122],[6.4338,49.1964],[6.4162,49.1803],[6.4193,49.1691],[6.4084,49.1636],[6.4043,49.144],[6.4215,49.1448],[6.4328,49.1333],[6.4202,49.1197],[6.4355,49.0937],[6.5007,49.1021],[6.487,49.0688],[6.5006,49.0508],[6.4808,49.0585],[6.4543,49.0503],[6.4501,49.028],[6.4232,49.0373],[6.4112,49.0293],[6.4136,49.0165],[6.4321,49.0117],[6.4394,48.9859],[6.4092,48.9516],[6.4114,48.9367],[6.3828,48.9244],[6.3735,48.9414],[6.3554,48.9438],[6.3545,48.9543],[6.319,48.9599],[6.3188,48.9801],[6.2873,48.9979],[6.3261,49.016],[6.3072,49.022],[6.306,49.0338],[6.2889,49.0453],[6.2959,49.0694],[6.2458,49.0782],[6.2401,49.0871],[6.248,49.1184],[6.2135,49.136],[6.2043,49.0975],[6.212,49.0765],[6.1934,49.0608],[6.1724,49.0637],[6.1637,49.073],[6.1751,49.0862],[6.1677,49.0966],[6.1736,49.1145],[6.1492,49.1197],[6.136,49.1379]]],[[[6.2161,49.1208],[6.2163,49.1211],[6.2164,49.121],[6.2161,49.1208]]]]},"properties":{"id":"57-03","nm":"Metz","dept":"57","ins":76057,"nbv":109,"dG":-0.926,"dCD":2.636,"dED":0.118,"dAB":1.933,"af":40.79}},{"type":"Feature","geometry":{"type":"MultiPolygon","coordinates":[[[[5.9249,49.0922],[5.9315,49.1092],[5.9992,49.1095],[5.9815,49.1445],[5.9891,49.155],[6.058,49.1438],[6.0746,49.1498],[6.1156,49.1256],[6.1062,49.1216],[6.1022,49.1],[6.1126,49.0787],[6.1373,49.0867],[6.1275,49.1044],[6.1441,49.114],[6.1642,49.1062],[6.1818,49.0801],[6.1699,49.0778],[6.1718,49.0666],[6.1933,49.062],[6.211,49.0805],[6.2015,49.1239],[6.2109,49.1375],[6.222,49.1358],[6.2564,49.1084],[6.2442,49.0804],[6.301,49.0673],[6.2921,49.0437],[6.3299,49.0139],[6.3058,49.0085],[6.2925,48.9948],[6.3224,48.9772],[6.3208,48.9646],[6.3586,48.9548],[6.3566,48.9443],[6.3398,48.9312],[6.3435,48.9213],[6.3288,48.9143],[6.3296,48.9057],[6.2883,48.9168],[6.286,48.9266],[6.2686,48.9331],[6.2446,48.9234],[6.2104,48.9391],[6.132,48.9347],[6.1092,48.9685],[6.0821,48.9635],[6.0666,48.9778],[6.0298,48.9862],[6.0447,48.9957],[6.0423,49.0126],[6.0137,49.0361],[5.9581,49.0473],[5.9341,49.0736],[5.9386,49.0839],[5.9249,49.0922]]],[[[6.1959,49.1083],[6.1957,49.1081],[6.1956,49.1084],[6.1959,49.1083]]],[[[6.1918,49.0973],[6.1918,49.0972],[6.1915,49.0974],[6.1918,49.0973]]]]},"properties":{"id":"57-02","nm":"Metz","dept":"57","ins":75015,"nbv":105,"dG":0.073,"dCD":-2.102,"dED":2.133,"dAB":1.755,"af":41.08}},{"type":"Feature","geometry":{"type":"Polygon","coordinates":[[[2.959,47.5577],[2.9779,47.5697],[3.0238,47.5568],[3.1018,47.5882],[3.1235,47.5741],[3.1164,47.5665],[3.1223,47.5438],[3.1667,47.5183],[3.2048,47.5231],[3.2378,47.489],[3.2747,47.4912],[3.2854,47.5038],[3.345,47.4786],[3.3809,47.4879],[3.3901,47.5091],[3.4464,47.5118],[3.4514,47.5009],[3.4882,47.495],[3.4899,47.5552],[3.5023,47.5591],[3.5145,47.527],[3.5811,47.4947],[3.582,47.463],[3.6157,47.4668],[3.6258,47.4546],[3.6733,47.4502],[3.6783,47.4337],[3.7006,47.4276],[3.726,47.3983],[3.7863,47.405],[3.7852,47.3916],[3.8186,47.3791],[3.828,47.3864],[3.8197,47.4016],[3.8455,47.4123],[3.8515,47.4356],[3.8675,47.4347],[3.894,47.4143],[3.8606,47.3931],[3.8727,47.3674],[3.8859,47.366],[3.909,47.3822],[3.9394,47.3809],[3.9489,47.3945],[3.973,47.3759],[3.9663,47.3671],[3.9737,47.3315],[4.0011,47.3118],[4.0246,47.3127],[4.0446,47.3405],[4.1126,47.335],[4.1298,47.3541],[4.1434,47.3543],[4.1248,47.3346],[4.1254,47.3107],[4.1334,47.3071],[4.1149,47.2914],[4.1261,47.2477],[4.1371,47.2394],[4.1791,47.2545],[4.1932,47.234],[4.2216,47.2198],[4.2311,47.1956],[4.2134,47.1823],[4.2097,47.1555],[4.197,47.1475],[4.1239,47.1426],[4.1123,47.119],[4.1001,47.1247],[4.0907,47.1162],[4.0552,47.115],[4.0541,47.095],[4.0396,47.0824],[4.0737,47.0561],[4.0582,47.0397],[4.0618,47.0235],[3.9962,46.9823],[4.009,46.9718],[4.0394,46.9853],[4.0558,46.9571],[4.0405,46.9477],[4.0483,46.9321],[4.0363,46.9255],[4.0434,46.9049],[4.07,46.8963],[4.101,46.8592],[4.048,46.8363],[4.0628,46.7892],[4.0553,46.7761],[4.0352,46.7866],[4.0192,46.776],[3.9936,46.7786],[3.9285,46.7398],[3.8493,46.7238],[3.8261,46.7039],[3.7947,46.702],[3.7764,46.7382],[3.7381,46.7524],[3.6588,46.7377],[3.5901,46.7598],[3.5827,46.7481],[3.5972,46.7238],[3.5772,46.7151],[3.5509,46.7182],[3.5484,46.7063],[3.5609,46.6889],[3.5469,46.6782],[3.5319,46.6886],[3.5199,46.6856],[3.4817,46.651],[3.4421,46.662],[3.4533,46.6867],[3.4332,46.6934],[3.427,46.7139],[3.382,46.7131],[3.3656,46.6897],[3.3466,46.6846],[3.3136,46.689],[3.2976,46.7156],[3.2709,46.7165],[3.2035,46.6791],[3.1661,46.6914],[3.129,46.7275],[3.0663,46.7459],[3.0371,46.7738],[3.0321,46.7949],[3.0682,46.8528],[3.0634,46.8899],[3.1029,46.8824],[3.1101,46.8674],[3.1254,46.8622],[3.1384,46.8694],[3.1645,46.8631],[3.1837,46.8829],[3.2131,46.8893],[3.2555,46.8677],[3.2614,46.8752],[3.2509,46.8871],[3.2647,46.9103],[3.279,46.9052],[3.3412,46.9273],[3.3432,46.9157],[3.3619,46.9095],[3.4053,46.9154],[3.4048,46.9057],[3.4221,46.8969],[3.4423,46.9106],[3.4364,46.9263],[3.4561,46.9347],[3.4707,46.9217],[3.515,46.9234],[3.5308,46.9133],[3.5251,46.8969],[3.5357,46.8859],[3.5786,46.8938],[3.6018,46.885],[3.6281,46.9251],[3.6003,46.9447],[3.6216,46.9486],[3.6413,46.9727],[3.5699,46.9794],[3.5494,46.9905],[3.5513,47.0048],[3.5282,47.0084],[3.5222,47.0008],[3.506,47.0057],[3.4834,47.0323],[3.4311,47.0356],[3.3945,47.056],[3.3962,47.0715],[3.3836,47.0914],[3.33,47.08],[3.3393,47.0572],[3.3261,47.0416],[3.2942,47.0373],[3.2591,47.0474],[3.2099,47.0213],[3.1749,47.0239],[3.1571,47.0071],[3.1113,46.9963],[3.1068,47.0182],[3.1231,47.0438],[3.1086,47.0614],[3.1406,47.0804],[3.1711,47.0722],[3.185,47.0832],[3.2116,47.142],[3.2536,47.1549],[3.2763,47.1743],[3.2552,47.2106],[3.2229,47.2116],[3.2271,47.2244],[3.2065,47.2326],[3.2027,47.2719],[3.1791,47.2608],[3.1546,47.2651],[3.1431,47.2921],[3.1004,47.3002],[3.1168,47.3357],[3.0939,47.349],[3.0858,47.3676],[3.0399,47.3695],[3.0561,47.3887],[3.0413,47.4183],[3.1087,47.426],[3.1212,47.4598],[3.0893,47.4739],[3.078,47.4629],[3.0541,47.4689],[3.0329,47.4589],[3.0108,47.4827],[2.9868,47.4808],[2.9831,47.4943],[2.9692,47.4978],[2.9733,47.5235],[2.959,47.5577]]]},"properties":{"id":"58-02","nm":"Varennes-Vauzelles","dept":"58","ins":78765,"nbv":262,"dG":-5.411,"dCD":-4.569,"dED":10.807,"dAB":-4.093,"af":33.14}},{"type":"Feature","geometry":{"type":"Polygon","coordinates":[[[2.8449,47.5449],[2.9149,47.566],[2.9608,47.5569],[2.9731,47.5262],[2.9692,47.5004],[2.9927,47.4822],[3.011,47.4838],[3.0265,47.4612],[3.0571,47.4695],[3.0761,47.4634],[3.0908,47.4744],[3.1244,47.4597],[3.1167,47.421],[3.0474,47.417],[3.0561,47.3812],[3.0661,47.3701],[3.0887,47.3695],[3.0941,47.3492],[3.1247,47.3343],[3.1147,47.3292],[3.1063,47.3013],[3.1441,47.2928],[3.1572,47.2658],[3.2101,47.2711],[3.2122,47.26],[3.2,47.2454],[3.2083,47.2338],[3.267,47.2074],[3.2613,47.1979],[3.2824,47.1688],[3.2074,47.1375],[3.1882,47.1021],[3.1905,47.0811],[3.1723,47.0708],[3.1425,47.0795],[3.1301,47.0738],[3.1316,47.061],[3.118,47.055],[3.1261,47.0427],[3.11,47.0127],[3.1137,46.9973],[3.1563,47.0074],[3.1795,47.032],[3.1995,47.0193],[3.2566,47.0484],[3.3215,47.041],[3.3373,47.0568],[3.3255,47.077],[3.3333,47.0873],[3.392,47.094],[3.4022,47.0502],[3.4338,47.0362],[3.4961,47.0319],[3.5121,47.004],[3.5508,47.0068],[3.5624,46.985],[3.5802,46.9779],[3.5944,46.9843],[3.6386,46.9788],[3.6431,46.9703],[3.6094,46.9424],[3.6285,46.9222],[3.6098,46.8867],[3.5786,46.8933],[3.5359,46.8855],[3.5216,46.8913],[3.5287,46.9119],[3.5194,46.9207],[3.4664,46.9188],[3.4532,46.9308],[3.4407,46.9263],[3.4446,46.9112],[3.4226,46.8918],[3.403,46.9048],[3.4006,46.9175],[3.3601,46.9092],[3.3318,46.9265],[3.2815,46.9041],[3.2624,46.9082],[3.255,46.8855],[3.2641,46.874],[3.2545,46.8669],[3.209,46.8911],[3.1848,46.883],[3.1621,46.8616],[3.1274,46.8618],[3.0782,46.8906],[3.0687,46.8879],[3.05,46.9089],[3.079,46.9553],[3.0626,46.9792],[3.0745,47.0325],[3.0193,47.0682],[3.0311,47.0929],[3.0284,47.1269],[3.0169,47.1402],[3.0082,47.1852],[2.9791,47.2287],[2.9816,47.2618],[2.9097,47.3102],[2.8766,47.3219],[2.8697,47.3409],[2.9187,47.4061],[2.9312,47.4399],[2.8874,47.5102],[2.8449,47.5449]]]},"properties":{"id":"58-01","nm":"Nevers","dept":"58","ins":73850,"nbv":114,"dG":-7.626,"dCD":0.982,"dED":6.954,"dAB":0.41,"af":36.9}},{"type":"Feature","geometry":{"type":"MultiPolygon","coordinates":[[[[2.9936,50.1371],[3.0041,50.1505],[3.0377,50.1523],[3.0589,50.1741],[3.0899,50.1719],[3.0968,50.1635],[3.0718,50.1466],[3.074,50.1315],[3.0376,50.1297],[3.025,50.1161],[2.9995,50.119],[2.9936,50.1371]]],[[[3.1019,50.1633],[3.1358,50.1672],[3.1471,50.1806],[3.1324,50.2008],[3.1384,50.2171],[3.1807,50.2264],[3.1751,50.2404],[3.147,50.2463],[3.1454,50.2612],[3.2592,50.2666],[3.2784,50.2523],[3.3373,50.2552],[3.3695,50.2248],[3.3349,50.2098],[3.3434,50.1855],[3.322,50.1625],[3.3068,50.16],[3.2921,50.1276],[3.2965,50.1188],[3.3814,50.116],[3.4086,50.139],[3.4386,50.1331],[3.4433,50.1436],[3.476,50.1328],[3.5137,50.1538],[3.5463,50.1424],[3.5627,50.1238],[3.6118,50.1307],[3.666,50.1109],[3.6961,50.0897],[3.6941,50.0806],[3.7101,50.0665],[3.6639,50.0539],[3.6589,50.0293],[3.6403,50.0382],[3.6141,50.0251],[3.5941,50.0444],[3.5493,50.0546],[3.4907,50.0189],[3.4282,50.0221],[3.3759,50.0366],[3.3554,50.0356],[3.3371,50.0171],[3.2776,50.0144],[3.2693,50.0297],[3.229,50.0302],[3.173,50.0113],[3.1431,50.0261],[3.1236,50.0244],[3.0834,50.0569],[3.0881,50.0832],[3.1046,50.0819],[3.1127,50.0919],[3.0923,50.121],[3.1247,50.1392],[3.1019,50.1633]]]]},"properties":{"id":"59-18","nm":"Cambrai","dept":"59","ins":90068,"nbv":127,"dG":-17.727,"dCD":5.754,"dED":14.106,"dAB":3.846,"af":37.31}},{"type":"Feature","geometry":{"type":"Polygon","coordinates":[[[3.2274,50.2686],[3.2529,50.283],[3.2475,50.2981],[3.2305,50.3031],[3.2381,50.3168],[3.2615,50.3188],[3.2721,50.3344],[3.3417,50.3487],[3.3552,50.3897],[3.3474,50.4008],[3.3494,50.4057],[3.37,50.3941],[3.3623,50.3782],[3.3768,50.351],[3.4095,50.3688],[3.4271,50.3551],[3.431,50.3791],[3.4625,50.3602],[3.4771,50.3623],[3.5,50.3393],[3.5585,50.3305],[3.566,50.3203],[3.5511,50.3115],[3.5552,50.2893],[3.5471,50.2814],[3.4937,50.2787],[3.4776,50.2465],[3.4362,50.2583],[3.3695,50.2248],[3.3338,50.2552],[3.3068,50.2477],[3.2274,50.2686]]]},"properties":{"id":"59-19","nm":"Denain","dept":"59","ins":80890,"nbv":84,"dG":-7.073,"dCD":-13.575,"dED":24.496,"dAB":9.032,"af":41.55}},{"type":"Feature","geometry":{"type":"Polygon","coordinates":[[[3.709,50.3189],[3.7273,50.3154],[3.7339,50.343],[3.7472,50.351],[3.847,50.353],[3.8742,50.3383],[3.8872,50.341],[3.8999,50.3269],[3.9683,50.35],[3.986,50.3435],[4.0281,50.3584],[4.0819,50.3115],[4.117,50.3041],[4.1423,50.2577],[4.1667,50.2595],[4.1643,50.271],[4.1496,50.2746],[4.1533,50.2849],[4.1699,50.2881],[4.2213,50.2586],[4.1565,50.212],[4.1538,50.1609],[4.1337,50.1377],[4.1502,50.1292],[4.1995,50.1342],[4.206,50.0984],[4.2313,50.0714],[4.1943,50.0494],[4.1594,50.0464],[4.137,50.0168],[4.1631,49.9951],[4.1443,49.9795],[4.0819,49.9717],[4.0574,49.9853],[3.9811,49.9937],[3.9947,50.0263],[3.9827,50.045],[3.989,50.0585],[4.0669,50.0733],[4.0645,50.0818],[4.0483,50.0832],[4.0465,50.0993],[4.0352,50.1064],[4.022,50.0988],[4.0042,50.1032],[3.9785,50.0737],[3.9551,50.084],[3.9826,50.1078],[3.9797,50.1195],[3.9217,50.124],[3.8747,50.1021],[3.851,50.1338],[3.8282,50.1408],[3.8134,50.1277],[3.7833,50.1448],[3.8207,50.1694],[3.8722,50.1597],[3.9127,50.1961],[3.9369,50.1901],[3.9802,50.1999],[3.9902,50.2213],[3.9221,50.2659],[3.8936,50.2642],[3.8767,50.2746],[3.8242,50.2665],[3.8092,50.2547],[3.7779,50.2547],[3.7249,50.2765],[3.709,50.3189]]]},"properties":{"id":"59-03","nm":"Maubeuge","dept":"59","ins":91620,"nbv":144,"dG":11.862,"dCD":-24.376,"dED":14.948,"dAB":10.463,"af":41.62}},{"type":"Feature","geometry":{"type":"Polygon","coordinates":[[[2.9955,50.5261],[3.0143,50.5322],[3.0405,50.5224],[3.0593,50.5302],[3.0772,50.5643],[3.1128,50.575],[3.138,50.6012],[3.1727,50.6027],[3.1847,50.6242],[3.1768,50.6341],[3.2016,50.6353],[3.2231,50.658],[3.2489,50.6498],[3.2464,50.6392],[3.2795,50.5959],[3.2801,50.5378],[3.3367,50.506],[3.3346,50.4885],[3.362,50.4665],[3.3145,50.4453],[3.3127,50.4336],[3.2544,50.4396],[3.229,50.4514],[3.2159,50.4263],[3.1747,50.4417],[3.1405,50.4336],[3.1059,50.4518],[3.0814,50.444],[3.0608,50.4565],[3.0377,50.4417],[3.0164,50.4421],[3.0069,50.4573],[3.0205,50.4834],[2.9955,50.5261]]]},"properties":{"id":"59-06","nm":"Orchies","dept":"59","ins":94232,"nbv":91,"dG":-10.355,"dCD":11.668,"dED":1.524,"dAB":-5.814,"af":32.8}},{"type":"Feature","geometry":{"type":"MultiPolygon","coordinates":[[[[2.7891,50.5832],[2.8063,50.6068],[2.8431,50.6299],[2.8607,50.6289],[2.878,50.6058],[2.8931,50.611],[2.9216,50.5922],[2.9635,50.6041],[2.9775,50.6183],[2.9963,50.6179],[3.0307,50.5911],[3.0634,50.5988],[3.0663,50.5841],[3.0518,50.5827],[3.0462,50.5699],[3.0716,50.551],[3.0639,50.5306],[3.0382,50.5176],[3.0169,50.5311],[3.0078,50.5272],[3.0152,50.5013],[3.008,50.4927],[2.9664,50.5115],[2.9018,50.5006],[2.8828,50.5077],[2.8828,50.535],[2.7997,50.5281],[2.7944,50.5494],[2.8083,50.5519],[2.8144,50.5652],[2.8057,50.58],[2.7891,50.5832]]],[[[3.0686,50.582],[3.0835,50.5822],[3.1175,50.6087],[3.1399,50.5998],[3.125,50.5816],[3.0758,50.5642],[3.065,50.5712],[3.0686,50.582]]]]},"properties":{"id":"59-05","nm":"Haubourdin","dept":"59","ins":98309,"nbv":102,"dG":-5.939,"dCD":2.536,"dED":6.091,"dAB":-0.822,"af":36.72}},{"type":"Feature","geometry":{"type":"Polygon","coordinates":[[[3.0903,50.3556],[3.0944,50.381],[3.1108,50.3961],[3.1477,50.4],[3.1467,50.4368],[3.1741,50.4419],[3.2136,50.4268],[3.2274,50.4522],[3.2595,50.4377],[3.3024,50.4347],[3.3053,50.4482],[3.3229,50.443],[3.3269,50.426],[3.353,50.4166],[3.3542,50.375],[3.3421,50.3459],[3.3028,50.3451],[3.247,50.3139],[3.2214,50.3123],[3.1465,50.3372],[3.1115,50.3248],[3.0903,50.3556]]]},"properties":{"id":"59-16","nm":"Sin-Le-Noble","dept":"59","ins":84041,"nbv":86,"dG":1.754,"dCD":-16.608,"dED":18.449,"dAB":8.047,"af":40.82}},{"type":"Feature","geometry":{"type":"MultiPolygon","coordinates":[[[[3.0517,50.6278],[3.0591,50.6389],[3.0809,50.6335],[3.0881,50.6463],[3.1256,50.6524],[3.1366,50.6726],[3.1806,50.6529],[3.19,50.6339],[3.2074,50.6341],[3.2038,50.624],[3.1789,50.6177],[3.1722,50.6021],[3.1172,50.6081],[3.0865,50.5887],[3.0718,50.6073],[3.0778,50.6211],[3.0606,50.6182],[3.0517,50.6278]]],[[[3.0503,50.6277],[3.0504,50.6276],[3.0502,50.6276],[3.0503,50.6277]]],[[[3.0339,50.6378],[3.0336,50.6382],[3.034,50.6379],[3.0339,50.6378]]],[[[3.0349,50.6274],[3.035,50.6275],[3.0349,50.6274],[3.0349,50.6274]]],[[[3.0236,50.6364],[3.0236,50.6362],[3.0236,50.6363],[3.0236,50.6364]]],[[[3.0007,50.6505],[3.0039,50.648],[3.0032,50.6473],[3.0007,50.6505]]]]},"properties":{"id":"59-02","nm":"Villeneuve-D'Ascq","dept":"59","ins":87355,"nbv":80,"dG":18.551,"dCD":-6.917,"dED":-9.174,"dAB":1.605,"af":39.21}},{"type":"Feature","geometry":{"type":"Polygon","coordinates":[[[3.3104,50.4566],[3.3269,50.4522],[3.3587,50.4676],[3.3332,50.489],[3.335,50.5084],[3.3785,50.4919],[3.4479,50.5077],[3.4746,50.5336],[3.5199,50.5237],[3.4981,50.4992],[3.5023,50.4888],[3.5686,50.5009],[3.5854,50.4905],[3.5823,50.4494],[3.6087,50.4353],[3.6232,50.4046],[3.5822,50.411],[3.5589,50.404],[3.5488,50.3822],[3.5329,50.3845],[3.5003,50.3634],[3.4753,50.388],[3.4418,50.3894],[3.4336,50.3787],[3.4118,50.4046],[3.3946,50.4077],[3.3783,50.3976],[3.3476,50.4059],[3.3447,50.4227],[3.327,50.4249],[3.3104,50.4566]]]},"properties":{"id":"59-20","nm":"Saint-Amand-Les-Eaux","dept":"59","ins":82190,"nbv":92,"dG":5.962,"dCD":-18.353,"dED":15.598,"dAB":9.887,"af":42.79}},{"type":"Feature","geometry":{"type":"Polygon","coordinates":[[[2.9795,50.4038],[3.0136,50.4031],[3.0387,50.4231],[3.0671,50.4269],[3.0847,50.4471],[3.1225,50.4494],[3.1466,50.4367],[3.1539,50.4173],[3.1353,50.3887],[3.117,50.3985],[3.0997,50.3868],[3.0957,50.3413],[3.1092,50.3286],[3.1473,50.3374],[3.2147,50.3216],[3.2548,50.2923],[3.2521,50.2797],[3.2092,50.2588],[3.1682,50.257],[3.0496,50.2769],[3.0227,50.2635],[3.0107,50.269],[3.0123,50.2818],[3.0442,50.2881],[3.0782,50.3146],[3.0475,50.345],[3.0082,50.3582],[2.9795,50.4038]]]},"properties":{"id":"59-17","nm":"Douai","dept":"59","ins":72899,"nbv":78,"dG":-2.015,"dCD":-9.958,"dED":14.148,"dAB":5.622,"af":39.87}},{"type":"Feature","geometry":{"type":"MultiPolygon","coordinates":[[[[2.0894,51.0028],[2.1428,51.0223],[2.1633,51.0441],[2.2061,51.0322],[2.2404,51.0389],[2.242,51.0182],[2.2835,50.9777],[2.3189,50.999],[2.3514,51.001],[2.3712,50.9814],[2.392,50.9977],[2.4324,50.9742],[2.4449,50.982],[2.4446,50.9978],[2.4153,51.0135],[2.4207,51.0243],[2.3948,51.0423],[2.3964,51.051],[2.5455,51.089],[2.562,51.0661],[2.5746,51.0032],[2.6073,50.9911],[2.6329,50.9462],[2.602,50.925],[2.608,50.91],[2.5704,50.8975],[2.5309,50.8482],[2.5165,50.8625],[2.4759,50.8324],[2.4565,50.8498],[2.4371,50.8428],[2.4215,50.8635],[2.3679,50.855],[2.3359,50.8421],[2.337,50.8314],[2.3179,50.8136],[2.3173,50.7928],[2.2889,50.777],[2.2134,50.8106],[2.2022,50.8507],[2.1356,50.9636],[2.0894,51.0028]]],[[[2.4125,50.9973],[2.4124,50.9975],[2.4126,50.9974],[2.4125,50.9973]]],[[[2.3585,51.0272],[2.3581,51.0308],[2.3604,51.027],[2.3585,51.0272]]],[[[2.3654,51.0242],[2.3666,51.0245],[2.3667,51.0237],[2.3654,51.0242]]],[[[2.325,51.024],[2.3253,51.0267],[2.327,51.0244],[2.325,51.024]]]]},"properties":{"id":"59-14","nm":"Dunkerque","dept":"59","ins":99449,"nbv":116,"dG":-16.262,"dCD":5.864,"dED":12.336,"dAB":0.654,"af":34.33}},{"type":"Feature","geometry":{"type":"MultiPolygon","coordinates":[[[[3.0992,50.6296],[3.1095,50.6296],[3.115,50.6273],[3.1048,50.6201],[3.0992,50.6296]]],[[[2.8092,50.669],[2.8147,50.6811],[2.8518,50.6826],[2.8719,50.704],[2.8854,50.7065],[2.9055,50.6936],[2.9285,50.7086],[2.9371,50.7299],[2.9821,50.6935],[2.9575,50.6748],[2.9681,50.6602],[2.9987,50.6557],[3.0272,50.636],[3.0415,50.646],[3.0594,50.6221],[3.0411,50.6045],[3.0186,50.6249],[3.0018,50.6249],[2.9758,50.6159],[2.9709,50.6049],[2.9197,50.5898],[2.8935,50.6092],[2.8782,50.6038],[2.8627,50.6372],[2.8092,50.669]]],[[[3.0524,50.6012],[3.0527,50.6022],[3.0547,50.6015],[3.0524,50.6012]]],[[[3.0628,50.6228],[3.0604,50.6379],[3.0704,50.637],[3.0711,50.626],[3.0628,50.6228]]],[[[3.0588,50.6438],[3.0586,50.6439],[3.0588,50.6439],[3.0588,50.6438]]]]},"properties":{"id":"59-11","nm":"Lille","dept":"59","ins":93191,"nbv":93,"dG":11.146,"dCD":-6.014,"dED":-2.422,"dAB":1.886,"af":39.61}},{"type":"Feature","geometry":{"type":"Polygon","coordinates":[[[2.3144,50.7826],[2.316,50.8179],[2.3484,50.8493],[2.4248,50.8617],[2.4371,50.8447],[2.4533,50.8523],[2.4738,50.8345],[2.4856,50.8358],[2.5192,50.864],[2.5352,50.8509],[2.5713,50.8985],[2.6051,50.9066],[2.6129,50.8675],[2.6031,50.8522],[2.6167,50.848],[2.6343,50.8145],[2.6693,50.8226],[2.6797,50.8138],[2.724,50.8106],[2.738,50.781],[2.783,50.7515],[2.7927,50.7251],[2.8156,50.7169],[2.8481,50.723],[2.8697,50.7033],[2.8346,50.6772],[2.8181,50.6816],[2.7991,50.663],[2.7697,50.663],[2.7635,50.6492],[2.7922,50.6337],[2.7625,50.6323],[2.7515,50.607],[2.7245,50.6145],[2.7152,50.6291],[2.69,50.6331],[2.6307,50.6177],[2.5871,50.6365],[2.5642,50.6246],[2.5453,50.6252],[2.5308,50.6419],[2.4882,50.632],[2.429,50.6571],[2.4017,50.6806],[2.3774,50.6706],[2.3637,50.6848],[2.38,50.7014],[2.3396,50.7307],[2.3389,50.7401],[2.3915,50.7575],[2.4004,50.771],[2.3778,50.7812],[2.3691,50.7715],[2.3144,50.7826]]]},"properties":{"id":"59-15","nm":"Hazebrouck","dept":"59","ins":97601,"nbv":117,"dG":-12.499,"dCD":4.899,"dED":9.974,"dAB":-0.326,"af":35.42}},{"type":"Feature","geometry":{"type":"Polygon","coordinates":[[[3.3563,50.382],[3.3639,50.3989],[3.4016,50.4084],[3.4227,50.4051],[3.4323,50.3875],[3.4525,50.3959],[3.4513,50.3858],[3.461,50.3816],[3.473,50.3901],[3.5023,50.3632],[3.5625,50.4064],[3.6175,50.4027],[3.616,50.4243],[3.6026,50.4258],[3.6043,50.4364],[3.5807,50.4521],[3.5842,50.4899],[3.6076,50.4972],[3.6642,50.4526],[3.6737,50.3887],[3.6597,50.3704],[3.6774,50.3403],[3.6455,50.3198],[3.6269,50.3265],[3.5841,50.3012],[3.5537,50.2996],[3.5589,50.3298],[3.5016,50.3366],[3.4887,50.3411],[3.4878,50.3533],[3.4501,50.3664],[3.4238,50.3533],[3.4051,50.3655],[3.3705,50.3405],[3.3563,50.382]]]},"properties":{"id":"59-21","nm":"Valenciennes","dept":"59","ins":78274,"nbv":88,"dG":-7.34,"dCD":-0.802,"dED":10.555,"dAB":6.531,"af":40.34}},{"type":"Feature","geometry":{"type":"Polygon","coordinates":[[[3.2887,50.14],[3.3401,50.1844],[3.326,50.2154],[3.3647,50.2183],[3.395,50.2435],[3.4081,50.2413],[3.4355,50.2586],[3.4749,50.2496],[3.4849,50.2745],[3.4968,50.2801],[3.5343,50.2767],[3.5516,50.2863],[3.55,50.2955],[3.6091,50.3113],[3.6241,50.3264],[3.6486,50.3218],[3.6733,50.3351],[3.7287,50.279],[3.7765,50.2558],[3.8767,50.2749],[3.9278,50.2642],[3.9944,50.2195],[3.9834,50.1926],[3.9659,50.2008],[3.9164,50.1909],[3.8721,50.1577],[3.826,50.1679],[3.788,50.1461],[3.7896,50.1358],[3.8125,50.1284],[3.8365,50.1473],[3.86,50.1324],[3.8605,50.119],[3.8839,50.1089],[3.924,50.1287],[3.9834,50.1186],[3.9781,50.1017],[3.9634,50.093],[3.963,50.0813],[3.9752,50.0743],[4.0063,50.1059],[4.0188,50.0988],[4.0275,50.107],[4.0529,50.1064],[4.0499,50.0844],[4.0805,50.0813],[4.0559,50.067],[4.0117,50.0656],[3.9895,50.0565],[3.9739,50.0374],[3.8874,50.0096],[3.872,50.0371],[3.7466,50.053],[3.7015,50.0703],[3.6908,50.0915],[3.6655,50.1105],[3.6124,50.1306],[3.5544,50.1211],[3.5522,50.1365],[3.5155,50.1534],[3.4853,50.144],[3.4835,50.1348],[3.4076,50.1368],[3.3837,50.1162],[3.3249,50.1182],[3.3164,50.1115],[3.2977,50.1177],[3.2887,50.14]]]},"properties":{"id":"59-12","nm":"Hautmont","dept":"59","ins":93070,"nbv":139,"dG":-12.125,"dCD":-5.054,"dED":18.834,"dAB":4.836,"af":37.08}},{"type":"Feature","geometry":{"type":"MultiPolygon","coordinates":[[[[3.0588,50.6436],[3.0593,50.6438],[3.0599,50.6431],[3.0588,50.6436]]],[[[3.0635,50.6411],[3.0799,50.6479],[3.0689,50.6664],[3.0815,50.6801],[3.0658,50.7196],[3.0932,50.7299],[3.1538,50.7188],[3.1626,50.7314],[3.1967,50.7372],[3.1554,50.6947],[3.1186,50.6869],[3.1179,50.6499],[3.0961,50.6436],[3.1149,50.6284],[3.0949,50.6229],[3.0931,50.6318],[3.0635,50.6411]]],[[[3.123,50.6251],[3.1235,50.6263],[3.1236,50.6264],[3.123,50.6251]]],[[[3.0694,50.6206],[3.0694,50.6207],[3.0695,50.6206],[3.0694,50.6206]]],[[[3.0505,50.6223],[3.0508,50.6225],[3.0505,50.6222],[3.0505,50.6223]]],[[[3.0415,50.6095],[3.0417,50.6096],[3.0418,50.6095],[3.0415,50.6095]]],[[[3.0232,50.6376],[3.0232,50.6377],[3.0232,50.6376],[3.0232,50.6376]]],[[[3.0262,50.6313],[3.0268,50.6318],[3.0281,50.6314],[3.0262,50.6313]]],[[[2.9854,50.6501],[2.9823,50.6514],[2.9871,50.6541],[2.9854,50.6501]]]]},"properties":{"id":"59-09","nm":"Marcq-En-Baroeul","dept":"59","ins":92045,"nbv":83,"dG":0.056,"dCD":11.324,"dED":-10.324,"dAB":-0.968,"af":38.42}},{"type":"Feature","geometry":{"type":"Polygon","coordinates":[[[3.0348,50.7321],[3.0592,50.7437],[3.0589,50.7807],[3.0863,50.7735],[3.1105,50.7938],[3.1497,50.7902],[3.1926,50.7392],[3.1332,50.7154],[3.1292,50.7238],[3.1071,50.7213],[3.0907,50.7302],[3.0613,50.7187],[3.0348,50.7321]]]},"properties":{"id":"59-10","nm":"Tourcoing","dept":"59","ins":83192,"nbv":78,"dG":-4.561,"dCD":4.482,"dED":1.159,"dAB":8.792,"af":45.16}},{"type":"Feature","geometry":{"type":"MultiPolygon","coordinates":[[[[2.2404,51.0389],[2.3465,51.0561],[2.4185,51.0469],[2.4128,51.0293],[2.4461,50.9986],[2.4495,50.9824],[2.4251,50.9732],[2.3909,50.9958],[2.3697,50.9792],[2.3485,51.0001],[2.3259,51.0],[2.2841,50.9759],[2.241,51.019],[2.2404,51.0389]]],[[[2.43,51.0493],[2.4298,51.0523],[2.4334,51.0488],[2.43,51.0493]]]]},"properties":{"id":"59-13","nm":"Dunkerque","dept":"59","ins":86045,"nbv":94,"dG":12.515,"dCD":-21.352,"dED":11.145,"dAB":10.686,"af":41.8}},{"type":"Feature","geometry":{"type":"MultiPolygon","coordinates":[[[[3.113,50.6245],[3.1119,50.6256],[3.1133,50.625],[3.113,50.6245]]],[[[3.0935,50.6218],[3.0936,50.622],[3.0938,50.622],[3.0935,50.6218]]],[[[3.0987,50.6233],[3.0982,50.6233],[3.0986,50.6236],[3.0987,50.6233]]],[[[2.9371,50.73],[2.9389,50.7452],[2.9558,50.7536],[2.973,50.751],[3.0146,50.7738],[3.0339,50.7706],[3.0575,50.7807],[3.0635,50.7485],[3.0386,50.7316],[3.0715,50.7127],[3.0843,50.6824],[3.0733,50.6643],[3.086,50.6501],[3.0639,50.6367],[3.0424,50.6436],[3.0288,50.6355],[2.998,50.6558],[2.9706,50.658],[2.9521,50.6744],[2.9785,50.6959],[2.9371,50.73]]],[[[3.0359,50.627],[3.0362,50.6265],[3.0358,50.6264],[3.0359,50.627]]],[[[3.0459,50.6211],[3.0461,50.6211],[3.0459,50.6209],[3.0459,50.6211]]],[[[3.0909,50.6499],[3.0908,50.6507],[3.091,50.65],[3.0909,50.6499]]]]},"properties":{"id":"59-04","nm":"Lambersart","dept":"59","ins":100044,"nbv":98,"dG":-2.052,"dCD":9.43,"dED":-5.646,"dAB":-1.895,"af":37.36}},{"type":"Feature","geometry":{"type":"MultiPolygon","coordinates":[[[[3.1111,50.6836],[3.1619,50.7049],[3.1749,50.6879],[3.1649,50.6795],[3.172,50.6712],[3.1893,50.6775],[3.1981,50.671],[3.2156,50.6894],[3.2405,50.6923],[3.2653,50.6771],[3.2435,50.6689],[3.2468,50.6521],[3.223,50.6562],[3.204,50.6334],[3.1435,50.6678],[3.1278,50.6534],[3.1158,50.6549],[3.1111,50.6836]]],[[[3.1822,50.6985],[3.182,50.6988],[3.1823,50.6989],[3.1822,50.6985]]]]},"properties":{"id":"59-07","nm":"Wasquehal","dept":"59","ins":73444,"nbv":70,"dG":1.261,"dCD":4.096,"dED":-3.314,"dAB":2.984,"af":39.79}},{"type":"Feature","geometry":{"type":"MultiPolygon","coordinates":[[[[2.9939,50.6202],[3.0164,50.6396],[3.022,50.6217],[3.0371,50.6243],[3.0415,50.646],[3.0651,50.6375],[3.0832,50.6226],[3.0752,50.6065],[3.0894,50.5797],[3.0764,50.5796],[3.0522,50.6008],[3.0287,50.59],[2.9939,50.6202]]],[[[3.0937,50.6226],[3.0943,50.6282],[3.0974,50.6273],[3.0937,50.6226]]],[[[3.1014,50.6275],[3.1013,50.6287],[3.1023,50.6285],[3.1014,50.6275]]],[[[3.1129,50.6255],[3.1116,50.6319],[3.1171,50.6225],[3.1129,50.6255]]],[[[3.0276,50.6345],[3.027,50.6346],[3.0274,50.6348],[3.0276,50.6345]]],[[[3.027,50.6346],[3.027,50.6346],[3.027,50.6346],[3.027,50.6346]]],[[[2.9983,50.6473],[2.999,50.6443],[2.9962,50.6467],[2.9983,50.6473]]],[[[2.98,50.6348],[2.9833,50.6373],[2.9841,50.6336],[2.98,50.6348]]]]},"properties":{"id":"59-01","nm":"Lille","dept":"59","ins":61672,"nbv":63,"dG":26.718,"dCD":-12.351,"dED":-12.856,"dAB":1.424,"af":40.29}},{"type":"Feature","geometry":{"type":"Polygon","coordinates":[[[3.1536,50.6704],[3.1645,50.69],[3.1582,50.6974],[3.1968,50.7372],[3.1984,50.7212],[3.2606,50.7021],[3.2615,50.6914],[3.2191,50.6891],[3.2004,50.6721],[3.1536,50.6704]]]},"properties":{"id":"59-08","nm":"Roubaix","dept":"59","ins":68933,"nbv":74,"dG":18.256,"dCD":-15.979,"dED":-2.951,"dAB":16.008,"af":52.06}},{"type":"Feature","geometry":{"type":"MultiPolygon","coordinates":[[[[1.6889,49.6939],[1.7136,49.7096],[1.7131,49.7342],[1.741,49.7384],[1.7498,49.7639],[1.8396,49.7393],[1.8331,49.7226],[1.8505,49.7022],[1.8917,49.6982],[1.9333,49.72],[1.9501,49.7034],[1.9715,49.7202],[1.9803,49.7104],[2.0288,49.7107],[2.067,49.6864],[2.1033,49.6948],[2.1242,49.6879],[2.1272,49.6784],[2.1092,49.6639],[2.0866,49.6714],[2.0764,49.6601],[2.0563,49.6634],[2.0356,49.6443],[1.9783,49.619],[1.961,49.6326],[1.9499,49.6295],[1.947,49.6091],[1.9096,49.5964],[1.8945,49.5751],[1.939,49.5574],[1.9435,49.5162],[1.9527,49.511],[1.94,49.5017],[1.9447,49.4815],[1.9319,49.4728],[1.9419,49.4497],[2.01,49.4637],[2.0439,49.4484],[2.0443,49.4346],[2.142,49.4214],[2.1588,49.4034],[2.1709,49.4064],[2.1727,49.3948],[2.2343,49.3694],[2.277,49.3875],[2.2729,49.3512],[2.2528,49.3355],[2.2812,49.3058],[2.2537,49.2817],[2.2592,49.2716],[2.2374,49.2659],[2.2299,49.2514],[2.1815,49.2495],[2.1705,49.2706],[2.0991,49.2869],[2.0882,49.3116],[2.0712,49.2946],[2.0436,49.2862],[2.0091,49.3115],[1.9964,49.2922],[2.0061,49.285],[2.0044,49.2687],[2.0461,49.261],[1.9941,49.2359],[1.9906,49.2058],[1.96,49.1735],[1.883,49.1626],[1.8749,49.1735],[1.8364,49.1645],[1.8321,49.1778],[1.8118,49.174],[1.7838,49.1856],[1.7524,49.1755],[1.7401,49.1808],[1.738,49.1931],[1.7155,49.2028],[1.7328,49.2125],[1.7328,49.2255],[1.699,49.235],[1.7087,49.2647],[1.7589,49.2723],[1.7706,49.2523],[1.7843,49.2497],[1.7979,49.2692],[1.7937,49.287],[1.7723,49.2911],[1.7728,49.3347],[1.7584,49.3666],[1.7201,49.3955],[1.7152,49.415],[1.7245,49.4411],[1.7725,49.4707],[1.772,49.485],[1.786,49.5025],[1.7611,49.5108],[1.7451,49.4889],[1.7154,49.5056],[1.7357,49.5169],[1.7422,49.536],[1.7228,49.5442],[1.7276,49.5625],[1.7161,49.5756],[1.6905,49.5799],[1.706,49.5831],[1.6939,49.6012],[1.721,49.623],[1.6987,49.6445],[1.7513,49.6919],[1.7387,49.7008],[1.7052,49.6813],[1.6889,49.6939]]],[[[2.0837,49.4407],[2.0836,49.4407],[2.0838,49.4408],[2.0837,49.4407]]],[[[2.0862,49.4458],[2.0841,49.4475],[2.0844,49.4479],[2.0862,49.4458]]],[[[2.0936,49.4456],[2.094,49.4459],[2.0939,49.4454],[2.0936,49.4456]]]]},"properties":{"id":"60-02","nm":"Beauvais","dept":"60","ins":88836,"nbv":194,"dG":-10.389,"dCD":-5.574,"dED":18.174,"dAB":1.966,"af":36.63}},{"type":"Feature","geometry":{"type":"Polygon","coordinates":[[[1.885,49.5754],[1.9055,49.5853],[1.907,49.5973],[1.9429,49.6097],[1.9391,49.6238],[1.9622,49.6354],[1.9794,49.6207],[2.0299,49.6403],[2.0604,49.6657],[2.1017,49.6656],[2.1518,49.7022],[2.2431,49.7022],[2.3003,49.6815],[2.3154,49.69],[2.3491,49.6623],[2.3875,49.6559],[2.4126,49.663],[2.4459,49.6521],[2.4766,49.6223],[2.5052,49.6396],[2.5465,49.6167],[2.5671,49.618],[2.5635,49.6062],[2.5716,49.5986],[2.5932,49.6123],[2.626,49.6109],[2.6303,49.5802],[2.6571,49.5606],[2.6564,49.5458],[2.6412,49.5328],[2.6488,49.519],[2.6381,49.4971],[2.6571,49.4908],[2.6627,49.4748],[2.6543,49.4557],[2.6254,49.432],[2.5784,49.4418],[2.569,49.4308],[2.5065,49.4279],[2.4948,49.4396],[2.4575,49.4372],[2.4484,49.4552],[2.4217,49.4599],[2.3983,49.4558],[2.3954,49.4438],[2.3761,49.4442],[2.3513,49.4713],[2.3084,49.4798],[2.3029,49.4636],[2.2687,49.4554],[2.2807,49.4344],[2.2798,49.3889],[2.2397,49.3664],[2.1889,49.3947],[2.1664,49.3945],[2.1415,49.421],[2.1089,49.4177],[2.0346,49.4359],[2.0363,49.4536],[2.0073,49.4634],[1.9593,49.4468],[1.9338,49.4529],[1.9257,49.4721],[1.941,49.4822],[1.93,49.494],[1.9454,49.5099],[1.9419,49.5428],[1.9285,49.5617],[1.885,49.5754]]]},"properties":{"id":"60-01","nm":"Beauvais","dept":"60","ins":82738,"nbv":185,"dG":-11.726,"dCD":3.609,"dED":9.76,"dAB":1.491,"af":34.87}},{"type":"Feature","geometry":{"type":"Polygon","coordinates":[[[2.3695,49.1663],[2.3709,49.1854],[2.3913,49.2043],[2.4168,49.2068],[2.4554,49.2499],[2.4873,49.2372],[2.5077,49.2417],[2.5106,49.2535],[2.4956,49.2746],[2.5224,49.2983],[2.6013,49.3104],[2.6078,49.3387],[2.6304,49.3268],[2.7199,49.3109],[2.7464,49.3433],[2.7575,49.3427],[2.7566,49.3249],[2.7736,49.323],[2.7569,49.3082],[2.7451,49.2721],[2.7458,49.2592],[2.7598,49.2505],[2.7513,49.2374],[2.7597,49.2244],[2.7904,49.2267],[2.7929,49.1988],[2.822,49.181],[2.8942,49.1986],[2.901,49.2132],[2.9506,49.2375],[2.9644,49.2319],[2.9751,49.1867],[2.9877,49.1883],[2.9944,49.2095],[3.0149,49.2168],[3.0651,49.2049],[3.0889,49.1877],[3.1011,49.1979],[3.1172,49.1895],[3.1211,49.1629],[3.1483,49.161],[3.1111,49.1317],[3.0752,49.1207],[3.0561,49.1013],[3.0661,49.0852],[3.0004,49.0888],[2.9868,49.0709],[2.9631,49.0889],[2.9415,49.0773],[2.9037,49.0845],[2.8563,49.0701],[2.8469,49.084],[2.8075,49.0967],[2.7898,49.0902],[2.7871,49.0755],[2.7348,49.0605],[2.7259,49.0766],[2.7062,49.0653],[2.6897,49.0676],[2.6906,49.0781],[2.6507,49.1005],[2.6307,49.1025],[2.5836,49.0798],[2.5475,49.1163],[2.5337,49.1155],[2.5313,49.0995],[2.4901,49.1063],[2.4943,49.1236],[2.4569,49.1398],[2.4355,49.1341],[2.4347,49.1466],[2.3912,49.1493],[2.3695,49.1663]]]},"properties":{"id":"60-04","nm":"Senlis","dept":"60","ins":93744,"nbv":126,"dG":-13.9,"dCD":7.536,"dED":7.967,"dAB":-0.796,"af":37.14}},{"type":"Feature","geometry":{"type":"Polygon","coordinates":[[[2.2512,49.3309],[2.2787,49.372],[2.2726,49.4004],[2.2797,49.4335],[2.2612,49.4586],[2.297,49.4642],[2.2994,49.4749],[2.3245,49.4822],[2.3571,49.4719],[2.3581,49.4599],[2.3766,49.4448],[2.4211,49.4602],[2.4556,49.4591],[2.4593,49.441],[2.4924,49.4406],[2.5096,49.4288],[2.5276,49.4357],[2.5654,49.4308],[2.5747,49.4424],[2.6051,49.4394],[2.6178,49.3994],[2.6481,49.3954],[2.6369,49.3618],[2.6471,49.3565],[2.6332,49.3491],[2.6335,49.3349],[2.6049,49.3339],[2.604,49.3105],[2.5269,49.3],[2.4742,49.2534],[2.4561,49.2506],[2.455,49.2655],[2.4072,49.2964],[2.3667,49.2836],[2.3301,49.3075],[2.2843,49.3037],[2.2512,49.3309]]]},"properties":{"id":"60-07","nm":"Nogent-Sur-Oise","dept":"60","ins":76106,"nbv":99,"dG":-2.743,"dCD":-2.034,"dED":6.083,"dAB":2.96,"af":38.49}},{"type":"Feature","geometry":{"type":"Polygon","coordinates":[[[1.9616,49.1871],[1.9884,49.2015],[1.9885,49.2125],[1.9788,49.2157],[1.9918,49.2386],[2.0323,49.2534],[1.9948,49.275],[1.9795,49.2698],[1.9867,49.2947],[2.0131,49.3151],[2.0458,49.2899],[2.0906,49.3108],[2.1003,49.2869],[2.1524,49.2798],[2.1737,49.2699],[2.1847,49.2497],[2.2309,49.2544],[2.2369,49.2674],[2.249,49.2695],[2.2458,49.2783],[2.2813,49.3057],[2.3317,49.3085],[2.366,49.285],[2.4087,49.2962],[2.4649,49.26],[2.4979,49.274],[2.5148,49.2429],[2.4875,49.2368],[2.4518,49.2429],[2.4205,49.2085],[2.393,49.2039],[2.3723,49.1835],[2.3733,49.1594],[2.3593,49.1473],[2.3126,49.1864],[2.2865,49.1599],[2.2413,49.1516],[2.2169,49.1539],[2.229,49.1678],[2.22,49.1776],[2.1694,49.1639],[2.1492,49.1857],[2.1365,49.179],[2.1315,49.1924],[2.0976,49.1892],[2.0868,49.2072],[1.9991,49.1754],[1.9616,49.1871]]]},"properties":{"id":"60-03","nm":"Creil","dept":"60","ins":74495,"nbv":87,"dG":1.412,"dCD":-8.881,"dED":8.845,"dAB":7.552,"af":40.69}},{"type":"Feature","geometry":{"type":"Polygon","coordinates":[[[2.6387,49.4933],[2.6416,49.5355],[2.6542,49.5496],[2.6447,49.5635],[2.6699,49.5805],[2.6697,49.6001],[2.6887,49.6254],[2.7388,49.6272],[2.7878,49.6132],[2.7976,49.6217],[2.7892,49.6402],[2.7969,49.6606],[2.8445,49.6617],[2.8572,49.6837],[2.8773,49.6879],[2.8663,49.7026],[2.8833,49.714],[2.8943,49.699],[2.9135,49.7097],[2.9425,49.6797],[2.9485,49.6942],[2.9894,49.7084],[3.0261,49.6812],[3.0405,49.697],[3.0557,49.6969],[3.0528,49.7138],[3.0834,49.7127],[3.0897,49.7016],[3.1183,49.706],[3.1264,49.6967],[3.1195,49.6828],[3.1278,49.6619],[3.1094,49.6635],[3.1128,49.6313],[3.099,49.6213],[3.1407,49.5751],[3.1269,49.5693],[3.1337,49.5596],[3.1228,49.5197],[3.0778,49.5171],[3.0362,49.4954],[3.0352,49.4831],[2.9774,49.4871],[2.9701,49.4702],[2.9325,49.4461],[2.9223,49.4243],[2.9301,49.4138],[2.8882,49.3895],[2.8924,49.3682],[2.8574,49.3676],[2.846,49.3897],[2.8055,49.4241],[2.7612,49.4372],[2.6891,49.4838],[2.6387,49.4933]]]},"properties":{"id":"60-06","nm":"Compiègne","dept":"60","ins":75808,"nbv":141,"dG":-11.128,"dCD":-0.36,"dED":14.29,"dAB":1.326,"af":35.75}},{"type":"Feature","geometry":{"type":"MultiPolygon","coordinates":[[[[2.5994,49.4277],[2.6035,49.437],[2.6269,49.4338],[2.6551,49.458],[2.6574,49.4795],[2.6708,49.4898],[2.834,49.4067],[2.8579,49.3686],[2.8854,49.3682],[2.8853,49.3901],[2.9198,49.404],[2.9187,49.4246],[2.9295,49.4418],[2.9415,49.4589],[2.9694,49.4704],[2.976,49.4892],[2.9919,49.493],[3.0095,49.481],[3.0403,49.4989],[3.0561,49.4977],[3.0895,49.5218],[3.1218,49.4938],[3.1244,49.4801],[3.1125,49.4678],[3.1658,49.4472],[3.1314,49.4316],[3.0953,49.4346],[3.095,49.3765],[3.0806,49.3736],[3.0751,49.3491],[3.0441,49.329],[3.0032,49.3405],[2.9686,49.3226],[2.9973,49.2916],[3.0375,49.2863],[3.028,49.2597],[3.0341,49.2379],[3.0484,49.2276],[3.021,49.2162],[3.0077,49.2221],[2.9902,49.2107],[2.9827,49.2171],[3.0039,49.2217],[3.007,49.2334],[2.9482,49.2369],[2.8796,49.1898],[2.85,49.1894],[2.8357,49.1775],[2.7912,49.1962],[2.7857,49.2259],[2.7574,49.2251],[2.7496,49.2336],[2.7551,49.2525],[2.7388,49.2627],[2.7392,49.2757],[2.7533,49.2885],[2.7547,49.3127],[2.7661,49.3113],[2.7698,49.3226],[2.7555,49.322],[2.7443,49.3374],[2.7255,49.3126],[2.6296,49.3258],[2.6245,49.332],[2.6427,49.3799],[2.6226,49.3916],[2.5994,49.4277]]],[[[2.8429,49.4231],[2.8379,49.4275],[2.8445,49.4231],[2.8429,49.4231]]]]},"properties":{"id":"60-05","nm":"Compiègne","dept":"60","ins":73645,"nbv":104,"dG":-8.609,"dCD":2.153,"dED":8.995,"dAB":1.316,"af":37.48}},{"type":"Feature","geometry":{"type":"Polygon","coordinates":[[[-0.8605,48.5025],[-0.8139,48.5453],[-0.7759,48.5616],[-0.77,48.5897],[-0.7526,48.601],[-0.7528,48.6267],[-0.7631,48.6314],[-0.7731,48.6579],[-0.7428,48.681],[-0.7191,48.6651],[-0.6994,48.6924],[-0.661,48.6834],[-0.6572,48.7065],[-0.5865,48.6897],[-0.6041,48.6686],[-0.5805,48.6503],[-0.5779,48.6353],[-0.5498,48.6204],[-0.5198,48.6429],[-0.4795,48.6165],[-0.4249,48.6433],[-0.3666,48.6449],[-0.3529,48.6625],[-0.3259,48.6655],[-0.3169,48.6765],[-0.3039,48.6667],[-0.3556,48.6338],[-0.3555,48.6245],[-0.3222,48.6246],[-0.2866,48.6418],[-0.268,48.612],[-0.2578,48.6192],[-0.2003,48.6129],[-0.184,48.6279],[-0.1531,48.6392],[-0.1452,48.6338],[-0.1319,48.6461],[-0.1239,48.6452],[-0.1267,48.6263],[-0.1029,48.6108],[-0.0811,48.606],[-0.0609,48.6163],[-0.0361,48.615],[-0.0202,48.5929],[-0.0015,48.6099],[0.0214,48.615],[0.0352,48.6047],[0.0553,48.6169],[0.0828,48.6066],[0.1013,48.6341],[0.1197,48.6392],[0.1012,48.6558],[0.1013,48.6701],[0.1482,48.6585],[0.1712,48.6689],[0.2039,48.6651],[0.211,48.675],[0.2575,48.6882],[0.2808,48.6673],[0.3691,48.6775],[0.4018,48.6465],[0.4158,48.6481],[0.4227,48.6348],[0.4524,48.6226],[0.4214,48.6005],[0.4195,48.5701],[0.433,48.5474],[0.4086,48.5192],[0.3495,48.5063],[0.3147,48.4732],[0.2658,48.4837],[0.1743,48.4644],[0.1736,48.4508],[0.1609,48.4502],[0.1531,48.4379],[0.1151,48.4355],[0.0999,48.4102],[0.0671,48.4055],[0.0557,48.3924],[0.0619,48.3804],[0.0205,48.3803],[-0.003,48.3948],[-0.05,48.3752],[-0.0579,48.3875],[-0.0515,48.4508],[-0.0671,48.4571],[-0.1084,48.448],[-0.1498,48.46],[-0.1566,48.4954],[-0.1732,48.5098],[-0.147,48.5282],[-0.2073,48.5631],[-0.2443,48.5656],[-0.2544,48.5489],[-0.2409,48.5369],[-0.2665,48.5234],[-0.2715,48.5074],[-0.3209,48.5218],[-0.3372,48.5008],[-0.3515,48.4988],[-0.3536,48.4838],[-0.3987,48.5084],[-0.4485,48.5153],[-0.4738,48.5032],[-0.5104,48.5075],[-0.5515,48.4733],[-0.5959,48.4712],[-0.6513,48.4439],[-0.6718,48.4833],[-0.6817,48.4709],[-0.7284,48.4724],[-0.7331,48.4615],[-0.7148,48.4491],[-0.7647,48.4378],[-0.7798,48.4461],[-0.7811,48.4642],[-0.8125,48.455],[-0.8201,48.4732],[-0.8605,48.5025]]]},"properties":{"id":"61-01","nm":"Alençon","dept":"61","ins":67262,"nbv":153,"dG":-4.471,"dCD":2.222,"dED":2.411,"dAB":-1.697,"af":34.07}},{"type":"Feature","geometry":{"type":"MultiPolygon","coordinates":[[[[-0.8522,48.7456],[-0.8208,48.7534],[-0.7797,48.7865],[-0.7132,48.8006],[-0.691,48.8189],[-0.7057,48.8379],[-0.6932,48.8475],[-0.6436,48.8411],[-0.6373,48.8271],[-0.5806,48.838],[-0.5701,48.8306],[-0.5488,48.848],[-0.5045,48.8471],[-0.4631,48.8715],[-0.4325,48.875],[-0.4075,48.8708],[-0.388,48.8475],[-0.3603,48.8481],[-0.3636,48.8325],[-0.3478,48.8233],[-0.33,48.8361],[-0.3357,48.8461],[-0.3286,48.8577],[-0.3058,48.8583],[-0.2149,48.8407],[-0.205,48.8468],[-0.153,48.8211],[-0.1246,48.8478],[-0.1147,48.8405],[-0.0671,48.8429],[-0.0236,48.878],[0.0523,48.8997],[0.0636,48.9167],[0.0833,48.9193],[0.0939,48.8918],[0.1077,48.8927],[0.1247,48.8706],[0.1662,48.8728],[0.1442,48.8592],[0.1459,48.8495],[0.16,48.8473],[0.1835,48.865],[0.1959,48.8537],[0.2252,48.8516],[0.2126,48.83],[0.2102,48.7998],[0.2547,48.7809],[0.2559,48.769],[0.2131,48.7291],[0.1961,48.7289],[0.1704,48.6993],[0.1854,48.6865],[0.2282,48.6811],[0.2201,48.6712],[0.1837,48.6628],[0.1694,48.6683],[0.1627,48.6568],[0.1473,48.654],[0.1211,48.6644],[0.1094,48.6554],[0.123,48.6426],[0.1135,48.6311],[0.0997,48.6317],[0.0805,48.6054],[0.0558,48.6159],[0.0393,48.6039],[0.0186,48.6143],[-0.0204,48.5924],[-0.0358,48.6146],[-0.0659,48.6146],[-0.0836,48.6021],[-0.1047,48.6103],[-0.1299,48.6291],[-0.1299,48.6432],[-0.1832,48.6282],[-0.1987,48.6129],[-0.2226,48.608],[-0.2563,48.6184],[-0.2781,48.6022],[-0.2746,48.6254],[-0.2869,48.6373],[-0.3194,48.6242],[-0.364,48.6279],[-0.3137,48.6541],[-0.3059,48.667],[-0.3146,48.675],[-0.3512,48.6609],[-0.3653,48.645],[-0.4323,48.6402],[-0.4808,48.6154],[-0.5177,48.6402],[-0.5489,48.6194],[-0.5862,48.6404],[-0.5832,48.65],[-0.6077,48.6685],[-0.5935,48.6852],[-0.5967,48.6929],[-0.6476,48.7046],[-0.6586,48.6832],[-0.6991,48.6907],[-0.7203,48.6619],[-0.739,48.6864],[-0.8045,48.7138],[-0.8205,48.7324],[-0.851,48.7322],[-0.8522,48.7456]]],[[[0.2241,48.6492],[0.2362,48.6586],[0.2451,48.6515],[0.2295,48.6437],[0.2241,48.6492]]],[[[0.1749,48.645],[0.1834,48.6491],[0.1835,48.6491],[0.182,48.6398],[0.1749,48.645]]],[[[0.0353,48.5711],[0.0442,48.5906],[0.0514,48.5963],[0.0493,48.5819],[0.0353,48.5711]]]]},"properties":{"id":"61-03","nm":"Flers","dept":"61","ins":70653,"nbv":173,"dG":-12.323,"dCD":13.904,"dED":-0.992,"dAB":-2.814,"af":33.42}},{"type":"Feature","geometry":{"type":"Polygon","coordinates":[[[0.0636,48.9167],[0.0811,48.9384],[0.0993,48.9353],[0.1269,48.9521],[0.1433,48.9452],[0.1562,48.9247],[0.1927,48.9425],[0.2337,48.94],[0.2464,48.9602],[0.2637,48.9648],[0.2803,48.9632],[0.2849,48.9492],[0.3085,48.9544],[0.3337,48.9429],[0.3584,48.9508],[0.3775,48.9725],[0.4063,48.9632],[0.4121,48.9463],[0.3877,48.9135],[0.4212,48.8987],[0.4223,48.8872],[0.4501,48.8909],[0.5453,48.8754],[0.578,48.8937],[0.5955,48.888],[0.5976,48.875],[0.6154,48.8775],[0.606,48.8609],[0.6362,48.8544],[0.6199,48.8463],[0.616,48.8285],[0.7594,48.7675],[0.7532,48.7579],[0.775,48.7374],[0.7389,48.7058],[0.7665,48.6966],[0.7711,48.6694],[0.8148,48.6702],[0.8317,48.6334],[0.82,48.6141],[0.8471,48.6097],[0.8525,48.5817],[0.9257,48.5599],[0.9389,48.5502],[0.9309,48.5349],[0.9674,48.5238],[0.9515,48.5002],[0.9564,48.4824],[0.9372,48.4731],[0.957,48.4439],[0.9765,48.4411],[0.9452,48.4155],[0.9504,48.3995],[0.8835,48.3565],[0.7891,48.3416],[0.7702,48.3227],[0.7663,48.3033],[0.8076,48.2898],[0.7876,48.2704],[0.8306,48.2107],[0.7584,48.1799],[0.722,48.2001],[0.6785,48.2559],[0.6524,48.2638],[0.6369,48.2572],[0.6385,48.2355],[0.6238,48.2449],[0.536,48.2497],[0.5322,48.2643],[0.513,48.2667],[0.4936,48.2855],[0.5026,48.2958],[0.4938,48.3064],[0.4805,48.2985],[0.4312,48.3067],[0.4193,48.3205],[0.406,48.3148],[0.3835,48.3328],[0.3715,48.4108],[0.3816,48.425],[0.3552,48.4593],[0.3148,48.4732],[0.3375,48.489],[0.3429,48.5061],[0.3938,48.5134],[0.428,48.543],[0.4187,48.5667],[0.421,48.6015],[0.4483,48.6249],[0.4168,48.6321],[0.3776,48.6715],[0.3627,48.6627],[0.3553,48.6805],[0.3096,48.6688],[0.2959,48.674],[0.2871,48.6596],[0.2551,48.6887],[0.2288,48.6809],[0.1706,48.6912],[0.1902,48.7293],[0.2112,48.7292],[0.2358,48.7456],[0.2365,48.7604],[0.2538,48.7686],[0.2545,48.7793],[0.2098,48.7993],[0.2148,48.8477],[0.184,48.8605],[0.159,48.8468],[0.1442,48.8498],[0.1467,48.8705],[0.1273,48.8699],[0.1097,48.8794],[0.107,48.8913],[0.0907,48.8866],[0.088,48.9156],[0.0636,48.9167]]]},"properties":{"id":"61-02","nm":"L'Aigle","dept":"61","ins":64536,"nbv":203,"dG":-15.667,"dCD":8.572,"dED":6.868,"dAB":-3.554,"af":34.23}},{"type":"Feature","geometry":{"type":"Polygon","coordinates":[[[2.6394,50.3384],[2.6523,50.3667],[2.6441,50.3867],[2.6637,50.3989],[2.6669,50.4135],[2.7458,50.4049],[2.7588,50.3964],[2.7898,50.4061],[2.801,50.3929],[2.8535,50.3807],[2.8888,50.3923],[2.9281,50.3807],[2.9945,50.3825],[3.0097,50.3627],[2.9964,50.351],[2.9313,50.348],[2.914,50.3393],[2.9155,50.3253],[2.8875,50.3096],[2.8857,50.2972],[2.8981,50.2884],[2.8327,50.2651],[2.8425,50.2432],[2.8132,50.2307],[2.7957,50.2478],[2.7217,50.232],[2.6843,50.2549],[2.6911,50.2686],[2.6792,50.287],[2.6663,50.2902],[2.6594,50.3273],[2.6394,50.3384]]]},"properties":{"id":"62-02","nm":"Arras","dept":"62","ins":88596,"nbv":111,"dG":-6.28,"dCD":3.324,"dED":6.1,"dAB":-2.076,"af":32.84}},{"type":"Feature","geometry":{"type":"Polygon","coordinates":[[[1.9932,50.2776],[2.003,50.2956],[2.0418,50.278],[2.0599,50.2902],[2.0476,50.3103],[2.0795,50.3085],[2.1106,50.3243],[2.1393,50.3082],[2.1302,50.2954],[2.137,50.2859],[2.1595,50.288],[2.176,50.3125],[2.2047,50.3246],[2.1843,50.3436],[2.1813,50.3696],[2.1839,50.3885],[2.2016,50.3977],[2.1936,50.4177],[2.2011,50.4248],[2.2151,50.4161],[2.2407,50.4229],[2.2551,50.4151],[2.3021,50.4321],[2.4141,50.4188],[2.4362,50.4591],[2.4526,50.4592],[2.4748,50.4411],[2.4927,50.445],[2.5203,50.4295],[2.5546,50.3877],[2.645,50.3859],[2.6572,50.368],[2.642,50.3366],[2.6634,50.3265],[2.6731,50.2893],[2.6947,50.2845],[2.6869,50.2783],[2.6965,50.2709],[2.6927,50.2522],[2.7221,50.2341],[2.7968,50.2496],[2.8108,50.2337],[2.8325,50.2366],[2.8389,50.2457],[2.8274,50.2672],[2.8874,50.2833],[2.8814,50.3022],[2.913,50.3227],[2.9086,50.3374],[2.9325,50.3492],[2.9966,50.3525],[3.0065,50.3612],[3.0469,50.3457],[3.0843,50.3112],[3.0537,50.2986],[3.0575,50.2764],[3.1336,50.2662],[3.1882,50.2288],[3.1787,50.2191],[3.141,50.2169],[3.1358,50.2007],[3.158,50.1841],[3.1375,50.1667],[3.1087,50.1636],[3.1169,50.1476],[3.1359,50.1438],[3.1,50.1244],[3.1141,50.0926],[3.0894,50.0652],[3.0865,50.0475],[3.0139,50.0587],[2.9718,50.0416],[2.9484,50.053],[2.8637,50.0199],[2.8495,50.0294],[2.8761,50.0436],[2.8511,50.0761],[2.7887,50.0452],[2.7531,50.0385],[2.7425,50.0482],[2.7605,50.0595],[2.7781,50.09],[2.7778,50.1087],[2.7294,50.1259],[2.7103,50.1248],[2.7141,50.1099],[2.7016,50.1008],[2.7185,50.0886],[2.7037,50.0807],[2.6897,50.0929],[2.576,50.1134],[2.5694,50.1204],[2.5765,50.1344],[2.5547,50.1411],[2.5334,50.114],[2.5128,50.1405],[2.4576,50.1307],[2.4291,50.0884],[2.3756,50.1096],[2.3825,50.1395],[2.3925,50.1454],[2.389,50.1549],[2.4197,50.1759],[2.4932,50.1953],[2.4508,50.2293],[2.4055,50.2335],[2.3589,50.2063],[2.3303,50.2385],[2.3227,50.2329],[2.3314,50.2225],[2.3272,50.2132],[2.3183,50.2193],[2.2988,50.2119],[2.2693,50.2277],[2.2462,50.2111],[2.2216,50.209],[2.2131,50.2184],[2.174,50.2087],[2.1479,50.1913],[2.1226,50.2106],[2.0859,50.201],[2.0837,50.2169],[2.0634,50.2346],[2.0711,50.2518],[1.9932,50.2776]],[[3.0023,50.1475],[3.0033,50.1191],[3.0142,50.1136],[3.0371,50.1305],[3.0674,50.1301],[3.068,50.1474],[3.0891,50.1578],[3.0904,50.1677],[3.0651,50.1727],[3.0414,50.1611],[3.0405,50.1517],[3.0023,50.1475]]]},"properties":{"id":"62-01","nm":"Vitry-En-Artois","dept":"62","ins":104632,"nbv":310,"dG":-13.134,"dCD":-2.655,"dED":19.216,"dAB":-0.879,"af":32.19}},{"type":"Feature","geometry":{"type":"Polygon","coordinates":[[[1.5781,50.8529],[1.5811,50.87],[1.6369,50.8769],[1.693,50.9154],[1.7646,50.8793],[1.7965,50.8892],[1.8179,50.8756],[1.8595,50.9069],[1.8512,50.9213],[1.8744,50.9126],[1.8845,50.893],[1.9244,50.8793],[1.9581,50.8802],[1.9872,50.907],[2.021,50.8436],[2.0406,50.8338],[2.111,50.849],[2.1291,50.8704],[2.1459,50.8431],[2.202,50.8431],[2.2115,50.8198],[2.1327,50.7904],[2.1342,50.7794],[2.1029,50.7586],[2.1264,50.7497],[2.167,50.7696],[2.1829,50.7621],[2.1898,50.7359],[2.2141,50.7268],[2.2094,50.7169],[2.2301,50.7036],[2.2251,50.6901],[2.2344,50.6726],[2.2131,50.6536],[2.2478,50.6361],[2.2361,50.6124],[2.275,50.6253],[2.2987,50.6191],[2.308,50.5902],[2.3243,50.5799],[2.3177,50.5515],[2.3326,50.5384],[2.3536,50.5394],[2.3587,50.5497],[2.3918,50.5107],[2.4335,50.5123],[2.4486,50.4939],[2.4271,50.4801],[2.4381,50.4508],[2.4133,50.4183],[2.3034,50.4309],[2.2657,50.4157],[2.2007,50.4186],[2.1593,50.4553],[2.2235,50.468],[2.2165,50.4866],[2.1928,50.4979],[2.1946,50.5235],[2.214,50.5383],[2.1924,50.5488],[2.1931,50.559],[2.1484,50.5636],[2.0775,50.5513],[2.0344,50.5917],[2.0068,50.6024],[2.0251,50.6161],[2.0198,50.6288],[1.9995,50.6366],[1.9675,50.6316],[1.89,50.6524],[1.8829,50.6348],[1.8007,50.6334],[1.7761,50.6613],[1.7589,50.6645],[1.7579,50.6751],[1.738,50.6843],[1.7486,50.6909],[1.7435,50.7023],[1.751,50.7123],[1.7373,50.7512],[1.6941,50.7702],[1.6531,50.762],[1.6581,50.8018],[1.6011,50.8056],[1.5781,50.8529]]]},"properties":{"id":"62-06","nm":"Guînes","dept":"62","ins":94643,"nbv":193,"dG":-16.409,"dCD":3.834,"dED":15.007,"dAB":-1.348,"af":29.75}},{"type":"Feature","geometry":{"type":"Polygon","coordinates":[[[2.0728,50.7502],[2.1209,50.77],[2.1181,50.7813],[2.1511,50.7987],[2.2123,50.8186],[2.2688,50.7832],[2.3126,50.7872],[2.3579,50.776],[2.3754,50.7843],[2.4058,50.7705],[2.4075,50.7623],[2.3681,50.7542],[2.3408,50.7323],[2.3878,50.6988],[2.3688,50.6866],[2.3752,50.6732],[2.4034,50.6817],[2.4291,50.6573],[2.466,50.646],[2.4731,50.6295],[2.4908,50.6243],[2.4729,50.598],[2.4812,50.5902],[2.4574,50.5849],[2.4581,50.5595],[2.4356,50.5447],[2.4435,50.5361],[2.4622,50.5472],[2.4842,50.5366],[2.476,50.5295],[2.4798,50.5208],[2.5088,50.5177],[2.486,50.4979],[2.4486,50.4939],[2.4127,50.5165],[2.3906,50.5106],[2.3705,50.5407],[2.3344,50.5364],[2.3165,50.5501],[2.3232,50.582],[2.3042,50.5881],[2.2912,50.6193],[2.2727,50.6252],[2.2404,50.6063],[2.2259,50.6457],[2.2026,50.6476],[2.2321,50.6801],[2.2164,50.7108],[2.1991,50.721],[2.2066,50.7316],[2.1902,50.7334],[2.1782,50.7612],[2.1677,50.7675],[2.1146,50.7479],[2.1014,50.7577],[2.0728,50.7502]]]},"properties":{"id":"62-08","nm":"Saint-Omer","dept":"62","ins":92388,"nbv":117,"dG":3.924,"dCD":-13.636,"dED":11.406,"dAB":1.666,"af":33.88}},{"type":"Feature","geometry":{"type":"Polygon","coordinates":[[[1.5561,50.3975],[1.5815,50.533],[1.6046,50.5421],[1.5806,50.5642],[1.5779,50.5813],[1.6275,50.5817],[1.6456,50.597],[1.6561,50.59],[1.7674,50.5915],[1.7901,50.6139],[1.8353,50.6063],[1.881,50.6294],[1.8847,50.6523],[1.9401,50.6439],[1.9482,50.6346],[1.996,50.6394],[2.0211,50.6293],[2.0308,50.62],[2.0208,50.5997],[2.0333,50.601],[2.0422,50.5776],[2.0777,50.5522],[2.1514,50.5656],[2.1915,50.5628],[2.2143,50.5454],[2.2135,50.5343],[2.1954,50.5223],[2.1936,50.4994],[2.2211,50.4858],[2.2284,50.4673],[2.1681,50.4566],[2.1694,50.4433],[2.1906,50.435],[2.2107,50.4001],[2.1882,50.3873],[2.1829,50.3669],[2.1887,50.3391],[2.2073,50.3277],[2.1642,50.3022],[2.1633,50.2871],[2.1395,50.2837],[2.1283,50.2918],[2.1308,50.3066],[2.111,50.3213],[2.0817,50.3088],[2.0585,50.3113],[2.062,50.2869],[2.0397,50.2773],[2.0072,50.2864],[1.993,50.2758],[1.9316,50.2992],[1.9613,50.3167],[1.9495,50.331],[1.9183,50.3118],[1.899,50.3133],[1.8724,50.3245],[1.8706,50.335],[1.804,50.3596],[1.7643,50.3611],[1.6623,50.3315],[1.6261,50.3712],[1.579,50.3775],[1.5716,50.3928],[1.5561,50.3975]]]},"properties":{"id":"62-04","nm":"Berck","dept":"62","ins":89124,"nbv":201,"dG":-16.176,"dCD":9.695,"dED":8.036,"dAB":-2.3,"af":32.87}},{"type":"Feature","geometry":{"type":"Polygon","coordinates":[[[2.4241,50.4808],[2.4554,50.4967],[2.4835,50.4972],[2.4899,50.5103],[2.508,50.5147],[2.5311,50.4983],[2.5435,50.5132],[2.5981,50.516],[2.6092,50.5042],[2.6275,50.5122],[2.6356,50.4942],[2.6651,50.4894],[2.6722,50.4998],[2.6578,50.5321],[2.6971,50.5634],[2.711,50.5428],[2.7228,50.5422],[2.7257,50.5244],[2.7088,50.4826],[2.6904,50.4665],[2.7055,50.4525],[2.7037,50.4362],[2.7401,50.4298],[2.7396,50.4121],[2.726,50.4024],[2.6775,50.407],[2.6438,50.3864],[2.5552,50.3868],[2.5336,50.4113],[2.521,50.4135],[2.5182,50.427],[2.4528,50.4519],[2.4269,50.4679],[2.4241,50.4808]]]},"properties":{"id":"62-10","nm":"Bruay-La-Buissière","dept":"62","ins":89095,"nbv":110,"dG":-11.75,"dCD":-12.912,"dED":28.183,"dAB":7.089,"af":41.41}},{"type":"Feature","geometry":{"type":"MultiPolygon","coordinates":[[[[2.4355,50.5374],[2.4356,50.551],[2.4555,50.5621],[2.4422,50.5828],[2.4631,50.587],[2.4867,50.6182],[2.4676,50.634],[2.4758,50.6385],[2.4973,50.6311],[2.533,50.6435],[2.5508,50.6259],[2.5914,50.6383],[2.6145,50.6349],[2.6337,50.6184],[2.6716,50.6258],[2.6745,50.6379],[2.7235,50.6269],[2.7229,50.6033],[2.744,50.6037],[2.7252,50.5833],[2.7388,50.5684],[2.7109,50.5519],[2.6945,50.562],[2.6617,50.5327],[2.6612,50.5173],[2.6756,50.507],[2.6649,50.4879],[2.6311,50.497],[2.6276,50.5092],[2.6134,50.5032],[2.5937,50.5158],[2.5484,50.5108],[2.5306,50.4981],[2.4996,50.5239],[2.4729,50.5203],[2.4786,50.537],[2.4665,50.5454],[2.4355,50.5374]]],[[[2.7487,50.6069],[2.7525,50.6278],[2.774,50.637],[2.7588,50.6508],[2.7731,50.665],[2.8098,50.6691],[2.8696,50.6312],[2.8404,50.6275],[2.7949,50.5905],[2.8165,50.5643],[2.8155,50.5504],[2.7929,50.5513],[2.7487,50.6069]]]]},"properties":{"id":"62-09","nm":"Béthune","dept":"62","ins":80762,"nbv":87,"dG":-11.539,"dCD":-0.039,"dED":13.814,"dAB":0.442,"af":35.4}},{"type":"Feature","geometry":{"type":"Polygon","coordinates":[[[2.6863,50.4677],[2.7077,50.4874],[2.7132,50.5189],[2.7234,50.5249],[2.7201,50.5393],[2.7052,50.5471],[2.7329,50.5686],[2.7174,50.5825],[2.726,50.6141],[2.7515,50.607],[2.8047,50.5279],[2.8869,50.5378],[2.8823,50.5105],[2.9147,50.4944],[2.841,50.4482],[2.7776,50.4767],[2.7587,50.4533],[2.7605,50.442],[2.7867,50.4416],[2.8031,50.4237],[2.8231,50.4198],[2.7661,50.3973],[2.7341,50.4062],[2.7317,50.4281],[2.7042,50.4355],[2.6863,50.4677]]]},"properties":{"id":"62-12","nm":"Liévin","dept":"62","ins":94391,"nbv":107,"dG":-4.964,"dCD":-16.057,"dED":24.382,"dAB":8.189,"af":40.22}},{"type":"Feature","geometry":{"type":"Polygon","coordinates":[[[2.7562,50.4538],[2.7796,50.4794],[2.8119,50.4726],[2.8165,50.4578],[2.8429,50.4492],[2.8813,50.4733],[2.8828,50.489],[2.8957,50.4825],[2.9183,50.4889],[2.9247,50.4829],[2.914,50.4702],[2.9422,50.4637],[2.9189,50.4468],[2.9261,50.4381],[2.9227,50.4066],[2.8871,50.4118],[2.8842,50.3982],[2.8625,50.4006],[2.8499,50.3826],[2.801,50.3923],[2.7896,50.4042],[2.8051,50.4218],[2.7866,50.4411],[2.7578,50.4399],[2.7562,50.4538]]]},"properties":{"id":"62-03","nm":"Lens","dept":"62","ins":83041,"nbv":88,"dG":3.767,"dCD":-20.206,"dED":19.285,"dAB":9.567,"af":42.06}},{"type":"Feature","geometry":{"type":"Polygon","coordinates":[[[1.6926,50.9156],[1.7405,50.9425],[1.8328,50.9633],[1.8409,50.9732],[1.8905,50.9733],[2.0921,51.0098],[2.1352,50.9647],[2.2037,50.8496],[2.1732,50.8375],[2.1404,50.8436],[2.1276,50.8672],[2.1085,50.8492],[2.0727,50.8451],[2.0272,50.822],[2.0333,50.8374],[2.0222,50.8425],[1.9865,50.9053],[1.9569,50.8784],[1.9265,50.8788],[1.8817,50.8938],[1.8794,50.9101],[1.8676,50.9142],[1.8157,50.8733],[1.7959,50.8887],[1.7637,50.8786],[1.7433,50.884],[1.6926,50.9156]]]},"properties":{"id":"62-07","nm":"Calais","dept":"62","ins":94659,"nbv":103,"dG":-13.756,"dCD":2.637,"dED":12.45,"dAB":6.883,"af":43.29}},{"type":"Feature","geometry":{"type":"Polygon","coordinates":[[[1.5608,50.6994],[1.5713,50.7142],[1.5628,50.7253],[1.592,50.7324],[1.6071,50.7651],[1.6023,50.8042],[1.6551,50.8054],[1.6673,50.789],[1.6557,50.7811],[1.6568,50.7636],[1.6729,50.7601],[1.6919,50.7701],[1.7385,50.7507],[1.7534,50.7198],[1.7455,50.681],[1.776,50.6635],[1.7967,50.6356],[1.8876,50.6317],[1.8302,50.6025],[1.7924,50.6151],[1.769,50.5917],[1.6454,50.5949],[1.6273,50.5811],[1.5778,50.5817],[1.5769,50.6393],[1.5608,50.6994]]]},"properties":{"id":"62-05","nm":"Boulogne-Sur-Mer","dept":"62","ins":88328,"nbv":111,"dG":3.212,"dCD":-9.465,"dED":9.188,"dAB":4.643,"af":39.25}},{"type":"Feature","geometry":{"type":"Polygon","coordinates":[[[2.85,50.3826],[2.8578,50.4061],[2.8761,50.4055],[2.8785,50.4177],[2.9212,50.4119],[2.9169,50.4471],[2.9371,50.4638],[2.9098,50.4688],[2.9156,50.4836],[2.9092,50.4991],[2.9383,50.5092],[2.9646,50.5127],[3.0259,50.4853],[3.0313,50.4806],[3.0141,50.4591],[3.0224,50.4438],[3.0668,50.4587],[3.0815,50.4439],[3.0681,50.4254],[3.041,50.4241],[3.0281,50.4088],[2.9925,50.401],[2.9949,50.3834],[2.9296,50.3792],[2.8834,50.3937],[2.8639,50.3807],[2.85,50.3826]]]},"properties":{"id":"62-11","nm":"Hénin-Beaumont","dept":"62","ins":93335,"nbv":97,"dG":-6.157,"dCD":-18.881,"dED":28.899,"dAB":9.225,"af":40.74}},{"type":"Feature","geometry":{"type":"Polygon","coordinates":[[[2.3881,45.8274],[2.4031,45.8387],[2.4289,45.8351],[2.4436,45.85],[2.4435,45.8662],[2.4703,45.8725],[2.4918,45.8652],[2.5022,45.8886],[2.5416,45.9031],[2.5443,45.9324],[2.5647,45.9468],[2.5632,45.9561],[2.6079,45.9691],[2.5932,45.9903],[2.6015,46.0342],[2.5704,46.0474],[2.5505,46.0858],[2.5473,46.1128],[2.5589,46.1383],[2.5666,46.143],[2.5903,46.1278],[2.6486,46.1211],[2.675,46.1592],[2.6748,46.1722],[2.721,46.1831],[2.7289,46.1955],[2.7209,46.212],[2.7326,46.2235],[2.8099,46.1967],[2.823,46.2227],[2.8192,46.2419],[2.8597,46.2565],[2.9459,46.2417],[2.935,46.2327],[2.9411,46.2245],[2.9128,46.2044],[2.9203,46.1756],[2.953,46.171],[2.9685,46.1256],[2.9938,46.1238],[3.0164,46.1034],[3.0652,46.1024],[3.0911,46.1142],[3.1016,46.0839],[3.1292,46.0714],[3.1735,46.0671],[3.2145,46.0749],[3.2416,46.0633],[3.3025,46.0659],[3.341,46.0483],[3.4196,46.0744],[3.4345,46.0614],[3.4595,46.0611],[3.472,46.0396],[3.4641,46.0151],[3.4774,46.0031],[3.3582,45.9695],[3.3547,45.9583],[3.3333,45.9544],[3.3281,45.9359],[3.2836,45.9346],[3.2794,45.9529],[3.1751,45.946],[3.1694,45.9353],[3.1778,45.9266],[3.1682,45.9104],[3.1841,45.8785],[3.1597,45.8678],[3.1549,45.8495],[3.0472,45.8408],[3.036,45.855],[3.0127,45.8534],[3.0104,45.835],[2.9813,45.842],[2.9616,45.8362],[2.9678,45.8163],[2.9286,45.7988],[2.8784,45.8119],[2.8518,45.7974],[2.8554,45.7768],[2.8319,45.7678],[2.7974,45.7764],[2.7976,45.7985],[2.7463,45.7936],[2.7149,45.7405],[2.6926,45.7233],[2.7014,45.7072],[2.7467,45.7011],[2.7172,45.6797],[2.7238,45.6453],[2.6754,45.6508],[2.6757,45.6396],[2.6538,45.6354],[2.649,45.6246],[2.5742,45.6052],[2.5306,45.5751],[2.5189,45.5544],[2.4903,45.5612],[2.4611,45.5962],[2.4778,45.6091],[2.4879,45.6425],[2.5189,45.6429],[2.5132,45.6713],[2.5248,45.6911],[2.5184,45.7099],[2.4865,45.7461],[2.4448,45.7582],[2.4238,45.7967],[2.3881,45.8274]]]},"properties":{"id":"63-02","nm":"Riom","dept":"63","ins":90283,"nbv":171,"dG":8.863,"dCD":-6.32,"dED":-0.196,"dAB":-6.506,"af":31.4}},{"type":"Feature","geometry":{"type":"Polygon","coordinates":[[[3.1553,45.851],[3.1568,45.8699],[3.1786,45.8823],[3.1673,45.9343],[3.183,45.9518],[3.2861,45.9535],[3.2884,45.9371],[3.3245,45.9354],[3.3319,45.9545],[3.352,45.9583],[3.3799,45.9818],[3.4278,45.9828],[3.4824,46.0143],[3.5359,46.0225],[3.5468,46.0135],[3.5922,46.0243],[3.6322,45.9653],[3.6768,45.958],[3.6932,45.9316],[3.7405,45.9084],[3.754,45.886],[3.729,45.8677],[3.7219,45.8137],[3.6948,45.7869],[3.7318,45.7745],[3.7389,45.7668],[3.7323,45.7522],[3.7436,45.7435],[3.7578,45.7469],[3.7809,45.7247],[3.7778,45.6909],[3.8245,45.6326],[3.8582,45.6251],[3.8819,45.6037],[3.9068,45.5976],[3.9545,45.5558],[3.9473,45.5432],[3.9637,45.5037],[3.9847,45.4954],[3.9684,45.4713],[3.9751,45.4483],[3.9006,45.4088],[3.8905,45.3933],[3.897,45.3564],[3.8371,45.3663],[3.8341,45.3803],[3.8057,45.3911],[3.7867,45.3739],[3.79,45.3539],[3.7747,45.3487],[3.6999,45.3595],[3.6777,45.3817],[3.6638,45.3615],[3.6186,45.3375],[3.5897,45.3575],[3.5724,45.3962],[3.5288,45.3989],[3.5076,45.4101],[3.4998,45.44],[3.4544,45.4478],[3.4674,45.4625],[3.5117,45.4676],[3.5139,45.5004],[3.4942,45.5344],[3.4425,45.549],[3.4468,45.5856],[3.4249,45.5986],[3.4345,45.6056],[3.4318,45.6171],[3.4076,45.6285],[3.3995,45.6682],[3.3841,45.6793],[3.3506,45.6633],[3.2867,45.6742],[3.2774,45.6995],[3.2828,45.7288],[3.321,45.7465],[3.3533,45.7366],[3.3781,45.7705],[3.4072,45.7713],[3.4098,45.8033],[3.3888,45.8049],[3.3742,45.7913],[3.3172,45.7934],[3.3167,45.822],[3.2996,45.839],[3.2754,45.8168],[3.288,45.7928],[3.2614,45.7865],[3.2583,45.7695],[3.2193,45.7549],[3.2134,45.7613],[3.1892,45.756],[3.1623,45.7782],[3.184,45.7956],[3.2053,45.7986],[3.2106,45.8208],[3.1553,45.851]]]},"properties":{"id":"63-05","nm":"Pont-Du-Château","dept":"63","ins":105052,"nbv":173,"dG":12.289,"dCD":-11.736,"dED":2.143,"dAB":-3.37,"af":33.49}},{"type":"Feature","geometry":{"type":"MultiPolygon","coordinates":[[[[3.0267,45.7127],[3.0777,45.7221],[3.1012,45.7497],[3.0863,45.7661],[3.1018,45.771],[3.1541,45.7562],[3.1506,45.7446],[3.1701,45.7224],[3.1844,45.7306],[3.2043,45.723],[3.2204,45.7381],[3.2191,45.7548],[3.2546,45.7676],[3.2592,45.786],[3.2844,45.7914],[3.2737,45.8171],[3.3027,45.8427],[3.3181,45.8237],[3.3186,45.7939],[3.3755,45.7921],[3.3872,45.8073],[3.4121,45.8045],[3.411,45.7712],[3.378,45.7695],[3.3523,45.7329],[3.3271,45.7457],[3.2956,45.737],[3.2849,45.7288],[3.2786,45.6974],[3.2928,45.6708],[3.3473,45.6628],[3.3682,45.679],[3.3902,45.6769],[3.4045,45.6643],[3.4085,45.6287],[3.4326,45.6159],[3.4319,45.5953],[3.4488,45.5873],[3.4458,45.5454],[3.4868,45.5354],[3.4994,45.5418],[3.5063,45.509],[3.5195,45.4968],[3.509,45.4881],[3.5206,45.4694],[3.4928,45.4593],[3.4688,45.4626],[3.4599,45.4473],[3.5091,45.4426],[3.4626,45.4016],[3.3793,45.4003],[3.3548,45.422],[3.3268,45.3988],[3.3192,45.4135],[3.2996,45.419],[3.2864,45.3996],[3.2358,45.3918],[3.214,45.3713],[3.184,45.3905],[3.1992,45.4043],[3.1974,45.4362],[3.1636,45.4439],[3.1679,45.4706],[3.1404,45.4667],[3.1394,45.4835],[3.0908,45.496],[3.1542,45.5269],[3.1498,45.5406],[3.1667,45.5724],[3.1963,45.5743],[3.1928,45.6007],[3.1799,45.6126],[3.1448,45.5989],[3.1296,45.6064],[3.1184,45.6262],[3.1319,45.6409],[3.111,45.6854],[3.118,45.7021],[3.11,45.7141],[3.1019,45.7023],[3.0762,45.6999],[3.0267,45.7127]]],[[[3.0797,45.7768],[3.0798,45.7771],[3.0799,45.7765],[3.0797,45.7768]]]]},"properties":{"id":"63-04","nm":"Issoire","dept":"63","ins":101981,"nbv":155,"dG":-1.952,"dCD":5.599,"dED":-1.913,"dAB":-4.476,"af":32.77}},{"type":"Feature","geometry":{"type":"Polygon","coordinates":[[[2.5075,45.5039],[2.517,45.5171],[2.5152,45.5495],[2.5317,45.5773],[2.5807,45.6086],[2.6678,45.6356],[2.6653,45.6482],[2.6862,45.6538],[2.7034,45.6436],[2.7225,45.6456],[2.7159,45.6813],[2.7383,45.6981],[2.6966,45.7094],[2.6915,45.7223],[2.7146,45.7412],[2.7444,45.7963],[2.7598,45.7912],[2.805,45.8064],[2.8,45.7775],[2.8298,45.7696],[2.8524,45.776],[2.8457,45.7979],[2.8767,45.8132],[2.9298,45.799],[2.9616,45.8174],[2.9592,45.8365],[3.0375,45.8355],[3.048,45.8196],[3.0699,45.8223],[3.0779,45.8057],[3.0612,45.7875],[3.0914,45.7845],[3.0865,45.7638],[3.1016,45.7589],[3.105,45.7451],[3.0587,45.7168],[3.0582,45.7077],[3.0885,45.6983],[3.0998,45.7036],[3.1007,45.7161],[3.1183,45.7086],[3.1115,45.6857],[3.1326,45.6396],[3.1272,45.6123],[3.1478,45.5992],[3.1807,45.6137],[3.1939,45.6],[3.198,45.5719],[3.1667,45.5675],[3.1621,45.5495],[3.1506,45.5438],[3.1549,45.5251],[3.1169,45.5094],[3.1082,45.4946],[3.1455,45.4827],[3.1504,45.4726],[3.1762,45.4703],[3.1646,45.4587],[3.1667,45.4447],[3.1916,45.4431],[3.201,45.43],[3.2005,45.4039],[3.1905,45.3897],[3.2155,45.3696],[3.1812,45.3636],[3.1809,45.3511],[3.0986,45.3535],[3.0872,45.3386],[3.0658,45.3338],[3.0591,45.3068],[3.0183,45.2871],[2.9997,45.2904],[2.9486,45.3091],[2.9193,45.3644],[2.8854,45.3831],[2.8737,45.3753],[2.8154,45.4011],[2.7848,45.3847],[2.746,45.392],[2.7145,45.3815],[2.6806,45.4074],[2.6836,45.4357],[2.6238,45.4441],[2.6187,45.4616],[2.6038,45.4501],[2.5867,45.4495],[2.5636,45.4657],[2.5358,45.4585],[2.5407,45.4775],[2.5079,45.4802],[2.5075,45.5039]]]},"properties":{"id":"63-03","nm":"Clermont-Ferrand","dept":"63","ins":90194,"nbv":156,"dG":4.151,"dCD":4.978,"dED":-6.917,"dAB":-7.906,"af":30.95}},{"type":"Feature","geometry":{"type":"Polygon","coordinates":[[[3.0054,45.8456],[3.0108,45.8533],[3.0401,45.8551],[3.0512,45.8409],[3.164,45.8476],[3.2116,45.8172],[3.2052,45.7973],[3.1883,45.7968],[3.1641,45.7707],[3.1901,45.7557],[3.2182,45.7635],[3.2269,45.7577],[3.2246,45.7422],[3.2008,45.7206],[3.1867,45.7296],[3.1747,45.7219],[3.1632,45.7265],[3.1476,45.7569],[3.128,45.7567],[3.1141,45.7702],[3.0865,45.768],[3.0818,45.7849],[3.0533,45.7858],[3.0736,45.804],[3.0709,45.8185],[3.045,45.82],[3.0383,45.8342],[3.0054,45.8456]]]},"properties":{"id":"63-01","nm":"Clermont-Ferrand","dept":"63","ins":83788,"nbv":84,"dG":9.882,"dCD":-1.964,"dED":-5.348,"dAB":0.741,"af":38.7}},{"type":"Feature","geometry":{"type":"MultiPolygon","coordinates":[[[[-0.397,43.3599],[-0.3848,43.3764],[-0.3875,43.3952],[-0.3496,43.4025],[-0.3264,43.3882],[-0.3295,43.4208],[-0.3202,43.4286],[-0.2842,43.4188],[-0.2311,43.4336],[-0.217,43.4029],[-0.1978,43.3931],[-0.1883,43.4101],[-0.1613,43.3921],[-0.1553,43.3776],[-0.1181,43.3898],[-0.103,43.3597],[-0.0902,43.3592],[-0.0876,43.3339],[-0.1102,43.3364],[-0.1122,43.3159],[-0.0747,43.3077],[-0.0634,43.349],[-0.093,43.3741],[-0.0911,43.3835],[-0.075,43.4086],[-0.0428,43.4102],[-0.032,43.4337],[-0.0022,43.4451],[-0.0021,43.4306],[0.0096,43.4222],[-0.0014,43.4023],[0.0052,43.3942],[-0.0015,43.3758],[0.0298,43.3461],[0.01,43.3253],[-0.0263,43.327],[-0.044,43.2895],[-0.0176,43.27],[-0.0498,43.2173],[-0.0708,43.2177],[-0.0681,43.1773],[-0.0921,43.177],[-0.1058,43.1666],[-0.1182,43.1773],[-0.1461,43.1281],[-0.1911,43.1093],[-0.1862,43.0842],[-0.1982,43.0652],[-0.1817,43.053],[-0.2239,43.0337],[-0.2675,43.0437],[-0.277,43.0383],[-0.3047,43.0507],[-0.2939,43.0827],[-0.3283,43.1154],[-0.3202,43.1226],[-0.3279,43.1474],[-0.3548,43.1687],[-0.3431,43.179],[-0.3357,43.215],[-0.3091,43.2457],[-0.3408,43.2817],[-0.3666,43.296],[-0.3585,43.3069],[-0.3621,43.3445],[-0.397,43.3599]],[[-0.1091,43.3094],[-0.1393,43.2702],[-0.1202,43.2419],[-0.0801,43.2639],[-0.0956,43.2868],[-0.0922,43.3011],[-0.1091,43.3094]]],[[[-0.3717,43.2965],[-0.3719,43.2965],[-0.3719,43.2967],[-0.3717,43.2965]]]]},"properties":{"id":"64-02","nm":"Pau","dept":"64","ins":84389,"nbv":128,"dG":-2.333,"dCD":1.64,"dED":-0.901,"dAB":-7.146,"af":29.45}},{"type":"Feature","geometry":{"type":"Polygon","coordinates":[[[-1.0686,43.5084],[-1.0466,43.5143],[-0.997,43.505],[-0.9899,43.5287],[-1.0011,43.5372],[-0.9893,43.5416],[-0.9532,43.5323],[-0.8926,43.5507],[-0.8479,43.5436],[-0.8424,43.5539],[-0.8016,43.5571],[-0.7683,43.5795],[-0.7145,43.5423],[-0.7077,43.5601],[-0.6862,43.5577],[-0.6417,43.5736],[-0.6513,43.5564],[-0.599,43.5386],[-0.5687,43.5577],[-0.5511,43.5439],[-0.449,43.5962],[-0.4314,43.5844],[-0.4551,43.5618],[-0.4462,43.5497],[-0.3944,43.5693],[-0.3346,43.5511],[-0.3053,43.5597],[-0.2831,43.5862],[-0.2444,43.5818],[-0.2108,43.5932],[-0.202,43.5857],[-0.1766,43.5968],[-0.1608,43.5813],[-0.097,43.5821],[-0.0922,43.5458],[-0.0658,43.5484],[-0.04,43.5126],[-0.0462,43.4928],[-0.0341,43.4884],[-0.0321,43.4751],[-0.0174,43.4721],[-0.0192,43.4652],[-0.0606,43.4605],[-0.0673,43.4348],[-0.0505,43.4193],[-0.0719,43.4092],[-0.0944,43.3744],[-0.1073,43.371],[-0.119,43.3878],[-0.1591,43.3789],[-0.1799,43.4046],[-0.1954,43.3919],[-0.2229,43.4095],[-0.2339,43.4321],[-0.2865,43.4192],[-0.3083,43.4303],[-0.3233,43.4262],[-0.3281,43.417],[-0.3133,43.3933],[-0.3314,43.3861],[-0.3679,43.4238],[-0.4064,43.4318],[-0.4251,43.419],[-0.4398,43.4241],[-0.4192,43.459],[-0.4464,43.4673],[-0.4633,43.4426],[-0.4596,43.4115],[-0.4997,43.3991],[-0.5197,43.3731],[-0.5142,43.3549],[-0.5276,43.3303],[-0.5047,43.299],[-0.4875,43.3008],[-0.4722,43.2897],[-0.4498,43.315],[-0.4092,43.294],[-0.3725,43.2992],[-0.3804,43.2819],[-0.3793,43.2348],[-0.367,43.2256],[-0.3325,43.2334],[-0.3252,43.2242],[-0.3367,43.207],[-0.3183,43.1937],[-0.339,43.1908],[-0.3548,43.1687],[-0.3833,43.1801],[-0.3934,43.1768],[-0.3968,43.1619],[-0.4157,43.1686],[-0.4285,43.16],[-0.5017,43.1819],[-0.5387,43.2102],[-0.5728,43.2128],[-0.5584,43.2293],[-0.5927,43.2831],[-0.6204,43.2423],[-0.6452,43.2453],[-0.6547,43.271],[-0.6878,43.2768],[-0.697,43.2923],[-0.6826,43.2944],[-0.6724,43.3125],[-0.686,43.3318],[-0.6991,43.3268],[-0.7337,43.3529],[-0.7296,43.3734],[-0.7445,43.3945],[-0.8249,43.4179],[-0.8431,43.4518],[-0.8968,43.4306],[-0.9788,43.4491],[-1.0302,43.4196],[-1.0418,43.4501],[-1.0635,43.4664],[-1.0577,43.4836],[-1.0686,43.5084]]]},"properties":{"id":"64-03","nm":"Orthez","dept":"64","ins":83955,"nbv":213,"dG":28.793,"dCD":-25.437,"dED":-1.804,"dAB":-5.47,"af":29.33}},{"type":"Feature","geometry":{"type":"Polygon","coordinates":[[[-1.4412,43.0463],[-1.4713,43.091],[-1.4158,43.1283],[-1.4164,43.1493],[-1.4028,43.1586],[-1.4019,43.1784],[-1.3856,43.1895],[-1.3819,43.2511],[-1.4132,43.2735],[-1.3552,43.3041],[-1.3248,43.3031],[-1.3299,43.3151],[-1.3653,43.3292],[-1.3532,43.3479],[-1.364,43.3746],[-1.3907,43.4005],[-1.3819,43.4153],[-1.389,43.4253],[-1.3688,43.4405],[-1.3167,43.4342],[-1.2749,43.4462],[-1.2474,43.4379],[-1.271,43.4269],[-1.2849,43.4002],[-1.2588,43.3645],[-1.2629,43.3384],[-1.2563,43.3323],[-1.2454,43.3344],[-1.2399,43.3481],[-1.1889,43.359],[-1.1737,43.3712],[-1.1923,43.3964],[-1.1939,43.417],[-1.2144,43.4375],[-1.1973,43.4471],[-1.1359,43.4349],[-1.0833,43.4433],[-1.075,43.4523],[-1.0729,43.4393],[-1.0911,43.4207],[-1.0473,43.4077],[-0.9785,43.4495],[-0.8802,43.4326],[-0.8526,43.4657],[-0.8332,43.4508],[-0.8246,43.4179],[-0.7502,43.3982],[-0.733,43.3767],[-0.7139,43.3709],[-0.7299,43.3504],[-0.6845,43.3339],[-0.6724,43.3156],[-0.6854,43.285],[-0.6455,43.2666],[-0.6387,43.249],[-0.6203,43.2448],[-0.5963,43.2863],[-0.5684,43.2596],[-0.5556,43.2267],[-0.5638,43.2088],[-0.5378,43.2102],[-0.5084,43.1847],[-0.4732,43.18],[-0.452,43.1626],[-0.3985,43.1674],[-0.3824,43.1805],[-0.333,43.1539],[-0.3182,43.1126],[-0.3037,43.1057],[-0.29,43.0771],[-0.3033,43.0501],[-0.2786,43.0392],[-0.2677,43.0458],[-0.2559,43.023],[-0.2926,42.994],[-0.2794,42.9421],[-0.2846,42.9304],[-0.3257,42.9137],[-0.3071,42.87],[-0.3236,42.835],[-0.3471,42.8368],[-0.3835,42.801],[-0.4118,42.8081],[-0.4418,42.7954],[-0.5055,42.8251],[-0.5238,42.8125],[-0.5236,42.7973],[-0.5435,42.7918],[-0.5518,42.7779],[-0.5676,42.7808],[-0.5684,42.8056],[-0.5991,42.8047],[-0.6061,42.8325],[-0.661,42.8634],[-0.6767,42.8828],[-0.6992,42.8788],[-0.732,42.8961],[-0.7336,42.9442],[-0.7537,42.9676],[-0.7924,42.9631],[-0.8105,42.9513],[-0.864,42.9508],[-0.9086,42.9644],[-0.9452,42.9534],[-0.9971,42.9754],[-1.015,42.994],[-1.0864,43.0028],[-1.0886,43.0119],[-1.1126,43.0217],[-1.1419,43.0076],[-1.1474,43.0264],[-1.181,43.0326],[-1.2137,43.0521],[-1.2636,43.044],[-1.3098,43.0692],[-1.2849,43.1077],[-1.2893,43.1159],[-1.322,43.1124],[-1.3432,43.0934],[-1.3432,43.0534],[-1.3539,43.0283],[-1.4412,43.0463]]]},"properties":{"id":"64-04","nm":"Oloron-Sainte-Marie","dept":"64","ins":80792,"nbv":250,"dG":0.09,"dCD":-1.151,"dED":-8.037,"dAB":-9.56,"af":26.2}},{"type":"Feature","geometry":{"type":"Polygon","coordinates":[[[-1.7857,43.3502],[-1.7888,43.3784],[-1.775,43.3732],[-1.7486,43.385],[-1.7367,43.379],[-1.6815,43.3966],[-1.666,43.3893],[-1.6653,43.3995],[-1.5976,43.4337],[-1.5683,43.4746],[-1.5732,43.4844],[-1.5552,43.4942],[-1.5369,43.4865],[-1.5329,43.4607],[-1.51,43.4495],[-1.477,43.4535],[-1.4526,43.4226],[-1.3884,43.4261],[-1.3768,43.4155],[-1.3889,43.401],[-1.3635,43.3756],[-1.3516,43.3439],[-1.3625,43.3292],[-1.3462,43.3164],[-1.3265,43.3161],[-1.3219,43.3022],[-1.3565,43.3034],[-1.4273,43.2671],[-1.4924,43.2805],[-1.507,43.294],[-1.553,43.2918],[-1.5726,43.2526],[-1.6088,43.2519],[-1.6307,43.285],[-1.6254,43.3058],[-1.6693,43.3147],[-1.7302,43.2958],[-1.7404,43.3291],[-1.7857,43.3502]]]},"properties":{"id":"64-06","nm":"Biarritz","dept":"64","ins":106617,"nbv":106,"dG":-6.341,"dCD":7.697,"dED":-9.282,"dAB":-6.11,"af":31.5}},{"type":"Feature","geometry":{"type":"Polygon","coordinates":[[[-1.5479,43.4934],[-1.5244,43.529],[-1.4951,43.5288],[-1.4782,43.5398],[-1.461,43.5331],[-1.4615,43.5189],[-1.4312,43.5145],[-1.4142,43.497],[-1.3718,43.4937],[-1.3225,43.5051],[-1.2903,43.4987],[-1.1879,43.5472],[-1.1684,43.5449],[-1.1307,43.519],[-1.1292,43.5003],[-1.1094,43.5141],[-1.0726,43.5183],[-1.0565,43.4846],[-1.0628,43.4659],[-1.0421,43.452],[-1.0304,43.4196],[-1.0525,43.4053],[-1.0957,43.4269],[-1.0838,43.4329],[-1.0881,43.4433],[-1.1363,43.4348],[-1.201,43.4463],[-1.2104,43.4343],[-1.1704,43.3731],[-1.2097,43.3507],[-1.2384,43.3484],[-1.2463,43.333],[-1.2622,43.3325],[-1.2596,43.3658],[-1.2746,43.3779],[-1.2746,43.392],[-1.2887,43.3952],[-1.2607,43.433],[-1.2631,43.4415],[-1.3188,43.4334],[-1.3676,43.4395],[-1.3812,43.4284],[-1.4328,43.4189],[-1.4597,43.4269],[-1.4815,43.4545],[-1.5125,43.4504],[-1.5342,43.4606],[-1.5356,43.4842],[-1.5479,43.4934]]]},"properties":{"id":"64-05","nm":"Bayonne","dept":"64","ins":100288,"nbv":97,"dG":1.138,"dCD":-1.266,"dED":-4.657,"dAB":-4.546,"af":33.45}},{"type":"Feature","geometry":{"type":"MultiPolygon","coordinates":[[[[-0.5324,43.3336],[-0.5177,43.3497],[-0.528,43.3622],[-0.506,43.3834],[-0.5097,43.3943],[-0.4602,43.4136],[-0.4589,43.4637],[-0.4426,43.4699],[-0.408,43.457],[-0.4256,43.4463],[-0.4299,43.4248],[-0.4113,43.4328],[-0.362,43.4199],[-0.354,43.4009],[-0.3816,43.392],[-0.3929,43.3608],[-0.3346,43.3528],[-0.3317,43.3328],[-0.3577,43.3207],[-0.3494,43.3065],[-0.3599,43.2901],[-0.3385,43.2801],[-0.3079,43.2422],[-0.3252,43.2242],[-0.3334,43.2314],[-0.3673,43.225],[-0.3823,43.2373],[-0.3805,43.2942],[-0.4132,43.296],[-0.4474,43.3155],[-0.46,43.3084],[-0.4634,43.2884],[-0.4865,43.2998],[-0.5064,43.2964],[-0.5324,43.3336]]],[[[-0.3311,43.3091],[-0.3311,43.3095],[-0.3306,43.3094],[-0.3311,43.3091]]],[[[-0.338,43.2984],[-0.3382,43.299],[-0.3376,43.2989],[-0.338,43.2984]]]]},"properties":{"id":"64-01","nm":"Pau","dept":"64","ins":69447,"nbv":85,"dG":4.419,"dCD":1.094,"dED":-5.01,"dAB":-5.275,"af":31.6}},{"type":"Feature","geometry":{"type":"MultiPolygon","coordinates":[[[[-0.3272,42.9165],[-0.2828,42.9338],[-0.2933,42.9927],[-0.2875,43.0056],[-0.2596,43.0142],[-0.2607,43.0386],[-0.2227,43.0338],[-0.1911,43.0513],[-0.1989,43.0644],[-0.1864,43.0855],[-0.1977,43.0985],[-0.194,43.1151],[-0.1757,43.1113],[-0.1449,43.1306],[-0.1177,43.1803],[-0.1022,43.1672],[-0.0949,43.1773],[-0.0708,43.1799],[-0.0728,43.2244],[-0.0499,43.2197],[-0.0245,43.2542],[-0.0206,43.2718],[-0.0433,43.2848],[-0.0449,43.3041],[-0.0256,43.3298],[0.0094,43.3268],[0.0274,43.3419],[-0.0059,43.3732],[0.0074,43.4207],[-0.0053,43.4428],[-0.0325,43.4293],[-0.0438,43.4096],[-0.0671,43.4104],[-0.0589,43.423],[-0.0708,43.4354],[-0.065,43.4636],[-0.0365,43.4665],[-0.0345,43.4851],[-0.0497,43.4919],[-0.0414,43.5137],[-0.0595,43.5402],[-0.0952,43.5471],[-0.0896,43.5588],[-0.0974,43.5896],[-0.0795,43.5905],[-0.0739,43.6065],[-0.0439,43.613],[-0.015,43.6055],[0.0004,43.5653],[0.052,43.5192],[0.0808,43.5243],[0.0915,43.5105],[0.1124,43.5172],[0.1349,43.4667],[0.1496,43.4655],[0.166,43.4424],[0.1391,43.4343],[0.1347,43.4241],[0.1551,43.4],[0.1738,43.4028],[0.1811,43.3719],[0.2466,43.3727],[0.2581,43.3509],[0.2723,43.3457],[0.2666,43.3195],[0.2449,43.3077],[0.2158,43.3278],[0.1903,43.3211],[0.1696,43.3314],[0.1292,43.328],[0.124,43.3105],[0.1091,43.3078],[0.0988,43.289],[0.0797,43.281],[0.0718,43.253],[0.048,43.2394],[0.0539,43.2321],[0.0906,43.2314],[0.1144,43.2049],[0.0922,43.185],[0.1128,43.1349],[0.084,43.124],[0.0829,43.1078],[0.0533,43.106],[0.0668,43.0837],[0.0614,43.0694],[0.0768,43.0643],[0.0697,43.0454],[0.0828,43.0124],[0.0695,43.0075],[0.0708,42.9903],[0.0533,42.9722],[0.0537,42.9532],[0.0852,42.9388],[0.1399,42.9375],[0.155,42.8892],[0.1737,42.8826],[0.1545,42.8595],[0.1171,42.848],[0.102,42.8031],[0.1173,42.789],[0.1138,42.7674],[0.1395,42.7471],[0.1367,42.7225],[0.1157,42.7107],[0.0792,42.715],[0.0585,42.6974],[0.0192,42.7003],[0.0004,42.6853],[-0.0616,42.6945],[-0.0687,42.7173],[-0.1117,42.7263],[-0.1233,42.752],[-0.1497,42.7692],[-0.1583,42.7961],[-0.1888,42.7869],[-0.2389,42.8087],[-0.2435,42.8199],[-0.3083,42.8425],[-0.3078,42.8702],[-0.3272,42.9165]]],[[[0.0797,43.2483],[0.0798,43.2492],[0.083,43.2489],[0.0797,43.2483]]],[[[-0.1402,43.2699],[-0.1374,43.2856],[-0.1117,43.3114],[-0.1154,43.3322],[-0.0887,43.3392],[-0.0904,43.3559],[-0.1032,43.3588],[-0.1073,43.371],[-0.0817,43.3712],[-0.0631,43.3472],[-0.069,43.312],[-0.0874,43.3079],[-0.0946,43.2885],[-0.0798,43.2631],[-0.1032,43.243],[-0.1217,43.2411],[-0.1402,43.2699]]]]},"properties":{"id":"65-02","nm":"Tarbes","dept":"65","ins":88496,"nbv":224,"dG":1.578,"dCD":-5.087,"dED":2.514,"dAB":-5.19,"af":30.81}},{"type":"Feature","geometry":{"type":"Polygon","coordinates":[[[0.04,43.2381],[0.0701,43.2537],[0.0782,43.2821],[0.1221,43.3115],[0.1261,43.3288],[0.1733,43.334],[0.181,43.3229],[0.223,43.3268],[0.2363,43.3106],[0.2573,43.3128],[0.2712,43.3273],[0.2722,43.3436],[0.2437,43.374],[0.2982,43.3883],[0.3028,43.3707],[0.3255,43.375],[0.3347,43.345],[0.3894,43.3561],[0.3992,43.3502],[0.396,43.3351],[0.4216,43.3277],[0.4392,43.3285],[0.445,43.3407],[0.4956,43.3269],[0.5079,43.3341],[0.5473,43.3293],[0.6355,43.3013],[0.6139,43.2771],[0.5654,43.2504],[0.5603,43.2389],[0.574,43.2205],[0.5521,43.2093],[0.5159,43.2111],[0.5116,43.1983],[0.5265,43.1987],[0.4456,43.1347],[0.4678,43.1129],[0.4892,43.1153],[0.5039,43.0961],[0.5325,43.0936],[0.5349,43.0829],[0.5642,43.0743],[0.5575,43.0651],[0.5672,43.0375],[0.5393,43.0396],[0.534,43.0028],[0.5666,43.0209],[0.5829,43.0202],[0.5932,43.0355],[0.6066,43.0347],[0.6272,43.0003],[0.6171,42.9759],[0.646,42.9608],[0.6008,42.9278],[0.5623,42.8608],[0.4745,42.8752],[0.4559,42.8179],[0.4634,42.8022],[0.4554,42.772],[0.4637,42.7595],[0.458,42.7291],[0.4846,42.7103],[0.4825,42.7027],[0.4222,42.6905],[0.3558,42.7268],[0.2272,42.7175],[0.1765,42.7366],[0.1623,42.7232],[0.1383,42.7219],[0.1359,42.7489],[0.1119,42.7686],[0.1152,42.7851],[0.1003,42.8008],[0.1146,42.8467],[0.1613,42.8635],[0.1741,42.8805],[0.1577,42.8859],[0.1372,42.9353],[0.0891,42.9378],[0.044,42.9565],[0.0653,42.9792],[0.0682,43.0004],[0.0428,43.0244],[0.0702,43.0107],[0.0775,43.0159],[0.069,43.0453],[0.0754,43.0629],[0.0585,43.068],[0.0637,43.0847],[0.0532,43.1098],[0.0783,43.1112],[0.0833,43.1254],[0.1091,43.1356],[0.0909,43.182],[0.1111,43.2058],[0.0854,43.2306],[0.0692,43.2299],[0.0643,43.2185],[0.04,43.2381]]]},"properties":{"id":"65-01","nm":"Tarbes","dept":"65","ins":87328,"nbv":336,"dG":5.54,"dCD":-6.354,"dED":-0.633,"dAB":-6.649,"af":31.14}},{"type":"Feature","geometry":{"type":"Polygon","coordinates":[[[2.3191,42.4251],[2.3879,42.4468],[2.4684,42.4998],[2.5175,42.4987],[2.5428,42.5077],[2.5528,42.5175],[2.5616,42.5653],[2.5952,42.555],[2.6062,42.5425],[2.6482,42.5438],[2.6485,42.5581],[2.6664,42.5729],[2.6539,42.5925],[2.6324,42.5861],[2.6119,42.6019],[2.6334,42.6099],[2.626,42.634],[2.6664,42.6318],[2.7045,42.669],[2.727,42.6571],[2.7965,42.6604],[2.814,42.6454],[2.8554,42.6414],[2.8698,42.6213],[2.8892,42.6261],[2.888,42.6579],[2.9609,42.6463],[2.9686,42.6297],[2.9883,42.6338],[2.9852,42.6166],[3.0004,42.5959],[3.0436,42.5998],[3.0512,42.5477],[3.0605,42.5371],[3.1413,42.5157],[3.1311,42.5081],[3.133,42.4855],[3.154,42.4781],[3.1778,42.4392],[3.0807,42.4284],[3.0384,42.4742],[2.9673,42.4655],[2.945,42.4805],[2.9183,42.4561],[2.8708,42.4667],[2.8616,42.455],[2.8378,42.457],[2.8011,42.4186],[2.7705,42.4116],[2.7504,42.4261],[2.6754,42.4049],[2.6599,42.3804],[2.674,42.3588],[2.6701,42.3405],[2.5656,42.3566],[2.5416,42.3336],[2.4835,42.34],[2.4335,42.3772],[2.4322,42.3924],[2.3612,42.4027],[2.3191,42.4251]]]},"properties":{"id":"66-04","nm":"Argelès-Sur-Mer","dept":"66","ins":101277,"nbv":120,"dG":-3.615,"dCD":-11.817,"dED":14.951,"dAB":-1.622,"af":34.0}},{"type":"Feature","geometry":{"type":"MultiPolygon","coordinates":[[[[2.3191,42.824],[2.3366,42.841],[2.3822,42.8487],[2.4575,42.8366],[2.5018,42.8516],[2.5169,42.8427],[2.5586,42.8457],[2.5983,42.8366],[2.7363,42.8359],[2.7889,42.8961],[2.8652,42.9185],[2.8826,42.9002],[3.0438,42.8381],[3.0357,42.638],[3.0436,42.5998],[3.0048,42.5935],[2.9844,42.6163],[2.985,42.6295],[2.9701,42.629],[2.9583,42.6451],[2.9262,42.6552],[2.93,42.6658],[2.9752,42.6756],[2.9615,42.6866],[2.9724,42.6909],[2.976,42.7105],[2.9575,42.7174],[2.9557,42.7385],[2.9323,42.7373],[2.9043,42.7142],[2.9059,42.7049],[2.8949,42.6859],[2.8906,42.6864],[2.8941,42.703],[2.8771,42.7143],[2.8656,42.7111],[2.8525,42.7303],[2.8294,42.7378],[2.8278,42.7656],[2.7619,42.7745],[2.7329,42.7742],[2.7378,42.7499],[2.7238,42.7342],[2.6731,42.7256],[2.663,42.713],[2.636,42.7054],[2.6141,42.7015],[2.5735,42.7212],[2.5516,42.7217],[2.5535,42.7065],[2.5252,42.6893],[2.5306,42.6554],[2.5021,42.647],[2.4735,42.6548],[2.4445,42.6837],[2.4152,42.6804],[2.3225,42.7083],[2.3573,42.7341],[2.3432,42.7982],[2.3191,42.824]]],[[[2.8879,42.6853],[2.8879,42.6851],[2.8877,42.6851],[2.8879,42.6853]]],[[[2.8767,42.6797],[2.8754,42.6793],[2.8733,42.6792],[2.8767,42.6797]]],[[[2.9223,42.6928],[2.9239,42.6926],[2.9245,42.692],[2.9223,42.6928]]],[[[2.8849,42.6607],[2.8839,42.6615],[2.8851,42.6611],[2.8849,42.6607]]],[[[2.8754,42.6979],[2.8761,42.6998],[2.8766,42.6988],[2.8754,42.6979]]],[[[2.8513,42.6927],[2.852,42.6932],[2.8514,42.6926],[2.8513,42.6927]]]]},"properties":{"id":"66-02","nm":"Canet-En-Roussillon","dept":"66","ins":104416,"nbv":126,"dG":-12.117,"dCD":-10.133,"dED":22.247,"dAB":1.587,"af":36.81}},{"type":"Feature","geometry":{"type":"MultiPolygon","coordinates":[[[[1.7215,42.5173],[1.7449,42.561],[1.8376,42.5848],[1.8698,42.5801],[1.8913,42.5945],[1.9002,42.6152],[1.9347,42.6055],[1.9501,42.6177],[1.9693,42.6169],[1.9989,42.6617],[2.0287,42.6527],[2.0469,42.6636],[2.1087,42.6641],[2.1278,42.6723],[2.1861,42.6509],[2.2457,42.6808],[2.2647,42.7092],[2.2899,42.7004],[2.3229,42.7081],[2.3623,42.7041],[2.3818,42.6872],[2.4472,42.6832],[2.4729,42.655],[2.5044,42.6485],[2.5273,42.658],[2.5223,42.6949],[2.5493,42.7043],[2.5481,42.7223],[2.5735,42.7231],[2.6137,42.7017],[2.6357,42.7054],[2.6716,42.7258],[2.7189,42.7329],[2.7348,42.7483],[2.7272,42.7611],[2.7349,42.777],[2.8288,42.7661],[2.83,42.7392],[2.8543,42.7306],[2.8774,42.701],[2.899,42.7146],[2.9038,42.7005],[2.9172,42.7093],[2.9223,42.6968],[2.8809,42.6932],[2.8775,42.6785],[2.863,42.6884],[2.8552,42.6791],[2.8142,42.6789],[2.7945,42.6604],[2.7277,42.657],[2.7048,42.666],[2.6687,42.6327],[2.6316,42.6318],[2.6351,42.6075],[2.6219,42.5934],[2.6324,42.5873],[2.6539,42.5939],[2.6642,42.5741],[2.6788,42.5699],[2.6506,42.5603],[2.6479,42.5354],[2.6354,42.5453],[2.6099,42.541],[2.5631,42.5643],[2.5541,42.5498],[2.553,42.514],[2.5172,42.4985],[2.4679,42.4996],[2.3878,42.4467],[2.3186,42.4251],[2.2911,42.4229],[2.2568,42.4384],[2.2012,42.4164],[2.1549,42.4227],[2.1265,42.4102],[2.1168,42.3833],[2.0914,42.3758],[2.0847,42.3618],[2.0256,42.3573],[2.0161,42.3471],[1.9645,42.3822],[1.9571,42.4224],[1.941,42.43],[1.9365,42.4526],[1.8848,42.4496],[1.8793,42.4605],[1.8594,42.4625],[1.8251,42.4857],[1.7301,42.4924],[1.7215,42.5173]]],[[[2.8808,42.6649],[2.8815,42.6672],[2.8831,42.6649],[2.8808,42.6649]]],[[[2.879,42.7215],[2.8765,42.7244],[2.8839,42.7224],[2.879,42.7215]]]]},"properties":{"id":"66-03","nm":"Perpignan","dept":"66","ins":84595,"nbv":155,"dG":-4.216,"dCD":-9.585,"dED":11.358,"dAB":-0.602,"af":34.71}},{"type":"Feature","geometry":{"type":"MultiPolygon","coordinates":[[[[2.796,42.6613],[2.8098,42.6793],[2.8257,42.6797],[2.827,42.6896],[2.8431,42.6841],[2.857,42.6982],[2.8693,42.6883],[2.867,42.71],[2.8781,42.7238],[2.9093,42.7169],[2.9346,42.7393],[2.9505,42.7405],[2.9603,42.738],[2.9611,42.7179],[2.9826,42.7133],[2.9733,42.6979],[2.9838,42.6783],[2.9776,42.6722],[2.9309,42.6652],[2.9296,42.6537],[2.8943,42.6559],[2.8869,42.6464],[2.8929,42.6305],[2.8803,42.6192],[2.8635,42.6224],[2.851,42.6395],[2.813,42.6445],[2.796,42.6613]]],[[[2.8934,42.7272],[2.8866,42.7307],[2.8963,42.732],[2.8934,42.7272]]],[[[2.908,42.7291],[2.9104,42.7305],[2.911,42.7284],[2.908,42.7291]]]]},"properties":{"id":"66-01","nm":"Perpignan","dept":"66","ins":74058,"nbv":80,"dG":-6.297,"dCD":-6.434,"dED":13.243,"dAB":2.826,"af":39.38}},{"type":"Feature","geometry":{"type":"Polygon","coordinates":[[[7.4804,48.6615],[7.4988,48.6777],[7.4913,48.686],[7.514,48.6868],[7.5658,48.7163],[7.5809,48.7161],[7.6648,48.6889],[7.6917,48.6635],[7.7303,48.6523],[7.7376,48.6406],[7.7212,48.6324],[7.7088,48.6042],[7.6887,48.5946],[7.7039,48.5621],[7.729,48.5598],[7.7243,48.5414],[7.7033,48.5289],[7.7057,48.4987],[7.7694,48.4932],[7.7533,48.434],[7.6952,48.4509],[7.6951,48.4794],[7.6771,48.4872],[7.6083,48.475],[7.5917,48.4856],[7.5764,48.5446],[7.5837,48.554],[7.57,48.5602],[7.5726,48.579],[7.5445,48.5841],[7.5406,48.6178],[7.5263,48.6359],[7.4804,48.6615]]]},"properties":{"id":"67-04","nm":"Lingolsheim","dept":"67","ins":99049,"nbv":114,"dG":-12.103,"dCD":11.603,"dED":-0.881,"dAB":-2.702,"af":35.79}},{"type":"Feature","geometry":{"type":"Polygon","coordinates":[[[6.9407,48.9237],[6.9474,48.9348],[6.9603,48.9261],[6.9759,48.9318],[6.9896,48.9602],[7.0278,48.9586],[7.0336,48.9943],[7.0495,49.005],[7.0527,49.0286],[7.076,49.0491],[7.0677,49.0651],[7.0993,49.0778],[7.1191,49.0683],[7.1055,49.063],[7.1062,49.0467],[7.1319,49.0062],[7.172,49.0063],[7.2098,48.981],[7.2385,48.988],[7.294,48.9721],[7.2946,48.9579],[7.3253,48.9443],[7.3589,48.9576],[7.3812,48.9513],[7.4517,48.968],[7.5132,48.9433],[7.4998,48.8967],[7.5768,48.8938],[7.5488,48.8707],[7.5783,48.8524],[7.6608,48.8478],[7.6398,48.8301],[7.6215,48.8329],[7.6172,48.8097],[7.6395,48.7872],[7.6243,48.7581],[7.6728,48.7335],[7.6721,48.7217],[7.6485,48.7271],[7.6502,48.707],[7.6383,48.6994],[7.5653,48.7159],[7.5242,48.697],[7.5191,48.6841],[7.5052,48.6849],[7.4779,48.6491],[7.4642,48.657],[7.3932,48.6592],[7.3694,48.6403],[7.34,48.6486],[7.3177,48.644],[7.3103,48.6609],[7.2647,48.6628],[7.2423,48.6922],[7.2607,48.6958],[7.3073,48.7643],[7.2884,48.7959],[7.261,48.7974],[7.2312,48.8259],[7.2201,48.8189],[7.1865,48.8338],[7.1921,48.8424],[7.1838,48.8494],[7.1488,48.8435],[7.1423,48.8343],[7.1478,48.822],[7.1259,48.8119],[7.1246,48.8005],[7.0779,48.7856],[7.0672,48.7993],[7.0773,48.8116],[7.0469,48.8206],[7.052,48.8464],[7.0873,48.8476],[7.0945,48.8608],[7.0506,48.8589],[7.0446,48.8726],[7.0262,48.8806],[6.9547,48.8939],[6.9629,48.9084],[6.9407,48.9237]]]},"properties":{"id":"67-07","nm":"Saverne","dept":"67","ins":86142,"nbv":180,"dG":-20.863,"dCD":12.599,"dED":4.049,"dAB":-0.23,"af":37.1}},{"type":"Feature","geometry":{"type":"Polygon","coordinates":[[[7.1635,48.3462],[7.2645,48.3875],[7.2734,48.4083],[7.3018,48.4266],[7.461,48.4301],[7.4848,48.4193],[7.4926,48.4033],[7.4825,48.388],[7.5231,48.3901],[7.5428,48.3977],[7.5498,48.4177],[7.5896,48.4422],[7.592,48.4683],[7.6348,48.4833],[7.6458,48.4762],[7.6678,48.4877],[7.6982,48.482],[7.6974,48.4553],[7.7458,48.4479],[7.7436,48.4384],[7.7533,48.434],[7.7312,48.3839],[7.7449,48.3282],[7.6954,48.303],[7.663,48.218],[7.6416,48.2033],[7.6002,48.1558],[7.5974,48.1339],[7.5774,48.1204],[7.5196,48.1262],[7.5159,48.1481],[7.47,48.1603],[7.4705,48.2053],[7.3548,48.2483],[7.3267,48.244],[7.3101,48.2537],[7.3116,48.268],[7.2903,48.2726],[7.2977,48.2845],[7.2755,48.3043],[7.1984,48.3103],[7.1776,48.3253],[7.1801,48.3398],[7.1635,48.3462]]]},"properties":{"id":"67-05","nm":"Sélestat","dept":"67","ins":107594,"nbv":125,"dG":-14.874,"dCD":8.151,"dED":2.338,"dAB":-0.576,"af":37.27}},{"type":"Feature","geometry":{"type":"Polygon","coordinates":[[[7.066,48.5249],[7.0796,48.5366],[7.1668,48.5285],[7.1929,48.5494],[7.2165,48.5528],[7.257,48.5901],[7.2746,48.6236],[7.2619,48.6318],[7.2772,48.6341],[7.3044,48.6601],[7.3129,48.6611],[7.3204,48.6442],[7.368,48.641],[7.3882,48.6591],[7.4139,48.6528],[7.4494,48.6592],[7.5255,48.6402],[7.533,48.623],[7.5466,48.6233],[7.5381,48.6011],[7.5442,48.5856],[7.5909,48.5785],[7.5714,48.5638],[7.5882,48.5559],[7.5835,48.528],[7.5933,48.4872],[7.6083,48.475],[7.5917,48.4667],[7.593,48.4448],[7.5495,48.4177],[7.5416,48.3959],[7.5242,48.39],[7.4829,48.3865],[7.477,48.3933],[7.4905,48.4111],[7.4579,48.4284],[7.4329,48.4249],[7.4178,48.4348],[7.4025,48.4327],[7.3988,48.423],[7.3184,48.4289],[7.2732,48.4076],[7.2692,48.3893],[7.172,48.3508],[7.1641,48.3373],[7.1169,48.3341],[7.0766,48.353],[7.1075,48.3777],[7.085,48.3979],[7.1187,48.4765],[7.0937,48.4893],[7.0906,48.5036],[7.116,48.4991],[7.1215,48.5104],[7.1033,48.518],[7.0807,48.5126],[7.066,48.5249]]]},"properties":{"id":"67-06","nm":"Obernai","dept":"67","ins":97539,"nbv":121,"dG":-16.598,"dCD":10.252,"dED":3.926,"dAB":-1.007,"af":37.34}},{"type":"Feature","geometry":{"type":"Polygon","coordinates":[[[7.4827,48.8985],[7.5134,48.9432],[7.5473,48.9344],[7.5781,48.9576],[7.5876,48.9894],[7.6367,49.0455],[7.6354,49.054],[7.6734,49.0453],[7.6953,49.0574],[7.7319,49.0556],[7.7361,49.0465],[7.7652,49.0468],[7.7944,49.0658],[7.8657,49.0335],[7.889,49.0492],[7.9184,49.042],[7.9317,49.0579],[7.9649,49.043],[7.9758,49.0274],[8.0495,49.0144],[8.0925,48.9888],[8.1963,48.9764],[8.2013,48.9684],[8.2229,48.9759],[8.2325,48.9664],[8.1992,48.9579],[8.1419,48.8965],[8.0871,48.8021],[8.0654,48.7898],[8.032,48.7872],[8.0137,48.7608],[7.9733,48.7588],[7.9637,48.7219],[7.9249,48.6904],[7.9112,48.7043],[7.8679,48.7145],[7.8737,48.7334],[7.914,48.7501],[7.9087,48.7674],[7.9374,48.7962],[7.9524,48.8343],[7.9705,48.8455],[7.9561,48.8517],[7.9553,48.8643],[7.9106,48.8869],[7.8101,48.9027],[7.8041,48.8929],[7.816,48.8866],[7.803,48.8749],[7.7762,48.8838],[7.7459,48.8667],[7.7041,48.8752],[7.6963,48.8678],[7.7046,48.8585],[7.69,48.8494],[7.6652,48.8653],[7.6414,48.8584],[7.6568,48.8467],[7.6053,48.8464],[7.5448,48.8718],[7.5652,48.8842],[7.5561,48.897],[7.4827,48.8985]]]},"properties":{"id":"67-08","nm":"Wissembourg","dept":"67","ins":94678,"nbv":144,"dG":-23.94,"dCD":12.726,"dED":8.916,"dAB":2.606,"af":39.47}},{"type":"Feature","geometry":{"type":"Polygon","coordinates":[[[7.6142,48.8035],[7.6199,48.8344],[7.652,48.8396],[7.634,48.8594],[7.6681,48.865],[7.6922,48.8501],[7.6958,48.8623],[7.6836,48.8803],[7.7049,48.8867],[7.7135,48.8715],[7.7405,48.8681],[7.771,48.8836],[7.8059,48.876],[7.8124,48.8848],[7.8009,48.8903],[7.816,48.9033],[7.9187,48.8849],[7.9589,48.8659],[7.9615,48.8513],[8.0086,48.8549],[7.9915,48.8319],[7.9548,48.8343],[7.9569,48.8216],[7.9453,48.8182],[7.927,48.779],[7.9105,48.7666],[7.9228,48.7529],[7.9014,48.7379],[7.8763,48.7343],[7.873,48.7109],[7.911,48.7046],[7.9249,48.6904],[7.836,48.6334],[7.8043,48.6418],[7.7898,48.6337],[7.7819,48.6509],[7.7558,48.6585],[7.7297,48.6522],[7.7046,48.6595],[7.6687,48.6865],[7.637,48.696],[7.6478,48.7091],[7.6452,48.7252],[7.659,48.7374],[7.6251,48.7544],[7.6205,48.7701],[7.6403,48.7819],[7.6142,48.8035]]]},"properties":{"id":"67-09","nm":"Haguenau","dept":"67","ins":95422,"nbv":106,"dG":-19.113,"dCD":10.557,"dED":4.951,"dAB":1.501,"af":38.88}},{"type":"Feature","geometry":{"type":"MultiPolygon","coordinates":[[[[7.6949,48.6016],[7.7022,48.6163],[7.7158,48.6181],[7.7351,48.6588],[7.7481,48.6559],[7.7575,48.665],[7.788,48.6417],[7.8133,48.6459],[7.8182,48.6357],[7.836,48.6334],[7.801,48.5859],[7.748,48.599],[7.7146,48.5868],[7.7072,48.5942],[7.7002,48.5891],[7.6949,48.6016]]],[[[7.6982,48.5848],[7.6993,48.585],[7.6996,48.5837],[7.6982,48.5848]]]]},"properties":{"id":"67-03","nm":"Strasbourg","dept":"67","ins":70945,"nbv":78,"dG":8.684,"dCD":-0.769,"dED":-8.685,"dAB":1.434,"af":38.04}},{"type":"Feature","geometry":{"type":"MultiPolygon","coordinates":[[[[7.6936,48.5306],[7.7192,48.5364],[7.7125,48.5486],[7.7293,48.5498],[7.7352,48.5737],[7.7593,48.5852],[7.801,48.5859],[7.8063,48.5173],[7.7961,48.5025],[7.7708,48.492],[7.7017,48.4955],[7.7036,48.5227],[7.6936,48.5306]]],[[[7.7667,48.5963],[7.7666,48.5964],[7.7667,48.5963],[7.7667,48.5963]]],[[[7.7137,48.5802],[7.7137,48.5804],[7.7139,48.5802],[7.7137,48.5802]]],[[[7.7057,48.5955],[7.7056,48.5955],[7.7056,48.5957],[7.7057,48.5955]]]]},"properties":{"id":"67-02","nm":"Strasbourg","dept":"67","ins":71094,"nbv":70,"dG":15.57,"dCD":-3.752,"dED":-10.728,"dAB":-0.736,"af":37.79}},{"type":"Feature","geometry":{"type":"MultiPolygon","coordinates":[[[[7.793,48.6012],[7.7929,48.6024],[7.7932,48.6014],[7.793,48.6012]]],[[[7.6881,48.5995],[7.7212,48.586],[7.7444,48.5986],[7.7806,48.5977],[7.7902,48.5852],[7.7381,48.5713],[7.7312,48.5529],[7.7236,48.5619],[7.6926,48.5628],[7.6987,48.5696],[7.6881,48.5995]]],[[[7.7604,48.5647],[7.7623,48.565],[7.7605,48.5645],[7.7604,48.5647]]],[[[7.7717,48.5298],[7.7716,48.5301],[7.7718,48.5299],[7.7717,48.5298]]]]},"properties":{"id":"67-01","nm":"Strasbourg","dept":"67","ins":62481,"nbv":65,"dG":23.198,"dCD":-6.101,"dED":-16.395,"dAB":-3.717,"af":34.85}},{"type":"Feature","geometry":{"type":"Polygon","coordinates":[[[7.3155,48.0705],[7.3274,48.0915],[7.3274,48.1167],[7.3676,48.1297],[7.3906,48.175],[7.4225,48.1726],[7.44,48.1819],[7.4525,48.1621],[7.5203,48.1494],[7.5198,48.1285],[7.5774,48.1203],[7.5695,48.0357],[7.6087,48.0004],[7.6215,47.9709],[7.5806,47.9208],[7.4837,47.9215],[7.4836,47.9343],[7.5135,47.9336],[7.5172,47.9428],[7.4478,47.9583],[7.448,47.9793],[7.4276,47.9886],[7.3583,48.0009],[7.3464,48.0174],[7.3499,48.0506],[7.3155,48.0705]]]},"properties":{"id":"68-01","nm":"Colmar","dept":"68","ins":78987,"nbv":82,"dG":-14.561,"dCD":14.128,"dED":-1.786,"dAB":2.242,"af":38.66}},{"type":"Feature","geometry":{"type":"Polygon","coordinates":[[[7.0057,47.6021],[7.019,47.6509],[7.0332,47.6517],[7.0409,47.6683],[7.0413,47.6848],[7.0265,47.701],[7.0359,47.7214],[7.0771,47.7068],[7.099,47.7148],[7.1234,47.7044],[7.1716,47.7065],[7.1786,47.6886],[7.1973,47.6813],[7.2117,47.6945],[7.2313,47.6965],[7.2513,47.7223],[7.2831,47.721],[7.2935,47.7017],[7.2817,47.687],[7.3206,47.668],[7.3213,47.6563],[7.3396,47.6414],[7.3286,47.632],[7.338,47.6177],[7.3901,47.6103],[7.4105,47.5909],[7.5245,47.6332],[7.5207,47.66],[7.567,47.632],[7.5931,47.5986],[7.5847,47.5755],[7.566,47.5769],[7.5004,47.5403],[7.5034,47.5303],[7.5312,47.5282],[7.5222,47.5142],[7.5101,47.5143],[7.511,47.497],[7.4708,47.4807],[7.4328,47.495],[7.43,47.4832],[7.456,47.4712],[7.403,47.4355],[7.3033,47.4387],[7.2466,47.4203],[7.2272,47.4396],[7.1958,47.4354],[7.1702,47.443],[7.1864,47.4905],[7.1303,47.5029],[7.1381,47.5305],[7.1057,47.5516],[7.1055,47.5676],[7.0843,47.5937],[7.0416,47.6005],[7.0196,47.5886],[7.0057,47.6021]]]},"properties":{"id":"68-03","nm":"Saint-Louis","dept":"68","ins":86586,"nbv":156,"dG":-16.665,"dCD":8.735,"dED":2.455,"dAB":0.479,"af":36.79}},{"type":"Feature","geometry":{"type":"Polygon","coordinates":[[[6.98,48.0054],[7.0109,48.034],[7.0316,48.0738],[7.0777,48.1106],[7.0826,48.1266],[7.0585,48.1409],[7.0858,48.1841],[7.1229,48.2167],[7.133,48.2475],[7.1738,48.2876],[7.1725,48.2975],[7.1979,48.3101],[7.275,48.3053],[7.3016,48.2823],[7.2987,48.2695],[7.3334,48.2722],[7.314,48.2571],[7.3249,48.2449],[7.3539,48.2486],[7.4766,48.2037],[7.47,48.1603],[7.4498,48.163],[7.4406,48.1811],[7.4277,48.1714],[7.3939,48.1767],[7.3869,48.165],[7.4027,48.1608],[7.3998,48.1538],[7.38,48.1545],[7.3684,48.1302],[7.3305,48.1175],[7.3211,48.0683],[7.3546,48.0453],[7.3329,47.9688],[7.3466,47.9529],[7.3298,47.9395],[7.333,47.9224],[7.2669,47.9174],[7.2411,47.9105],[7.2295,47.8964],[7.2167,47.9018],[7.191,47.8906],[7.1542,47.9019],[7.0695,47.905],[7.0506,47.9109],[7.0376,47.9226],[7.04,47.9377],[6.9944,47.9679],[6.9803,47.9854],[6.98,48.0054]]]},"properties":{"id":"68-02","nm":"Guebwiller","dept":"68","ins":92476,"nbv":114,"dG":-15.427,"dCD":10.87,"dED":0.206,"dAB":-2.24,"af":36.18}},{"type":"Feature","geometry":{"type":"Polygon","coordinates":[[[6.841,47.819],[6.8946,47.8327],[6.9173,47.8507],[6.8968,47.8912],[6.9262,47.9092],[6.9124,47.9184],[6.924,47.9293],[6.9194,47.9443],[6.9418,47.9796],[6.9438,47.9995],[6.9747,48.009],[6.9815,48.0092],[6.9803,47.9871],[6.991,47.9696],[7.0404,47.94],[7.0386,47.9248],[7.0492,47.9126],[7.0716,47.9047],[7.0975,47.9012],[7.113,47.9094],[7.14,47.8986],[7.1718,47.9072],[7.1925,47.8931],[7.2291,47.8974],[7.2665,47.9184],[7.3274,47.922],[7.3393,47.9541],[7.332,47.9682],[7.3434,47.9942],[7.3386,48.0077],[7.347,48.0173],[7.3723,47.9951],[7.4041,47.9974],[7.4493,47.9796],[7.4501,47.9567],[7.5251,47.9452],[7.5177,47.9341],[7.4869,47.9336],[7.4873,47.9223],[7.5806,47.9207],[7.5831,47.9044],[7.556,47.8743],[7.5633,47.8521],[7.5424,47.8363],[7.5037,47.8423],[7.4409,47.8247],[7.401,47.8358],[7.3148,47.8371],[7.2891,47.8242],[7.2558,47.7888],[7.2526,47.7721],[7.2022,47.7749],[7.187,47.7669],[7.1905,47.7467],[7.2086,47.7351],[7.1878,47.7247],[7.2128,47.6951],[7.2001,47.6817],[7.1688,47.6885],[7.171,47.6997],[7.1452,47.7074],[7.1235,47.7028],[7.0993,47.7145],[7.0759,47.7056],[6.9411,47.7709],[6.8718,47.7818],[6.841,47.819]]]},"properties":{"id":"68-04","nm":"Wittelsheim","dept":"68","ins":104237,"nbv":124,"dG":-14.375,"dCD":3.098,"dED":9.527,"dAB":2.275,"af":38.72}},{"type":"Feature","geometry":{"type":"MultiPolygon","coordinates":[[[[7.1809,47.7628],[7.2008,47.7755],[7.2504,47.773],[7.2523,47.7864],[7.2885,47.825],[7.3118,47.8369],[7.4266,47.834],[7.4467,47.8246],[7.4556,47.8059],[7.4718,47.8366],[7.5408,47.8368],[7.5548,47.8538],[7.5633,47.8521],[7.5306,47.7828],[7.5486,47.7375],[7.5455,47.725],[7.5122,47.699],[7.5252,47.6401],[7.5337,47.6351],[7.412,47.5891],[7.3889,47.6068],[7.34,47.615],[7.3258,47.6337],[7.3342,47.6446],[7.3168,47.6558],[7.3262,47.6769],[7.3533,47.6906],[7.3758,47.6905],[7.3778,47.7018],[7.4656,47.7148],[7.4415,47.766],[7.3982,47.773],[7.3803,47.7585],[7.3738,47.761],[7.3505,47.7616],[7.3295,47.7498],[7.3018,47.7575],[7.2749,47.7434],[7.2027,47.7359],[7.1809,47.7628]]],[[[7.3645,47.7611],[7.3645,47.7611],[7.3645,47.7611],[7.3645,47.7611]]]]},"properties":{"id":"68-06","nm":"Mulhouse","dept":"68","ins":94174,"nbv":117,"dG":-8.462,"dCD":-0.296,"dED":6.367,"dAB":5.375,"af":41.64}},{"type":"Feature","geometry":{"type":"Polygon","coordinates":[[[7.1873,47.7244],[7.2511,47.7459],[7.2781,47.7443],[7.3065,47.7562],[7.3391,47.752],[7.3504,47.7634],[7.3796,47.7604],[7.3929,47.7735],[7.4462,47.766],[7.4693,47.7135],[7.4159,47.7107],[7.3836,47.7007],[7.381,47.6921],[7.3423,47.6865],[7.3201,47.6679],[7.2813,47.6844],[7.2914,47.7032],[7.2821,47.72],[7.249,47.7202],[7.2352,47.7046],[7.2379,47.6908],[7.2075,47.6971],[7.1873,47.7244]]]},"properties":{"id":"68-05","nm":"Mulhouse","dept":"68","ins":75776,"nbv":90,"dG":-3.83,"dCD":5.235,"dED":-2.942,"dAB":3.837,"af":40.59}},{"type":"Feature","geometry":{"type":"Polygon","coordinates":[[[4.2437,45.9972],[4.2631,46.002],[4.2981,45.9912],[4.3096,46.004],[4.3066,46.0194],[4.2882,46.0172],[4.2506,46.0503],[4.2852,46.0538],[4.3019,46.0676],[4.3051,46.0995],[4.322,46.1302],[4.3768,46.1499],[4.4173,46.1375],[4.4389,46.1679],[4.4772,46.1849],[4.4777,46.1967],[4.4894,46.1934],[4.5091,46.1754],[4.5042,46.1404],[4.5302,46.1211],[4.5519,46.0865],[4.5256,46.0267],[4.5451,46.0175],[4.5664,45.9893],[4.6437,45.9766],[4.6492,45.962],[4.6368,45.9484],[4.663,45.9492],[4.6552,45.9267],[4.6411,45.9208],[4.6452,45.8904],[4.6776,45.8423],[4.7347,45.8511],[4.736,45.8399],[4.8024,45.792],[4.7931,45.7866],[4.7951,45.7758],[4.7734,45.7636],[4.7564,45.7733],[4.7508,45.7896],[4.7178,45.7966],[4.6571,45.7907],[4.6177,45.7563],[4.5937,45.7557],[4.5739,45.7727],[4.5489,45.752],[4.5247,45.7598],[4.5245,45.7716],[4.4878,45.7753],[4.4998,45.791],[4.4952,45.8034],[4.4522,45.8334],[4.4175,45.827],[4.3824,45.8437],[4.3918,45.8635],[4.3632,45.8643],[4.3425,45.877],[4.3242,45.9043],[4.3354,45.9097],[4.3396,45.9295],[4.3003,45.947],[4.2926,45.9543],[4.2977,45.9655],[4.2525,45.9839],[4.2437,45.9972]]]},"properties":{"id":"69-08","nm":"Ecully","dept":"69","ins":104640,"nbv":137,"dG":-8.127,"dCD":10.373,"dED":0.363,"dAB":-6.06,"af":32.53}},{"type":"Feature","geometry":{"type":"Polygon","coordinates":[[[4.3855,46.247],[4.4061,46.2962],[4.4272,46.3028],[4.4887,46.288],[4.5061,46.2679],[4.5421,46.2722],[4.5578,46.2945],[4.5688,46.2939],[4.573,46.2767],[4.5849,46.27],[4.6159,46.2673],[4.6163,46.2823],[4.6338,46.2899],[4.6349,46.2994],[4.653,46.3042],[4.666,46.296],[4.6793,46.3064],[4.7076,46.2846],[4.7077,46.2697],[4.6923,46.2698],[4.684,46.2594],[4.7369,46.2325],[4.7239,46.1869],[4.7519,46.1725],[4.7804,46.1769],[4.8029,46.1561],[4.7498,46.0927],[4.7605,46.0631],[4.7404,46.0462],[4.7546,45.9737],[4.7301,45.9461],[4.762,45.9324],[4.7285,45.9082],[4.7313,45.8821],[4.7008,45.8603],[4.6992,45.8416],[4.6847,45.8384],[4.644,45.8896],[4.646,45.91],[4.6366,45.9237],[4.6551,45.9274],[4.661,45.9433],[4.6183,45.9592],[4.6423,45.9667],[4.6429,45.976],[4.5654,45.9889],[4.546,45.9986],[4.5491,46.007],[4.5363,46.0224],[4.5137,46.0267],[4.5344,46.0446],[4.5507,46.087],[4.5293,46.1217],[4.499,46.1441],[4.5082,46.1748],[4.4872,46.1937],[4.4817,46.1833],[4.4673,46.1845],[4.4389,46.1679],[4.3977,46.1876],[4.3958,46.1954],[4.4207,46.2082],[4.4072,46.2202],[4.3873,46.22],[4.3855,46.247]]]},"properties":{"id":"69-09","nm":"Villefranche-Sur-Saône","dept":"69","ins":97598,"nbv":125,"dG":-8.817,"dCD":8.791,"dED":1.859,"dAB":-2.46,"af":35.69}},{"type":"Feature","geometry":{"type":"Polygon","coordinates":[[[4.6983,45.8631],[4.728,45.8772],[4.7271,45.9078],[4.7611,45.9349],[4.7789,45.9377],[4.8103,45.9182],[4.814,45.9025],[4.8485,45.9133],[4.8807,45.8975],[4.8857,45.8801],[4.909,45.8743],[4.8977,45.8504],[4.879,45.8509],[4.8655,45.8354],[4.8665,45.8107],[4.8798,45.7953],[4.8431,45.7788],[4.8071,45.789],[4.7843,45.8064],[4.7706,45.8027],[4.7689,45.8182],[4.7301,45.8482],[4.6992,45.8416],[4.6983,45.8631]]]},"properties":{"id":"69-05","nm":"Caluire-Et-Cuire","dept":"69","ins":86749,"nbv":99,"dG":-5.03,"dCD":13.323,"dED":-5.442,"dAB":-8.093,"af":31.49}},{"type":"Feature","geometry":{"type":"Polygon","coordinates":[[[4.5423,45.5985],[4.573,45.6172],[4.5942,45.6522],[4.5869,45.6621],[4.6017,45.6714],[4.6534,45.6616],[4.6999,45.6994],[4.7292,45.6912],[4.7255,45.6783],[4.7418,45.6724],[4.7522,45.6436],[4.7661,45.6509],[4.795,45.6356],[4.8203,45.642],[4.8277,45.6325],[4.8463,45.6328],[4.8576,45.6633],[4.888,45.6645],[4.897,45.6601],[4.8964,45.6455],[4.9116,45.6452],[4.934,45.6837],[4.9824,45.6805],[5.0582,45.6535],[5.0372,45.6401],[5.0436,45.6213],[5.037,45.613],[5.007,45.6223],[4.9981,45.6034],[4.9701,45.6131],[4.8826,45.6017],[4.8633,45.5925],[4.8578,45.5765],[4.8288,45.5879],[4.7961,45.5866],[4.7953,45.5774],[4.8348,45.5457],[4.8725,45.529],[4.8456,45.5037],[4.7826,45.4707],[4.777,45.4541],[4.7484,45.4629],[4.731,45.4931],[4.6714,45.4734],[4.65,45.4969],[4.6506,45.537],[4.6241,45.5696],[4.5477,45.58],[4.5423,45.5985]]]},"properties":{"id":"69-11","nm":"Givors","dept":"69","ins":95693,"nbv":110,"dG":-5.082,"dCD":4.511,"dED":2.678,"dAB":-2.055,"af":35.27}},{"type":"Feature","geometry":{"type":"Polygon","coordinates":[[[4.348,45.7691],[4.3587,45.7836],[4.3765,45.7842],[4.3758,45.8249],[4.3909,45.8375],[4.4201,45.8275],[4.4537,45.8345],[4.4945,45.8048],[4.5017,45.7893],[4.4941,45.7777],[4.5281,45.772],[4.5301,45.7577],[4.5476,45.7518],[4.5716,45.7741],[4.5951,45.7562],[4.6174,45.7569],[4.6522,45.7891],[4.718,45.7974],[4.7302,45.7879],[4.7523,45.7907],[4.7611,45.7708],[4.7423,45.7652],[4.7525,45.7503],[4.7331,45.7388],[4.7353,45.7275],[4.7718,45.7286],[4.8094,45.6978],[4.8213,45.6977],[4.7839,45.6554],[4.7577,45.6407],[4.7421,45.6691],[4.7261,45.6741],[4.7258,45.6928],[4.7074,45.6996],[4.6617,45.6721],[4.6542,45.6583],[4.6369,45.6699],[4.5986,45.6704],[4.5825,45.6275],[4.5442,45.5982],[4.5477,45.58],[4.521,45.5727],[4.4999,45.5845],[4.4696,45.585],[4.4691,45.5964],[4.449,45.6061],[4.4422,45.6224],[4.4103,45.6319],[4.389,45.6633],[4.3663,45.6712],[4.3658,45.6986],[4.3975,45.7473],[4.39,45.7545],[4.3592,45.7512],[4.348,45.7691]]]},"properties":{"id":"69-10","nm":"Saint-Genis-Laval","dept":"69","ins":98181,"nbv":112,"dG":-6.952,"dCD":12.034,"dED":-1.92,"dAB":-6.888,"af":31.93}},{"type":"Feature","geometry":{"type":"Polygon","coordinates":[[[4.8631,45.8323],[4.8773,45.8502],[4.901,45.8576],[4.9171,45.8451],[4.9218,45.8062],[4.9701,45.8076],[4.9384,45.772],[4.9365,45.726],[4.9082,45.7195],[4.887,45.7261],[4.8984,45.7529],[4.9162,45.7496],[4.9204,45.7603],[4.9023,45.7721],[4.9037,45.7841],[4.8836,45.7896],[4.8631,45.8323]]]},"properties":{"id":"69-07","nm":"Vaulx-En-Velin","dept":"69","ins":72607,"nbv":71,"dG":15.244,"dCD":-4.19,"dED":-10.465,"dAB":7.983,"af":42.08}},{"type":"Feature","geometry":{"type":"MultiPolygon","coordinates":[[[[4.7683,45.6502],[4.8215,45.6954],[4.8381,45.6918],[4.8279,45.6539],[4.8073,45.6293],[4.7683,45.6502]]],[[[4.7117,45.774],[4.7702,45.7647],[4.7926,45.7735],[4.7822,45.7503],[4.817,45.7496],[4.8211,45.7091],[4.8051,45.7035],[4.7724,45.7282],[4.7354,45.7253],[4.7256,45.7335],[4.7437,45.7455],[4.7401,45.7642],[4.7117,45.774]]]]},"properties":{"id":"69-12","nm":"Oullins-Pierre-Bénite","dept":"69","ins":75443,"nbv":87,"dG":-1.664,"dCD":11.651,"dED":-6.729,"dAB":-7.495,"af":31.2}},{"type":"Feature","geometry":{"type":"MultiPolygon","coordinates":[[[[4.9776,45.7071],[4.9774,45.7072],[4.9774,45.7073],[4.9776,45.7071]]],[[[4.8085,45.636],[4.8256,45.6509],[4.8432,45.6957],[4.8376,45.7185],[4.8598,45.7307],[4.9106,45.7185],[4.9277,45.7229],[4.9384,45.6973],[4.9722,45.6941],[4.9609,45.6801],[4.9363,45.6817],[4.9171,45.6482],[4.8923,45.6418],[4.8936,45.6616],[4.8624,45.6635],[4.8529,45.6343],[4.8085,45.636]]]]},"properties":{"id":"69-14","nm":"Vénissieux","dept":"69","ins":75928,"nbv":82,"dG":16.189,"dCD":-14.074,"dED":-1.056,"dAB":11.911,"af":43.14}},{"type":"Feature","geometry":{"type":"Polygon","coordinates":[[[4.8584,45.7724],[4.8772,45.7943],[4.9076,45.7831],[4.9212,45.7579],[4.9185,45.7505],[4.8754,45.7549],[4.8584,45.7724]]]},"properties":{"id":"69-06","nm":"Villeurbanne","dept":"69","ins":90839,"nbv":79,"dG":32.361,"dCD":-18.557,"dED":-11.84,"dAB":3.174,"af":38.92}},{"type":"Feature","geometry":{"type":"Polygon","coordinates":[[[4.9278,45.7229],[4.9355,45.7287],[4.9362,45.7688],[4.9701,45.8076],[5.1015,45.8136],[5.0892,45.7845],[5.0604,45.7882],[5.0647,45.7697],[5.0958,45.7692],[5.0903,45.7531],[5.0968,45.7408],[5.139,45.7312],[5.16,45.7085],[5.154,45.6998],[5.1311,45.7065],[5.1099,45.7005],[5.1084,45.6901],[5.0546,45.6604],[4.9609,45.6801],[4.9629,45.6941],[4.9369,45.6967],[4.9278,45.7229]]]},"properties":{"id":"69-13","nm":"Meyzieu","dept":"69","ins":86873,"nbv":101,"dG":-5.101,"dCD":3.178,"dED":4.279,"dAB":0.536,"af":37.27}},{"type":"Feature","geometry":{"type":"Polygon","coordinates":[[[4.7855,45.786],[4.8092,45.7905],[4.8229,45.8047],[4.8415,45.8036],[4.8218,45.792],[4.8431,45.7788],[4.8238,45.7382],[4.8271,45.7656],[4.8133,45.763],[4.7855,45.786]]]},"properties":{"id":"69-02","nm":"Lyon","dept":"69","ins":74611,"nbv":75,"dG":17.917,"dCD":-0.721,"dED":-15.897,"dAB":-12.241,"af":26.86}},{"type":"Feature","geometry":{"type":"Polygon","coordinates":[[[4.7724,45.7519],[4.7963,45.7775],[4.8279,45.7675],[4.8301,45.7461],[4.8682,45.7371],[4.8405,45.7078],[4.8225,45.7156],[4.8116,45.7489],[4.7724,45.7519]]]},"properties":{"id":"69-01","nm":"Lyon","dept":"69","ins":70790,"nbv":73,"dG":14.814,"dCD":1.546,"dED":-12.926,"dAB":-7.167,"af":31.18}},{"type":"Feature","geometry":{"type":"Polygon","coordinates":[[[4.8332,45.7498],[4.84,45.7635],[4.8597,45.7637],[4.8876,45.7204],[4.8482,45.7347],[4.8332,45.7498]]]},"properties":{"id":"69-03","nm":"Lyon","dept":"69","ins":70822,"nbv":73,"dG":23.347,"dCD":-4.227,"dED":-14.709,"dAB":-10.202,"af":29.3}},{"type":"Feature","geometry":{"type":"MultiPolygon","coordinates":[[[[4.8396,45.7722],[4.8599,45.7869],[4.8595,45.773],[4.878,45.756],[4.8984,45.7529],[4.8871,45.7253],[4.8396,45.7722]]],[[[4.87,45.7637],[4.87,45.7637],[4.87,45.7637],[4.87,45.7637]]]]},"properties":{"id":"69-04","nm":"Lyon","dept":"69","ins":78040,"nbv":83,"dG":7.847,"dCD":8.668,"dED":-12.608,"dAB":-11.317,"af":27.73}},{"type":"Feature","geometry":{"type":"Polygon","coordinates":[[[6.0384,47.91],[6.0755,47.9295],[6.0601,47.972],[6.1313,48.0241],[6.1561,48.0062],[6.1626,47.9573],[6.208,47.9468],[6.2121,47.9308],[6.2386,47.9335],[6.2773,47.9538],[6.323,47.9489],[6.365,47.9626],[6.391,47.9605],[6.4105,47.9439],[6.4316,47.9438],[6.4627,47.9173],[6.4616,47.9002],[6.484,47.8883],[6.5419,47.903],[6.5683,47.9345],[6.6041,47.9448],[6.642,47.9185],[6.6458,47.9039],[6.7392,47.861],[6.7826,47.8513],[6.7909,47.8316],[6.8249,47.8091],[6.7846,47.7811],[6.7584,47.7457],[6.7595,47.723],[6.7781,47.6978],[6.7815,47.6567],[6.801,47.636],[6.7793,47.6164],[6.8212,47.5744],[6.7827,47.5377],[6.7561,47.5421],[6.7293,47.5605],[6.7148,47.5531],[6.6683,47.5714],[6.67,47.5575],[6.648,47.5361],[6.6246,47.529],[6.5836,47.5419],[6.5839,47.51],[6.5739,47.496],[6.5539,47.4905],[6.5375,47.5035],[6.516,47.4967],[6.4987,47.5083],[6.4715,47.487],[6.4591,47.5133],[6.4115,47.522],[6.3928,47.5077],[6.3658,47.5129],[6.3323,47.503],[6.321,47.4859],[6.3022,47.4889],[6.2885,47.4473],[6.2644,47.4436],[6.2623,47.4309],[6.2412,47.4236],[6.2415,47.4107],[6.2057,47.43],[6.1906,47.4022],[6.1719,47.3981],[6.1568,47.4117],[6.1467,47.4076],[6.1364,47.4194],[6.1432,47.4405],[6.1182,47.4505],[6.1285,47.4641],[6.1186,47.5005],[6.0826,47.5102],[6.0828,47.5339],[6.1107,47.553],[6.1171,47.5725],[6.1576,47.592],[6.1783,47.5948],[6.2109,47.5667],[6.2291,47.5658],[6.2278,47.5859],[6.1921,47.6154],[6.2513,47.6394],[6.2611,47.6596],[6.2464,47.6843],[6.2623,47.7092],[6.2241,47.7487],[6.1879,47.72],[6.1915,47.7571],[6.1775,47.7879],[6.1882,47.7977],[6.1665,47.8047],[6.149,47.7927],[6.1393,47.8032],[6.1239,47.7999],[6.116,47.8153],[6.1449,47.8346],[6.1459,47.8609],[6.0877,47.8992],[6.0408,47.8962],[6.0384,47.91]]]},"properties":{"id":"70-02","nm":"Héricourt","dept":"70","ins":89378,"nbv":262,"dG":-9.409,"dCD":-3.854,"dED":16.867,"dAB":-1.715,"af":33.6}},{"type":"Feature","geometry":{"type":"Polygon","coordinates":[[[5.367,47.4651],[5.3912,47.4703],[5.387,47.4805],[5.3993,47.4992],[5.448,47.4966],[5.4964,47.5439],[5.4931,47.5612],[5.4805,47.564],[5.4877,47.5779],[5.4784,47.6061],[5.4412,47.63],[5.4251,47.631],[5.3997,47.5965],[5.3737,47.6048],[5.3723,47.6185],[5.3975,47.6435],[5.4063,47.6734],[5.4619,47.6732],[5.4828,47.6846],[5.5291,47.6736],[5.5674,47.7073],[5.5821,47.703],[5.5979,47.675],[5.688,47.6855],[5.6935,47.7025],[5.6852,47.7229],[5.7074,47.7472],[5.7061,47.7677],[5.68,47.7701],[5.6764,47.7791],[5.6921,47.8214],[5.742,47.8229],[5.7465,47.8506],[5.7619,47.8593],[5.8153,47.8495],[5.8207,47.8691],[5.8515,47.906],[5.8871,47.9038],[5.8836,47.9249],[5.917,47.9479],[5.9191,47.9688],[5.937,47.979],[5.9588,47.9705],[5.9339,47.9449],[5.9482,47.9366],[5.9705,47.9572],[6.0033,47.9582],[6.0325,47.9991],[6.0732,48.0159],[6.1094,48.0126],[6.1131,48.0002],[6.0622,47.9731],[6.0765,47.9304],[6.0415,47.9115],[6.0402,47.9006],[6.0941,47.8967],[6.1348,47.8715],[6.1463,47.861],[6.1479,47.8352],[6.1219,47.822],[6.1255,47.8022],[6.1482,47.793],[6.1652,47.8058],[6.2102,47.7988],[6.2046,47.7851],[6.1876,47.7839],[6.1915,47.7334],[6.2268,47.7489],[6.2682,47.7089],[6.2474,47.6852],[6.2624,47.6601],[6.2548,47.6422],[6.1984,47.6168],[6.2086,47.5945],[6.2285,47.5868],[6.2317,47.5608],[6.2077,47.567],[6.2056,47.5777],[6.1768,47.5956],[6.1613,47.5945],[6.1466,47.5797],[6.1204,47.5739],[6.0797,47.5211],[6.0836,47.511],[6.1198,47.5],[6.1296,47.4627],[6.1223,47.4496],[6.1488,47.4396],[6.1421,47.4183],[6.1695,47.4049],[6.1707,47.3899],[6.1206,47.3934],[6.11,47.3835],[6.1199,47.3667],[6.113,47.3613],[6.0857,47.3711],[6.0802,47.3542],[6.0377,47.345],[6.0185,47.3312],[6.0,47.3382],[5.9775,47.3261],[5.9608,47.3393],[5.9319,47.3432],[5.9316,47.329],[5.9,47.3314],[5.8953,47.3103],[5.8843,47.3203],[5.8622,47.3157],[5.8441,47.3001],[5.7845,47.2905],[5.7396,47.2625],[5.6775,47.2752],[5.6242,47.2529],[5.602,47.2616],[5.5793,47.2526],[5.5529,47.2784],[5.5316,47.2841],[5.52,47.3033],[5.4975,47.3158],[5.4689,47.3167],[5.4948,47.339],[5.4935,47.391],[5.4775,47.3952],[5.4523,47.3832],[5.4323,47.3929],[5.4398,47.4079],[5.4304,47.4214],[5.4347,47.4482],[5.4181,47.4492],[5.4072,47.4616],[5.3796,47.4506],[5.367,47.4651]]]},"properties":{"id":"70-01","nm":"Vesoul","dept":"70","ins":88355,"nbv":352,"dG":-13.769,"dCD":1.686,"dED":13.874,"dAB":-4.007,"af":30.5}},{"type":"Feature","geometry":{"type":"MultiPolygon","coordinates":[[[[4.7024,46.5855],[4.7089,46.61],[4.7794,46.6491],[4.7654,46.6748],[4.8157,46.7009],[4.8523,46.7006],[4.8765,46.6891],[4.8964,46.6993],[4.9419,46.6895],[4.9332,46.7099],[4.9094,46.7217],[4.9256,46.7302],[4.9252,46.7514],[4.9625,46.7611],[4.9631,46.7775],[4.9238,46.8048],[4.9077,46.7968],[4.889,46.802],[4.8687,46.7839],[4.8543,46.8014],[4.7968,46.8149],[4.7958,46.8453],[4.8226,46.8539],[4.8255,46.8647],[4.8351,46.8534],[4.8516,46.8527],[4.8576,46.8769],[4.867,46.8804],[4.9033,46.8537],[4.9462,46.849],[4.9512,46.8341],[4.9634,46.8435],[4.9648,46.8579],[4.9869,46.8572],[4.9994,46.8764],[5.0352,46.8673],[5.0556,46.8475],[5.0735,46.8642],[5.1387,46.8575],[5.1518,46.8704],[5.1377,46.8842],[5.158,46.9259],[5.1931,46.9345],[5.2091,46.9121],[5.2283,46.9327],[5.2277,46.948],[5.2167,46.9523],[5.2082,46.9745],[5.2221,46.9891],[5.2551,46.9796],[5.2671,46.931],[5.3079,46.9386],[5.3114,46.9127],[5.3312,46.8884],[5.3513,46.8935],[5.364,46.8839],[5.3898,46.8945],[5.4039,46.8895],[5.4144,46.8612],[5.4608,46.8547],[5.4627,46.8274],[5.4054,46.8329],[5.3298,46.8129],[5.3359,46.7937],[5.371,46.7862],[5.3902,46.7706],[5.3633,46.7352],[5.3936,46.7286],[5.3957,46.7091],[5.4079,46.7028],[5.4007,46.6841],[5.4213,46.6734],[5.4269,46.6637],[5.4202,46.6511],[5.4409,46.6378],[5.4072,46.6126],[5.4138,46.5974],[5.4057,46.5816],[5.369,46.5796],[5.3605,46.558],[5.3617,46.5191],[5.421,46.5012],[5.4094,46.4699],[5.3841,46.4701],[5.3727,46.4601],[5.3271,46.4619],[5.307,46.4454],[5.257,46.4502],[5.2146,46.4687],[5.1968,46.5082],[5.1724,46.5127],[5.1665,46.5031],[5.1424,46.5084],[5.1097,46.4916],[5.0968,46.4983],[5.0564,46.4837],[5.0058,46.5097],[4.9754,46.5146],[4.9519,46.5002],[4.9361,46.5135],[4.9145,46.4801],[4.8469,46.4937],[4.8447,46.5026],[4.8701,46.505],[4.8708,46.515],[4.8606,46.5195],[4.7802,46.5149],[4.7821,46.5282],[4.758,46.54],[4.7686,46.5634],[4.7024,46.5855]]],[[[4.8587,46.7838],[4.859,46.7835],[4.8584,46.7835],[4.8587,46.7838]]]]},"properties":{"id":"71-04","nm":"Chalon-Sur-Saône","dept":"71","ins":83477,"nbv":150,"dG":0.597,"dCD":-8.542,"dED":9.995,"dAB":0.046,"af":35.93}},{"type":"Feature","geometry":{"type":"Polygon","coordinates":[[[3.826,46.6934],[3.8445,46.7226],[3.9263,46.7409],[3.9285,46.7512],[3.9494,46.7529],[3.9667,46.7692],[4.0191,46.7765],[4.0341,46.7877],[4.0577,46.7793],[4.0582,46.8198],[4.0425,46.8344],[4.0979,46.866],[4.0737,46.8925],[4.0454,46.8999],[4.036,46.9214],[4.0408,46.9506],[4.052,46.9601],[4.0391,46.9826],[4.0097,46.9713],[3.9953,46.9753],[3.9977,46.9865],[4.061,47.0217],[4.057,47.0391],[4.0707,47.0572],[4.0392,47.0859],[4.0603,47.1213],[4.0899,47.1168],[4.0947,47.1289],[4.1119,47.119],[4.1272,47.1306],[4.1488,47.1145],[4.1838,47.1286],[4.1874,47.1524],[4.2453,47.1469],[4.2569,47.1161],[4.2736,47.1078],[4.2989,47.1124],[4.3075,47.1034],[4.3467,47.1012],[4.3453,47.0735],[4.3573,47.0636],[4.3706,47.0795],[4.3995,47.0833],[4.4165,47.077],[4.4062,47.058],[4.4277,47.0401],[4.49,47.0336],[4.5127,47.0116],[4.5549,47.02],[4.5563,46.9944],[4.567,46.9927],[4.5741,46.9731],[4.5936,46.9671],[4.5925,46.9545],[4.6215,46.9396],[4.6796,46.9301],[4.6679,46.9138],[4.687,46.9002],[4.7123,46.9065],[4.725,46.9237],[4.7796,46.9183],[4.7889,46.9323],[4.8867,46.9514],[4.8945,46.9666],[4.991,46.9594],[5.0304,46.9811],[5.0505,46.9809],[5.0969,46.9566],[5.1632,46.9648],[5.2045,46.9853],[5.2334,46.9316],[5.2089,46.9093],[5.1836,46.9301],[5.1575,46.925],[5.1389,46.8857],[5.1528,46.8777],[5.1413,46.8566],[5.0761,46.8622],[5.0701,46.839],[5.0571,46.8386],[5.0347,46.8671],[5.0018,46.8746],[4.985,46.8558],[4.9663,46.857],[4.9516,46.831],[4.9412,46.8511],[4.9052,46.8523],[4.8627,46.8799],[4.8507,46.8509],[4.8135,46.8513],[4.7995,46.842],[4.7971,46.8257],[4.8052,46.8204],[4.7908,46.8051],[4.8001,46.7984],[4.7825,46.7685],[4.8089,46.7573],[4.7827,46.7436],[4.784,46.7338],[4.7688,46.7225],[4.7734,46.7141],[4.7419,46.7214],[4.7387,46.731],[4.7022,46.7336],[4.693,46.7409],[4.6934,46.7626],[4.6623,46.7651],[4.6523,46.7784],[4.6231,46.7745],[4.6102,46.7852],[4.5633,46.7719],[4.5371,46.7822],[4.4846,46.7673],[4.4493,46.7885],[4.402,46.7934],[4.3855,46.8265],[4.4074,46.8536],[4.3911,46.8731],[4.3607,46.8874],[4.3442,46.8728],[4.3477,46.8643],[4.2886,46.8599],[4.2814,46.824],[4.2923,46.8011],[4.2702,46.789],[4.2764,46.7732],[4.253,46.754],[4.2611,46.7397],[4.2499,46.7154],[4.2131,46.6876],[4.1962,46.6875],[4.1915,46.709],[4.1593,46.7141],[4.1584,46.7249],[4.145,46.7318],[4.1345,46.708],[4.1177,46.7035],[4.1138,46.6837],[4.1011,46.674],[4.0851,46.6687],[4.04,46.6783],[3.9976,46.6683],[3.9763,46.6482],[3.9549,46.6542],[3.942,46.6345],[3.9108,46.6441],[3.8963,46.6287],[3.863,46.6311],[3.855,46.6406],[3.8595,46.6657],[3.826,46.6934]]]},"properties":{"id":"71-03","nm":"Autun","dept":"71","ins":73980,"nbv":156,"dG":-11.46,"dCD":3.592,"dED":10.699,"dAB":-3.004,"af":34.62}},{"type":"Feature","geometry":{"type":"Polygon","coordinates":[[[3.6226,46.7401],[3.6319,46.7502],[3.6383,46.7406],[3.6608,46.7378],[3.7396,46.7525],[3.7837,46.7361],[3.7948,46.7047],[3.8261,46.7043],[3.8315,46.6832],[3.865,46.6675],[3.8589,46.6362],[3.8875,46.6289],[3.9009,46.6449],[3.9388,46.6352],[3.9499,46.6564],[3.9739,46.6521],[3.9928,46.6673],[4.0426,46.6781],[4.0845,46.6689],[4.1017,46.6747],[4.1123,46.6832],[4.1117,46.7007],[4.1347,46.7094],[4.1384,46.7317],[4.1515,46.7321],[4.163,46.7133],[4.1923,46.7107],[4.2023,46.6865],[4.2217,46.6997],[4.3148,46.6887],[4.3337,46.6698],[4.3136,46.6329],[4.3767,46.6217],[4.4037,46.6512],[4.3884,46.6678],[4.4447,46.6789],[4.4393,46.6971],[4.4528,46.7069],[4.4978,46.7084],[4.5046,46.7203],[4.5197,46.7101],[4.5596,46.7085],[4.5638,46.687],[4.586,46.6817],[4.5887,46.653],[4.6192,46.6066],[4.6108,46.5988],[4.5686,46.603],[4.5513,46.5514],[4.5236,46.5476],[4.5339,46.5283],[4.5301,46.5159],[4.4933,46.498],[4.5117,46.4851],[4.5392,46.4864],[4.5405,46.4517],[4.5131,46.4395],[4.5169,46.409],[4.4746,46.4041],[4.4502,46.376],[4.4484,46.3614],[4.4124,46.3743],[4.3821,46.3514],[4.4011,46.313],[4.4344,46.3139],[4.425,46.2963],[4.3974,46.2828],[4.3894,46.2131],[4.3671,46.1995],[4.3741,46.1869],[4.2923,46.1712],[4.282,46.1567],[4.2499,46.1582],[4.2611,46.1766],[4.2545,46.1876],[4.2265,46.1785],[4.2065,46.1944],[4.1863,46.1886],[4.1882,46.1751],[4.1332,46.1774],[4.1029,46.1979],[4.0604,46.1885],[4.0294,46.1692],[3.9895,46.1692],[3.9691,46.2016],[3.918,46.2029],[3.8901,46.2145],[3.8978,46.2393],[3.9091,46.2459],[3.9056,46.2709],[3.8913,46.2852],[3.9453,46.302],[3.9458,46.3212],[3.9869,46.3213],[3.9913,46.37],[3.9772,46.3992],[3.9932,46.4254],[3.9883,46.4364],[4.0007,46.4434],[3.9993,46.4638],[3.974,46.4791],[3.955,46.4769],[3.949,46.4909],[3.9171,46.4961],[3.8931,46.4808],[3.861,46.4926],[3.8619,46.5103],[3.8398,46.5176],[3.8386,46.5305],[3.8018,46.5199],[3.7727,46.5384],[3.7419,46.5391],[3.732,46.5515],[3.7425,46.567],[3.7345,46.6014],[3.7129,46.6102],[3.7207,46.6272],[3.6946,46.662],[3.6698,46.6725],[3.6507,46.7035],[3.638,46.707],[3.6364,46.7257],[3.6226,46.7401]]]},"properties":{"id":"71-02","nm":"Paray-Le-Monial","dept":"71","ins":76621,"nbv":175,"dG":-14.143,"dCD":12.267,"dED":2.974,"dAB":-4.004,"af":33.94}},{"type":"Feature","geometry":{"type":"Polygon","coordinates":[[[4.3769,46.3519],[4.411,46.3749],[4.444,46.3606],[4.4806,46.4131],[4.5136,46.4083],[4.5125,46.4406],[4.5407,46.4544],[4.5384,46.4803],[4.4801,46.4976],[4.5315,46.5196],[4.521,46.5512],[4.5503,46.5521],[4.5625,46.6005],[4.6089,46.5999],[4.6374,46.6175],[4.6468,46.6344],[4.6809,46.6262],[4.6723,46.6047],[4.6784,46.5953],[4.7715,46.562],[4.7615,46.5396],[4.787,46.5321],[4.7858,46.5164],[4.8247,46.5265],[4.8375,46.5134],[4.8544,46.5208],[4.8748,46.5153],[4.8658,46.4922],[4.9145,46.4801],[4.9143,46.4625],[4.8915,46.4399],[4.8885,46.4033],[4.8519,46.3546],[4.8529,46.3291],[4.8119,46.2579],[4.7804,46.1769],[4.7584,46.1721],[4.7271,46.18],[4.7217,46.1904],[4.7309,46.2152],[4.7192,46.2276],[4.7312,46.2362],[4.679,46.2591],[4.6799,46.2678],[4.7079,46.2753],[4.6896,46.3031],[4.664,46.2952],[4.6399,46.3022],[4.6199,46.2813],[4.6183,46.265],[4.5873,46.2685],[4.56,46.2943],[4.5462,46.2741],[4.504,46.2672],[4.4885,46.2869],[4.4388,46.2934],[4.4234,46.3098],[4.4016,46.312],[4.3769,46.3519]]]},"properties":{"id":"71-01","nm":"Mâcon","dept":"71","ins":75060,"nbv":141,"dG":-4.465,"dCD":3.443,"dED":2.315,"dAB":-2.084,"af":36.26}},{"type":"Feature","geometry":{"type":"Polygon","coordinates":[[[4.227,46.706],[4.2486,46.7147],[4.2583,46.7365],[4.251,46.7545],[4.2706,46.7661],[4.2663,46.7882],[4.2886,46.8012],[4.2801,46.8629],[4.338,46.8645],[4.3653,46.8887],[4.3781,46.8752],[4.3947,46.8734],[4.4117,46.8523],[4.3888,46.8338],[4.398,46.8257],[4.3937,46.8009],[4.4216,46.7876],[4.45,46.7885],[4.4827,46.7679],[4.5353,46.784],[4.5596,46.783],[4.5656,46.7729],[4.6136,46.7861],[4.6238,46.7748],[4.6498,46.7794],[4.6677,46.7651],[4.6929,46.764],[4.7042,46.7342],[4.7459,46.7288],[4.7565,46.7179],[4.7784,46.7425],[4.8008,46.7523],[4.7819,46.7679],[4.7945,46.7944],[4.792,46.8184],[4.8177,46.8051],[4.8532,46.8055],[4.8735,46.7871],[4.8868,46.8022],[4.9079,46.7975],[4.9211,46.8076],[4.9662,46.7775],[4.961,46.7582],[4.9268,46.7501],[4.9267,46.7295],[4.9172,46.7231],[4.9426,46.6875],[4.8964,46.6984],[4.8747,46.6871],[4.8658,46.6979],[4.8162,46.6998],[4.7688,46.6735],[4.7844,46.6484],[4.7134,46.6114],[4.7023,46.5855],[4.6713,46.603],[4.6793,46.6233],[4.671,46.6321],[4.6479,46.6315],[4.6391,46.6169],[4.6144,46.6079],[4.6092,46.6287],[4.5795,46.6669],[4.583,46.6799],[4.5641,46.6859],[4.5555,46.7095],[4.5072,46.7168],[4.5003,46.7089],[4.4521,46.7054],[4.4431,46.696],[4.4484,46.6797],[4.4,46.6674],[4.3997,46.6586],[4.4136,46.6537],[4.3775,46.6217],[4.3053,46.6321],[4.3263,46.6553],[4.3258,46.6742],[4.2998,46.6889],[4.227,46.706]]]},"properties":{"id":"71-05","nm":"Chalon-Sur-Saône","dept":"71","ins":85091,"nbv":112,"dG":-5.507,"dCD":6.262,"dED":1.326,"dAB":-0.087,"af":38.43}},{"type":"Feature","geometry":{"type":"MultiPolygon","coordinates":[[[[-0.2539,48.1366],[-0.2469,48.1489],[-0.2526,48.1575],[-0.1507,48.2057],[-0.1466,48.2256],[-0.1613,48.239],[-0.1671,48.2637],[-0.1567,48.2657],[-0.1392,48.2965],[-0.1584,48.3274],[-0.1573,48.3411],[-0.1348,48.3458],[-0.1367,48.3644],[-0.1123,48.3743],[-0.0784,48.3707],[-0.0025,48.3975],[0.0173,48.3815],[0.0532,48.3801],[0.0705,48.4091],[0.1008,48.4111],[0.1139,48.434],[0.1544,48.4378],[0.1598,48.4202],[0.1414,48.4029],[0.1542,48.3902],[0.1507,48.3789],[0.1812,48.3805],[0.2013,48.3956],[0.2277,48.3699],[0.2154,48.3492],[0.2009,48.3519],[0.1755,48.3356],[0.18,48.3281],[0.2222,48.3231],[0.2143,48.2976],[0.1964,48.2824],[0.2023,48.2646],[0.2003,48.2519],[0.1876,48.2449],[0.196,48.2209],[0.1847,48.1959],[0.1533,48.1896],[0.1349,48.1708],[0.1102,48.1678],[0.0964,48.1777],[0.0724,48.1613],[0.083,48.1469],[0.1155,48.1489],[0.1214,48.1271],[0.1559,48.1264],[0.1589,48.1122],[0.1801,48.1115],[0.1906,48.0999],[0.1723,48.0867],[0.176,48.072],[0.2065,48.0628],[0.1837,48.0471],[0.1841,48.0324],[0.2126,47.9982],[0.236,47.9992],[0.228,47.9941],[0.2086,47.9874],[0.1862,47.9979],[0.1832,48.0087],[0.1027,48.0115],[0.069,48.0359],[0.0404,48.032],[0.0191,48.0618],[0.0056,48.066],[-0.0043,48.0497],[-0.0314,48.0609],[-0.0776,48.0434],[-0.1233,48.044],[-0.1374,48.0551],[-0.1777,48.0517],[-0.1998,48.0705],[-0.2185,48.0692],[-0.2374,48.0829],[-0.2377,48.0975],[-0.2168,48.1126],[-0.2539,48.1366]]],[[[0.2086,47.9829],[0.2087,47.9829],[0.2088,47.9827],[0.2086,47.9829]]],[[[0.2229,48.0101],[0.2231,48.0103],[0.2231,48.01],[0.2229,48.0101]]],[[[0.1913,47.9503],[0.1895,47.9581],[0.1965,47.9446],[0.1913,47.9503]]],[[[0.1719,47.988],[0.1716,47.9891],[0.1721,47.9876],[0.1719,47.988]]]]},"properties":{"id":"72-01","nm":"Le Mans","dept":"72","ins":73766,"nbv":110,"dG":-3.482,"dCD":5.664,"dED":-0.349,"dAB":-1.393,"af":36.1}},{"type":"Feature","geometry":{"type":"Polygon","coordinates":[[[0.0818,48.1464],[0.0728,48.1694],[0.0988,48.1767],[0.1335,48.1705],[0.1487,48.1793],[0.1458,48.1903],[0.184,48.1957],[0.1858,48.2406],[0.2027,48.2579],[0.1905,48.2701],[0.1981,48.2931],[0.2212,48.3127],[0.2075,48.3269],[0.1688,48.3279],[0.1765,48.3426],[0.2002,48.3549],[0.2165,48.3518],[0.2189,48.3706],[0.2015,48.3929],[0.1772,48.3771],[0.1579,48.3757],[0.1429,48.387],[0.1319,48.4087],[0.1516,48.4114],[0.1557,48.4429],[0.1436,48.4554],[0.1657,48.4517],[0.1838,48.4643],[0.2495,48.4742],[0.2655,48.485],[0.3006,48.4806],[0.3641,48.4518],[0.3826,48.4251],[0.3726,48.408],[0.3873,48.3515],[0.3822,48.3356],[0.403,48.3164],[0.4164,48.3224],[0.4335,48.3062],[0.4775,48.3003],[0.4902,48.3096],[0.5075,48.2953],[0.4969,48.282],[0.5326,48.2648],[0.5423,48.2489],[0.6123,48.2422],[0.6518,48.2642],[0.6831,48.255],[0.7389,48.1888],[0.7612,48.1807],[0.7978,48.1948],[0.8423,48.1655],[0.8863,48.1619],[0.9166,48.1389],[0.8566,48.1327],[0.841,48.102],[0.8482,48.0945],[0.8436,48.073],[0.7999,48.0681],[0.7968,48.0404],[0.8116,48.0312],[0.8379,48.0342],[0.8419,48.0192],[0.8241,47.9819],[0.7923,47.9683],[0.7223,47.993],[0.7043,48.0093],[0.6674,48.0028],[0.5971,48.0108],[0.5808,48.0319],[0.5484,48.0342],[0.5312,48.0498],[0.4536,48.0759],[0.4542,48.0859],[0.4336,48.0934],[0.4314,48.1054],[0.4471,48.1125],[0.4599,48.1467],[0.4146,48.1531],[0.3696,48.1443],[0.3393,48.1137],[0.3047,48.117],[0.2985,48.101],[0.2497,48.0981],[0.2609,48.0726],[0.2292,48.0535],[0.2222,48.0327],[0.2522,48.0157],[0.2355,47.9989],[0.214,47.9962],[0.1765,48.0444],[0.1993,48.0596],[0.174,48.0722],[0.1688,48.0892],[0.1833,48.0942],[0.1781,48.1078],[0.1504,48.1262],[0.1138,48.1254],[0.1144,48.147],[0.0818,48.1464]]]},"properties":{"id":"72-05","nm":"Le Mans","dept":"72","ins":87032,"nbv":153,"dG":-3.39,"dCD":-1.516,"dED":7.288,"dAB":1.232,"af":36.29}},{"type":"Feature","geometry":{"type":"Polygon","coordinates":[[[-0.448,47.8324],[-0.4285,47.8506],[-0.3839,47.8601],[-0.3724,47.8721],[-0.378,47.8882],[-0.4109,47.8951],[-0.4053,47.904],[-0.413,47.916],[-0.3758,47.933],[-0.3204,47.9353],[-0.288,47.9535],[-0.3025,47.9658],[-0.3134,48.0037],[-0.3414,48.0119],[-0.334,48.0276],[-0.3416,48.0432],[-0.3311,48.0502],[-0.3164,48.0454],[-0.2721,48.0652],[-0.2343,48.0591],[-0.226,48.0718],[-0.2008,48.0712],[-0.1855,48.0612],[-0.1709,48.0643],[-0.17,48.0527],[-0.1363,48.056],[-0.1231,48.0448],[-0.0811,48.0432],[-0.0648,48.0561],[-0.0331,48.0611],[-0.0112,48.0542],[-0.0001,48.0675],[0.0246,48.0655],[0.0221,48.0536],[0.0408,48.032],[0.0659,48.0376],[0.084,48.0308],[0.1032,48.0443],[0.0928,48.0281],[0.1038,48.0124],[0.1456,48.0157],[0.1939,48.0052],[0.1642,47.9766],[0.1837,47.93],[0.1629,47.9048],[0.174,47.8752],[0.1269,47.8344],[0.0933,47.8466],[0.0843,47.8624],[0.0609,47.8637],[0.0332,47.8482],[0.0177,47.8303],[0.0408,47.8174],[0.0176,47.7956],[0.0254,47.7798],[0.007,47.7527],[-0.035,47.7546],[-0.0524,47.7392],[-0.0806,47.7428],[-0.1063,47.725],[-0.137,47.7628],[-0.1533,47.7632],[-0.1845,47.7403],[-0.2461,47.769],[-0.2883,47.7326],[-0.2876,47.7189],[-0.3624,47.7145],[-0.3592,47.7323],[-0.3812,47.7503],[-0.3761,47.7694],[-0.3852,47.8027],[-0.4293,47.8067],[-0.448,47.8324]]]},"properties":{"id":"72-04","nm":"Le Mans","dept":"72","ins":81439,"nbv":115,"dG":-1.083,"dCD":-2.427,"dED":4.295,"dAB":1.116,"af":35.14}},{"type":"Feature","geometry":{"type":"Polygon","coordinates":[[[0.156,47.9776],[0.1861,47.9968],[0.2176,47.993],[0.2425,48.0047],[0.2399,48.017],[0.2166,48.0221],[0.2224,48.0523],[0.2588,48.0708],[0.2343,48.0904],[0.2591,48.1038],[0.295,48.102],[0.3053,48.1171],[0.3415,48.1158],[0.3699,48.145],[0.4134,48.1561],[0.4665,48.1435],[0.4357,48.1003],[0.4592,48.0763],[0.511,48.0657],[0.5109,48.0562],[0.5481,48.0359],[0.5822,48.0318],[0.6023,48.0088],[0.6764,48.0047],[0.6516,47.9841],[0.6551,47.9539],[0.6291,47.9734],[0.6049,47.9217],[0.5782,47.9214],[0.5832,47.9085],[0.608,47.9015],[0.5936,47.8836],[0.5534,47.8726],[0.5097,47.8953],[0.5093,47.9061],[0.4698,47.9111],[0.4348,47.8929],[0.4027,47.8617],[0.3936,47.8616],[0.3779,47.8955],[0.3651,47.8942],[0.3606,47.9154],[0.3099,47.9333],[0.3002,47.9253],[0.2694,47.9272],[0.2309,47.944],[0.2205,47.9393],[0.2197,47.9223],[0.1764,47.9073],[0.1636,47.9148],[0.1825,47.9274],[0.178,47.9542],[0.156,47.9776]]]},"properties":{"id":"72-02","nm":"Le Mans","dept":"72","ins":83764,"nbv":99,"dG":12.525,"dCD":-12.658,"dED":2.377,"dAB":4.582,"af":39.17}},{"type":"Feature","geometry":{"type":"Polygon","coordinates":[[[-0.291,47.7252],[-0.2474,47.7698],[-0.1808,47.7422],[-0.1523,47.7639],[-0.1331,47.7627],[-0.1206,47.7323],[-0.1072,47.7257],[-0.0815,47.7441],[-0.0566,47.7379],[-0.0396,47.754],[0.0033,47.7521],[0.0225,47.7799],[0.0142,47.7951],[0.0359,47.8164],[0.0127,47.83],[0.0368,47.8512],[0.0832,47.8633],[0.1014,47.8421],[0.1382,47.8384],[0.1729,47.8765],[0.1537,47.9037],[0.2093,47.9164],[0.2266,47.9444],[0.269,47.928],[0.3184,47.9325],[0.3388,47.9188],[0.3622,47.9171],[0.3652,47.8988],[0.3774,47.8985],[0.3889,47.8702],[0.4031,47.8637],[0.4705,47.9115],[0.5046,47.9119],[0.5195,47.9016],[0.5182,47.8913],[0.5547,47.8726],[0.5906,47.8837],[0.6019,47.9018],[0.5811,47.9088],[0.576,47.9247],[0.6026,47.9233],[0.627,47.9738],[0.6532,47.9624],[0.6496,47.9894],[0.6879,48.0105],[0.7096,48.0089],[0.7224,47.993],[0.791,47.9687],[0.8241,47.9819],[0.8494,47.9473],[0.8158,47.9327],[0.8118,47.8885],[0.7871,47.9111],[0.7606,47.8987],[0.7625,47.8599],[0.7747,47.8397],[0.7504,47.8293],[0.7197,47.7927],[0.6958,47.7853],[0.7037,47.7679],[0.6746,47.7682],[0.6281,47.752],[0.6088,47.7253],[0.5859,47.7167],[0.5957,47.6891],[0.6146,47.6945],[0.6148,47.6829],[0.4984,47.6446],[0.4654,47.6445],[0.4518,47.6214],[0.4293,47.6176],[0.3832,47.6414],[0.3651,47.622],[0.3836,47.61],[0.4024,47.5785],[0.3783,47.5684],[0.3391,47.5797],[0.3195,47.5954],[0.2777,47.5974],[0.259,47.612],[0.2159,47.6117],[0.2058,47.6036],[0.1919,47.6164],[0.1847,47.5992],[0.1512,47.5818],[0.1133,47.6055],[0.053,47.6058],[0.0204,47.6192],[-0.0031,47.6459],[-0.0203,47.6368],[-0.0279,47.6471],[-0.0736,47.6561],[-0.0925,47.6512],[-0.0985,47.6611],[-0.1132,47.6454],[-0.1114,47.6355],[-0.1348,47.6325],[-0.1588,47.646],[-0.195,47.6486],[-0.196,47.6617],[-0.2199,47.6881],[-0.184,47.7054],[-0.1939,47.7239],[-0.2345,47.7034],[-0.291,47.7252]]]},"properties":{"id":"72-03","nm":"La Flèche","dept":"72","ins":85878,"nbv":129,"dG":-10.445,"dCD":1.328,"dED":10.615,"dAB":0.959,"af":36.53}},{"type":"Feature","geometry":{"type":"Polygon","coordinates":[[[5.6222,45.6093],[5.6519,45.6364],[5.6862,45.6429],[5.6849,45.6657],[5.7076,45.6898],[5.7008,45.7103],[5.7493,45.7057],[5.7749,45.7258],[5.7697,45.7412],[5.7831,45.7469],[5.7842,45.8157],[5.8262,45.9038],[5.8292,45.9383],[5.8624,45.9324],[5.8793,45.8603],[5.8759,45.8337],[5.9044,45.8261],[5.9145,45.806],[5.9626,45.8129],[5.9618,45.7969],[5.9818,45.7948],[5.9762,45.7688],[5.9944,45.7629],[6.0002,45.75],[6.0422,45.7395],[6.0163,45.6826],[6.003,45.6741],[5.9785,45.679],[5.966,45.6452],[5.9548,45.6442],[5.9386,45.6136],[5.9069,45.6363],[5.9046,45.6196],[5.8882,45.6123],[5.8907,45.5921],[5.8677,45.5714],[5.8504,45.565],[5.8427,45.5774],[5.8211,45.5708],[5.8303,45.5485],[5.8247,45.5214],[5.8632,45.5197],[5.8595,45.5009],[5.8908,45.4968],[5.9257,45.4638],[5.9013,45.4192],[5.9069,45.4094],[5.9282,45.4164],[5.91,45.3905],[5.8915,45.3907],[5.8813,45.4065],[5.8196,45.4212],[5.796,45.4387],[5.7402,45.4366],[5.7346,45.4727],[5.7009,45.5174],[5.6698,45.5381],[5.6694,45.5623],[5.6222,45.6093]]]},"properties":{"id":"73-01","nm":"Aix-Les-Bains","dept":"73","ins":92486,"nbv":127,"dG":-6.177,"dCD":4.651,"dED":2.733,"dAB":-4.155,"af":33.83}},{"type":"Feature","geometry":{"type":"Polygon","coordinates":[[[6.3078,45.6931],[6.3301,45.6951],[6.348,45.7372],[6.3726,45.7553],[6.3626,45.7682],[6.4236,45.8023],[6.4478,45.8359],[6.4501,45.8608],[6.5095,45.9092],[6.559,45.8931],[6.5729,45.8775],[6.5681,45.8624],[6.54,45.8564],[6.5626,45.816],[6.5779,45.8162],[6.5966,45.7942],[6.6592,45.8005],[6.6905,45.771],[6.7,45.7278],[6.713,45.724],[6.7559,45.7669],[6.8002,45.7799],[6.8061,45.7487],[6.817,45.7401],[6.8113,45.7247],[6.8484,45.6899],[6.8757,45.6791],[6.9026,45.6809],[6.9054,45.6634],[6.9291,45.6465],[6.97,45.6542],[7.0013,45.6397],[6.9784,45.5901],[6.9954,45.5757],[6.9922,45.5316],[7.0052,45.5177],[7.0021,45.5045],[7.063,45.4889],[7.0498,45.4846],[7.0508,45.4729],[7.1052,45.4683],[7.1005,45.4576],[7.1138,45.4349],[7.0711,45.4265],[7.0406,45.4308],[7.0086,45.3997],[6.9969,45.367],[6.9182,45.3857],[6.9164,45.4158],[6.903,45.425],[6.828,45.4047],[6.7953,45.388],[6.8032,45.3751],[6.7958,45.3666],[6.7496,45.347],[6.7534,45.3317],[6.7426,45.3258],[6.732,45.2978],[6.6847,45.2888],[6.6848,45.2694],[6.6221,45.2806],[6.6105,45.2653],[6.5749,45.266],[6.5336,45.2518],[6.4997,45.2882],[6.4498,45.2976],[6.4199,45.3385],[6.3954,45.3511],[6.4014,45.3711],[6.3875,45.3929],[6.4072,45.4251],[6.3546,45.4441],[6.404,45.5401],[6.3646,45.5664],[6.3874,45.6032],[6.3265,45.6501],[6.3268,45.6636],[6.3089,45.6721],[6.3078,45.6931]]]},"properties":{"id":"73-02","nm":"Albertville","dept":"73","ins":75626,"nbv":118,"dG":-8.465,"dCD":5.595,"dED":0.388,"dAB":-0.696,"af":37.43}},{"type":"Feature","geometry":{"type":"Polygon","coordinates":[[[5.8154,45.5198],[5.8294,45.5489],[5.817,45.5791],[5.8471,45.5795],[5.8538,45.5671],[5.8709,45.5723],[5.888,45.592],[5.8841,45.615],[5.9034,45.6197],[5.902,45.6358],[5.9138,45.6428],[5.94,45.6169],[5.9656,45.6485],[5.9742,45.6829],[6.0061,45.6761],[6.055,45.7514],[6.0964,45.7426],[6.1029,45.7619],[6.1247,45.7507],[6.1376,45.7613],[6.1666,45.7567],[6.18,45.737],[6.196,45.732],[6.1932,45.697],[6.2145,45.7091],[6.2319,45.7031],[6.2359,45.6848],[6.3078,45.6931],[6.3115,45.6718],[6.3293,45.6604],[6.3308,45.6476],[6.3902,45.6031],[6.3558,45.5647],[6.2829,45.5775],[6.29,45.5877],[6.2803,45.5954],[6.2602,45.5811],[6.2246,45.5859],[6.1763,45.5557],[6.1178,45.5344],[6.0864,45.5094],[6.0678,45.5238],[6.0338,45.515],[6.0247,45.536],[6.0075,45.5487],[5.9987,45.5449],[5.9949,45.5633],[5.9737,45.5593],[5.9646,45.5738],[5.9421,45.5681],[5.9278,45.5426],[5.9267,45.5154],[5.8942,45.4966],[5.8622,45.4912],[5.8571,45.518],[5.8154,45.5198]]]},"properties":{"id":"73-04","nm":"Chambéry","dept":"73","ins":79612,"nbv":100,"dG":7.049,"dCD":-4.129,"dED":-2.476,"dAB":-3.992,"af":34.37}},{"type":"Feature","geometry":{"type":"Polygon","coordinates":[[[5.8946,45.4971],[5.9274,45.5164],[5.9256,45.5385],[5.9381,45.5663],[5.9697,45.5749],[5.9755,45.562],[5.9927,45.5649],[6.0226,45.5398],[6.0355,45.5154],[6.0691,45.5242],[6.0867,45.5108],[6.2139,45.5812],[6.2611,45.5814],[6.2775,45.5975],[6.2946,45.5876],[6.2936,45.5732],[6.3819,45.5592],[6.4053,45.5411],[6.3823,45.5093],[6.3571,45.4456],[6.4136,45.4219],[6.3892,45.3912],[6.4024,45.3714],[6.3988,45.3513],[6.4229,45.3368],[6.4269,45.3215],[6.4468,45.3136],[6.4507,45.2975],[6.5034,45.2879],[6.508,45.271],[6.5322,45.2526],[6.5676,45.2657],[6.6083,45.2663],[6.624,45.2814],[6.6772,45.2717],[6.6866,45.2913],[6.732,45.2983],[6.7506,45.3329],[6.7453,45.3457],[6.7934,45.3669],[6.7941,45.3894],[6.8905,45.4232],[6.9174,45.417],[6.9197,45.3856],[6.9692,45.379],[6.9875,45.3671],[6.9995,45.369],[7.0081,45.399],[7.0406,45.4322],[7.0705,45.4267],[7.1132,45.4343],[7.1851,45.4068],[7.1797,45.3908],[7.1621,45.38],[7.164,45.3607],[7.1352,45.3479],[7.1346,45.3313],[7.1112,45.3216],[7.1362,45.281],[7.1299,45.2708],[7.1371,45.2555],[7.0846,45.2265],[7.0727,45.2098],[7.0479,45.2255],[6.9678,45.2081],[6.9472,45.1704],[6.8955,45.1672],[6.886,45.1552],[6.8939,45.137],[6.8482,45.1273],[6.8209,45.1456],[6.7688,45.159],[6.7405,45.1368],[6.7131,45.1449],[6.6863,45.1398],[6.6728,45.1245],[6.6299,45.1094],[6.6148,45.1212],[6.5775,45.1225],[6.5585,45.1039],[6.5297,45.0986],[6.5086,45.108],[6.483,45.0939],[6.4871,45.0564],[6.4518,45.0517],[6.4345,45.0629],[6.3961,45.061],[6.3651,45.0713],[6.3733,45.0858],[6.3482,45.1141],[6.3331,45.1211],[6.2863,45.1102],[6.2606,45.1268],[6.264,45.1397],[6.2513,45.1497],[6.2229,45.1408],[6.2113,45.155],[6.1808,45.1645],[6.1624,45.1513],[6.1438,45.1546],[6.1615,45.1907],[6.1272,45.2315],[6.1258,45.2444],[6.1391,45.2608],[6.132,45.2883],[6.1539,45.3113],[6.1849,45.3215],[6.1933,45.3478],[6.1703,45.3596],[6.1899,45.3696],[6.178,45.3926],[6.1238,45.4385],[6.0947,45.4317],[6.0905,45.444],[6.0496,45.4379],[6.0085,45.4536],[6.007,45.4725],[5.9751,45.4914],[5.9155,45.4766],[5.8946,45.4971]]]},"properties":{"id":"73-03","nm":"La Ravoire","dept":"73","ins":73609,"nbv":133,"dG":-8.321,"dCD":8.279,"dED":2.241,"dAB":-5.36,"af":33.56}},{"type":"Feature","geometry":{"type":"Polygon","coordinates":[[[6.2379,46.282],[6.2492,46.2903],[6.2417,46.3043],[6.2768,46.35],[6.326,46.3717],[6.3508,46.3673],[6.3611,46.3486],[6.3894,46.3411],[6.4126,46.3596],[6.4732,46.3741],[6.4831,46.3924],[6.5132,46.4049],[6.5475,46.3947],[6.7185,46.4081],[6.8053,46.3941],[6.8037,46.3765],[6.7737,46.3622],[6.7729,46.3495],[6.8017,46.3202],[6.8649,46.2815],[6.8554,46.2552],[6.823,46.2317],[6.8053,46.2053],[6.8126,46.1814],[6.7905,46.1545],[6.745,46.1489],[6.7311,46.1379],[6.6958,46.1591],[6.6926,46.1783],[6.6779,46.1915],[6.6152,46.1937],[6.5736,46.1635],[6.5688,46.1755],[6.5492,46.1774],[6.562,46.1887],[6.5534,46.2122],[6.5276,46.214],[6.5158,46.2366],[6.4891,46.2283],[6.4956,46.2447],[6.4797,46.2749],[6.461,46.2747],[6.447,46.2568],[6.3901,46.2496],[6.3549,46.2298],[6.3365,46.2596],[6.2975,46.2663],[6.2668,46.2477],[6.2379,46.282]]]},"properties":{"id":"74-05","nm":"Thonon-Les-Bains","dept":"74","ins":101666,"nbv":113,"dG":-7.522,"dCD":6.326,"dED":-1.751,"dAB":0.965,"af":38.68}},{"type":"Feature","geometry":{"type":"MultiPolygon","coordinates":[[[[5.9579,45.7949],[5.9659,45.8211],[5.9997,45.8217],[6.0013,45.8305],[5.9909,45.8335],[6.0258,45.8583],[6.0194,45.8943],[6.0539,45.8958],[6.0649,45.9077],[6.0825,45.9017],[6.1016,45.9187],[6.1224,45.9141],[6.1245,45.9252],[6.1367,45.925],[6.1476,45.9101],[6.1447,45.8995],[6.1726,45.8502],[6.1928,45.8358],[6.215,45.8431],[6.211,45.8316],[6.2231,45.8255],[6.2164,45.8175],[6.2271,45.8016],[6.2649,45.8372],[6.2577,45.8682],[6.267,45.8834],[6.2426,45.8968],[6.2523,45.9129],[6.2904,45.9238],[6.3148,45.9482],[6.3497,45.9281],[6.3883,45.9411],[6.4023,45.9337],[6.408,45.9565],[6.4601,45.9989],[6.4974,45.9798],[6.5276,45.9829],[6.5362,45.9647],[6.556,45.9557],[6.4952,45.8897],[6.4699,45.8831],[6.4248,45.8029],[6.3742,45.7739],[6.372,45.754],[6.3525,45.7398],[6.3288,45.6932],[6.228,45.6826],[6.2301,45.7007],[6.2211,45.707],[6.1962,45.6928],[6.1885,45.6984],[6.1944,45.7289],[6.1625,45.7573],[6.1414,45.7608],[6.1253,45.7499],[6.1061,45.7569],[6.1008,45.7323],[6.0939,45.742],[6.0568,45.7502],[6.043,45.7391],[5.9932,45.749],[5.9938,45.7626],[5.9729,45.7699],[5.9797,45.7935],[5.9579,45.7949]]],[[[6.0994,45.9233],[6.0989,45.9225],[6.0983,45.9227],[6.0994,45.9233]]],[[[6.1744,45.9243],[6.1723,45.9267],[6.1755,45.9256],[6.1744,45.9243]]],[[[6.1605,45.9131],[6.1606,45.9138],[6.1615,45.913],[6.1605,45.9131]]],[[[6.1692,45.9098],[6.1714,45.9123],[6.1741,45.9094],[6.1692,45.9098]]]]},"properties":{"id":"74-02","nm":"Annecy","dept":"74","ins":98954,"nbv":109,"dG":-4.062,"dCD":8.75,"dED":-4.879,"dAB":-3.477,"af":35.14}},{"type":"Feature","geometry":{"type":"MultiPolygon","coordinates":[[[[5.8624,45.9324],[5.8941,45.9631],[5.9279,45.9387],[5.9324,45.951],[5.9564,45.9623],[5.9869,45.9652],[5.9886,45.9859],[5.9765,46.0097],[5.9902,46.0139],[6.0358,46.0074],[6.0474,46.0167],[6.0939,46.0066],[6.1037,45.983],[6.1218,45.9838],[6.1287,46.0101],[6.1525,46.0327],[6.1897,46.0466],[6.2045,46.0692],[6.2454,46.0649],[6.2411,46.0552],[6.2539,46.033],[6.3029,46.0289],[6.3473,46.0063],[6.3502,45.9899],[6.3294,45.9736],[6.3448,45.9493],[6.3369,45.941],[6.3142,45.9469],[6.2905,45.9235],[6.2499,45.9089],[6.2474,45.8976],[6.2708,45.8821],[6.2579,45.8633],[6.2693,45.8395],[6.2312,45.8011],[6.223,45.801],[6.2089,45.8347],[6.1719,45.8507],[6.1493,45.8953],[6.1312,45.9066],[6.1195,45.8969],[6.103,45.9124],[6.0226,45.893],[6.0343,45.8543],[6.015,45.8553],[5.9988,45.841],[6.0145,45.8268],[5.9133,45.8041],[5.902,45.8252],[5.8731,45.8342],[5.8786,45.8621],[5.8624,45.9324]]],[[[6.1196,45.8875],[6.1226,45.8791],[6.1277,45.8756],[6.1182,45.88],[6.1196,45.8875]]],[[[6.1001,45.8921],[6.0984,45.8934],[6.0998,45.8937],[6.1001,45.8921]]],[[[6.0758,45.8587],[6.0816,45.8599],[6.0826,45.8586],[6.0758,45.8587]]],[[[6.089,45.8537],[6.0891,45.8544],[6.0893,45.8543],[6.089,45.8537]]]]},"properties":{"id":"74-01","nm":"Annecy","dept":"74","ins":106505,"nbv":118,"dG":-7.647,"dCD":10.148,"dED":-1.453,"dAB":-3.798,"af":34.73}},{"type":"Feature","geometry":{"type":"Polygon","coordinates":[[[6.01,46.0206],[6.0283,46.0428],[6.0258,46.0552],[6.0109,46.0613],[6.021,46.08],[6.0719,46.0888],[6.1033,46.0682],[6.1232,46.076],[6.1716,46.1197],[6.1937,46.1584],[6.2129,46.1693],[6.244,46.17],[6.2652,46.1485],[6.339,46.1643],[6.3556,46.2317],[6.4165,46.2583],[6.4256,46.2518],[6.4493,46.2574],[6.4606,46.2766],[6.4926,46.2681],[6.4879,46.2571],[6.498,46.2371],[6.5173,46.237],[6.5237,46.2172],[6.5511,46.2147],[6.5587,46.2057],[6.5459,46.1776],[6.5054,46.1643],[6.4867,46.1699],[6.4773,46.1549],[6.5066,46.1195],[6.5291,46.1068],[6.5555,46.1062],[6.5573,46.0781],[6.5186,46.0718],[6.5096,46.0615],[6.5176,46.0536],[6.5101,46.0218],[6.4645,46.0042],[6.421,45.9718],[6.4024,45.9323],[6.3854,45.9398],[6.3504,45.9274],[6.334,45.9369],[6.343,45.9506],[6.3268,45.9734],[6.3488,45.9898],[6.3447,46.0081],[6.3019,46.0291],[6.2653,46.0273],[6.2372,46.0636],[6.2176,46.0697],[6.2038,46.064],[6.1954,46.0464],[6.1545,46.0332],[6.1288,46.009],[6.1282,45.9834],[6.1054,45.9814],[6.0916,46.0043],[6.0825,45.9935],[6.0502,46.0156],[6.0274,46.0078],[6.01,46.0206]]]},"properties":{"id":"74-03","nm":"Bonneville","dept":"74","ins":89010,"nbv":107,"dG":-7.334,"dCD":3.641,"dED":2.151,"dAB":-0.249,"af":36.77}},{"type":"Feature","geometry":{"type":"Polygon","coordinates":[[[5.805,46.0153],[5.8196,46.1037],[5.8318,46.1062],[5.8576,46.0862],[5.8867,46.0877],[5.893,46.1191],[5.9205,46.1313],[5.9621,46.13],[5.9838,46.1432],[6.0362,46.1366],[6.0523,46.1513],[6.1356,46.1416],[6.1857,46.1646],[6.1862,46.1783],[6.2219,46.2006],[6.2944,46.225],[6.3089,46.2438],[6.295,46.2562],[6.298,46.2666],[6.34,46.26],[6.3549,46.2297],[6.3439,46.1647],[6.2629,46.148],[6.2246,46.1723],[6.1954,46.1584],[6.1549,46.1012],[6.1048,46.0675],[6.0697,46.0882],[6.0238,46.0792],[6.0121,46.0635],[6.0265,46.0596],[6.0262,46.0339],[6.0169,46.0224],[6.0315,46.0101],[5.9812,46.011],[5.988,45.9635],[5.9696,45.966],[5.936,45.9523],[5.9331,45.9387],[5.921,45.9386],[5.9125,45.9554],[5.8943,45.9625],[5.8624,45.9324],[5.8251,45.9386],[5.8346,45.9506],[5.8329,45.9707],[5.8105,45.9881],[5.805,46.0153]]]},"properties":{"id":"74-04","nm":"Annemasse","dept":"74","ins":89378,"nbv":107,"dG":-4.864,"dCD":9.339,"dED":-7.084,"dAB":4.198,"af":40.08}},{"type":"Feature","geometry":{"type":"Polygon","coordinates":[[[6.4602,45.9989],[6.5044,46.02],[6.5168,46.048],[6.5069,46.0583],[6.515,46.0726],[6.5493,46.073],[6.5581,46.0884],[6.5477,46.1052],[6.5092,46.1181],[6.4759,46.1537],[6.4867,46.1712],[6.5063,46.1646],[6.5438,46.1765],[6.5585,46.1996],[6.5621,46.1793],[6.5781,46.1685],[6.6177,46.195],[6.6795,46.1919],[6.7147,46.1416],[6.7905,46.1545],[6.798,46.138],[6.8158,46.1292],[6.8999,46.1239],[6.8847,46.0963],[6.8918,46.0737],[6.8799,46.068],[6.8755,46.0503],[6.8902,46.0443],[6.9374,46.0643],[6.986,46.0047],[7.0107,45.9972],[7.0236,45.9792],[7.0111,45.9671],[7.0374,45.9549],[7.0445,45.9225],[7.0063,45.9012],[6.9991,45.8737],[6.9528,45.8611],[6.9425,45.8479],[6.9149,45.8415],[6.8779,45.8474],[6.8656,45.8245],[6.8424,45.8406],[6.8196,45.836],[6.8073,45.8188],[6.8132,45.7957],[6.8026,45.7788],[6.7553,45.7661],[6.7119,45.7229],[6.6894,45.7277],[6.6988,45.7424],[6.6864,45.7555],[6.6892,45.7711],[6.6584,45.7991],[6.5936,45.7943],[6.5786,45.8149],[6.55,45.8281],[6.5362,45.8621],[6.5637,45.8625],[6.5699,45.8803],[6.5096,45.9092],[6.5338,45.9249],[6.5514,45.9563],[6.5268,45.9812],[6.4945,45.9801],[6.4602,45.9989]]]},"properties":{"id":"74-06","nm":"Sallanches","dept":"74","ins":81261,"nbv":89,"dG":-7.873,"dCD":5.647,"dED":2.098,"dAB":0.874,"af":38.0}},{"type":"Feature","geometry":{"type":"MultiPolygon","coordinates":[[[[2.2958,48.8731],[2.3295,48.8846],[2.341,48.8805],[2.3495,48.8796],[2.3509,48.8634],[2.3446,48.8541],[2.3017,48.8635],[2.2958,48.8731]]],[[[2.3325,48.8838],[2.3325,48.8838],[2.3325,48.8838],[2.3325,48.8838]]]]},"properties":{"id":"75-01","nm":"Paris","dept":"75","ins":70315,"nbv":51,"dG":-1.665,"dCD":23.08,"dED":-19.031,"dAB":-11.359,"af":27.46}},{"type":"Feature","geometry":{"type":"Polygon","coordinates":[[[2.2897,48.8582],[2.3257,48.8615],[2.3661,48.845],[2.349,48.8371],[2.2897,48.8582]]]},"properties":{"id":"75-02","nm":"Paris","dept":"75","ins":74579,"nbv":54,"dG":1.497,"dCD":18.503,"dED":-19.016,"dAB":-13.105,"af":25.84}},{"type":"Feature","geometry":{"type":"Polygon","coordinates":[[[2.3128,48.8347],[2.3307,48.8524],[2.3421,48.8383],[2.3385,48.8225],[2.3128,48.8347]]]},"properties":{"id":"75-11","nm":"Paris","dept":"75","ins":72872,"nbv":51,"dG":14.29,"dCD":8.389,"dED":-19.37,"dAB":-13.122,"af":26.14}},{"type":"Feature","geometry":{"type":"MultiPolygon","coordinates":[[[[2.2788,48.8395],[2.2897,48.8582],[2.3159,48.8538],[2.3246,48.8436],[2.3099,48.8324],[2.2901,48.8448],[2.2788,48.8395]]],[[[2.2925,48.8316],[2.2927,48.8314],[2.2925,48.8313],[2.2925,48.8316]]]]},"properties":{"id":"75-12","nm":"Paris","dept":"75","ins":75515,"nbv":50,"dG":-2.426,"dCD":21.101,"dED":-16.0,"dAB":-12.07,"af":26.36}},{"type":"Feature","geometry":{"type":"Polygon","coordinates":[[[2.326,48.8866],[2.3352,48.9011],[2.3525,48.9015],[2.3495,48.8796],[2.326,48.8866]]]},"properties":{"id":"75-18","nm":"Paris","dept":"75","ins":70320,"nbv":44,"dG":23.662,"dCD":1.142,"dED":-22.158,"dAB":-10.36,"af":28.98}},{"type":"Feature","geometry":{"type":"Polygon","coordinates":[[[2.3479,48.8715],[2.3495,48.8837],[2.3588,48.8844],[2.3769,48.8721],[2.3479,48.8715]]]},"properties":{"id":"75-05","nm":"Paris","dept":"75","ins":57005,"nbv":39,"dG":31.696,"dCD":-5.968,"dED":-22.255,"dAB":-10.442,"af":29.39}},{"type":"Feature","geometry":{"type":"Polygon","coordinates":[[[2.3639,48.8675],[2.3872,48.8553],[2.3795,48.842],[2.3664,48.8447],[2.3639,48.8675]]]},"properties":{"id":"75-07","nm":"Paris","dept":"75","ins":61637,"nbv":38,"dG":26.799,"dCD":-1.12,"dED":-21.823,"dAB":-12.682,"af":27.69}},{"type":"Feature","geometry":{"type":"Polygon","coordinates":[[[2.368,48.8689],[2.39,48.8734],[2.4021,48.8591],[2.3992,48.8488],[2.3839,48.8502],[2.368,48.8689]]]},"properties":{"id":"75-06","nm":"Paris","dept":"75","ins":81237,"nbv":48,"dG":34.83,"dCD":-9.782,"dED":-22.076,"dAB":-9.673,"af":29.67}},{"type":"Feature","geometry":{"type":"Polygon","coordinates":[[[2.3699,48.8489],[2.4155,48.8542],[2.426,48.8418],[2.4698,48.8364],[2.4594,48.8169],[2.4373,48.8182],[2.3901,48.8257],[2.3699,48.8489]]]},"properties":{"id":"75-08","nm":"Paris","dept":"75","ins":85297,"nbv":59,"dG":21.935,"dCD":-0.554,"dED":-18.675,"dAB":-8.765,"af":29.41}},{"type":"Feature","geometry":{"type":"Polygon","coordinates":[[[2.3411,48.8322],[2.3667,48.8445],[2.3901,48.8257],[2.3629,48.8189],[2.3572,48.8296],[2.3411,48.8322]]]},"properties":{"id":"75-09","nm":"Paris","dept":"75","ins":69990,"nbv":45,"dG":24.77,"dCD":-3.841,"dED":-18.384,"dAB":-7.683,"af":30.22}},{"type":"Feature","geometry":{"type":"MultiPolygon","coordinates":[[[[2.3015,48.8252],[2.3113,48.8335],[2.3336,48.8233],[2.3486,48.8355],[2.369,48.8179],[2.3015,48.8252]]],[[[2.3666,48.8385],[2.3634,48.8383],[2.3628,48.841],[2.3666,48.8385]]]]},"properties":{"id":"75-10","nm":"Paris","dept":"75","ins":69062,"nbv":44,"dG":22.789,"dCD":-2.299,"dED":-18.413,"dAB":-7.681,"af":29.26}},{"type":"Feature","geometry":{"type":"Polygon","coordinates":[[[2.2628,48.8339],[2.2781,48.8489],[2.3095,48.8334],[2.2983,48.8258],[2.2628,48.8339]]]},"properties":{"id":"75-13","nm":"Paris","dept":"75","ins":77751,"nbv":51,"dG":7.015,"dCD":11.521,"dED":-16.103,"dAB":-9.014,"af":28.69}},{"type":"Feature","geometry":{"type":"Polygon","coordinates":[[[2.2243,48.8551],[2.2432,48.8739],[2.271,48.8651],[2.2884,48.8759],[2.2995,48.8666],[2.2628,48.8339],[2.2243,48.8551]]]},"properties":{"id":"75-14","nm":"Paris","dept":"75","ins":76408,"nbv":52,"dG":-18.211,"dCD":34.243,"dED":-13.649,"dAB":-9.152,"af":29.16}},{"type":"Feature","geometry":{"type":"MultiPolygon","coordinates":[[[[2.255,48.8741],[2.2995,48.8921],[2.3157,48.8819],[2.2989,48.8774],[2.3017,48.8635],[2.2916,48.8597],[2.2685,48.8624],[2.255,48.8741]]],[[[2.2698,48.8486],[2.2699,48.8486],[2.2699,48.8486],[2.2698,48.8486]]],[[[2.279,48.8495],[2.2785,48.8506],[2.2805,48.8506],[2.279,48.8495]]]]},"properties":{"id":"75-04","nm":"Paris","dept":"75","ins":73204,"nbv":48,"dG":-14.033,"dCD":31.481,"dED":-15.317,"dAB":-8.638,"af":29.33}},{"type":"Feature","geometry":{"type":"MultiPolygon","coordinates":[[[[2.2995,48.8921],[2.3198,48.9003],[2.3425,48.8978],[2.3157,48.8812],[2.2995,48.8921]]],[[[2.2895,48.8817],[2.2902,48.8823],[2.2901,48.8815],[2.2895,48.8817]]]]},"properties":{"id":"75-03","nm":"Paris","dept":"75","ins":72159,"nbv":48,"dG":18.397,"dCD":5.16,"dED":-20.634,"dAB":-8.934,"af":29.35}},{"type":"Feature","geometry":{"type":"MultiPolygon","coordinates":[[[[2.3504,48.8856],[2.3525,48.9015],[2.3703,48.9018],[2.3852,48.8881],[2.3736,48.8762],[2.3504,48.8856]]],[[[2.3358,48.8874],[2.3358,48.888],[2.3361,48.8878],[2.3358,48.8874]]]]},"properties":{"id":"75-17","nm":"Paris","dept":"75","ins":63138,"nbv":38,"dG":37.831,"dCD":-15.375,"dED":-20.523,"dAB":-0.779,"af":36.69}},{"type":"Feature","geometry":{"type":"Polygon","coordinates":[[[2.3703,48.9018],[2.3955,48.8983],[2.4108,48.8784],[2.3756,48.8732],[2.3788,48.8895],[2.3703,48.9018]]]},"properties":{"id":"75-16","nm":"Paris","dept":"75","ins":76417,"nbv":49,"dG":37.307,"dCD":-13.76,"dED":-20.781,"dAB":-3.866,"af":34.98}},{"type":"Feature","geometry":{"type":"Polygon","coordinates":[[[2.3832,48.8735],[2.4108,48.8784],[2.4155,48.8542],[2.4003,48.8485],[2.3971,48.8678],[2.3832,48.8735]]]},"properties":{"id":"75-15","nm":"Paris","dept":"75","ins":79598,"nbv":51,"dG":38.794,"dCD":-14.942,"dED":-20.631,"dAB":-6.498,"af":31.82}},{"type":"Feature","geometry":{"type":"Polygon","coordinates":[[[0.5241,49.8256],[0.5621,49.8454],[0.6452,49.8639],[0.7618,49.8708],[0.8988,49.9],[0.9122,49.8911],[0.8618,49.877],[0.8614,49.8632],[0.9111,49.8526],[0.9245,49.8614],[0.9593,49.8607],[0.9635,49.853],[1.0115,49.853],[1.021,49.8419],[1.0437,49.8467],[1.0515,49.8392],[1.0869,49.8543],[1.1243,49.8333],[1.13,49.8434],[1.1703,49.8521],[1.2128,49.8316],[1.1875,49.822],[1.2021,49.8025],[1.2322,49.8038],[1.2633,49.7769],[1.2841,49.7729],[1.2984,49.7824],[1.3299,49.7614],[1.3186,49.7356],[1.3315,49.7302],[1.317,49.7201],[1.324,49.7044],[1.3377,49.6941],[1.35,49.6974],[1.3608,49.6788],[1.3789,49.6697],[1.4367,49.6935],[1.473,49.6681],[1.4731,49.6535],[1.4936,49.6464],[1.4869,49.63],[1.4642,49.6214],[1.4345,49.6175],[1.4039,49.6281],[1.3863,49.613],[1.2834,49.5917],[1.2752,49.5705],[1.2392,49.5427],[1.2456,49.5278],[1.1788,49.4951],[1.1191,49.5245],[1.0347,49.5396],[1.0254,49.533],[1.0379,49.5694],[0.9979,49.5894],[0.9979,49.5997],[0.9808,49.6003],[0.9833,49.6191],[0.9646,49.6351],[0.9425,49.627],[0.9042,49.6304],[0.9003,49.5972],[0.8819,49.5976],[0.8693,49.6138],[0.8559,49.6051],[0.8067,49.6296],[0.7973,49.6078],[0.803,49.5837],[0.7635,49.5629],[0.7268,49.5858],[0.7101,49.5828],[0.6999,49.5675],[0.6795,49.5733],[0.6667,49.5649],[0.635,49.5771],[0.6243,49.591],[0.6442,49.5971],[0.6508,49.6143],[0.6428,49.6274],[0.6651,49.6437],[0.7229,49.6374],[0.7113,49.6553],[0.7198,49.671],[0.6696,49.6868],[0.6332,49.6734],[0.6168,49.6765],[0.5676,49.7351],[0.5801,49.7512],[0.5546,49.7741],[0.5756,49.7854],[0.5686,49.8136],[0.5389,49.8107],[0.5241,49.8256]]]},"properties":{"id":"76-10","nm":"Yvetot","dept":"76","ins":108932,"nbv":256,"dG":-12.97,"dCD":1.651,"dED":12.106,"dAB":-3.436,"af":32.05}},{"type":"Feature","geometry":{"type":"Polygon","coordinates":[[[0.1398,49.6692],[0.1183,49.6645],[0.1231,49.67],[0.1417,49.6694],[0.1561,49.6647],[0.1641,49.6867],[0.206,49.7146],[0.3182,49.7404],[0.3668,49.7679],[0.5241,49.8256],[0.5388,49.8121],[0.5743,49.8156],[0.5784,49.7816],[0.5625,49.7725],[0.5851,49.7485],[0.5732,49.7342],[0.6102,49.6829],[0.6345,49.6746],[0.6601,49.6862],[0.7099,49.6796],[0.7226,49.6688],[0.7139,49.6557],[0.7242,49.6356],[0.6683,49.6444],[0.6468,49.627],[0.6552,49.6113],[0.6487,49.6018],[0.5852,49.5615],[0.5896,49.5444],[0.5609,49.5395],[0.5669,49.548],[0.558,49.5535],[0.5344,49.5335],[0.5191,49.5374],[0.5144,49.5263],[0.4872,49.5373],[0.4803,49.557],[0.4558,49.5411],[0.4354,49.5435],[0.4241,49.5563],[0.4213,49.5404],[0.4499,49.5196],[0.4776,49.479],[0.4354,49.4601],[0.3863,49.4473],[0.2778,49.453],[0.2721,49.4425],[0.2375,49.4509],[0.2528,49.4947],[0.2473,49.5052],[0.2767,49.5154],[0.2486,49.5274],[0.2429,49.5394],[0.2721,49.5494],[0.2587,49.5697],[0.2605,49.5843],[0.2393,49.5882],[0.2249,49.6042],[0.1988,49.587],[0.1855,49.5894],[0.1854,49.6028],[0.1658,49.6135],[0.1289,49.6099],[0.1503,49.6413],[0.1521,49.6601],[0.1398,49.6692]]]},"properties":{"id":"76-09","nm":"Fécamp","dept":"76","ins":94910,"nbv":165,"dG":-10.685,"dCD":0.861,"dED":12.634,"dAB":-1.088,"af":35.22}},{"type":"Feature","geometry":{"type":"Polygon","coordinates":[[[0.8488,49.8719],[0.8498,49.8822],[0.8693,49.8775],[0.9006,49.8888],[0.8987,49.9001],[0.9587,49.919],[1.0463,49.9201],[1.0794,49.9058],[1.1239,49.9266],[1.1158,49.9404],[1.1953,49.9683],[1.2053,49.9808],[1.2421,49.9929],[1.3691,50.0647],[1.406,50.0568],[1.4232,50.0711],[1.4496,50.0701],[1.4592,50.0627],[1.4581,50.0381],[1.5163,50.0121],[1.5284,49.9952],[1.5739,49.9741],[1.594,49.9495],[1.6725,49.921],[1.7128,49.8873],[1.7335,49.8138],[1.7579,49.7815],[1.7867,49.7619],[1.7485,49.761],[1.7409,49.7487],[1.7459,49.7387],[1.7154,49.7298],[1.7137,49.7058],[1.6923,49.6954],[1.7065,49.6816],[1.7398,49.7014],[1.751,49.6952],[1.7524,49.6807],[1.7247,49.6724],[1.7056,49.6445],[1.7215,49.6236],[1.7031,49.6],[1.7223,49.5895],[1.7201,49.5817],[1.6743,49.5652],[1.6488,49.5806],[1.6156,49.5509],[1.5863,49.5649],[1.5924,49.5756],[1.585,49.5843],[1.5513,49.559],[1.5089,49.5518],[1.497,49.568],[1.4391,49.5597],[1.4422,49.5894],[1.4171,49.6134],[1.486,49.6311],[1.4927,49.6466],[1.4675,49.6577],[1.4444,49.6894],[1.4278,49.6912],[1.3753,49.6686],[1.3374,49.693],[1.319,49.7069],[1.3209,49.718],[1.3057,49.7242],[1.3253,49.7454],[1.3177,49.7715],[1.2981,49.7798],[1.284,49.7707],[1.2641,49.7753],[1.2207,49.8],[1.1937,49.8047],[1.1847,49.8306],[1.2099,49.8315],[1.1967,49.8436],[1.159,49.8534],[1.1248,49.8351],[1.086,49.8542],[1.0562,49.8347],[1.0418,49.8457],[1.021,49.8398],[1.01,49.8527],[0.8903,49.8536],[0.8488,49.8719]]]},"properties":{"id":"76-06","nm":"Dieppe","dept":"76","ins":109261,"nbv":222,"dG":6.088,"dCD":-14.159,"dED":11.415,"dAB":-0.88,"af":34.74}},{"type":"Feature","geometry":{"type":"Polygon","coordinates":[[[1.0938,49.4603],[1.1018,49.4693],[1.0994,49.4899],[1.1128,49.4831],[1.1292,49.4926],[1.1207,49.5036],[1.1257,49.5205],[1.1851,49.4984],[1.2259,49.5179],[1.2265,49.5277],[1.2395,49.5316],[1.2358,49.5413],[1.2657,49.557],[1.2709,49.5815],[1.2862,49.5923],[1.3866,49.6134],[1.3975,49.6218],[1.392,49.6332],[1.4335,49.6175],[1.4199,49.609],[1.4506,49.5859],[1.4442,49.5607],[1.4995,49.5686],[1.5135,49.552],[1.5511,49.5592],[1.5867,49.5863],[1.5895,49.5618],[1.6151,49.5531],[1.648,49.5812],[1.6854,49.5674],[1.6996,49.5808],[1.73,49.5614],[1.7283,49.5429],[1.7463,49.5391],[1.7266,49.5015],[1.7445,49.4995],[1.7697,49.5132],[1.7908,49.498],[1.7767,49.4878],[1.7759,49.4714],[1.7383,49.4481],[1.7161,49.4107],[1.7,49.4066],[1.6971,49.3972],[1.6797,49.4063],[1.6595,49.399],[1.6238,49.4145],[1.6139,49.4099],[1.5711,49.4405],[1.5513,49.4407],[1.5371,49.43],[1.5286,49.4415],[1.5036,49.4382],[1.4765,49.4515],[1.3748,49.4528],[1.3521,49.4474],[1.3366,49.4277],[1.3147,49.4284],[1.3157,49.4087],[1.308,49.3954],[1.2885,49.3885],[1.2865,49.3629],[1.2722,49.3463],[1.2061,49.3502],[1.2043,49.3375],[1.1779,49.3439],[1.1363,49.3262],[1.1159,49.3277],[1.1274,49.3536],[1.1091,49.434],[1.1264,49.4336],[1.1437,49.4508],[1.136,49.4626],[1.1135,49.4495],[1.0938,49.4603]]]},"properties":{"id":"76-02","nm":"Bois-Guillaume","dept":"76","ins":95776,"nbv":145,"dG":-6.973,"dCD":6.599,"dED":1.773,"dAB":-6.329,"af":32.3}},{"type":"Feature","geometry":{"type":"Polygon","coordinates":[[[0.4161,49.5463],[0.4227,49.5615],[0.4301,49.5627],[0.4369,49.5456],[0.457,49.5412],[0.4782,49.5581],[0.4937,49.535],[0.5116,49.5281],[0.555,49.5534],[0.6006,49.565],[0.6161,49.5814],[0.6687,49.5675],[0.7291,49.5881],[0.7629,49.5635],[0.8002,49.5827],[0.8011,49.6256],[0.7845,49.6364],[0.7918,49.6416],[0.8537,49.607],[0.8692,49.6179],[0.8853,49.5977],[0.8986,49.6017],[0.8949,49.6271],[0.9681,49.6354],[0.9904,49.6003],[1.0053,49.6078],[1.0033,49.6352],[0.9857,49.6458],[0.9998,49.6601],[1.075,49.6265],[1.0513,49.6285],[1.0485,49.6144],[1.0013,49.5918],[1.0542,49.5648],[1.0368,49.5545],[1.0373,49.5392],[1.1184,49.5252],[1.1257,49.5204],[1.1216,49.5047],[1.1366,49.4981],[1.1147,49.4821],[1.0724,49.48],[1.0693,49.4712],[1.0256,49.4862],[1.0209,49.4466],[0.9916,49.443],[0.9747,49.3884],[0.932,49.4116],[0.9179,49.3854],[0.8788,49.3726],[0.8782,49.3902],[0.8313,49.3941],[0.798,49.4164],[0.7833,49.4108],[0.767,49.419],[0.7052,49.4023],[0.6646,49.4016],[0.6299,49.4228],[0.6292,49.4353],[0.5981,49.4293],[0.5781,49.4354],[0.5226,49.4794],[0.4664,49.4869],[0.4559,49.5102],[0.4361,49.5192],[0.4161,49.5463]]]},"properties":{"id":"76-05","nm":"Barentin","dept":"76","ins":94874,"nbv":128,"dG":3.312,"dCD":-10.086,"dED":10.125,"dAB":0.12,"af":35.72}},{"type":"Feature","geometry":{"type":"Polygon","coordinates":[[[0.8419,49.3295],[0.8603,49.3468],[0.9249,49.3407],[0.9173,49.3764],[0.9245,49.4046],[0.9307,49.4128],[0.9754,49.3944],[0.9917,49.445],[1.0185,49.4472],[1.0169,49.4821],[1.0296,49.4881],[1.0484,49.4847],[1.0421,49.4666],[1.0519,49.4539],[1.0407,49.4313],[1.0711,49.4099],[1.0591,49.3928],[1.0636,49.375],[1.0312,49.3544],[1.0277,49.3414],[1.0583,49.3282],[1.1042,49.3351],[1.1244,49.3495],[1.1254,49.3678],[1.1266,49.3479],[1.1222,49.3325],[1.1369,49.3256],[1.1336,49.3099],[1.0553,49.3007],[1.0531,49.2914],[1.0686,49.2769],[1.0581,49.272],[1.0629,49.259],[1.0138,49.2524],[0.9932,49.2533],[0.9716,49.2773],[0.9585,49.2725],[0.9497,49.2797],[0.9567,49.29],[0.9387,49.3184],[0.9007,49.2971],[0.8839,49.3209],[0.8419,49.3295]]]},"properties":{"id":"76-04","nm":"Le Grand-Quevilly","dept":"76","ins":85523,"nbv":108,"dG":8.322,"dCD":-13.333,"dED":7.845,"dAB":4.13,"af":37.89}},{"type":"Feature","geometry":{"type":"MultiPolygon","coordinates":[[[[0.0659,49.5115],[0.1288,49.6099],[0.1656,49.6146],[0.1874,49.6046],[0.1923,49.5928],[0.2194,49.6043],[0.2513,49.5979],[0.2623,49.5908],[0.2803,49.5447],[0.2532,49.548],[0.2444,49.5417],[0.2489,49.5275],[0.195,49.5189],[0.1637,49.5348],[0.1557,49.5254],[0.128,49.5268],[0.127,49.5137],[0.1413,49.5148],[0.1468,49.4965],[0.1175,49.5012],[0.1297,49.479],[0.1179,49.4777],[0.1144,49.4576],[0.1064,49.4746],[0.0904,49.4824],[0.0914,49.4966],[0.0659,49.5115]]],[[[0.1548,49.4791],[0.1548,49.4793],[0.1551,49.4791],[0.1548,49.4791]]]]},"properties":{"id":"76-07","nm":"Le Havre","dept":"76","ins":83825,"nbv":91,"dG":0.86,"dCD":3.768,"dED":-3.587,"dAB":-0.264,"af":37.26}},{"type":"Feature","geometry":{"type":"MultiPolygon","coordinates":[[[[1.0303,49.4323],[1.0482,49.4516],[1.0369,49.4715],[1.0478,49.4806],[1.0606,49.4742],[1.0988,49.4835],[1.1012,49.4546],[1.1212,49.4535],[1.1413,49.4652],[1.1521,49.4563],[1.1404,49.4426],[1.144,49.4317],[1.1101,49.4255],[1.0991,49.4362],[1.0845,49.4265],[1.067,49.4363],[1.0303,49.4323]]],[[[1.0401,49.92],[1.1221,49.9406],[1.1276,49.9284],[1.0769,49.9006],[1.0401,49.92]]]]},"properties":{"id":"76-01","nm":"Rouen","dept":"76","ins":66601,"nbv":72,"dG":17.771,"dCD":-3.077,"dED":-11.975,"dAB":-3.277,"af":34.5}},{"type":"Feature","geometry":{"type":"MultiPolygon","coordinates":[[[[0.0904,49.5099],[0.0902,49.5102],[0.0908,49.5106],[0.0904,49.5099]]],[[[0.0936,49.513],[0.0929,49.5135],[0.0932,49.5152],[0.0936,49.513]]],[[[0.1018,49.5092],[0.1018,49.5096],[0.102,49.5096],[0.1018,49.5092]]],[[[0.0998,49.4962],[0.1241,49.5069],[0.1196,49.5152],[0.1057,49.5124],[0.1126,49.5218],[0.1509,49.5263],[0.1576,49.5363],[0.1954,49.5194],[0.2514,49.528],[0.282,49.5156],[0.2516,49.5056],[0.2375,49.4509],[0.1145,49.4576],[0.1204,49.4869],[0.0998,49.4962]]],[[[0.0971,49.4959],[0.0972,49.4958],[0.0971,49.4958],[0.0971,49.4959]]]]},"properties":{"id":"76-08","nm":"Le Havre","dept":"76","ins":66184,"nbv":75,"dG":15.844,"dCD":-13.094,"dED":-0.726,"dAB":8.837,"af":41.0}},{"type":"Feature","geometry":{"type":"MultiPolygon","coordinates":[[[[1.1308,49.442],[1.1302,49.4424],[1.1304,49.443],[1.1308,49.442]]],[[[1.0237,49.3271],[1.0325,49.3329],[1.0262,49.3514],[1.063,49.3754],[1.0653,49.4072],[1.038,49.4274],[1.0918,49.4385],[1.1081,49.4306],[1.1258,49.3515],[1.1037,49.335],[1.0237,49.3271]]],[[[1.0736,49.453],[1.0736,49.4533],[1.0739,49.4532],[1.0736,49.453]]]]},"properties":{"id":"76-03","nm":"Sotteville-Lès-Rouen","dept":"76","ins":69807,"nbv":79,"dG":23.007,"dCD":-17.13,"dED":-3.355,"dAB":4.656,"af":37.76}},{"type":"Feature","geometry":{"type":"Polygon","coordinates":[[[2.3923,48.3359],[2.4274,48.3378],[2.4297,48.3619],[2.4738,48.3805],[2.4835,48.3972],[2.5065,48.3926],[2.5218,48.405],[2.5747,48.3873],[2.5906,48.4071],[2.5976,48.4374],[2.6221,48.4466],[2.6407,48.4677],[2.634,48.4972],[2.6568,48.4897],[2.6644,48.5021],[2.6935,48.4815],[2.7579,48.4843],[2.7898,48.4503],[2.8165,48.4488],[2.8207,48.4257],[2.8065,48.4262],[2.7773,48.4048],[2.7805,48.3802],[2.8017,48.3649],[2.7996,48.3523],[2.7259,48.3521],[2.7307,48.3243],[2.7646,48.3375],[2.7853,48.304],[2.8525,48.2806],[2.8739,48.2946],[2.891,48.2884],[2.9205,48.3249],[2.9153,48.3367],[2.9384,48.3563],[2.9395,48.3384],[2.9632,48.3229],[3.0052,48.3317],[3.01,48.3098],[3.0275,48.3028],[3.0217,48.2947],[3.0286,48.2769],[3.044,48.2719],[3.047,48.2497],[3.0298,48.247],[3.0045,48.207],[2.9762,48.2062],[2.971,48.1942],[2.9377,48.1812],[2.9366,48.1635],[2.8677,48.1561],[2.8209,48.1297],[2.8008,48.1316],[2.8037,48.1621],[2.7815,48.167],[2.7604,48.1634],[2.7521,48.1564],[2.7556,48.1459],[2.7209,48.1369],[2.7055,48.1231],[2.6644,48.1201],[2.6391,48.1376],[2.5747,48.1313],[2.5668,48.1408],[2.5378,48.1399],[2.5212,48.1251],[2.4758,48.1298],[2.4543,48.1224],[2.4418,48.1248],[2.444,48.1316],[2.4832,48.1646],[2.503,48.1562],[2.5127,48.1631],[2.5072,48.1798],[2.5201,48.2085],[2.5045,48.2372],[2.4837,48.2392],[2.4719,48.255],[2.4284,48.2564],[2.4178,48.2719],[2.4203,48.2995],[2.3923,48.3359]]]},"properties":{"id":"77-02","nm":"Fontainebleau","dept":"77","ins":80444,"nbv":113,"dG":-2.608,"dCD":1.309,"dED":2.853,"dAB":-2.571,"af":34.11}},{"type":"Feature","geometry":{"type":"Polygon","coordinates":[[[2.7705,48.8205],[2.8142,48.834],[2.854,48.8313],[2.8736,48.8163],[2.8919,48.8381],[2.9078,48.8391],[2.9338,48.8178],[2.9363,48.7817],[2.9648,48.7844],[3.0138,48.7515],[3.0501,48.7462],[3.052,48.7363],[3.0803,48.7259],[3.1068,48.7332],[3.1195,48.7619],[3.1446,48.7598],[3.1344,48.7873],[3.1627,48.7916],[3.1628,48.8334],[3.1274,48.8363],[3.109,48.8692],[3.1319,48.8856],[3.137,48.9095],[3.157,48.9137],[3.1564,48.9234],[3.1893,48.9422],[3.2177,48.9322],[3.2178,48.9135],[3.2956,48.901],[3.3133,48.9212],[3.3304,48.9092],[3.3672,48.9283],[3.3764,48.9095],[3.3702,48.8958],[3.3838,48.8891],[3.3851,48.8747],[3.4059,48.8761],[3.41,48.8648],[3.4458,48.8605],[3.4586,48.8399],[3.485,48.8518],[3.4913,48.8346],[3.487,48.8151],[3.445,48.8103],[3.4417,48.7821],[3.4118,48.7835],[3.3981,48.7619],[3.4031,48.7551],[3.4285,48.7584],[3.4418,48.7392],[3.4697,48.7379],[3.4647,48.7088],[3.4778,48.6979],[3.4447,48.6718],[3.4606,48.653],[3.4561,48.6382],[3.5336,48.6465],[3.5266,48.6342],[3.559,48.6177],[3.5113,48.6058],[3.5152,48.5895],[3.494,48.5896],[3.4721,48.5747],[3.4861,48.5469],[3.457,48.5296],[3.4118,48.5297],[3.4346,48.4903],[3.4038,48.4881],[3.3896,48.4751],[3.4074,48.4493],[3.3956,48.4255],[3.4222,48.4162],[3.4147,48.3902],[3.3827,48.3997],[3.3661,48.391],[3.3652,48.3723],[3.2708,48.3775],[3.2519,48.365],[3.2002,48.3636],[3.1741,48.3765],[3.1466,48.3656],[3.0831,48.3729],[3.073,48.3866],[3.0807,48.4056],[3.0649,48.4329],[3.045,48.4296],[3.0226,48.4391],[3.0131,48.4574],[2.996,48.4538],[2.9742,48.4851],[2.9369,48.4891],[2.9369,48.4994],[2.9269,48.5025],[2.9306,48.5182],[2.9628,48.5327],[2.9723,48.5647],[3.0203,48.573],[3.0377,48.5963],[3.0345,48.6069],[3.0097,48.614],[2.9937,48.6069],[2.9836,48.6228],[2.9472,48.6331],[2.9285,48.6268],[2.9182,48.6342],[2.9272,48.6501],[2.9142,48.6524],[2.8924,48.6817],[2.8515,48.6837],[2.834,48.6719],[2.8154,48.6833],[2.8178,48.6976],[2.839,48.7107],[2.8461,48.7269],[2.8175,48.7353],[2.7958,48.757],[2.8074,48.7762],[2.7705,48.8205]]]},"properties":{"id":"77-04","nm":"Provins","dept":"77","ins":88697,"nbv":173,"dG":-10.066,"dCD":-2.26,"dED":13.848,"dAB":1.477,"af":36.62}},{"type":"Feature","geometry":{"type":"Polygon","coordinates":[[[2.673,48.4907],[2.7287,48.5114],[2.7242,48.5245],[2.7112,48.5283],[2.7273,48.551],[2.7236,48.5682],[2.7106,48.5733],[2.7244,48.5838],[2.7153,48.5937],[2.7204,48.6285],[2.7423,48.6378],[2.7411,48.6486],[2.7658,48.6457],[2.7841,48.6594],[2.8437,48.651],[2.8815,48.6592],[2.8989,48.6745],[2.9119,48.6542],[2.9299,48.6511],[2.927,48.6298],[2.9932,48.6238],[2.9926,48.6116],[3.0177,48.6143],[3.0362,48.6082],[3.0391,48.5983],[3.0187,48.5713],[2.9756,48.5644],[2.9636,48.5309],[2.9353,48.5185],[2.9316,48.5035],[2.9422,48.4912],[2.9728,48.487],[2.9967,48.4559],[3.0138,48.46],[3.0234,48.4407],[3.0465,48.431],[3.0662,48.4343],[3.0829,48.4019],[3.0749,48.377],[3.1221,48.3686],[3.102,48.3501],[3.0806,48.361],[3.0495,48.3583],[3.0395,48.3451],[3.0434,48.3307],[3.014,48.3066],[3.0032,48.3297],[2.9736,48.3242],[2.9669,48.3126],[2.9319,48.3496],[2.8898,48.2863],[2.8734,48.2936],[2.8495,48.2801],[2.8239,48.2934],[2.8054,48.2918],[2.7773,48.3036],[2.782,48.3129],[2.7664,48.3356],[2.7365,48.3235],[2.7271,48.3292],[2.7202,48.3527],[2.796,48.3495],[2.7994,48.3665],[2.7803,48.3796],[2.7712,48.406],[2.7491,48.4074],[2.8154,48.4271],[2.8141,48.4472],[2.7871,48.4516],[2.7469,48.4883],[2.6936,48.4813],[2.673,48.4907]]]},"properties":{"id":"77-03","nm":"Montereau-Fault-Yonne","dept":"77","ins":76326,"nbv":102,"dG":-1.187,"dCD":-1.712,"dED":4.098,"dAB":1.704,"af":36.98}},{"type":"Feature","geometry":{"type":"Polygon","coordinates":[[[2.5349,49.0238],[2.5646,49.0287],[2.5767,49.0482],[2.571,49.0606],[2.6332,49.1086],[2.695,49.075],[2.7096,49.0552],[2.6777,49.0407],[2.6842,49.0128],[2.7213,49.0083],[2.7472,48.9909],[2.7549,49.0106],[2.772,49.0157],[2.8066,48.9935],[2.797,48.9878],[2.8028,48.9644],[2.7774,48.9205],[2.7385,48.9227],[2.7273,48.9027],[2.6936,48.9079],[2.7055,48.8822],[2.7347,48.8828],[2.7268,48.8599],[2.7151,48.865],[2.7098,48.8541],[2.6626,48.8501],[2.6508,48.9007],[2.6267,48.8943],[2.5898,48.9102],[2.6008,48.935],[2.5622,48.9791],[2.5742,48.9803],[2.5801,48.9927],[2.5616,49.0108],[2.5388,49.0126],[2.5349,49.0238]]]},"properties":{"id":"77-07","nm":"Villeparisis","dept":"77","ins":89223,"nbv":100,"dG":2.28,"dCD":-5.937,"dED":4.358,"dAB":4.81,"af":39.18}},{"type":"Feature","geometry":{"type":"MultiPolygon","coordinates":[[[[2.497,48.5208],[2.4996,48.5465],[2.5208,48.5703],[2.5391,48.5731],[2.5485,48.567],[2.5323,48.5429],[2.5759,48.5311],[2.6042,48.51],[2.6464,48.537],[2.645,48.5486],[2.6286,48.5537],[2.6505,48.5645],[2.6544,48.5841],[2.6446,48.5935],[2.6523,48.6147],[2.6744,48.6147],[2.6974,48.6013],[2.7178,48.61],[2.7268,48.5838],[2.7207,48.5741],[2.7282,48.5466],[2.7192,48.5311],[2.7318,48.5194],[2.7291,48.5081],[2.715,48.5096],[2.6747,48.4885],[2.6367,48.4931],[2.6457,48.4643],[2.5999,48.4383],[2.5751,48.3848],[2.5044,48.4299],[2.4979,48.4573],[2.5143,48.5034],[2.497,48.5208]]],[[[2.6337,48.552],[2.6337,48.552],[2.6337,48.552],[2.6337,48.552]]]]},"properties":{"id":"77-01","nm":"Melun","dept":"77","ins":71339,"nbv":76,"dG":3.904,"dCD":-3.407,"dED":0.618,"dAB":4.61,"af":39.1}},{"type":"Feature","geometry":{"type":"Polygon","coordinates":[[[2.6697,49.033],[2.7022,49.05],[2.7031,49.0648],[2.7242,49.0807],[2.7384,49.0604],[2.7751,49.0699],[2.7688,49.0833],[2.8092,49.0975],[2.8236,49.0859],[2.8451,49.0848],[2.8572,49.0701],[2.9016,49.0854],[2.9396,49.0789],[2.9458,49.0883],[2.968,49.0915],[2.9841,49.0727],[2.9965,49.0877],[3.0537,49.0876],[3.0696,49.1176],[3.1652,49.0999],[3.1568,49.0826],[3.1907,49.0491],[3.1615,49.0149],[3.1326,49.0129],[3.133,48.9917],[3.0351,48.968],[3.0047,48.9765],[3.0019,48.9586],[3.0141,48.9465],[2.9969,48.9298],[2.9675,48.9399],[2.9394,48.927],[2.9179,48.9295],[2.9184,48.9137],[2.9063,48.9098],[2.8669,48.9152],[2.8397,48.9],[2.8057,48.9172],[2.8008,48.9314],[2.783,48.9291],[2.7985,48.9723],[2.797,49.0001],[2.7667,49.0143],[2.7552,49.0089],[2.7535,48.9907],[2.725,48.9969],[2.7173,49.0071],[2.6792,49.0134],[2.6697,49.033]]]},"properties":{"id":"77-06","nm":"Meaux","dept":"77","ins":82904,"nbv":99,"dG":0.802,"dCD":-6.583,"dED":7.289,"dAB":6.245,"af":38.19}},{"type":"Feature","geometry":{"type":"Polygon","coordinates":[[[2.7725,48.8536],[2.7996,48.864],[2.8078,48.8849],[2.7999,48.9103],[2.8067,48.9147],[2.8385,48.9027],[2.869,48.9153],[2.9089,48.9122],[2.9157,48.9292],[2.9695,48.9413],[2.9989,48.931],[3.0106,48.9446],[2.9981,48.9575],[3.0086,48.978],[3.0363,48.9686],[3.0908,48.9807],[3.1249,48.9919],[3.1266,49.013],[3.1661,49.0207],[3.2294,48.9886],[3.2318,48.9768],[3.2515,48.9729],[3.2652,48.9392],[3.3044,48.9488],[3.3127,48.9335],[3.3133,48.9213],[3.2931,48.9014],[3.2058,48.9154],[3.2161,48.9328],[3.1908,48.9422],[3.1428,48.9075],[3.1341,48.8949],[3.1398,48.886],[3.1111,48.8624],[3.1293,48.8379],[3.1696,48.8335],[3.1652,48.7966],[3.1604,48.788],[3.1368,48.784],[3.15,48.7628],[3.1329,48.7543],[3.1205,48.7603],[3.1078,48.733],[3.0852,48.7247],[3.065,48.7263],[3.0452,48.7465],[3.0119,48.7513],[2.9642,48.7829],[2.94,48.7792],[2.9324,48.8177],[2.9141,48.836],[2.894,48.8376],[2.8752,48.8148],[2.8415,48.8323],[2.7849,48.8282],[2.7728,48.8392],[2.7725,48.8536]]]},"properties":{"id":"77-05","nm":"Coulommiers","dept":"77","ins":88987,"nbv":103,"dG":-4.862,"dCD":-1.421,"dED":7.023,"dAB":3.188,"af":38.66}},{"type":"Feature","geometry":{"type":"Polygon","coordinates":[[[2.5156,48.6292],[2.5383,48.6334],[2.5475,48.6495],[2.6151,48.6469],[2.6292,48.638],[2.6317,48.6237],[2.6636,48.6169],[2.65,48.5973],[2.655,48.5649],[2.6402,48.554],[2.6514,48.5376],[2.5997,48.5159],[2.5349,48.5404],[2.5296,48.5477],[2.5438,48.5686],[2.5222,48.5734],[2.5184,48.5846],[2.5394,48.5942],[2.542,48.6057],[2.5156,48.6292]]]},"properties":{"id":"77-11","nm":"Savigny-Le-Temple","dept":"77","ins":65734,"nbv":61,"dG":23.106,"dCD":-18.715,"dED":-2.47,"dAB":8.036,"af":42.56}},{"type":"Feature","geometry":{"type":"Polygon","coordinates":[[[2.5334,48.6573],[2.5452,48.6712],[2.5663,48.6692],[2.581,48.6796],[2.5692,48.7111],[2.5905,48.7323],[2.5852,48.7418],[2.5975,48.7606],[2.6116,48.766],[2.5868,48.7737],[2.597,48.792],[2.5918,48.8072],[2.6017,48.8157],[2.6348,48.7966],[2.6362,48.7806],[2.6492,48.7763],[2.6459,48.7604],[2.6761,48.746],[2.706,48.7513],[2.7096,48.7738],[2.7316,48.7811],[2.7287,48.7976],[2.7512,48.8146],[2.7768,48.8091],[2.8133,48.7736],[2.7995,48.7549],[2.8183,48.7354],[2.8488,48.7298],[2.8409,48.7122],[2.8213,48.7003],[2.8191,48.6841],[2.8402,48.6762],[2.8499,48.6851],[2.8957,48.6822],[2.8989,48.6745],[2.883,48.658],[2.8048,48.6417],[2.8087,48.6521],[2.7917,48.6591],[2.7659,48.6452],[2.7489,48.6489],[2.704,48.6006],[2.6304,48.6241],[2.6146,48.6445],[2.5494,48.645],[2.5334,48.6573]]]},"properties":{"id":"77-09","nm":"Pontault-Combault","dept":"77","ins":87735,"nbv":97,"dG":1.035,"dCD":-4.369,"dED":3.53,"dAB":4.214,"af":38.24}},{"type":"Feature","geometry":{"type":"Polygon","coordinates":[[[2.5592,48.8852],[2.585,48.8942],[2.5923,48.9077],[2.6246,48.8971],[2.6543,48.9006],[2.6523,48.8821],[2.661,48.8741],[2.6332,48.8522],[2.6579,48.8324],[2.6338,48.8279],[2.6275,48.8029],[2.5958,48.8141],[2.5751,48.8538],[2.5803,48.8625],[2.5676,48.8659],[2.5592,48.8852]]]},"properties":{"id":"77-10","nm":"Chelles","dept":"77","ins":79389,"nbv":77,"dG":12.588,"dCD":-3.309,"dED":-8.57,"dAB":5.002,"af":40.19}},{"type":"Feature","geometry":{"type":"Polygon","coordinates":[[[2.6243,48.789],[2.6256,48.8151],[2.6458,48.8365],[2.6295,48.8574],[2.6621,48.8742],[2.6685,48.85],[2.7054,48.8542],[2.7096,48.8649],[2.729,48.868],[2.7273,48.882],[2.6933,48.8877],[2.688,48.9099],[2.7231,48.9029],[2.733,48.9229],[2.7776,48.9219],[2.8026,48.9327],[2.8117,48.8867],[2.8003,48.8625],[2.7746,48.8543],[2.7853,48.8265],[2.7737,48.8203],[2.7768,48.8091],[2.7528,48.8117],[2.7318,48.8002],[2.7358,48.7809],[2.713,48.7742],[2.706,48.7511],[2.6497,48.7489],[2.6367,48.7633],[2.6403,48.776],[2.6243,48.789]]]},"properties":{"id":"77-08","nm":"Bussy-Saint-Georges","dept":"77","ins":94910,"nbv":93,"dG":6.431,"dCD":-1.671,"dED":-3.599,"dAB":3.65,"af":39.18}},{"type":"Feature","geometry":{"type":"Polygon","coordinates":[[[1.6015,48.6654],[1.6113,48.6884],[1.6238,48.6875],[1.6462,48.709],[1.7106,48.717],[1.7082,48.7362],[1.6752,48.7436],[1.6996,48.7604],[1.6929,48.7698],[1.7006,48.781],[1.7257,48.786],[1.721,48.7981],[1.7031,48.7996],[1.7192,48.8491],[1.7872,48.8288],[1.7896,48.8103],[1.848,48.8121],[1.8456,48.8021],[1.8554,48.7981],[1.899,48.8097],[1.9354,48.7971],[1.9399,48.7754],[1.9552,48.7645],[1.9039,48.7275],[1.9398,48.7189],[1.9433,48.6951],[1.9267,48.6676],[1.9456,48.6569],[1.9561,48.6658],[2.0117,48.6537],[2.0371,48.6418],[2.0456,48.6223],[2.0611,48.6186],[2.0548,48.6079],[2.0342,48.6038],[2.0361,48.5897],[2.0209,48.5772],[2.0165,48.5575],[1.9377,48.5605],[1.937,48.5451],[1.9738,48.5371],[1.9786,48.526],[1.9475,48.5186],[1.9327,48.4806],[1.918,48.4746],[1.9209,48.448],[1.9043,48.4386],[1.8692,48.4402],[1.8449,48.4463],[1.8345,48.4665],[1.8013,48.466],[1.7771,48.5088],[1.7829,48.5499],[1.7574,48.5749],[1.7093,48.578],[1.7027,48.586],[1.7152,48.612],[1.6665,48.6135],[1.636,48.6498],[1.6213,48.6497],[1.6015,48.6654]]]},"properties":{"id":"78-10","nm":"Rambouillet","dept":"78","ins":91685,"nbv":105,"dG":-3.428,"dCD":9.427,"dED":-3.298,"dAB":-7.752,"af":31.53}},{"type":"Feature","geometry":{"type":"Polygon","coordinates":[[[1.9695,48.9454],[1.9937,48.9666],[2.0113,48.9479],[2.0504,48.9641],[2.0726,48.9843],[2.1102,48.9892],[2.1557,48.9856],[2.179,48.9661],[2.1347,48.956],[2.1075,48.9139],[2.1201,48.9031],[2.1182,48.8908],[2.0781,48.8738],[2.0469,48.8747],[1.9982,48.8919],[2.0216,48.9139],[2.0535,48.9242],[2.0629,48.9347],[2.0613,48.9516],[2.0507,48.9533],[2.0102,48.9203],[1.9824,48.9288],[1.9695,48.9454]]]},"properties":{"id":"78-06","nm":"Saint-Germain-En-Laye","dept":"78","ins":76446,"nbv":81,"dG":-0.979,"dCD":13.035,"dED":-10.017,"dAB":-3.857,"af":34.21}},{"type":"Feature","geometry":{"type":"Polygon","coordinates":[[[1.4463,49.0463],[1.4618,49.064],[1.4814,49.0519],[1.5047,49.0601],[1.513,49.0773],[1.508,49.0854],[1.5263,49.0693],[1.607,49.0841],[1.6157,49.0723],[1.6588,49.0813],[1.6972,49.0657],[1.6898,49.0534],[1.6188,49.0291],[1.6141,49.0121],[1.5836,49.014],[1.5552,48.9886],[1.6033,48.9812],[1.6275,48.9895],[1.6548,48.982],[1.6748,48.9616],[1.6973,48.9583],[1.7214,48.9627],[1.7329,48.9778],[1.7512,48.9677],[1.803,48.9689],[1.8368,48.9846],[1.9461,49.0064],[1.941,48.9852],[1.9566,48.9504],[1.9177,48.9245],[1.8995,48.9266],[1.9118,48.9011],[1.883,48.8747],[1.841,48.8704],[1.7716,48.8954],[1.7531,48.8775],[1.7307,48.8724],[1.7078,48.8099],[1.7112,48.7997],[1.7266,48.7983],[1.7268,48.7865],[1.7038,48.7756],[1.7151,48.7562],[1.6937,48.7578],[1.6831,48.7482],[1.7097,48.7369],[1.7159,48.7102],[1.6499,48.7102],[1.6234,48.6858],[1.5764,48.7026],[1.6238,48.7465],[1.6083,48.7605],[1.582,48.7619],[1.5754,48.7909],[1.5883,48.817],[1.579,48.8297],[1.5882,48.8382],[1.5773,48.8449],[1.5813,48.8593],[1.5456,48.8702],[1.5608,48.8896],[1.5382,48.9077],[1.5375,48.9219],[1.5072,48.9291],[1.4918,48.9646],[1.5003,48.9772],[1.471,48.975],[1.461,48.9871],[1.4795,49.0048],[1.4463,49.0463]]]},"properties":{"id":"78-09","nm":"Les Mureaux","dept":"78","ins":91899,"nbv":124,"dG":0.133,"dCD":-2.213,"dED":2.67,"dAB":0.833,"af":36.3}},{"type":"Feature","geometry":{"type":"Polygon","coordinates":[[[1.7156,48.854],[1.7315,48.8758],[1.7449,48.8738],[1.7707,48.8961],[1.8388,48.8714],[1.8872,48.8762],[1.8899,48.8892],[1.9019,48.8885],[1.9079,48.8987],[1.8832,48.9171],[1.9018,48.9292],[1.9191,48.9264],[1.9558,48.9567],[1.9784,48.9455],[1.9889,48.9285],[2.0364,48.9347],[2.0495,48.957],[2.0708,48.9465],[2.0523,48.9227],[2.021,48.9122],[1.9986,48.8915],[1.982,48.8988],[1.9524,48.8914],[1.9564,48.8709],[1.9704,48.8658],[1.9629,48.8528],[1.9708,48.8414],[1.9676,48.8213],[1.9867,48.8005],[1.9675,48.7996],[1.9612,48.7896],[1.8989,48.8071],[1.8723,48.7983],[1.8418,48.8006],[1.8386,48.8115],[1.7913,48.8101],[1.7812,48.8165],[1.7826,48.8313],[1.7405,48.8381],[1.7156,48.854]]]},"properties":{"id":"78-12","nm":"Poissy","dept":"78","ins":70613,"nbv":85,"dG":1.869,"dCD":6.72,"dED":-6.502,"dAB":-4.336,"af":33.26}},{"type":"Feature","geometry":{"type":"Polygon","coordinates":[[[1.8504,49.016],[1.8792,49.0199],[1.8833,49.0337],[1.9086,49.048],[1.9368,49.0237],[1.9922,49.021],[2.0224,48.9992],[2.0732,49.0044],[2.0849,49.0145],[2.1108,49.009],[2.1213,49.0183],[2.127,48.9892],[2.0758,48.9858],[2.0493,48.9587],[2.0281,48.9586],[2.0044,48.9417],[1.9928,48.964],[1.963,48.9494],[1.9507,48.9769],[1.9406,48.9806],[1.9413,49.006],[1.8649,48.9897],[1.8504,49.016]]]},"properties":{"id":"78-07","nm":"Conflans-Sainte-Honorine","dept":"78","ins":81613,"nbv":86,"dG":3.768,"dCD":3.575,"dED":-6.02,"dAB":-0.802,"af":36.03}},{"type":"Feature","geometry":{"type":"Polygon","coordinates":[[[1.9498,48.8816],[1.9539,48.8955],[1.9831,48.9004],[2.0458,48.875],[2.0703,48.8788],[2.0808,48.871],[2.0795,48.8555],[2.1006,48.8439],[2.1294,48.8619],[2.1223,48.8734],[2.1573,48.8693],[2.1522,48.8571],[2.1599,48.8478],[2.1502,48.8457],[2.1361,48.814],[2.1099,48.8262],[2.083,48.8188],[2.0561,48.8298],[2.0364,48.8271],[2.0238,48.8112],[2.0008,48.8137],[1.9865,48.7997],[1.9667,48.8214],[1.9609,48.8533],[1.967,48.8633],[1.9498,48.8816]]]},"properties":{"id":"78-03","nm":"Le Chesnay-Rocquencourt","dept":"78","ins":83521,"nbv":84,"dG":-7.596,"dCD":17.256,"dED":-6.562,"dAB":-7.965,"af":31.27}},{"type":"Feature","geometry":{"type":"Polygon","coordinates":[[[1.9332,48.7509],[1.9471,48.761],[1.941,48.7914],[1.9904,48.7996],[1.997,48.813],[2.0237,48.8124],[2.0341,48.8252],[2.0553,48.8302],[2.083,48.8188],[2.0701,48.7899],[2.0224,48.7952],[2.0239,48.7794],[1.9911,48.7465],[1.9884,48.729],[1.9716,48.7209],[1.9607,48.7371],[1.9341,48.7392],[1.9332,48.7509]]]},"properties":{"id":"78-11","nm":"Elancourt","dept":"78","ins":70630,"nbv":73,"dG":12.143,"dCD":-2.16,"dED":-9.667,"dAB":-0.432,"af":36.65}},{"type":"Feature","geometry":{"type":"Polygon","coordinates":[[[1.5469,48.9907],[1.5848,49.0163],[1.6083,49.0116],[1.6178,49.0286],[1.6936,49.0568],[1.7212,49.0456],[1.7443,49.0475],[1.7599,49.0635],[1.7902,49.058],[1.7968,49.0721],[1.8152,49.0764],[1.8637,49.0545],[1.8567,49.037],[1.8652,49.0217],[1.8551,49.008],[1.8649,48.9897],[1.8082,48.9713],[1.7721,48.9664],[1.736,48.9741],[1.7192,48.9614],[1.687,48.9581],[1.6304,48.9885],[1.5673,48.9833],[1.5469,48.9907]]]},"properties":{"id":"78-08","nm":"Mantes-La-Jolie","dept":"78","ins":75347,"nbv":84,"dG":11.381,"dCD":-11.411,"dED":-1.46,"dAB":7.434,"af":39.11}},{"type":"Feature","geometry":{"type":"Polygon","coordinates":[[[1.9022,48.7215],[1.9044,48.7329],[1.9307,48.7404],[1.9577,48.7372],[1.9731,48.7227],[2.0111,48.7619],[2.0494,48.7694],[2.0667,48.757],[2.0977,48.7556],[2.1067,48.7912],[2.1236,48.7912],[2.1336,48.8097],[2.1363,48.8006],[2.1561,48.7981],[2.1613,48.8128],[2.1739,48.8152],[2.1891,48.7988],[2.2233,48.7859],[2.2291,48.7705],[2.1954,48.7753],[2.1891,48.7543],[2.1508,48.7538],[2.1349,48.7375],[2.1065,48.7385],[2.1126,48.7229],[2.0971,48.6943],[2.0801,48.6848],[2.047,48.6869],[2.0335,48.6778],[2.0282,48.6572],[2.0117,48.6537],[1.9584,48.6655],[1.9433,48.6538],[1.9225,48.6697],[1.9397,48.6917],[1.9376,48.7171],[1.9022,48.7215]]]},"properties":{"id":"78-02","nm":"Versailles","dept":"78","ins":85852,"nbv":83,"dG":-3.81,"dCD":15.295,"dED":-8.12,"dAB":-10.796,"af":28.78}},{"type":"Feature","geometry":{"type":"Polygon","coordinates":[[[2.0689,48.8607],[2.1072,48.8894],[2.1279,48.8795],[2.1406,48.886],[2.1387,48.9029],[2.127,48.9073],[2.1559,48.9062],[2.1769,48.9349],[2.2031,48.9285],[2.1957,48.9065],[2.1729,48.8982],[2.1102,48.8425],[2.0689,48.8607]]]},"properties":{"id":"78-04","nm":"Houilles","dept":"78","ins":79688,"nbv":67,"dG":-3.469,"dCD":16.839,"dED":-10.438,"dAB":-8.025,"af":31.23}},{"type":"Feature","geometry":{"type":"Polygon","coordinates":[[[1.9944,48.7991],[2.0677,48.791],[2.0887,48.8263],[2.1126,48.8286],[2.1319,48.8154],[2.1485,48.8285],[2.1638,48.804],[2.153,48.7889],[2.1346,48.7966],[2.127,48.788],[2.1093,48.7912],[2.1015,48.7563],[2.0885,48.7526],[2.0515,48.7682],[2.0217,48.7576],[2.0072,48.7636],[2.0225,48.7856],[1.9944,48.7991]]]},"properties":{"id":"78-01","nm":"Versailles","dept":"78","ins":83470,"nbv":62,"dG":-2.657,"dCD":14.704,"dED":-8.814,"dAB":-8.079,"af":30.63}},{"type":"Feature","geometry":{"type":"Polygon","coordinates":[[[2.1047,48.9085],[2.1464,48.9653],[2.1782,48.9639],[2.1813,48.9539],[2.2059,48.9499],[2.2021,48.9357],[2.1837,48.9368],[2.1644,48.9233],[2.1612,48.9081],[2.146,48.9012],[2.145,48.8834],[2.1301,48.8759],[2.1047,48.9085]]]},"properties":{"id":"78-05","nm":"Sartrouville","dept":"78","ins":76766,"nbv":72,"dG":-3.109,"dCD":25.057,"dED":-20.051,"dAB":-7.035,"af":32.18}},{"type":"Feature","geometry":{"type":"Polygon","coordinates":[[[-0.9035,46.9716],[-0.8617,46.973],[-0.844,46.9897],[-0.7979,46.9956],[-0.7873,47.0051],[-0.7723,47.0046],[-0.7615,46.9923],[-0.7466,46.9928],[-0.7434,47.001],[-0.7155,46.9854],[-0.6967,46.9949],[-0.6835,46.9904],[-0.6762,47.0019],[-0.6446,46.9933],[-0.6007,46.998],[-0.5514,47.0328],[-0.5575,47.0641],[-0.493,47.0834],[-0.4595,47.082],[-0.4579,47.0687],[-0.4096,47.0668],[-0.3962,47.0916],[-0.3351,47.0884],[-0.2626,47.1057],[-0.2058,47.0935],[-0.1845,47.1085],[-0.1414,47.1041],[-0.173,47.0685],[-0.1474,47.07],[-0.1295,47.0547],[-0.1021,47.0652],[-0.0767,47.0084],[-0.0898,47.0057],[-0.0854,46.9908],[-0.0552,46.9949],[-0.0338,46.9829],[-0.0453,46.9606],[-0.0222,46.9387],[-0.009,46.9077],[-0.0233,46.8958],[-0.0252,46.8769],[0.0338,46.8541],[0.0156,46.8353],[-0.01,46.8474],[-0.0437,46.8291],[-0.0394,46.8192],[-0.0194,46.8141],[-0.007,46.8221],[0.0079,46.8144],[-0.0226,46.7904],[-0.0172,46.7779],[-0.0304,46.7745],[-0.0326,46.7485],[-0.0581,46.7453],[-0.0733,46.7675],[-0.0912,46.7719],[-0.1059,46.7535],[-0.1301,46.7433],[-0.1219,46.7277],[-0.1447,46.7168],[-0.1511,46.6896],[-0.1735,46.6947],[-0.209,46.6797],[-0.2345,46.7083],[-0.2185,46.7258],[-0.2239,46.742],[-0.2379,46.7494],[-0.2538,46.7439],[-0.265,46.7492],[-0.2715,46.7698],[-0.3158,46.783],[-0.3425,46.7614],[-0.3725,46.7551],[-0.3662,46.7393],[-0.3775,46.7231],[-0.3697,46.7075],[-0.3828,46.6949],[-0.4121,46.6867],[-0.4127,46.6968],[-0.4362,46.7109],[-0.471,46.706],[-0.4779,46.6968],[-0.4683,46.6683],[-0.4825,46.6462],[-0.5108,46.6424],[-0.529,46.652],[-0.5592,46.6317],[-0.5561,46.6173],[-0.5761,46.6261],[-0.6086,46.6178],[-0.6326,46.6369],[-0.6588,46.6358],[-0.6438,46.6656],[-0.6811,46.687],[-0.6631,46.6973],[-0.6638,46.7101],[-0.7027,46.7351],[-0.6975,46.7497],[-0.7188,46.7545],[-0.7275,46.7677],[-0.7275,46.7823],[-0.7051,46.8161],[-0.7836,46.8445],[-0.8167,46.8803],[-0.8318,46.885],[-0.8182,46.9041],[-0.8282,46.9305],[-0.8578,46.9347],[-0.8839,46.951],[-0.8862,46.9659],[-0.9035,46.9716]]]},"properties":{"id":"79-03","nm":"Bressuire","dept":"79","ins":85314,"nbv":145,"dG":-12.892,"dCD":11.926,"dED":1.351,"dAB":-1.347,"af":33.39}},{"type":"Feature","geometry":{"type":"Polygon","coordinates":[[[-0.7556,46.3021],[-0.7276,46.305],[-0.6973,46.3251],[-0.6721,46.3163],[-0.6638,46.2934],[-0.591,46.3191],[-0.5664,46.2907],[-0.5257,46.3064],[-0.4846,46.3079],[-0.4845,46.2876],[-0.4537,46.2905],[-0.445,46.2632],[-0.45,46.2468],[-0.4343,46.228],[-0.3954,46.2219],[-0.3961,46.2078],[-0.3241,46.1699],[-0.291,46.1958],[-0.2936,46.2056],[-0.2757,46.2259],[-0.3097,46.2361],[-0.3093,46.2583],[-0.3309,46.2693],[-0.3186,46.2825],[-0.3226,46.3051],[-0.3314,46.3092],[-0.3256,46.3251],[-0.3515,46.3417],[-0.3566,46.3794],[-0.3682,46.39],[-0.3635,46.4017],[-0.3971,46.4225],[-0.3865,46.4487],[-0.3768,46.4388],[-0.3384,46.4347],[-0.3069,46.4552],[-0.2981,46.467],[-0.2994,46.4901],[-0.2912,46.4796],[-0.2802,46.4855],[-0.257,46.4528],[-0.2274,46.465],[-0.2074,46.4569],[-0.1909,46.472],[-0.1743,46.5132],[-0.1887,46.5274],[-0.2069,46.5287],[-0.2062,46.5436],[-0.1987,46.5547],[-0.1768,46.5554],[-0.1688,46.5928],[-0.2018,46.6018],[-0.2183,46.5901],[-0.2483,46.5994],[-0.2556,46.6111],[-0.295,46.6034],[-0.3233,46.6124],[-0.3198,46.6321],[-0.3389,46.6356],[-0.2807,46.6508],[-0.2836,46.6818],[-0.3002,46.6929],[-0.3552,46.6666],[-0.3943,46.6741],[-0.4054,46.6875],[-0.3722,46.7092],[-0.378,46.7227],[-0.3685,46.7416],[-0.3795,46.7551],[-0.3423,46.7617],[-0.3136,46.7854],[-0.2598,46.7685],[-0.2684,46.7589],[-0.2604,46.7471],[-0.2391,46.7495],[-0.2189,46.7357],[-0.2301,46.7069],[-0.2066,46.681],[-0.1727,46.6951],[-0.1499,46.6919],[-0.1497,46.7217],[-0.127,46.7277],[-0.1371,46.7417],[-0.0889,46.7732],[-0.0558,46.7485],[-0.0353,46.749],[-0.0284,46.7577],[-0.0369,46.7717],[-0.0249,46.7788],[-0.015,46.7584],[-0.0012,46.7618],[0.0382,46.7319],[0.0046,46.7177],[0.0033,46.701],[-0.0133,46.6931],[-0.0066,46.6834],[-0.0311,46.6694],[-0.0317,46.6512],[-0.0554,46.6418],[-0.0646,46.6276],[-0.0315,46.6269],[0.0008,46.643],[-0.0079,46.6146],[0.0224,46.6145],[0.0267,46.5955],[0.0431,46.5911],[-0.0045,46.5708],[-0.0087,46.5556],[0.0077,46.5477],[-0.0065,46.5237],[-0.0279,46.5204],[-0.0392,46.4977],[-0.0292,46.4857],[-0.039,46.4725],[-0.0154,46.4759],[-0.0096,46.4677],[-0.0167,46.4077],[0.0343,46.3737],[0.016,46.3589],[0.0375,46.3455],[0.0232,46.3442],[0.0203,46.3306],[0.0769,46.3058],[0.1248,46.3487],[0.1766,46.3305],[0.166,46.318],[0.1698,46.3055],[0.156,46.3002],[0.1723,46.2787],[0.1597,46.2665],[0.1328,46.2647],[0.1439,46.2292],[0.1127,46.2094],[0.112,46.1899],[0.1386,46.1812],[0.1567,46.1578],[0.1765,46.1505],[0.1903,46.1509],[0.1947,46.1605],[0.2204,46.1554],[0.191,46.1109],[0.1973,46.0953],[0.1699,46.081],[0.1362,46.1034],[0.0972,46.0891],[0.0751,46.0945],[0.0571,46.0827],[0.0626,46.0726],[0.0382,46.0697],[0.0189,46.0531],[-0.035,46.054],[-0.0377,46.0446],[-0.0216,46.03],[-0.0457,46.0188],[-0.0476,46.003],[-0.0382,45.9924],[-0.1031,45.9697],[-0.1371,45.9791],[-0.1399,45.9992],[-0.1587,46.0051],[-0.1747,46.0297],[-0.1874,46.0262],[-0.1994,46.0477],[-0.2731,46.0588],[-0.2902,46.085],[-0.3629,46.0756],[-0.3729,46.0932],[-0.3882,46.0957],[-0.4013,46.0842],[-0.4223,46.0938],[-0.4273,46.1092],[-0.4404,46.0946],[-0.5056,46.1075],[-0.5289,46.13],[-0.5354,46.1527],[-0.5512,46.159],[-0.573,46.1492],[-0.6002,46.1695],[-0.6287,46.1472],[-0.6321,46.1652],[-0.6566,46.1706],[-0.6695,46.184],[-0.6905,46.1796],[-0.6981,46.192],[-0.6872,46.2003],[-0.6889,46.2154],[-0.7519,46.2454],[-0.7547,46.253],[-0.7378,46.2695],[-0.7556,46.3021]]]},"properties":{"id":"79-02","nm":"Parthenay","dept":"79","ins":98054,"nbv":196,"dG":9.266,"dCD":-9.197,"dED":1.571,"dAB":-2.574,"af":32.53}},{"type":"Feature","geometry":{"type":"Polygon","coordinates":[[[-0.646,46.5121],[-0.6441,46.5218],[-0.6022,46.5345],[-0.6081,46.5592],[-0.6246,46.5778],[-0.6146,46.585],[-0.6269,46.6056],[-0.6154,46.6204],[-0.5692,46.6246],[-0.5273,46.6531],[-0.5069,46.6417],[-0.4843,46.6456],[-0.4685,46.668],[-0.4825,46.694],[-0.4739,46.7052],[-0.4365,46.7126],[-0.3776,46.6717],[-0.3539,46.669],[-0.2998,46.6933],[-0.2816,46.6811],[-0.2827,46.663],[-0.2719,46.6507],[-0.3196,46.6398],[-0.3076,46.6071],[-0.2555,46.6117],[-0.2231,46.5907],[-0.2022,46.6024],[-0.1664,46.5923],[-0.1764,46.5528],[-0.1977,46.5539],[-0.206,46.5436],[-0.2037,46.5293],[-0.1675,46.5204],[-0.1914,46.4684],[-0.2088,46.4534],[-0.227,46.4636],[-0.2647,46.4502],[-0.2608,46.4636],[-0.2791,46.4835],[-0.3398,46.4341],[-0.3902,46.4405],[-0.3947,46.4234],[-0.3868,46.4123],[-0.3574,46.4009],[-0.3653,46.3892],[-0.3521,46.3821],[-0.3484,46.3427],[-0.316,46.3255],[-0.3288,46.3136],[-0.3184,46.2854],[-0.3233,46.267],[-0.3015,46.2561],[-0.3081,46.2388],[-0.2682,46.2253],[-0.2902,46.2112],[-0.291,46.1928],[-0.3247,46.1681],[-0.4003,46.2101],[-0.4022,46.2199],[-0.4489,46.2323],[-0.4456,46.2632],[-0.4574,46.2925],[-0.4742,46.2831],[-0.4894,46.2876],[-0.4902,46.3055],[-0.5121,46.3078],[-0.5684,46.29],[-0.5915,46.3179],[-0.6417,46.3146],[-0.6372,46.337],[-0.6071,46.3461],[-0.6037,46.361],[-0.5756,46.3561],[-0.5431,46.3833],[-0.606,46.4123],[-0.6209,46.3907],[-0.6407,46.3972],[-0.6362,46.4325],[-0.6199,46.4395],[-0.6159,46.4607],[-0.6181,46.4732],[-0.6313,46.4787],[-0.6257,46.4976],[-0.646,46.5121]]]},"properties":{"id":"79-01","nm":"Niort","dept":"79","ins":91748,"nbv":129,"dG":0.887,"dCD":7.223,"dED":-6.736,"dAB":-4.166,"af":32.22}},{"type":"Feature","geometry":{"type":"MultiPolygon","coordinates":[[[[1.7398,50.1271],[1.8011,50.1539],[1.8306,50.1363],[1.8455,50.1685],[1.8868,50.162],[1.8855,50.1524],[1.9193,50.1303],[1.9479,50.1618],[2.0039,50.1637],[2.0476,50.1815],[2.0768,50.1557],[2.0865,50.1218],[2.1208,50.1355],[2.1351,50.1308],[2.1386,50.1127],[2.1637,50.1113],[2.188,50.0942],[2.2118,50.1108],[2.2232,50.0989],[2.2814,50.0915],[2.2875,50.0721],[2.3135,50.0676],[2.3373,50.0816],[2.3449,50.0686],[2.3021,50.0387],[2.3054,50.0256],[2.2366,50.0249],[2.223,50.0076],[2.2265,49.9939],[2.1917,49.9688],[2.2235,49.9664],[2.24,49.9555],[2.2728,49.9599],[2.2794,49.9523],[2.3011,49.9601],[2.3155,49.987],[2.3314,49.987],[2.319,49.959],[2.336,49.941],[2.3677,49.9472],[2.3752,49.9603],[2.396,49.9447],[2.382,49.8849],[2.3713,49.8804],[2.3762,49.868],[2.3464,49.8633],[2.3139,49.8808],[2.3535,49.9082],[2.356,49.9222],[2.3419,49.9278],[2.3334,49.911],[2.3049,49.9079],[2.2952,49.8974],[2.2755,49.9139],[2.2219,49.9246],[2.2134,49.916],[2.2176,49.9079],[2.2014,49.9025],[2.1941,49.8776],[2.1751,49.8755],[2.1582,49.881],[2.1631,49.8904],[2.1417,49.9067],[2.1402,49.9222],[2.1087,49.9019],[2.0529,49.9162],[2.0505,49.937],[2.0122,49.9332],[2.0163,49.9591],[2.0016,49.9758],[2.0042,50.0261],[1.9752,50.0214],[1.9541,50.0406],[1.9249,50.0479],[1.9189,50.0405],[1.8875,50.0576],[1.8276,50.0385],[1.8263,50.0566],[1.7963,50.0722],[1.8012,50.0866],[1.784,50.0778],[1.7464,50.0892],[1.7398,50.1271]]],[[[2.2962,49.8916],[2.2969,49.8912],[2.2969,49.891],[2.2962,49.8916]]]]},"properties":{"id":"80-01","nm":"Amiens","dept":"80","ins":83104,"nbv":128,"dG":7.426,"dCD":-9.593,"dED":4.537,"dAB":2.454,"af":36.53}},{"type":"Feature","geometry":{"type":"Polygon","coordinates":[[[2.3694,50.0653],[2.4271,50.0846],[2.455,50.1314],[2.4822,50.1383],[2.5152,50.141],[2.5332,50.1168],[2.5526,50.1425],[2.5781,50.1398],[2.5868,50.1372],[2.5729,50.1233],[2.5762,50.1149],[2.6905,50.0931],[2.7088,50.111],[2.7079,50.1274],[2.7317,50.1254],[2.7812,50.1082],[2.7821,50.0911],[2.7481,50.0499],[2.7544,50.0392],[2.8481,50.0784],[2.8577,50.0774],[2.877,50.0288],[2.9457,50.0541],[2.9742,50.0454],[3.0148,50.0592],[3.0741,50.0455],[3.0903,50.0538],[3.1191,50.0273],[3.1672,50.0206],[3.1659,49.9982],[3.1763,49.9862],[3.2027,49.9855],[3.17,49.9677],[3.1663,49.9501],[3.1265,49.9258],[3.1201,49.8843],[3.0837,49.8642],[3.0857,49.8421],[3.0596,49.8286],[3.0837,49.8187],[3.0878,49.8034],[3.0685,49.7721],[3.1006,49.7666],[3.0945,49.7493],[3.123,49.7081],[3.0974,49.7056],[3.0792,49.692],[3.0829,49.709],[3.0645,49.7138],[3.0547,49.6937],[3.0409,49.6954],[3.0267,49.6804],[3.0021,49.7042],[2.9796,49.7042],[2.9512,49.6908],[2.9553,49.6652],[2.9419,49.678],[2.9304,49.6767],[2.9158,49.7023],[2.892,49.6988],[2.8815,49.7081],[2.8747,49.6996],[2.8917,49.6729],[2.8699,49.6849],[2.8482,49.6739],[2.8433,49.6585],[2.7974,49.6569],[2.7902,49.6405],[2.7975,49.6177],[2.7864,49.6121],[2.7251,49.6251],[2.7323,49.6421],[2.6904,49.691],[2.7244,49.7115],[2.7279,49.723],[2.6981,49.7362],[2.6574,49.7369],[2.66,49.7458],[2.6443,49.761],[2.6453,49.7898],[2.6204,49.8023],[2.6132,49.8255],[2.6199,49.8472],[2.6075,49.8568],[2.6051,49.8823],[2.5956,49.8847],[2.5959,49.9061],[2.5621,49.9191],[2.5735,49.9258],[2.568,49.9354],[2.5245,49.9374],[2.5812,49.9667],[2.5658,49.9892],[2.575,50.0077],[2.5636,50.0121],[2.5538,50.0365],[2.5338,50.038],[2.506,50.0247],[2.4897,50.0356],[2.413,50.0119],[2.3872,50.0359],[2.3818,50.0615],[2.3694,50.0653]]]},"properties":{"id":"80-05","nm":"Albert","dept":"80","ins":81191,"nbv":270,"dG":-15.611,"dCD":-0.919,"dED":19.133,"dAB":0.513,"af":33.58}},{"type":"Feature","geometry":{"type":"Polygon","coordinates":[[[1.3809,50.0653],[1.4536,50.1097],[1.4906,50.1816],[1.5192,50.2059],[1.5522,50.2153],[1.5688,50.2175],[1.5719,50.217],[1.5632,50.2077],[1.5907,50.1877],[1.6131,50.1915],[1.6724,50.1753],[1.681,50.1807],[1.6627,50.2137],[1.623,50.2144],[1.5906,50.254],[1.5431,50.2664],[1.5383,50.2799],[1.5557,50.3633],[1.5763,50.3579],[1.6262,50.366],[1.6489,50.34],[1.6693,50.333],[1.7618,50.3616],[1.805,50.3596],[1.8726,50.3342],[1.8774,50.3206],[1.9035,50.3128],[1.9463,50.3317],[1.964,50.3215],[1.9629,50.3112],[1.9396,50.3022],[1.9463,50.2891],[2.0769,50.2515],[2.065,50.2355],[2.0837,50.2172],[2.0827,50.1905],[2.1033,50.1843],[2.0961,50.1661],[2.1054,50.1439],[2.0798,50.1336],[2.0636,50.1418],[2.0739,50.1581],[2.0437,50.1791],[2.0031,50.1632],[1.95,50.1614],[1.9224,50.1303],[1.8626,50.1629],[1.8426,50.154],[1.8317,50.1362],[1.8027,50.1531],[1.7899,50.1398],[1.7579,50.138],[1.7419,50.1215],[1.7482,50.0917],[1.7837,50.0785],[1.8042,50.0887],[1.8122,50.0619],[1.8405,50.0417],[1.8865,50.0595],[1.908,50.0436],[1.9157,50.05],[1.966,50.0393],[1.9629,50.0314],[1.9731,50.0235],[1.9993,50.0277],[2.008,50.0221],[2.0035,49.9765],[2.0196,49.9518],[2.0127,49.9351],[2.0564,49.9371],[2.0565,49.9179],[2.1007,49.903],[2.14,49.924],[2.1444,49.9043],[2.1726,49.8773],[2.1838,49.8785],[2.197,49.857],[2.1839,49.8374],[2.1581,49.8231],[2.1142,49.8256],[2.0902,49.817],[2.0658,49.7885],[2.0501,49.7923],[2.0624,49.8003],[2.0572,49.8134],[2.0279,49.8319],[2.0059,49.825],[1.963,49.8356],[1.9844,49.8495],[1.9775,49.8705],[1.9478,49.8776],[1.9483,49.9065],[1.9325,49.8885],[1.9144,49.8881],[1.9297,49.9093],[1.9161,49.9233],[1.8903,49.8956],[1.8486,49.8764],[1.811,49.8868],[1.7599,49.8431],[1.726,49.8397],[1.7173,49.8477],[1.7124,49.8863],[1.6851,49.9028],[1.6767,49.919],[1.6135,49.9388],[1.5135,50.0133],[1.4549,50.0377],[1.4504,50.0691],[1.4243,50.0704],[1.4088,50.0571],[1.3809,50.0653]]]},"properties":{"id":"80-03","nm":"Friville-Escarbotin","dept":"80","ins":81800,"nbv":229,"dG":-16.304,"dCD":4.619,"dED":14.037,"dAB":-3.511,"af":28.57}},{"type":"Feature","geometry":{"type":"Polygon","coordinates":[[[1.7253,49.8326],[1.7339,49.8434],[1.7822,49.8581],[1.8054,49.8863],[1.8511,49.8779],[1.8883,49.8957],[1.92,49.9249],[1.9365,49.9067],[1.9195,49.9018],[1.9171,49.8908],[1.9335,49.8892],[1.9527,49.9129],[1.9581,49.8925],[1.9505,49.879],[1.9737,49.8746],[1.9872,49.8561],[1.9753,49.8393],[1.9822,49.8286],[2.0247,49.8349],[2.0386,49.8207],[2.0529,49.8239],[2.0691,49.8027],[2.1157,49.8266],[2.1579,49.8241],[2.2015,49.8404],[2.2318,49.8325],[2.2564,49.8134],[2.2336,49.7872],[2.238,49.7723],[2.2644,49.7733],[2.281,49.7858],[2.304,49.7708],[2.3984,49.7685],[2.4049,49.7804],[2.448,49.7998],[2.4644,49.8394],[2.4951,49.8499],[2.4852,49.8687],[2.4553,49.8695],[2.4464,49.8833],[2.3755,49.8878],[2.3889,49.9067],[2.3812,49.9247],[2.3941,49.9468],[2.3794,49.9557],[2.354,49.9405],[2.3289,49.9391],[2.3146,49.9577],[2.3173,49.9819],[2.3046,49.9751],[2.3054,49.9611],[2.2718,49.952],[2.2661,49.9589],[2.2368,49.9547],[2.2201,49.9657],[2.1857,49.9544],[2.173,49.9831],[2.2084,49.9798],[2.2365,50.0259],[2.296,50.0229],[2.2984,50.0361],[2.3408,50.0668],[2.3392,50.078],[2.3097,50.0667],[2.2847,50.0713],[2.2768,50.0916],[2.2221,50.0987],[2.2101,50.1103],[2.191,50.0922],[2.1621,50.1084],[2.1491,50.1005],[2.1224,50.1345],[2.0807,50.122],[2.0776,50.1313],[2.0999,50.1425],[2.1041,50.1546],[2.0938,50.1657],[2.0979,50.179],[2.0802,50.1892],[2.0946,50.2084],[2.121,50.2109],[2.1573,50.1945],[2.1738,50.2092],[2.2131,50.2187],[2.2493,50.2129],[2.2699,50.229],[2.3034,50.2136],[2.3254,50.2217],[2.3147,50.2349],[2.3335,50.2386],[2.3654,50.2075],[2.3779,50.2226],[2.4098,50.2353],[2.4329,50.2259],[2.4508,50.2308],[2.4953,50.1946],[2.4202,50.1753],[2.3926,50.1534],[2.3786,50.111],[2.4301,50.0884],[2.4125,50.0736],[2.3848,50.0701],[2.3829,50.0469],[2.4207,50.013],[2.4362,50.0166],[2.4373,50.0326],[2.4493,50.0235],[2.4727,50.0245],[2.4894,50.0375],[2.5128,50.0277],[2.5474,50.0411],[2.5773,50.0113],[2.5689,49.9912],[2.5839,49.9604],[2.5392,49.9387],[2.5771,49.9396],[2.574,49.9189],[2.6042,49.9037],[2.5985,49.8947],[2.6111,49.8786],[2.6086,49.8558],[2.6221,49.8506],[2.6184,49.8176],[2.6241,49.8028],[2.6486,49.791],[2.6478,49.7578],[2.6679,49.7382],[2.732,49.7224],[2.6962,49.6896],[2.7354,49.6421],[2.7204,49.6213],[2.6912,49.6252],[2.673,49.6009],[2.6703,49.581],[2.6497,49.5718],[2.63,49.5792],[2.6292,49.6002],[2.6189,49.6098],[2.5915,49.6091],[2.571,49.5967],[2.5572,49.6158],[2.5025,49.6365],[2.4779,49.6207],[2.4535,49.6354],[2.4437,49.653],[2.4118,49.662],[2.3507,49.6611],[2.3199,49.6866],[2.3018,49.6811],[2.2447,49.7019],[2.1531,49.7021],[2.14,49.6911],[2.0822,49.6935],[2.0654,49.6831],[2.0487,49.6884],[2.031,49.7105],[1.978,49.7097],[1.9693,49.7181],[1.9488,49.7007],[1.9314,49.7192],[1.8943,49.6992],[1.8491,49.7017],[1.8204,49.7227],[1.8367,49.7303],[1.8367,49.7387],[1.7838,49.7583],[1.7741,49.7765],[1.7582,49.7804],[1.7253,49.8326]]]},"properties":{"id":"80-04","nm":"Corbie","dept":"80","ins":85080,"nbv":261,"dG":-13.785,"dCD":1.519,"dED":14.595,"dAB":-1.944,"af":32.31}},{"type":"Feature","geometry":{"type":"MultiPolygon","coordinates":[[[[2.1823,49.8627],[2.1879,49.8938],[2.2099,49.9066],[2.2158,49.9259],[2.2551,49.9213],[2.2905,49.8993],[2.3306,49.9112],[2.3399,49.9284],[2.3668,49.9204],[2.3207,49.8835],[2.3486,49.8632],[2.3689,49.8704],[2.3624,49.883],[2.4539,49.8855],[2.4564,49.8714],[2.4843,49.8728],[2.4979,49.8514],[2.463,49.8379],[2.4497,49.8003],[2.4256,49.7828],[2.4066,49.7809],[2.3901,49.7654],[2.3582,49.7644],[2.3287,49.7745],[2.2957,49.7719],[2.2803,49.7843],[2.2631,49.7717],[2.2385,49.7698],[2.2316,49.791],[2.2532,49.8124],[2.2279,49.8335],[2.1847,49.8375],[2.1908,49.8566],[2.1823,49.8627]]],[[[2.2987,49.9219],[2.2987,49.922],[2.2989,49.922],[2.2987,49.9219]]]]},"properties":{"id":"80-02","nm":"Amiens","dept":"80","ins":76061,"nbv":87,"dG":0.801,"dCD":6.554,"dED":-4.67,"dAB":-0.747,"af":37.62}},{"type":"Feature","geometry":{"type":"MultiPolygon","coordinates":[[[[1.65,43.7518],[1.6516,43.7758],[1.6687,43.7842],[1.7281,43.7713],[1.7465,43.7922],[1.7653,43.7884],[1.7784,43.8054],[1.7949,43.8029],[1.8457,43.7774],[1.8551,43.7445],[1.8777,43.7187],[1.9181,43.7166],[1.9596,43.734],[1.971,43.7119],[1.9898,43.7133],[2.0014,43.7006],[2.0356,43.6897],[2.0505,43.7001],[2.0268,43.718],[2.0401,43.7263],[2.0498,43.7646],[2.0587,43.7694],[2.0562,43.7837],[2.0808,43.7933],[2.1088,43.7773],[2.1501,43.7814],[2.1918,43.7609],[2.2169,43.7701],[2.2331,43.7196],[2.2106,43.7078],[2.2061,43.6919],[2.2237,43.6804],[2.2215,43.6668],[2.2343,43.6704],[2.2733,43.6543],[2.2761,43.6314],[2.2577,43.6269],[2.2542,43.614],[2.268,43.6044],[2.2484,43.6033],[2.2467,43.5939],[2.2272,43.5859],[2.2316,43.572],[2.2806,43.5582],[2.2821,43.5691],[2.263,43.5853],[2.2684,43.5915],[2.2883,43.5921],[2.3028,43.5808],[2.3264,43.5857],[2.3352,43.6162],[2.3964,43.632],[2.4175,43.6206],[2.4271,43.5959],[2.4082,43.5847],[2.4186,43.5667],[2.4475,43.5664],[2.4685,43.5781],[2.4894,43.5609],[2.4891,43.5464],[2.5229,43.5431],[2.5492,43.5211],[2.6003,43.5149],[2.6066,43.5051],[2.6584,43.517],[2.6556,43.494],[2.668,43.47],[2.6067,43.4314],[2.5605,43.4204],[2.4777,43.438],[2.4283,43.4353],[2.401,43.4168],[2.3053,43.4467],[2.2821,43.4411],[2.2611,43.455],[2.2239,43.4296],[2.2302,43.4054],[2.2151,43.3823],[2.1871,43.3941],[2.1679,43.4164],[2.1116,43.3964],[2.0726,43.396],[2.0548,43.4293],[2.0144,43.4464],[2.0202,43.4736],[2.0454,43.4842],[2.0279,43.5061],[2.0155,43.5058],[2.0086,43.4801],[1.9899,43.4776],[1.9132,43.5031],[1.8829,43.5184],[1.8361,43.5784],[1.8097,43.5779],[1.773,43.591],[1.7673,43.6018],[1.6986,43.6199],[1.6878,43.6307],[1.6996,43.649],[1.729,43.6649],[1.7152,43.6886],[1.6647,43.6936],[1.6608,43.7057],[1.6791,43.7024],[1.7019,43.7195],[1.65,43.7518]]],[[[2.2721,43.6094],[2.2789,43.6196],[2.2843,43.6147],[2.281,43.6052],[2.2721,43.6094]]],[[[2.2875,43.6152],[2.2876,43.6154],[2.2878,43.6153],[2.2875,43.6152]]],[[[2.2895,43.598],[2.2897,43.5986],[2.2897,43.5972],[2.2895,43.598]]],[[[2.2573,43.5845],[2.2573,43.5843],[2.2571,43.5843],[2.2573,43.5845]]],[[[2.2501,43.582],[2.2502,43.5818],[2.25,43.5817],[2.2501,43.582]]]]},"properties":{"id":"81-03","nm":"Castres","dept":"81","ins":104780,"nbv":165,"dG":-4.118,"dCD":-1.878,"dED":7.097,"dAB":-5.939,"af":28.49}},{"type":"Feature","geometry":{"type":"MultiPolygon","coordinates":[[[[2.0525,43.8727],[2.0528,43.8975],[2.0645,43.9129],[2.0856,43.9175],[2.0881,43.9273],[2.1056,43.9179],[2.1369,43.9234],[2.1675,43.9521],[2.1787,43.9395],[2.1932,43.9518],[2.2326,43.9506],[2.258,43.9309],[2.2802,43.9463],[2.3036,43.9438],[2.3075,43.9332],[2.3433,43.9425],[2.3574,43.9704],[2.3143,43.9878],[2.3325,44.001],[2.3148,44.0253],[2.3247,44.028],[2.3385,44.0754],[2.3581,44.1017],[2.3893,44.0945],[2.4156,44.0543],[2.46,44.0514],[2.4659,44.0324],[2.4914,44.0188],[2.5013,43.9868],[2.5237,43.9806],[2.5085,43.9441],[2.5529,43.926],[2.5515,43.893],[2.5801,43.8788],[2.5647,43.8649],[2.5644,43.8447],[2.6601,43.7561],[2.7421,43.7293],[2.7795,43.7365],[2.7881,43.7526],[2.8237,43.7621],[2.8712,43.7395],[2.9211,43.7361],[2.9254,43.7068],[2.9375,43.6968],[2.9203,43.6875],[2.9198,43.6624],[2.9073,43.6542],[2.881,43.6566],[2.8735,43.645],[2.8173,43.6393],[2.7654,43.6159],[2.744,43.6196],[2.7193,43.6441],[2.6442,43.6504],[2.6178,43.601],[2.6314,43.5836],[2.6182,43.5656],[2.6764,43.5134],[2.65,43.519],[2.6121,43.5065],[2.6182,43.4746],[2.6044,43.4699],[2.5983,43.5148],[2.549,43.521],[2.5232,43.5423],[2.4842,43.5476],[2.4878,43.5623],[2.4686,43.5773],[2.4568,43.5661],[2.4204,43.5652],[2.4013,43.583],[2.4188,43.6047],[2.408,43.6297],[2.3442,43.6197],[2.3296,43.5854],[2.3093,43.5804],[2.2835,43.5903],[2.2729,43.584],[2.2892,43.5566],[2.2506,43.5571],[2.2212,43.5895],[2.239,43.5928],[2.2353,43.6094],[2.2593,43.6314],[2.2731,43.6328],[2.2749,43.644],[2.2705,43.6552],[2.2208,43.6661],[2.2177,43.6854],[2.2035,43.6896],[2.2081,43.7072],[2.2289,43.72],[2.2195,43.7644],[2.2036,43.7685],[2.1954,43.7597],[2.1254,43.7832],[2.1083,43.7761],[2.0806,43.7932],[2.0525,43.8363],[2.0721,43.8588],[2.0525,43.8727]]],[[[2.1406,43.9439],[2.1388,43.9433],[2.1408,43.9449],[2.1406,43.9439]]],[[[2.1431,43.9554],[2.1418,43.9543],[2.1417,43.9567],[2.1431,43.9554]]],[[[2.151,43.9563],[2.1522,43.9572],[2.1524,43.9558],[2.151,43.9563]]],[[[2.2189,43.596],[2.2167,43.5941],[2.2166,43.5967],[2.2189,43.596]]]]},"properties":{"id":"81-01","nm":"Albi","dept":"81","ins":85344,"nbv":132,"dG":-0.682,"dCD":-1.595,"dED":4.492,"dAB":-5.324,"af":28.98}},{"type":"Feature","geometry":{"type":"Polygon","coordinates":[[[1.5352,43.9597],[1.6173,43.9599],[1.6298,43.9896],[1.6546,43.9964],[1.649,44.0119],[1.692,44.0246],[1.7021,44.0476],[1.6914,44.0629],[1.6713,44.0596],[1.6609,44.0714],[1.6679,44.0859],[1.6531,44.0964],[1.6586,44.1168],[1.7469,44.1168],[1.7759,44.0964],[1.806,44.1264],[1.8343,44.105],[1.8397,44.1147],[1.829,44.1334],[1.8397,44.1447],[1.8504,44.1369],[1.8934,44.1431],[1.9064,44.1309],[1.9134,44.1418],[1.8947,44.1538],[1.9202,44.1628],[1.9408,44.1476],[1.9716,44.1434],[1.9833,44.1568],[2.004,44.1512],[2.0253,44.1567],[2.029,44.1687],[2.0541,44.1723],[2.0511,44.1874],[2.0678,44.19],[2.0806,44.1806],[2.1496,44.2004],[2.1911,44.1627],[2.2067,44.1714],[2.2355,44.1638],[2.2144,44.1496],[2.2164,44.1383],[2.2435,44.1352],[2.2717,44.1481],[2.2979,44.1376],[2.2975,44.1229],[2.3322,44.1233],[2.3584,44.0999],[2.3353,44.065],[2.3456,44.05],[2.331,44.05],[2.3269,44.04],[2.3474,44.0299],[2.3455,44.0133],[2.3318,44.0114],[2.3294,43.9856],[2.3624,43.9679],[2.348,43.9591],[2.3431,43.941],[2.2843,43.9319],[2.2766,43.9393],[2.2575,43.9307],[2.2318,43.9508],[2.1972,43.9526],[2.1824,43.9403],[2.1649,43.9473],[2.1447,43.9251],[2.0581,43.9071],[2.0543,43.874],[2.0789,43.8545],[2.0587,43.8324],[2.0807,43.7914],[2.0562,43.7814],[2.0643,43.7708],[2.0498,43.7633],[2.0342,43.7174],[2.0528,43.6922],[2.0387,43.6888],[1.9902,43.7116],[1.9702,43.712],[1.9568,43.7336],[1.9321,43.7291],[1.9185,43.7148],[1.8746,43.7182],[1.843,43.7542],[1.8542,43.7611],[1.8471,43.7761],[1.7859,43.8064],[1.7709,43.7863],[1.7446,43.7908],[1.735,43.7714],[1.678,43.7848],[1.6408,43.779],[1.6459,43.7991],[1.5902,43.8145],[1.5916,43.8432],[1.5725,43.8491],[1.5555,43.8707],[1.5466,43.9024],[1.5558,43.9183],[1.5729,43.9211],[1.5745,43.9376],[1.5407,43.9452],[1.5352,43.9597]]]},"properties":{"id":"81-02","nm":"Albi","dept":"81","ins":110310,"nbv":194,"dG":1.842,"dCD":-7.622,"dED":5.899,"dAB":-6.075,"af":29.9}},{"type":"Feature","geometry":{"type":"Polygon","coordinates":[[[0.7378,44.0703],[0.756,44.1069],[0.7918,44.1154],[0.7971,44.1318],[0.788,44.1433],[0.8193,44.1438],[0.8596,44.1276],[0.8755,44.1294],[0.8881,44.146],[0.888,44.1726],[0.8712,44.1678],[0.8525,44.1766],[0.8532,44.1841],[0.862,44.1936],[0.9034,44.1924],[0.9269,44.2297],[0.9189,44.2384],[0.9319,44.2519],[0.9278,44.2673],[0.9439,44.2703],[0.9171,44.3007],[0.8949,44.2969],[0.8693,44.3092],[0.893,44.3438],[0.8866,44.3654],[0.8964,44.3819],[0.92,44.3844],[0.9419,44.3592],[0.9788,44.3583],[0.9967,44.3691],[1.0495,44.3625],[1.0596,44.3765],[1.1031,44.3922],[1.1371,44.3924],[1.1334,44.3713],[1.096,44.3662],[1.0888,44.3535],[1.1162,44.338],[1.1103,44.3276],[1.1174,44.3188],[1.168,44.3047],[1.1791,44.3103],[1.1835,44.2721],[1.1683,44.2653],[1.1696,44.2564],[1.1855,44.2522],[1.2208,44.2805],[1.2472,44.2701],[1.2554,44.2855],[1.2708,44.2818],[1.3042,44.2942],[1.3044,44.2619],[1.2756,44.2502],[1.2602,44.2176],[1.2297,44.1962],[1.268,44.1707],[1.2553,44.1628],[1.2394,44.1748],[1.2104,44.1709],[1.1788,44.1352],[1.2114,44.1146],[1.2469,44.1139],[1.2915,44.0524],[1.2909,44.0285],[1.3067,44.0221],[1.301,44.0084],[1.3147,43.9946],[1.3017,43.9799],[1.3232,43.9705],[1.3402,43.9758],[1.3685,43.9222],[1.4699,43.8974],[1.4488,43.8708],[1.4318,43.8688],[1.404,43.8847],[1.3632,43.8885],[1.3519,43.8695],[1.3646,43.8557],[1.3595,43.8512],[1.3204,43.858],[1.3041,43.8471],[1.3155,43.8334],[1.3548,43.8363],[1.3618,43.8197],[1.2129,43.7676],[1.2056,43.7748],[1.2143,43.7907],[1.185,43.7934],[1.1494,43.8209],[1.1102,43.7962],[1.0847,43.8136],[1.0548,43.7979],[1.0366,43.8036],[0.9714,43.7852],[0.9393,43.7924],[0.904,43.7831],[0.8974,43.7887],[0.9046,43.8104],[0.9212,43.8291],[0.8954,43.8404],[0.8953,43.8503],[0.9071,43.8559],[0.8836,43.8748],[0.8943,43.9033],[0.8651,43.922],[0.8447,43.9148],[0.8115,43.9317],[0.7699,43.9222],[0.7585,43.9449],[0.7856,43.9561],[0.7952,43.9756],[0.8254,43.9963],[0.8127,44.0247],[0.8392,44.0272],[0.8511,44.0441],[0.8172,44.0547],[0.7638,44.0298],[0.752,44.0624],[0.7378,44.0703]]]},"properties":{"id":"82-02","nm":"Castelsarrasin","dept":"82","ins":96517,"nbv":168,"dG":4.312,"dCD":-17.354,"dED":15.189,"dAB":-2.403,"af":32.29}},{"type":"Feature","geometry":{"type":"Polygon","coordinates":[[[1.1757,44.1392],[1.212,44.173],[1.2383,44.1769],[1.2635,44.1676],[1.2524,44.1826],[1.2257,44.1914],[1.2545,44.2145],[1.2492,44.2255],[1.2636,44.2287],[1.2719,44.2426],[1.2668,44.2516],[1.2845,44.2526],[1.2897,44.2326],[1.3437,44.2242],[1.3586,44.2061],[1.4479,44.2544],[1.4715,44.2867],[1.5266,44.2606],[1.5194,44.2498],[1.5417,44.2287],[1.5843,44.2483],[1.5768,44.2692],[1.5608,44.2794],[1.574,44.285],[1.5708,44.3017],[1.6168,44.2972],[1.6172,44.2784],[1.6356,44.269],[1.649,44.284],[1.6338,44.299],[1.6601,44.2916],[1.6994,44.3141],[1.734,44.3176],[1.7383,44.3273],[1.7802,44.3159],[1.792,44.3335],[1.806,44.3366],[1.8252,44.3237],[1.8306,44.3334],[1.8823,44.3399],[1.8632,44.322],[1.8818,44.3044],[1.8763,44.2891],[1.8999,44.2794],[1.9709,44.2759],[1.9599,44.2411],[1.9319,44.2434],[1.9045,44.2085],[1.9066,44.193],[1.9393,44.1804],[1.9622,44.1843],[1.9805,44.1767],[1.9776,44.1626],[2.0009,44.159],[1.9715,44.1427],[1.9069,44.1611],[1.9033,44.1521],[1.9194,44.1417],[1.9062,44.1299],[1.892,44.1402],[1.8366,44.1413],[1.8303,44.1327],[1.838,44.1031],[1.8075,44.1232],[1.7908,44.1099],[1.7942,44.1014],[1.7778,44.0968],[1.7454,44.115],[1.6569,44.1131],[1.6538,44.0973],[1.67,44.0891],[1.6637,44.068],[1.6921,44.063],[1.7044,44.0444],[1.6918,44.0225],[1.6559,44.0108],[1.6584,43.9969],[1.6354,43.993],[1.6199,43.977],[1.623,43.961],[1.554,43.9629],[1.5497,43.9467],[1.5778,43.939],[1.5733,43.917],[1.5368,43.9194],[1.4919,43.8872],[1.481,43.9065],[1.4699,43.8974],[1.3668,43.9245],[1.3374,43.9734],[1.2919,43.9744],[1.3127,43.9959],[1.2973,44.01],[1.3024,44.0208],[1.2897,44.0276],[1.288,44.0559],[1.2745,44.0803],[1.2425,44.115],[1.2196,44.1174],[1.2024,44.1052],[1.207,44.1164],[1.1757,44.1392]]]},"properties":{"id":"82-01","nm":"Montauban","dept":"82","ins":93424,"nbv":126,"dG":8.809,"dCD":-15.164,"dED":7.653,"dAB":-3.299,"af":30.73}},{"type":"Feature","geometry":{"type":"Polygon","coordinates":[[[6.5216,43.4801],[6.5879,43.4923],[6.5766,43.5234],[6.5948,43.5405],[6.6398,43.5354],[6.6734,43.5545],[6.7247,43.5504],[6.7437,43.5578],[6.7771,43.5471],[6.7897,43.55],[6.7961,43.5642],[6.8401,43.5386],[6.8965,43.5276],[6.8898,43.5033],[6.9334,43.4803],[6.9227,43.4497],[6.9013,43.4433],[6.8967,43.4268],[6.8637,43.4253],[6.8559,43.4114],[6.8238,43.417],[6.7748,43.4066],[6.767,43.4225],[6.7469,43.4187],[6.7157,43.3726],[6.7158,43.3466],[6.6852,43.3394],[6.6602,43.3449],[6.6618,43.3651],[6.6493,43.3822],[6.5892,43.4195],[6.5759,43.4129],[6.5802,43.4001],[6.5427,43.3971],[6.533,43.4183],[6.5387,43.442],[6.5274,43.4505],[6.5216,43.4801]]]},"properties":{"id":"83-05","nm":"Fréjus","dept":"83","ins":97222,"nbv":105,"dG":-17.593,"dCD":-3.29,"dED":22.413,"dAB":2.515,"af":39.05}},{"type":"Feature","geometry":{"type":"Polygon","coordinates":[[[5.6559,43.5778],[5.6878,43.5856],[5.6781,43.6113],[5.6991,43.6432],[5.7989,43.6637],[5.8089,43.6911],[5.7929,43.6926],[5.783,43.717],[5.7535,43.7246],[5.7811,43.7557],[5.8317,43.7467],[5.8528,43.7227],[5.8852,43.7246],[5.9021,43.7348],[5.9028,43.7536],[5.9233,43.7576],[5.9385,43.7494],[5.9423,43.7268],[5.9855,43.714],[5.988,43.6962],[6.022,43.6694],[6.0376,43.6789],[6.0348,43.6942],[6.0716,43.7059],[6.109,43.7458],[6.1314,43.7364],[6.1685,43.7512],[6.2121,43.7984],[6.2529,43.8012],[6.2694,43.7772],[6.3583,43.736],[6.3747,43.7431],[6.3869,43.7379],[6.411,43.7583],[6.4143,43.7918],[6.4698,43.7989],[6.4877,43.7922],[6.5181,43.8088],[6.5504,43.7827],[6.588,43.8052],[6.6234,43.8049],[6.6591,43.7494],[6.6827,43.7579],[6.7187,43.7395],[6.7524,43.7411],[6.7743,43.7044],[6.7619,43.6655],[6.7765,43.66],[6.796,43.6308],[6.8168,43.6297],[6.8658,43.605],[6.8937,43.6119],[6.912,43.5984],[6.9004,43.5827],[6.9083,43.5643],[6.8875,43.552],[6.8785,43.5327],[6.8409,43.5377],[6.8004,43.5629],[6.7769,43.5437],[6.7472,43.5577],[6.6731,43.5543],[6.6403,43.5344],[6.5983,43.5405],[6.5821,43.5239],[6.5909,43.4881],[6.5254,43.4798],[6.3725,43.5166],[6.3257,43.5172],[6.3072,43.5104],[6.2869,43.4774],[6.2447,43.4779],[6.2174,43.4891],[6.2144,43.4714],[6.2351,43.4616],[6.1974,43.4433],[6.1261,43.446],[6.1156,43.4625],[6.0675,43.4678],[6.0593,43.4568],[6.0429,43.456],[6.0011,43.4686],[5.9878,43.4315],[5.9143,43.4509],[5.9203,43.4922],[5.8622,43.4881],[5.8386,43.5438],[5.7833,43.5384],[5.6681,43.5649],[5.6559,43.5778]]]},"properties":{"id":"83-08","nm":"Draguignan","dept":"83","ins":109475,"nbv":134,"dG":-11.228,"dCD":-7.162,"dED":18.768,"dAB":1.043,"af":36.0}},{"type":"Feature","geometry":{"type":"MultiPolygon","coordinates":[[[[6.1374,43.3082],[6.1385,43.3592],[6.1755,43.3737],[6.1573,43.3852],[6.1657,43.4149],[6.1976,43.4505],[6.2301,43.4585],[6.2104,43.4712],[6.2138,43.4946],[6.2739,43.4768],[6.2872,43.479],[6.313,43.5155],[6.3709,43.5177],[6.4304,43.4967],[6.4506,43.5017],[6.4563,43.4918],[6.5214,43.4796],[6.5382,43.4415],[6.5333,43.4158],[6.5463,43.3967],[6.5747,43.3991],[6.5733,43.4119],[6.5863,43.4209],[6.625,43.4053],[6.66,43.3682],[6.6615,43.3452],[6.6813,43.3431],[6.6653,43.3257],[6.6735,43.3139],[6.6327,43.3056],[6.5868,43.2755],[6.5959,43.2631],[6.6388,43.2741],[6.6565,43.2682],[6.6765,43.2497],[6.6646,43.2395],[6.6651,43.2123],[6.6846,43.1993],[6.6447,43.1882],[6.6474,43.1663],[6.6343,43.1721],[6.6209,43.158],[6.5999,43.1828],[6.5625,43.1893],[6.5407,43.1797],[6.5368,43.1649],[6.5198,43.1651],[6.5082,43.1543],[6.4634,43.1574],[6.4388,43.1423],[6.4296,43.1513],[6.4031,43.1491],[6.366,43.1325],[6.3625,43.1145],[6.3725,43.0911],[6.3214,43.0917],[6.3158,43.1064],[6.2988,43.1047],[6.2717,43.1212],[6.2856,43.14],[6.2886,43.1801],[6.3203,43.1855],[6.3233,43.198],[6.2513,43.2028],[6.2404,43.2146],[6.2469,43.2657],[6.2093,43.3082],[6.2108,43.3177],[6.1374,43.3082]]],[[[6.6885,43.1992],[6.6885,43.1993],[6.6889,43.1992],[6.6885,43.1992]]],[[[6.6853,43.2571],[6.6749,43.2727],[6.6791,43.2784],[6.6979,43.2612],[6.6853,43.2571]]],[[[6.7025,43.258],[6.7037,43.2584],[6.7035,43.2578],[6.7025,43.258]]],[[[6.6856,43.3125],[6.6867,43.3143],[6.6872,43.3147],[6.6856,43.3125]]],[[[6.4043,43.106],[6.4043,43.1062],[6.4044,43.106],[6.4043,43.106]]]]},"properties":{"id":"83-04","nm":"Sainte-Maxime","dept":"83","ins":108501,"nbv":120,"dG":-16.244,"dCD":-6.195,"dED":24.069,"dAB":2.773,"af":38.13}},{"type":"Feature","geometry":{"type":"Polygon","coordinates":[[[5.7258,43.1383],[5.728,43.1569],[5.7407,43.1675],[5.8165,43.1587],[5.8257,43.122],[5.8848,43.1186],[5.9106,43.1005],[5.902,43.0812],[5.9366,43.0845],[5.9515,43.074],[5.9111,43.0659],[5.8873,43.0773],[5.8702,43.0669],[5.8685,43.0481],[5.83,43.0492],[5.8138,43.0639],[5.7605,43.0785],[5.779,43.0844],[5.8019,43.0771],[5.8091,43.1128],[5.7658,43.1149],[5.7778,43.1308],[5.7733,43.1386],[5.7501,43.1265],[5.7258,43.1383]]]},"properties":{"id":"83-07","nm":"La Seyne-Sur-Mer","dept":"83","ins":102865,"nbv":112,"dG":-11.809,"dCD":-2.556,"dED":15.905,"dAB":2.826,"af":40.12}},{"type":"Feature","geometry":{"type":"Polygon","coordinates":[[[5.669,43.3199],[5.6827,43.3233],[5.7017,43.3544],[5.6827,43.3991],[5.7242,43.4089],[5.7503,43.4019],[5.7808,43.4129],[5.6989,43.4822],[5.7245,43.5509],[5.7847,43.5386],[5.8282,43.548],[5.8435,43.5415],[5.8524,43.498],[5.862,43.4891],[5.9254,43.4919],[5.9181,43.4517],[5.9806,43.4331],[5.9976,43.4693],[6.0407,43.4566],[6.0676,43.4699],[6.0802,43.4618],[6.1155,43.4641],[6.1403,43.4439],[6.1869,43.4473],[6.1623,43.3898],[6.1805,43.3789],[6.1782,43.3721],[6.1415,43.3575],[6.1341,43.3374],[6.1385,43.3107],[6.2111,43.3202],[6.2232,43.2919],[6.241,43.279],[6.2474,43.2453],[6.2416,43.2161],[6.2279,43.2097],[6.1455,43.2032],[6.1347,43.207],[6.1332,43.2219],[6.1165,43.2262],[6.0935,43.1985],[6.0634,43.2032],[6.055,43.2155],[6.018,43.2312],[6.0227,43.2429],[6.0137,43.2555],[5.9934,43.2591],[5.9708,43.2398],[5.9344,43.233],[5.9394,43.2159],[5.854,43.2197],[5.8562,43.1991],[5.8348,43.1798],[5.8009,43.1593],[5.7427,43.1626],[5.7244,43.1363],[5.718,43.1463],[5.7007,43.1436],[5.6828,43.1546],[5.694,43.1711],[5.6719,43.1795],[5.6804,43.2291],[5.7118,43.2534],[5.758,43.2675],[5.7609,43.28],[5.7263,43.3167],[5.669,43.3199]]]},"properties":{"id":"83-06","nm":"Saint-Maximin-La-Sainte-Baume","dept":"83","ins":125513,"nbv":139,"dG":-13.669,"dCD":-6.814,"dED":20.292,"dAB":1.061,"af":37.52}},{"type":"Feature","geometry":{"type":"MultiPolygon","coordinates":[[[[5.801,43.1587],[5.8073,43.1717],[5.8524,43.1974],[5.8486,43.2178],[5.9297,43.217],[5.9291,43.2305],[5.9667,43.2401],[5.9941,43.2635],[6.0169,43.2566],[6.0214,43.229],[6.0567,43.2162],[6.0648,43.2024],[6.0935,43.1985],[6.0975,43.189],[6.0626,43.1514],[6.0261,43.1538],[6.0179,43.1382],[5.9862,43.1236],[5.9719,43.1497],[5.9364,43.1539],[5.9212,43.144],[5.9292,43.1278],[5.9104,43.1294],[5.9111,43.1155],[5.9011,43.1139],[5.8227,43.1204],[5.8247,43.1427],[5.801,43.1587]]],[[[5.9337,43.1235],[5.9339,43.1234],[5.9339,43.1228],[5.9337,43.1235]]],[[[5.934,43.1219],[5.9341,43.1213],[5.934,43.1212],[5.934,43.1219]]],[[[5.9689,43.1354],[5.9689,43.1353],[5.9684,43.1352],[5.9689,43.1354]]],[[[5.9683,43.1142],[5.9685,43.1143],[5.9685,43.1142],[5.9683,43.1142]]],[[[5.9775,43.1107],[5.9775,43.111],[5.9779,43.1107],[5.9775,43.1107]]],[[[5.9558,43.1289],[5.9558,43.1291],[5.9559,43.129],[5.9558,43.1289]]]]},"properties":{"id":"83-02","nm":"Toulon","dept":"83","ins":92819,"nbv":104,"dG":-9.202,"dCD":-7.73,"dED":17.688,"dAB":2.948,"af":38.38}},{"type":"Feature","geometry":{"type":"MultiPolygon","coordinates":[[[[6.5324,43.0505],[6.5325,43.0507],[6.5326,43.0508],[6.5324,43.0505]]],[[[6.4336,43.0075],[6.4338,43.0203],[6.4578,43.0284],[6.4686,43.0456],[6.5086,43.0524],[6.5096,43.0447],[6.4844,43.039],[6.4709,43.0167],[6.4336,43.0075]]],[[[6.3592,43.0089],[6.3687,43.0188],[6.3715,43.0042],[6.4091,43.02],[6.4213,43.0141],[6.3951,42.987],[6.3592,43.0089]]],[[[5.9783,43.107],[5.9843,43.1231],[6.0151,43.1368],[6.0257,43.1547],[6.0596,43.1509],[6.0806,43.1612],[6.1149,43.2278],[6.1372,43.2191],[6.146,43.2044],[6.2073,43.2047],[6.2404,43.215],[6.2519,43.2038],[6.325,43.1979],[6.3234,43.1858],[6.2934,43.179],[6.2854,43.1371],[6.2716,43.1212],[6.2005,43.1157],[6.163,43.0911],[6.1507,43.0434],[6.1739,43.0327],[6.1436,43.0155],[6.1328,43.0352],[6.1032,43.0276],[6.085,43.0398],[6.1272,43.0426],[6.1325,43.0582],[6.1253,43.0786],[6.0826,43.0873],[6.0325,43.0777],[6.0169,43.0836],[6.0206,43.0972],[5.9783,43.107]]],[[[6.1598,43.0071],[6.2102,43.0028],[6.2173,43.0136],[6.2339,43.0123],[6.2409,43.0284],[6.2599,42.997],[6.1978,42.9823],[6.1623,42.9982],[6.1598,43.0071]]],[[[6.068,43.04],[6.0692,43.0402],[6.0696,43.0396],[6.068,43.04]]]]},"properties":{"id":"83-03","nm":"Hyères","dept":"83","ins":103272,"nbv":121,"dG":-11.489,"dCD":-1.368,"dED":13.828,"dAB":-0.963,"af":36.22}},{"type":"Feature","geometry":{"type":"MultiPolygon","coordinates":[[[[5.8895,43.1368],[5.8887,43.1384],[5.8897,43.1402],[5.8895,43.1368]]],[[[5.9011,43.1346],[5.9527,43.1609],[5.9801,43.1447],[5.9874,43.1243],[5.9767,43.106],[5.9263,43.1011],[5.9205,43.1169],[5.9027,43.1121],[5.9011,43.1346]]],[[[5.9044,43.1469],[5.9044,43.1465],[5.9042,43.1471],[5.9044,43.1469]]],[[[5.9009,43.1542],[5.9009,43.1541],[5.9009,43.1542],[5.9009,43.1542]]]]},"properties":{"id":"83-01","nm":"Toulon","dept":"83","ins":71099,"nbv":89,"dG":-8.483,"dCD":-1.393,"dED":11.805,"dAB":2.383,"af":38.77}},{"type":"Feature","geometry":{"type":"MultiPolygon","coordinates":[[[[4.7957,44.048],[4.809,44.0502],[4.8372,44.0331],[4.861,44.0372],[4.8648,44.0577],[4.8406,44.0764],[4.8394,44.096],[4.8709,44.1182],[4.9155,44.1041],[4.9435,44.0561],[4.9897,44.0696],[5.026,44.0461],[5.0747,44.0607],[5.095,44.0771],[5.159,44.0875],[5.1691,44.0788],[5.1648,44.0536],[5.1858,44.0366],[5.1479,44.034],[5.1412,44.0234],[5.1619,44.0036],[5.2243,43.9831],[5.211,43.9777],[5.1959,43.9503],[5.1552,43.9497],[5.1147,43.9611],[5.0862,43.9555],[5.0737,43.9632],[5.0422,43.9434],[5.0104,43.9448],[4.9976,43.9627],[4.951,43.9747],[4.9215,43.9651],[4.9176,43.9539],[4.8857,43.953],[4.8828,43.9824],[4.8516,43.9891],[4.8397,44.0128],[4.8196,44.0173],[4.7957,44.048]]],[[[5.0276,44.0671],[5.0269,44.0671],[5.0273,44.0683],[5.0276,44.0671]]]]},"properties":{"id":"84-03","nm":"Sorgues","dept":"84","ins":79341,"nbv":92,"dG":-10.345,"dCD":-8.443,"dED":21.424,"dAB":1.853,"af":35.85}},{"type":"Feature","geometry":{"type":"MultiPolygon","coordinates":[[[[4.9151,44.1018],[4.9508,44.1308],[4.9521,44.1496],[4.9831,44.1288],[4.9918,44.108],[5.0274,44.1177],[5.0577,44.1077],[5.0709,44.1323],[5.1365,44.1371],[5.1732,44.1626],[5.2808,44.1749],[5.3258,44.1597],[5.436,44.1525],[5.4547,44.1196],[5.4989,44.116],[5.5022,44.0664],[5.5446,44.0699],[5.5435,44.0258],[5.5192,43.9942],[5.5115,43.9484],[5.5683,43.9427],[5.5837,43.9159],[5.6078,43.9153],[5.5729,43.8625],[5.5491,43.851],[5.5468,43.8206],[5.5748,43.8303],[5.6545,43.8252],[5.6861,43.7873],[5.7129,43.7811],[5.7173,43.756],[5.7572,43.729],[5.714,43.6913],[5.6729,43.6933],[5.6071,43.6587],[5.5323,43.6592],[5.4452,43.68],[5.4612,43.7206],[5.4245,43.7355],[5.4723,43.7562],[5.4671,43.813],[5.4552,43.8118],[5.4017,43.8454],[5.3588,43.8438],[5.3411,43.8656],[5.3064,43.8631],[5.3168,43.869],[5.3099,43.88],[5.2993,43.8718],[5.3036,43.8631],[5.2469,43.8388],[5.2232,43.8553],[5.1666,43.8644],[5.1603,43.9503],[5.1944,43.9535],[5.2155,43.9845],[5.1318,44.022],[5.1476,44.0341],[5.1815,44.0375],[5.1588,44.0631],[5.1622,44.0848],[5.1023,44.0794],[5.0848,44.0713],[5.0886,44.0594],[5.0243,44.0454],[5.0144,44.0595],[4.9999,44.0566],[4.9887,44.0683],[4.9422,44.054],[4.9151,44.1018]]],[[[5.0291,44.0287],[5.0293,44.0289],[5.0292,44.0286],[5.0291,44.0287]]]]},"properties":{"id":"84-05","nm":"Pertuis","dept":"84","ins":84944,"nbv":112,"dG":-4.998,"dCD":-2.794,"dED":9.214,"dAB":-1.305,"af":35.17}},{"type":"Feature","geometry":{"type":"Polygon","coordinates":[[[4.7393,43.9241],[4.7813,43.9403],[4.8109,43.9634],[4.8124,43.9874],[4.8386,43.9863],[4.8456,43.9966],[4.8808,43.9835],[4.8866,43.9541],[4.9225,43.9539],[4.9203,43.9186],[4.9314,43.9105],[4.919,43.8991],[4.9221,43.8866],[4.8461,43.9122],[4.7393,43.9241]]]},"properties":{"id":"84-01","nm":"Avignon","dept":"84","ins":74020,"nbv":91,"dG":8.965,"dCD":-13.423,"dED":6.265,"dAB":7.215,"af":37.55}},{"type":"Feature","geometry":{"type":"Polygon","coordinates":[[[4.6495,44.2706],[4.6506,44.3298],[4.6842,44.3206],[4.7634,44.3253],[4.8046,44.3038],[4.8136,44.2351],[4.8253,44.2288],[4.8801,44.2617],[4.9322,44.2622],[4.9807,44.284],[4.9826,44.2935],[4.9677,44.2993],[4.9219,44.3088],[4.8893,44.304],[4.8817,44.3247],[4.8905,44.3399],[4.8693,44.3451],[4.907,44.3754],[4.9205,44.409],[4.9716,44.4315],[5.0022,44.4125],[5.0185,44.4158],[5.0193,44.3932],[5.0722,44.3795],[5.0547,44.3648],[5.0248,44.3605],[5.0138,44.3258],[4.9911,44.3111],[4.9899,44.287],[5.0605,44.3082],[5.0766,44.2849],[5.1053,44.2799],[5.167,44.3149],[5.1741,44.3082],[5.1683,44.29],[5.1486,44.2751],[5.1607,44.2667],[5.157,44.2299],[5.2072,44.214],[5.2348,44.214],[5.2405,44.2309],[5.2531,44.2312],[5.2988,44.2088],[5.337,44.2041],[5.3552,44.2145],[5.3832,44.1991],[5.3827,44.1556],[5.279,44.1736],[5.2357,44.1722],[5.1566,44.1573],[5.1391,44.1357],[5.0725,44.1332],[5.0633,44.1245],[5.0704,44.1064],[5.0251,44.1174],[5.0196,44.1073],[4.992,44.1008],[4.9843,44.1262],[4.9574,44.1468],[4.9507,44.1292],[4.9162,44.1041],[4.8693,44.1168],[4.8417,44.1],[4.8414,44.0792],[4.8603,44.0657],[4.865,44.0426],[4.8375,44.0327],[4.7879,44.053],[4.7865,44.0653],[4.758,44.0773],[4.7567,44.0877],[4.7205,44.0818],[4.7061,44.1078],[4.7205,44.1859],[4.7058,44.1927],[4.7052,44.2139],[4.674,44.2149],[4.677,44.2339],[4.6495,44.2706]]]},"properties":{"id":"84-04","nm":"Orange","dept":"84","ins":89795,"nbv":111,"dG":-11.67,"dCD":-5.945,"dED":19.621,"dAB":1.076,"af":33.05}},{"type":"Feature","geometry":{"type":"Polygon","coordinates":[[[4.9131,43.9603],[4.9463,43.974],[5.0016,43.9613],[5.0092,43.9458],[5.0409,43.9437],[5.0681,43.9646],[5.1165,43.9611],[5.1591,43.9501],[5.1701,43.8638],[5.2233,43.8556],[5.2477,43.8402],[5.2965,43.8616],[5.3112,43.8824],[5.3213,43.8618],[5.3451,43.8634],[5.3553,43.8462],[5.4217,43.8391],[5.453,43.8131],[5.4649,43.8146],[5.4741,43.7989],[5.4715,43.7521],[5.4297,43.7394],[5.4546,43.7297],[5.4652,43.7146],[5.4542,43.7098],[5.4452,43.68],[5.3157,43.7362],[5.2361,43.7475],[5.1878,43.7351],[5.0472,43.7905],[5.0228,43.8322],[4.9749,43.867],[4.9222,43.8866],[4.9145,43.8981],[4.9261,43.9078],[4.9131,43.9603]]]},"properties":{"id":"84-02","nm":"Cavaillon","dept":"84","ins":85625,"nbv":101,"dG":-6.438,"dCD":-5.709,"dED":14.221,"dAB":-0.336,"af":34.74}},{"type":"Feature","geometry":{"type":"MultiPolygon","coordinates":[[[[-1.3779,46.3855],[-1.3329,46.4254],[-1.2985,46.4297],[-1.2887,46.4674],[-1.2457,46.4688],[-1.229,46.49],[-1.1501,46.4901],[-1.137,46.5071],[-1.1506,46.5157],[-1.1431,46.533],[-1.1164,46.5285],[-1.0973,46.5469],[-1.1177,46.5677],[-1.1202,46.5892],[-1.0982,46.5791],[-1.0719,46.6],[-1.0849,46.6188],[-1.0591,46.6441],[-1.0129,46.6236],[-0.9883,46.6301],[-0.968,46.6624],[-0.9845,46.6726],[-0.9559,46.6958],[-0.8879,46.677],[-0.86,46.6825],[-0.8467,46.7037],[-0.8039,46.6912],[-0.7629,46.7063],[-0.7628,46.7155],[-0.7778,46.7198],[-0.7608,46.7407],[-0.739,46.7419],[-0.7233,46.7559],[-0.6978,46.7502],[-0.6941,46.7348],[-0.6562,46.7008],[-0.6736,46.6882],[-0.6581,46.6768],[-0.688,46.6616],[-0.7023,46.6358],[-0.6648,46.6243],[-0.6596,46.61],[-0.6484,46.6155],[-0.6139,46.599],[-0.6193,46.5751],[-0.616,46.5635],[-0.6064,46.5638],[-0.6034,46.5325],[-0.6348,46.5263],[-0.6392,46.5091],[-0.625,46.4976],[-0.6251,46.48],[-0.6078,46.4546],[-0.6364,46.4316],[-0.6316,46.396],[-0.62,46.3931],[-0.6101,46.4137],[-0.5382,46.3864],[-0.558,46.3631],[-0.577,46.3554],[-0.6008,46.3597],[-0.6434,46.3195],[-0.6992,46.3232],[-0.7197,46.3031],[-0.7488,46.3017],[-0.8043,46.3265],[-0.811,46.3388],[-0.833,46.3415],[-0.8461,46.3346],[-0.8498,46.3178],[-0.8876,46.3257],[-0.9309,46.3102],[-0.9631,46.3227],[-0.943,46.3377],[-0.9352,46.3645],[-0.9639,46.364],[-0.9747,46.3513],[-1.0193,46.3535],[-1.0581,46.3434],[-1.0756,46.3174],[-1.0974,46.3121],[-1.1184,46.3239],[-1.1308,46.3114],[-1.1615,46.3233],[-1.1963,46.3158],[-1.2053,46.2667],[-1.3245,46.3385],[-1.3357,46.3318],[-1.3393,46.3465],[-1.3618,46.3527],[-1.3751,46.3676],[-1.37,46.3752],[-1.3779,46.3855]],[[-0.8605,46.6152],[-0.8098,46.5735],[-0.7727,46.5885],[-0.8026,46.6256],[-0.8227,46.6224],[-0.8398,46.6312],[-0.8605,46.6152]]],[[[-1.2925,46.3046],[-1.2894,46.2987],[-1.2656,46.2821],[-1.2918,46.2899],[-1.2925,46.3046]]]]},"properties":{"id":"85-05","nm":"Fontenay-Le-Comte","dept":"85","ins":82485,"nbv":122,"dG":-12.36,"dCD":8.507,"dED":4.065,"dAB":-2.805,"af":33.28}},{"type":"Feature","geometry":{"type":"MultiPolygon","coordinates":[[[[-1.7781,46.6709],[-1.6918,46.7088],[-1.6675,46.69],[-1.638,46.71],[-1.5948,46.7161],[-1.5864,46.7106],[-1.593,46.6789],[-1.5651,46.6776],[-1.5595,46.6653],[-1.5418,46.6596],[-1.5447,46.6463],[-1.5326,46.638],[-1.5056,46.6616],[-1.466,46.6598],[-1.419,46.6817],[-1.4082,46.6736],[-1.4041,46.6834],[-1.3729,46.6827],[-1.3684,46.6946],[-1.3272,46.6913],[-1.3099,46.704],[-1.288,46.7055],[-1.2918,46.7179],[-1.2483,46.7154],[-1.2008,46.6897],[-1.1632,46.7147],[-1.1266,46.7109],[-1.1065,46.6956],[-1.0672,46.713],[-1.0955,46.7352],[-1.0961,46.7504],[-1.0645,46.762],[-1.0007,46.7521],[-0.9934,46.772],[-1.0405,46.7816],[-1.0025,46.8027],[-0.9855,46.8014],[-0.9635,46.7763],[-0.9661,46.7662],[-0.9409,46.7569],[-0.9557,46.7446],[-0.9566,46.696],[-0.9786,46.6796],[-0.9672,46.6624],[-0.9869,46.6307],[-1.0143,46.6225],[-1.0566,46.6419],[-1.0753,46.631],[-1.0811,46.6162],[-1.0598,46.6053],[-1.1168,46.5748],[-1.0961,46.5501],[-1.1001,46.5393],[-1.1174,46.5253],[-1.1272,46.5328],[-1.1468,46.5281],[-1.1488,46.5165],[-1.1314,46.5128],[-1.1508,46.4892],[-1.2289,46.489],[-1.2432,46.4686],[-1.2845,46.4676],[-1.2959,46.4315],[-1.3177,46.4188],[-1.33,46.4235],[-1.3439,46.3994],[-1.3751,46.3937],[-1.3587,46.3545],[-1.3042,46.3328],[-1.2918,46.2899],[-1.3581,46.3466],[-1.4672,46.3428],[-1.4988,46.394],[-1.5214,46.4049],[-1.6239,46.4131],[-1.6482,46.4198],[-1.6553,46.434],[-1.7111,46.4513],[-1.7059,46.4766],[-1.6781,46.4874],[-1.6765,46.5046],[-1.6859,46.5147],[-1.6624,46.5157],[-1.6586,46.5233],[-1.6731,46.55],[-1.744,46.5467],[-1.7467,46.5636],[-1.7354,46.5871],[-1.7016,46.6014],[-1.6971,46.6121],[-1.7676,46.6305],[-1.7581,46.6553],[-1.7753,46.6604],[-1.7781,46.6709]]],[[[-1.2916,46.318],[-1.2915,46.3189],[-1.2911,46.3196],[-1.2916,46.318]]],[[[-1.2917,46.3261],[-1.2919,46.3262],[-1.2919,46.3262],[-1.2917,46.3261]]],[[[-1.4697,46.6715],[-1.4702,46.6714],[-1.4709,46.6738],[-1.4697,46.6715]]],[[[-1.4583,46.6945],[-1.4533,46.6946],[-1.4534,46.6914],[-1.4583,46.6945]]],[[[-1.4527,46.689],[-1.4523,46.689],[-1.4524,46.6888],[-1.4527,46.689]]]]},"properties":{"id":"85-02","nm":"La Roche-Sur-Yon","dept":"85","ins":113458,"nbv":131,"dG":-7.018,"dCD":6.68,"dED":1.494,"dAB":-3.332,"af":33.56}},{"type":"Feature","geometry":{"type":"MultiPolygon","coordinates":[[[[-2.3075,47.0248],[-2.2518,47.0278],[-2.2256,47.0167],[-2.2188,46.9909],[-2.2334,46.9778],[-2.1627,46.9528],[-2.1483,46.939],[-2.1488,46.8954],[-2.1311,46.8922],[-2.0555,46.9542],[-2.0291,47.0098],[-1.9676,47.0268],[-1.938,46.9921],[-1.9549,46.9728],[-1.9433,46.9466],[-1.9517,46.9211],[-1.9358,46.8984],[-2.0244,46.8669],[-2.0255,46.8465],[-2.0147,46.8395],[-2.0049,46.8487],[-1.9255,46.84],[-1.8764,46.8068],[-1.8413,46.8029],[-1.8316,46.7914],[-1.7948,46.8051],[-1.7695,46.7695],[-1.7744,46.7334],[-1.747,46.7246],[-1.7099,46.7316],[-1.6929,46.7165],[-1.6984,46.7042],[-1.7219,46.6996],[-1.7331,46.6839],[-1.7575,46.6805],[-1.7672,46.6681],[-1.7507,46.6455],[-1.7577,46.6326],[-1.6956,46.6149],[-1.7019,46.5995],[-1.7355,46.5858],[-1.7436,46.5653],[-1.7347,46.5497],[-1.6688,46.5514],[-1.6538,46.5181],[-1.6771,46.5138],[-1.6778,46.486],[-1.7025,46.4796],[-1.714,46.4586],[-1.725,46.4588],[-1.7774,46.4928],[-1.8008,46.4888],[-1.8147,46.4979],[-1.8598,46.6128],[-1.944,46.6928],[-1.9616,46.692],[-1.9856,46.7228],[-2.0584,46.7749],[-2.142,46.8189],[-2.1538,46.8937],[-2.1786,46.9351],[-2.2236,46.9652],[-2.2673,46.964],[-2.302,46.9898],[-2.2936,47.0103],[-2.3075,47.0248]]],[[[-2.4005,46.7245],[-2.3816,46.7335],[-2.3469,46.7297],[-2.3382,46.7196],[-2.3181,46.7199],[-2.2821,46.6912],[-2.3094,46.6956],[-2.3321,46.6862],[-2.383,46.6998],[-2.4005,46.7245]]],[[[-2.3615,47.0434],[-2.3583,47.0428],[-2.3543,47.0385],[-2.3615,47.0434]]]]},"properties":{"id":"85-03","nm":"Les Sables-D'Olonne","dept":"85","ins":131344,"nbv":127,"dG":-14.639,"dCD":11.782,"dED":2.497,"dAB":-4.189,"af":34.79}},{"type":"Feature","geometry":{"type":"MultiPolygon","coordinates":[[[[-2.0315,46.855],[-2.0262,46.8673],[-1.9439,46.8953],[-1.9564,46.931],[-1.9448,46.9474],[-1.9593,46.9749],[-1.9367,46.9957],[-1.9146,46.9885],[-1.9139,46.9717],[-1.8982,46.9606],[-1.8281,46.953],[-1.8223,46.9309],[-1.7456,46.928],[-1.737,46.8959],[-1.7235,46.8844],[-1.6859,46.8903],[-1.6655,46.8759],[-1.6047,46.8756],[-1.5525,46.8634],[-1.5463,46.8749],[-1.5265,46.8733],[-1.5042,46.8864],[-1.546,46.9253],[-1.5294,46.9235],[-1.5201,46.9362],[-1.5555,46.9789],[-1.544,47.0016],[-1.5555,47.0148],[-1.4924,47.0422],[-1.4723,47.0314],[-1.4602,46.9929],[-1.4766,46.9827],[-1.4575,46.9553],[-1.4694,46.9363],[-1.4645,46.9278],[-1.3764,46.9547],[-1.3703,46.9447],[-1.3396,46.9361],[-1.3427,46.9159],[-1.3772,46.8951],[-1.3881,46.8698],[-1.3282,46.8293],[-1.33,46.8089],[-1.2911,46.8001],[-1.2668,46.8194],[-1.2441,46.8152],[-1.227,46.8303],[-1.1892,46.8052],[-1.1809,46.7702],[-1.1286,46.7659],[-1.1145,46.7491],[-1.095,46.7443],[-1.0637,46.7071],[-1.0828,46.7097],[-1.1159,46.6897],[-1.1323,46.7107],[-1.1634,46.7137],[-1.2046,46.6897],[-1.2513,46.7148],[-1.2778,46.7138],[-1.3073,46.6951],[-1.3523,46.694],[-1.3681,46.6896],[-1.3715,46.678],[-1.3848,46.6847],[-1.4085,46.6684],[-1.459,46.6634],[-1.4648,46.6519],[-1.5038,46.6599],[-1.5343,46.6376],[-1.5654,46.6761],[-1.5974,46.6779],[-1.5891,46.6979],[-1.5958,46.7154],[-1.6354,46.7106],[-1.6627,46.6903],[-1.6925,46.7041],[-1.6943,46.7185],[-1.7114,46.7311],[-1.7424,46.7239],[-1.7813,46.7331],[-1.7899,46.7463],[-1.7754,46.747],[-1.7737,46.7683],[-1.7952,46.8027],[-1.8383,46.7911],[-1.8397,46.8001],[-1.8754,46.8059],[-1.9284,46.8398],[-2.0037,46.8481],[-2.0195,46.839],[-2.0315,46.855]]],[[[-1.1516,46.8148],[-1.1417,46.8169],[-1.1276,46.8115],[-1.1326,46.8032],[-1.1516,46.8148]]],[[[-1.17,46.7924],[-1.1681,46.8015],[-1.1499,46.7866],[-1.1531,46.7806],[-1.17,46.7924]]],[[[-1.3952,46.6535],[-1.3949,46.6542],[-1.3952,46.6533],[-1.3952,46.6535]]],[[[-1.3944,46.6564],[-1.3945,46.6563],[-1.3943,46.6571],[-1.3944,46.6564]]],[[[-1.4153,46.6482],[-1.4149,46.6486],[-1.4144,46.6471],[-1.4153,46.6482]]],[[[-1.4136,46.6456],[-1.4137,46.6461],[-1.4134,46.6457],[-1.4136,46.6456]]],[[[-1.4419,46.6464],[-1.4422,46.6466],[-1.4421,46.6468],[-1.4419,46.6464]]]]},"properties":{"id":"85-01","nm":"Challans","dept":"85","ins":115462,"nbv":125,"dG":-7.173,"dCD":8.864,"dED":-1.761,"dAB":-1.07,"af":36.13}},{"type":"Feature","geometry":{"type":"Polygon","coordinates":[[[-1.3936,46.8705],[-1.3406,46.927],[-1.3765,46.9462],[-1.3583,46.9746],[-1.3781,46.9915],[-1.3637,47.007],[-1.3787,47.031],[-1.3455,47.0459],[-1.3087,47.0344],[-1.2884,47.0571],[-1.288,47.0761],[-1.2688,47.0849],[-1.1982,47.0396],[-1.1107,47.0158],[-1.0185,47.0038],[-1.0022,47.0215],[-0.9775,47.0188],[-0.9608,46.9972],[-0.9334,47.009],[-0.9149,47.0006],[-0.8904,46.9736],[-0.8653,46.9632],[-0.8582,46.9469],[-0.8292,46.9334],[-0.8207,46.9194],[-0.8074,46.92],[-0.8274,46.8865],[-0.7821,46.8434],[-0.7316,46.8219],[-0.7094,46.8215],[-0.6985,46.8107],[-0.714,46.8039],[-0.7257,46.7835],[-0.7196,46.7558],[-0.736,46.7416],[-0.7604,46.7399],[-0.7709,46.7248],[-0.7579,46.707],[-0.8055,46.6875],[-0.8226,46.7003],[-0.8455,46.7013],[-0.8531,46.6832],[-0.8864,46.6752],[-0.9597,46.6981],[-0.9625,46.7334],[-0.9457,46.7584],[-0.9822,46.7702],[-0.9683,46.7803],[-0.9876,46.8016],[-1.0005,46.8028],[-1.0233,46.7858],[-0.9861,46.7706],[-1.0022,46.7501],[-1.0649,46.7616],[-1.1143,46.7468],[-1.1025,46.7587],[-1.1099,46.7766],[-1.1035,46.7957],[-1.1273,46.8155],[-1.1466,46.8181],[-1.1745,46.8037],[-1.2247,46.8234],[-1.2303,46.8128],[-1.2679,46.8154],[-1.2809,46.8009],[-1.3149,46.8023],[-1.3368,46.8115],[-1.3367,46.8314],[-1.3936,46.8705]]]},"properties":{"id":"85-04","nm":"Montaigu-Vendée","dept":"85","ins":104717,"nbv":105,"dG":-12.653,"dCD":23.747,"dED":-10.839,"dAB":-3.111,"af":32.94}},{"type":"Feature","geometry":{"type":"MultiPolygon","coordinates":[[[[-0.047,46.4831],[-0.0314,46.5251],[0.0146,46.522],[0.0374,46.5094],[0.0488,46.5153],[0.0782,46.4893],[0.0991,46.5198],[0.1225,46.4864],[0.1388,46.5109],[0.2057,46.5178],[0.224,46.4925],[0.1933,46.487],[0.1807,46.4707],[0.1841,46.4571],[0.2008,46.4472],[0.1967,46.4123],[0.2242,46.404],[0.2086,46.3763],[0.2202,46.371],[0.2431,46.3827],[0.2911,46.3696],[0.3028,46.3556],[0.3337,46.3656],[0.3552,46.3572],[0.3839,46.374],[0.3743,46.3881],[0.3803,46.3995],[0.4126,46.4115],[0.4983,46.4059],[0.5104,46.3969],[0.5246,46.403],[0.5253,46.4179],[0.5549,46.419],[0.5711,46.4401],[0.5394,46.4633],[0.537,46.4769],[0.559,46.4779],[0.562,46.5013],[0.6032,46.5114],[0.6022,46.5473],[0.6163,46.5612],[0.6033,46.5717],[0.6076,46.5833],[0.6468,46.6216],[0.6375,46.6378],[0.5871,46.6365],[0.565,46.6653],[0.5063,46.6552],[0.4921,46.6815],[0.5084,46.7007],[0.4865,46.7166],[0.4812,46.7358],[0.4351,46.7181],[0.4004,46.7227],[0.4128,46.7618],[0.4574,46.7665],[0.4633,46.7515],[0.4983,46.7427],[0.5271,46.7772],[0.5453,46.7826],[0.5813,46.7736],[0.6074,46.7503],[0.6484,46.753],[0.632,46.7294],[0.6547,46.6932],[0.6732,46.6926],[0.6747,46.7088],[0.6931,46.7043],[0.7318,46.7181],[0.7597,46.7135],[0.7819,46.7292],[0.8002,46.709],[0.8208,46.7143],[0.8615,46.7055],[0.8933,46.7082],[0.9015,46.73],[0.9131,46.7257],[0.928,46.6927],[0.9097,46.6842],[0.9179,46.6505],[0.895,46.6291],[0.917,46.5975],[0.9377,46.5939],[0.9404,46.5818],[0.9643,46.572],[1.0144,46.5678],[1.0259,46.5372],[1.1049,46.5331],[1.1466,46.5055],[1.1368,46.4933],[1.1576,46.4695],[1.1421,46.4658],[1.1511,46.4497],[1.1865,46.441],[1.191,46.431],[1.2132,46.4331],[1.1776,46.384],[1.1576,46.3876],[1.1513,46.3701],[1.1308,46.3633],[1.13,46.3472],[1.0972,46.3632],[1.0544,46.3617],[1.0302,46.3455],[1.0279,46.3235],[1.0042,46.2805],[0.9401,46.2904],[0.9296,46.2808],[0.9034,46.2865],[0.8907,46.2686],[0.8668,46.2635],[0.8502,46.2467],[0.8483,46.2288],[0.8091,46.2282],[0.7986,46.2165],[0.802,46.2033],[0.8309,46.1852],[0.8401,46.1645],[0.834,46.1519],[0.8472,46.1379],[0.8286,46.1273],[0.808,46.1373],[0.7863,46.1295],[0.7157,46.1378],[0.6787,46.1143],[0.6872,46.0972],[0.613,46.09],[0.6101,46.0775],[0.596,46.0729],[0.5627,46.0897],[0.5396,46.0862],[0.4939,46.1351],[0.4721,46.1291],[0.4488,46.1008],[0.4519,46.0881],[0.4783,46.0853],[0.4804,46.0655],[0.4163,46.0485],[0.3906,46.0671],[0.2776,46.0599],[0.2557,46.0797],[0.1975,46.0954],[0.1907,46.105],[0.2281,46.1067],[0.2387,46.119],[0.2278,46.1344],[0.1973,46.1271],[0.2152,46.1402],[0.2149,46.1576],[0.1737,46.151],[0.1551,46.1573],[0.1385,46.1809],[0.1076,46.186],[0.1135,46.2123],[0.1424,46.2302],[0.1288,46.2675],[0.1698,46.2745],[0.1521,46.3031],[0.167,46.3085],[0.1735,46.332],[0.1265,46.3486],[0.0783,46.3051],[0.0321,46.3292],[0.0152,46.3266],[0.0226,46.3459],[0.0139,46.357],[0.0278,46.3735],[0.0165,46.391],[-0.0079,46.389],[-0.0237,46.4012],[-0.0113,46.4691],[-0.0431,46.4703],[-0.047,46.4831]]],[[[0.4537,46.7128],[0.4537,46.7132],[0.4538,46.7127],[0.4537,46.7128]]]]},"properties":{"id":"86-03","nm":"Chauvigny","dept":"86","ins":72043,"nbv":134,"dG":-1.27,"dCD":-2.524,"dED":5.538,"dAB":-4.079,"af":31.93}},{"type":"Feature","geometry":{"type":"MultiPolygon","coordinates":[[[[-0.0308,46.6701],[-0.0125,46.6817],[-0.0213,46.6934],[0.0003,46.7012],[-0.0023,46.7161],[0.0343,46.7305],[0.0243,46.7488],[0.0385,46.7636],[0.0955,46.769],[0.092,46.7899],[0.1366,46.7801],[0.1622,46.7926],[0.1895,46.7919],[0.2309,46.815],[0.2578,46.812],[0.2701,46.7949],[0.3367,46.7865],[0.3425,46.7798],[0.3362,46.77],[0.3526,46.7569],[0.3699,46.7593],[0.3845,46.7844],[0.3958,46.784],[0.3859,46.767],[0.4094,46.7543],[0.4066,46.7237],[0.4634,46.7262],[0.4834,46.7406],[0.4994,46.723],[0.4952,46.7136],[0.511,46.7004],[0.4925,46.6781],[0.5055,46.6572],[0.5675,46.6662],[0.5877,46.6383],[0.64,46.638],[0.648,46.6187],[0.6157,46.581],[0.6274,46.568],[0.6036,46.5471],[0.6068,46.5129],[0.5702,46.4993],[0.5664,46.487],[0.5109,46.5092],[0.5011,46.4973],[0.4886,46.5001],[0.4639,46.5143],[0.4406,46.5315],[0.436,46.5439],[0.4442,46.5567],[0.4155,46.5777],[0.3967,46.5768],[0.3919,46.5642],[0.4001,46.5569],[0.3875,46.5523],[0.3664,46.5854],[0.3331,46.5826],[0.3103,46.591],[0.31,46.6008],[0.2926,46.6113],[0.2067,46.6375],[0.2128,46.646],[0.2021,46.6554],[0.156,46.6562],[0.147,46.6774],[0.1643,46.695],[0.151,46.7095],[0.1422,46.7016],[0.1314,46.7091],[0.1199,46.6896],[0.082,46.6948],[0.0537,46.6727],[-0.0024,46.6788],[-0.0308,46.6701]]],[[[0.4358,46.739],[0.4348,46.7386],[0.4355,46.7405],[0.4358,46.739]]]]},"properties":{"id":"86-01","nm":"Poitiers","dept":"86","ins":81053,"nbv":100,"dG":8.837,"dCD":-3.22,"dED":-4.135,"dAB":-2.701,"af":33.6}},{"type":"Feature","geometry":{"type":"Polygon","coordinates":[[[-0.105,47.0713],[-0.0859,47.101],[-0.0328,47.0934],[-0.0297,47.1034],[-0.0411,47.1136],[-0.0361,47.1252],[-0.0121,47.1564],[0.0189,47.176],[0.0354,47.1621],[0.0492,47.1689],[0.0659,47.1455],[0.0784,47.1464],[0.0825,47.1198],[0.1112,47.1304],[0.1407,47.1246],[0.1354,47.1085],[0.1581,47.1012],[0.1815,47.1153],[0.2012,47.0913],[0.176,47.0726],[0.1782,47.06],[0.1922,47.0654],[0.2104,47.0543],[0.2442,47.0715],[0.2676,47.0677],[0.2702,47.0468],[0.3053,47.0527],[0.3103,47.0257],[0.3026,47.0176],[0.313,46.9981],[0.3043,46.9917],[0.304,46.9537],[0.3227,46.9318],[0.3665,46.9499],[0.4364,46.9311],[0.4449,46.9413],[0.5052,46.96],[0.5971,46.9567],[0.6007,46.9725],[0.5798,46.9791],[0.5672,47.0011],[0.6158,47.0082],[0.6355,46.9866],[0.6929,46.9741],[0.7062,46.9371],[0.7056,46.9026],[0.752,46.8622],[0.7665,46.8659],[0.7736,46.8523],[0.7964,46.8475],[0.7895,46.8387],[0.8083,46.829],[0.8156,46.7895],[0.8803,46.7385],[0.9018,46.7364],[0.8961,46.708],[0.7994,46.7084],[0.7784,46.7257],[0.7589,46.7122],[0.703,46.7111],[0.6806,46.7049],[0.6724,46.691],[0.6494,46.6939],[0.6304,46.7316],[0.642,46.7537],[0.6074,46.7493],[0.5773,46.7752],[0.5355,46.7789],[0.5065,46.7533],[0.512,46.7406],[0.5017,46.7354],[0.4394,46.7694],[0.4094,46.7543],[0.3958,46.7533],[0.3789,46.7687],[0.3535,46.7557],[0.3312,46.7847],[0.2693,46.7934],[0.2548,46.8131],[0.2189,46.8121],[0.1908,46.7922],[0.1354,46.7797],[0.1026,46.7843],[0.098,46.7671],[0.041,46.7644],[0.0271,46.7507],[0.0347,46.7394],[0.0269,46.7386],[0.0007,46.7599],[-0.0124,46.7543],[-0.0231,46.769],[-0.0267,46.7887],[0.0026,46.8076],[0.0026,46.816],[-0.0497,46.8206],[-0.0457,46.8322],[-0.0118,46.848],[0.0171,46.838],[0.0267,46.8495],[-0.0061,46.8707],[-0.0357,46.8749],[-0.0098,46.9094],[-0.0218,46.9377],[-0.0463,46.9616],[-0.0355,46.984],[-0.0576,46.9946],[-0.0865,46.9855],[-0.094,47.0134],[-0.0852,47.02],[-0.105,47.0713]]]},"properties":{"id":"86-04","nm":"Châtellerault","dept":"86","ins":73679,"nbv":132,"dG":-8.378,"dCD":0.691,"dED":8.819,"dAB":0.381,"af":36.53}},{"type":"Feature","geometry":{"type":"Polygon","coordinates":[[[-0.0673,46.6302],[-0.0357,46.6508],[-0.0404,46.6641],[-0.0021,46.6808],[0.053,46.6734],[0.0833,46.696],[0.1067,46.6879],[0.1214,46.6932],[0.1353,46.7205],[0.142,46.7096],[0.1741,46.7093],[0.1487,46.6769],[0.1545,46.658],[0.213,46.6513],[0.2179,46.6366],[0.2834,46.6161],[0.317,46.5885],[0.3655,46.5871],[0.3855,46.5621],[0.3977,46.5776],[0.4248,46.5754],[0.4338,46.5603],[0.452,46.5567],[0.4411,46.533],[0.4659,46.5131],[0.5,46.4982],[0.5094,46.5144],[0.5409,46.492],[0.5664,46.4869],[0.5598,46.476],[0.5371,46.4696],[0.573,46.4434],[0.5581,46.4196],[0.5286,46.4167],[0.529,46.4048],[0.5115,46.3878],[0.4976,46.4052],[0.408,46.4116],[0.3841,46.4023],[0.3868,46.3743],[0.3631,46.3666],[0.353,46.3528],[0.3331,46.365],[0.2985,46.3529],[0.2906,46.3688],[0.2443,46.3818],[0.2226,46.3704],[0.1992,46.3741],[0.2222,46.4032],[0.1943,46.415],[0.2023,46.4326],[0.1802,46.4687],[0.1897,46.4867],[0.222,46.4929],[0.2142,46.5125],[0.1788,46.5179],[0.1445,46.5104],[0.124,46.4866],[0.1004,46.5142],[0.0904,46.4953],[0.0721,46.4904],[0.0584,46.5121],[0.0384,46.508],[0.0177,46.5207],[0.0015,46.5178],[-0.0062,46.524],[0.0035,46.5456],[-0.0114,46.5528],[-0.0063,46.5694],[0.024,46.5878],[0.0245,46.6059],[-0.0136,46.615],[0.0,46.6338],[-0.0056,46.645],[-0.0298,46.6271],[-0.0589,46.6228],[-0.0673,46.6302]]]},"properties":{"id":"86-02","nm":"Poitiers","dept":"86","ins":78411,"nbv":88,"dG":8.466,"dCD":-0.412,"dED":-6.641,"dAB":-6.256,"af":31.52}},{"type":"Feature","geometry":{"type":"Polygon","coordinates":[[[0.6295,45.7149],[0.6461,45.7191],[0.6483,45.7347],[0.6663,45.7483],[0.7136,45.7647],[0.7058,45.7779],[0.7108,45.8029],[0.741,45.8058],[0.7747,45.7952],[0.7803,45.8161],[0.8171,45.8614],[0.8073,45.8702],[0.8254,45.8832],[0.8126,45.8973],[0.8122,45.9313],[0.861,45.9191],[0.9171,45.9389],[0.9224,45.9539],[0.9414,45.959],[0.931,45.9845],[0.94,45.9926],[0.9923,45.9701],[1.015,45.9766],[1.0235,45.9563],[1.0492,45.9614],[1.0715,45.9438],[1.0732,45.9151],[1.0427,45.9088],[1.0459,45.8868],[1.0801,45.8856],[1.1214,45.8675],[1.1604,45.8758],[1.1573,45.864],[1.1831,45.8394],[1.1608,45.8144],[1.169,45.7879],[1.1931,45.7819],[1.2189,45.7892],[1.2351,45.8034],[1.2313,45.8164],[1.2408,45.835],[1.2747,45.8248],[1.2958,45.7992],[1.2948,45.7868],[1.3603,45.7913],[1.3565,45.8054],[1.373,45.8135],[1.3814,45.8123],[1.3819,45.7926],[1.3988,45.8038],[1.4133,45.8006],[1.4135,45.7891],[1.4489,45.7692],[1.4959,45.7678],[1.5163,45.7528],[1.5319,45.7568],[1.53,45.7397],[1.5156,45.7324],[1.5145,45.7167],[1.4939,45.6935],[1.4904,45.6695],[1.5164,45.644],[1.566,45.6397],[1.5666,45.6184],[1.5929,45.5745],[1.5849,45.5561],[1.5566,45.5493],[1.5238,45.5635],[1.4927,45.5494],[1.4827,45.563],[1.4569,45.5517],[1.4398,45.5204],[1.4216,45.5308],[1.407,45.5265],[1.3893,45.4963],[1.3678,45.4894],[1.3498,45.4671],[1.292,45.4874],[1.27,45.4759],[1.2639,45.4519],[1.243,45.4366],[1.2334,45.4404],[1.233,45.4555],[1.2114,45.4627],[1.1864,45.4553],[1.1618,45.4761],[1.1199,45.4744],[1.1186,45.4879],[1.1582,45.5286],[1.1174,45.5476],[1.0824,45.5324],[1.0741,45.5466],[1.0454,45.5573],[1.0324,45.5797],[1.0343,45.5977],[1.0219,45.6096],[0.9975,45.6136],[0.9859,45.6042],[0.9332,45.6116],[0.8979,45.6],[0.8701,45.6226],[0.8437,45.5833],[0.811,45.5768],[0.8052,45.5947],[0.7793,45.5909],[0.7506,45.6169],[0.775,45.6628],[0.744,45.689],[0.7173,45.6966],[0.702,45.6871],[0.6543,45.6887],[0.6295,45.7149]]]},"properties":{"id":"87-02","nm":"Limoges","dept":"87","ins":98338,"nbv":137,"dG":7.423,"dCD":-7.638,"dED":3.004,"dAB":-6.599,"af":27.77}},{"type":"Feature","geometry":{"type":"MultiPolygon","coordinates":[[[[1.2348,45.9426],[1.2488,45.9627],[1.3265,45.9692],[1.3184,45.9899],[1.3238,46.0012],[1.3736,46.0272],[1.3932,46.0267],[1.4009,46.0075],[1.4491,46.0044],[1.4675,45.9857],[1.49,45.9814],[1.5207,46.0005],[1.5684,45.997],[1.5774,45.978],[1.5669,45.9638],[1.5241,45.9513],[1.5211,45.9336],[1.5697,45.9144],[1.5792,45.9314],[1.6209,45.9345],[1.6396,45.9246],[1.6264,45.9163],[1.6424,45.8928],[1.6226,45.8917],[1.6188,45.881],[1.6099,45.8916],[1.602,45.8861],[1.6071,45.8571],[1.6328,45.8462],[1.6611,45.8372],[1.728,45.8416],[1.7549,45.8558],[1.7559,45.8663],[1.7712,45.8676],[1.7812,45.8531],[1.7777,45.8324],[1.7975,45.8316],[1.8221,45.8118],[1.8362,45.8257],[1.888,45.7903],[1.8913,45.7712],[1.9027,45.7689],[1.8807,45.7574],[1.8863,45.7455],[1.8767,45.7321],[1.8877,45.7267],[1.8867,45.7096],[1.9093,45.6923],[1.9102,45.6797],[1.8853,45.6787],[1.8749,45.6648],[1.8557,45.6713],[1.8472,45.661],[1.8245,45.667],[1.8154,45.6802],[1.8017,45.6726],[1.7878,45.6821],[1.7767,45.659],[1.7274,45.6381],[1.7073,45.6402],[1.6376,45.5805],[1.5913,45.5754],[1.5777,45.6088],[1.5623,45.6202],[1.5638,45.6386],[1.5392,45.6478],[1.5078,45.6367],[1.4902,45.6706],[1.4882,45.6954],[1.5014,45.699],[1.5116,45.7314],[1.5283,45.7406],[1.5308,45.7538],[1.4479,45.769],[1.4258,45.7872],[1.406,45.7848],[1.4001,45.7975],[1.3401,45.7843],[1.2868,45.7873],[1.2732,45.7996],[1.2847,45.8122],[1.2459,45.8379],[1.2555,45.8474],[1.2472,45.8557],[1.2582,45.8627],[1.2628,45.8948],[1.2728,45.9019],[1.2667,45.9149],[1.2727,45.936],[1.2644,45.9424],[1.2406,45.9355],[1.2348,45.9426]]],[[[1.2295,45.8255],[1.2296,45.8256],[1.2296,45.8255],[1.2295,45.8255]]]]},"properties":{"id":"87-01","nm":"Limoges","dept":"87","ins":83948,"nbv":114,"dG":5.685,"dCD":-4.442,"dED":0.017,"dAB":-4.459,"af":29.96}},{"type":"Feature","geometry":{"type":"Polygon","coordinates":[[[0.7935,46.2134],[0.8105,46.2296],[0.8417,46.2302],[0.8482,46.2492],[0.8909,46.2693],[0.8998,46.2899],[0.9282,46.2817],[0.9358,46.2931],[0.9993,46.2844],[1.0254,46.3213],[1.0268,46.3433],[1.0501,46.363],[1.101,46.3643],[1.1254,46.3495],[1.1595,46.3904],[1.1852,46.3762],[1.2099,46.3899],[1.2168,46.3683],[1.2375,46.3671],[1.2606,46.3789],[1.3028,46.3736],[1.3147,46.3958],[1.3447,46.4016],[1.3967,46.3719],[1.4173,46.3411],[1.4449,46.3347],[1.4382,46.3136],[1.4453,46.3054],[1.4258,46.2966],[1.4228,46.2853],[1.4377,46.2721],[1.4133,46.2677],[1.418,46.2411],[1.3974,46.2399],[1.3789,46.2147],[1.3972,46.1881],[1.4166,46.1771],[1.4553,46.181],[1.4813,46.1381],[1.4961,46.1432],[1.5049,46.1305],[1.4953,46.1124],[1.5006,46.0964],[1.5297,46.0905],[1.5271,46.0803],[1.5434,46.0769],[1.5326,46.0588],[1.5495,46.0357],[1.5355,46.024],[1.5365,45.9954],[1.5237,45.9999],[1.4906,45.9774],[1.4462,46.0034],[1.3982,46.0086],[1.3841,46.0292],[1.325,46.0004],[1.321,45.9855],[1.3341,45.9722],[1.3178,45.9637],[1.2531,45.9621],[1.2384,45.9405],[1.2679,45.9425],[1.2731,45.9321],[1.2679,45.9172],[1.2756,45.8998],[1.2596,45.8612],[1.2649,45.8513],[1.2351,45.8187],[1.2388,45.8062],[1.1924,45.7818],[1.1637,45.7893],[1.1577,45.8095],[1.1815,45.8371],[1.1531,45.8639],[1.1542,45.8767],[1.1243,45.8646],[1.0416,45.8878],[1.039,45.9053],[1.0743,45.919],[1.0622,45.9517],[1.0425,45.9603],[1.0328,45.9494],[1.0084,45.9724],[0.9898,45.9679],[0.9176,45.9974],[0.916,46.0144],[0.8897,46.0307],[0.8636,46.0161],[0.8528,46.0336],[0.814,46.052],[0.8317,46.1009],[0.8081,46.1212],[0.8415,46.1382],[0.829,46.182],[0.7935,46.2134]]]},"properties":{"id":"87-03","nm":"Limoges","dept":"87","ins":81393,"nbv":127,"dG":2.974,"dCD":-3.282,"dED":1.456,"dAB":-4.654,"af":30.43}},{"type":"Feature","geometry":{"type":"Polygon","coordinates":[[[5.3953,48.3922],[5.4701,48.4209],[5.5056,48.411],[5.5158,48.431],[5.5505,48.4398],[5.5742,48.4326],[5.5886,48.4423],[5.6159,48.4414],[5.6476,48.4548],[5.6424,48.4724],[5.7198,48.4603],[5.7379,48.4657],[5.7654,48.4965],[5.7856,48.4855],[5.8622,48.507],[5.9057,48.4939],[5.8884,48.4552],[5.8997,48.4481],[5.8988,48.4368],[5.9309,48.4333],[5.9094,48.4169],[5.924,48.3982],[5.9453,48.3999],[5.9614,48.3509],[5.9805,48.3496],[6.0036,48.3632],[6.0486,48.3661],[6.0669,48.3586],[6.0789,48.3655],[6.0693,48.3733],[6.0912,48.3822],[6.0991,48.3578],[6.1151,48.3538],[6.1493,48.3793],[6.1482,48.4076],[6.1819,48.4121],[6.1898,48.3956],[6.2355,48.3997],[6.2956,48.4347],[6.31,48.4112],[6.3557,48.4039],[6.3817,48.4152],[6.3929,48.4087],[6.3797,48.3841],[6.3481,48.3696],[6.3701,48.3535],[6.3977,48.3545],[6.3656,48.344],[6.3518,48.3107],[6.3297,48.2913],[6.3477,48.2706],[6.345,48.2548],[6.3061,48.2449],[6.3293,48.2073],[6.315,48.2053],[6.3118,48.1958],[6.3259,48.1887],[6.2629,48.1759],[6.2622,48.1595],[6.278,48.1485],[6.291,48.1197],[6.2313,48.114],[6.2133,48.0951],[6.2226,48.0715],[6.2422,48.0586],[6.2743,48.0665],[6.2797,48.0496],[6.3275,48.0415],[6.3088,48.0138],[6.2821,48.0036],[6.2945,47.9891],[6.277,47.9535],[6.238,47.9328],[6.2052,47.932],[6.2061,47.9442],[6.1941,47.9528],[6.1665,47.9532],[6.1499,47.9655],[6.1608,47.9765],[6.1547,48.0075],[6.1263,48.0221],[6.1094,48.0126],[6.0719,48.0153],[6.0354,48.0002],[6.0092,47.9612],[5.9733,47.9566],[5.9494,47.9355],[5.9287,47.9381],[5.9553,47.9695],[5.9443,47.9784],[5.9277,47.9744],[5.9177,47.9474],[5.8848,47.9267],[5.8576,47.9451],[5.8464,47.967],[5.8053,47.947],[5.7873,47.9526],[5.7791,47.9743],[5.7941,47.9961],[5.7732,48.0307],[5.7411,48.0494],[5.7204,48.0447],[5.7166,48.0601],[5.6944,48.0747],[5.6627,48.0838],[5.6559,48.0691],[5.6292,48.0847],[5.6619,48.1089],[5.6566,48.1205],[5.6738,48.1356],[5.6859,48.1659],[5.6797,48.1793],[5.7283,48.1926],[5.7112,48.2195],[5.6886,48.2334],[5.6761,48.2292],[5.6415,48.2418],[5.6528,48.268],[5.6152,48.2898],[5.5886,48.2738],[5.5189,48.3481],[5.4779,48.3548],[5.4258,48.3314],[5.4186,48.3607],[5.434,48.3779],[5.3953,48.3922]]]},"properties":{"id":"88-04","nm":"Neufchâteau","dept":"88","ins":64121,"nbv":290,"dG":-7.912,"dCD":0.002,"dED":11.169,"dAB":-3.114,"af":33.63}},{"type":"Feature","geometry":{"type":"MultiPolygon","coordinates":[[[[6.5306,48.2978],[6.5493,48.3206],[6.592,48.2965],[6.6037,48.2791],[6.6224,48.2855],[6.6285,48.3017],[6.6553,48.3183],[6.7237,48.2696],[6.7752,48.2798],[6.7723,48.3024],[6.7858,48.3195],[6.78,48.333],[6.7873,48.3535],[6.7753,48.3647],[6.8065,48.3733],[6.828,48.4165],[6.8644,48.4368],[6.8711,48.4211],[6.893,48.4185],[6.9582,48.4687],[7.094,48.513],[7.1232,48.5136],[7.136,48.4979],[7.0928,48.4979],[7.0964,48.4873],[7.1188,48.4837],[7.1185,48.4739],[7.1041,48.4557],[7.1096,48.4396],[7.0966,48.4286],[7.0916,48.3996],[7.1093,48.3787],[7.0838,48.3519],[7.1184,48.3341],[7.1839,48.3392],[7.1815,48.328],[7.1971,48.3155],[7.1936,48.302],[7.1777,48.2979],[7.1465,48.2628],[7.1179,48.2082],[7.0857,48.1823],[7.0582,48.1396],[7.0168,48.1558],[6.9985,48.1513],[6.9989,48.1335],[7.0127,48.1304],[7.0099,48.1077],[7.0346,48.1154],[7.0702,48.1065],[7.023,48.0558],[7.0,48.0555],[6.9837,48.0837],[6.9388,48.1011],[6.92,48.0943],[6.8706,48.1073],[6.8421,48.0913],[6.8201,48.0963],[6.8136,48.1136],[6.7716,48.1063],[6.7646,48.0972],[6.6719,48.145],[6.6617,48.1407],[6.6632,48.1188],[6.6273,48.1086],[6.577,48.1297],[6.584,48.1405],[6.5694,48.1456],[6.5827,48.1827],[6.5471,48.2156],[6.5518,48.2663],[6.5306,48.2978]]],[[[7.084,48.1289],[7.084,48.1292],[7.0841,48.1289],[7.084,48.1289]]]]},"properties":{"id":"88-02","nm":"Saint-Dié-Des-Vosges","dept":"88","ins":71896,"nbv":148,"dG":-15.249,"dCD":4.868,"dED":13.153,"dAB":0.079,"af":37.3}},{"type":"Feature","geometry":{"type":"Polygon","coordinates":[[[6.2128,48.096],[6.2371,48.1186],[6.2534,48.1131],[6.2822,48.126],[6.2613,48.1604],[6.2629,48.1791],[6.303,48.1854],[6.3236,48.2119],[6.307,48.2477],[6.3426,48.2545],[6.3476,48.2631],[6.3256,48.2898],[6.3599,48.3271],[6.3518,48.3433],[6.3651,48.3565],[6.3313,48.3673],[6.3738,48.3807],[6.3841,48.3947],[6.41,48.3918],[6.4224,48.4073],[6.4569,48.4178],[6.471,48.4101],[6.5056,48.4145],[6.5342,48.4317],[6.5743,48.4189],[6.5672,48.4409],[6.5842,48.4604],[6.6231,48.4731],[6.6387,48.4641],[6.6366,48.4502],[6.65,48.4288],[6.7002,48.413],[6.7138,48.4231],[6.7653,48.4118],[6.7681,48.3998],[6.7939,48.4034],[6.815,48.3945],[6.8065,48.3714],[6.7775,48.3668],[6.788,48.3563],[6.7802,48.3339],[6.7884,48.3208],[6.7743,48.3049],[6.7849,48.2862],[6.7755,48.2798],[6.7225,48.2674],[6.6905,48.2867],[6.6747,48.3084],[6.6527,48.3129],[6.6363,48.3083],[6.6234,48.2855],[6.6014,48.2786],[6.5892,48.2975],[6.5575,48.3138],[6.5336,48.3056],[6.5553,48.267],[6.5501,48.2135],[6.5837,48.1802],[6.5742,48.1512],[6.5846,48.1238],[6.5679,48.1151],[6.5436,48.1175],[6.5532,48.0727],[6.5298,48.0844],[6.5017,48.0748],[6.4678,48.0531],[6.4694,48.0431],[6.4071,48.0106],[6.4011,47.9831],[6.3857,47.9803],[6.3821,47.9689],[6.324,47.9484],[6.2773,47.9538],[6.2742,47.9678],[6.2914,47.9865],[6.2801,47.9956],[6.2835,48.0072],[6.3091,48.0143],[6.3261,48.0402],[6.2773,48.0491],[6.2644,48.0637],[6.2438,48.0575],[6.2209,48.0721],[6.2128,48.096]]]},"properties":{"id":"88-01","nm":"Epinal","dept":"88","ins":75984,"nbv":132,"dG":-13.382,"dCD":11.881,"dED":2.767,"dAB":-0.186,"af":37.08}},{"type":"Feature","geometry":{"type":"Polygon","coordinates":[[[6.365,47.9626],[6.3998,47.9841],[6.4043,48.0105],[6.4598,48.0489],[6.5265,48.0862],[6.5426,48.0821],[6.5449,48.1217],[6.5668,48.1158],[6.5913,48.1262],[6.6264,48.1118],[6.657,48.1178],[6.658,48.1353],[6.6439,48.1453],[6.6733,48.1448],[6.7616,48.1016],[6.8159,48.1142],[6.8241,48.0961],[6.8395,48.092],[6.8633,48.1061],[6.92,48.0946],[6.9303,48.104],[6.9842,48.0836],[6.9931,48.0691],[7.0028,48.0702],[7.0038,48.0564],[7.0189,48.0551],[7.0017,48.022],[6.9468,48.0004],[6.9438,47.9804],[6.9305,47.9709],[6.9204,47.9432],[6.9287,47.9095],[6.9012,47.8886],[6.9196,47.8498],[6.8955,47.8328],[6.8396,47.8243],[6.8236,47.8133],[6.7887,47.8338],[6.7846,47.8494],[6.7373,47.861],[6.6437,47.905],[6.639,47.9203],[6.6055,47.9445],[6.5684,47.9343],[6.5437,47.903],[6.4783,47.8855],[6.4323,47.9426],[6.4083,47.9433],[6.4015,47.9543],[6.365,47.9626]]]},"properties":{"id":"88-03","nm":"Gérardmer","dept":"88","ins":63350,"nbv":83,"dG":-16.097,"dCD":17.44,"dED":-0.679,"dAB":-3.658,"af":33.54}},{"type":"Feature","geometry":{"type":"Polygon","coordinates":[[[3.4352,47.9688],[3.439,47.9817],[3.4559,47.9891],[3.4417,48.0119],[3.4582,48.0365],[3.4529,48.0445],[3.4705,48.0534],[3.4545,48.0772],[3.4813,48.0894],[3.5197,48.088],[3.5629,48.0669],[3.598,48.0686],[3.6374,48.1278],[3.6553,48.1316],[3.6604,48.1202],[3.7054,48.1125],[3.7271,48.1412],[3.7514,48.126],[3.7682,48.1337],[3.8017,48.1066],[3.7992,48.0885],[3.8295,48.0579],[3.8307,48.0398],[3.8705,48.0169],[3.8703,48.0027],[3.8466,48.0017],[3.8503,47.9863],[3.8743,47.9785],[3.8814,47.998],[3.8932,48.0018],[3.9146,47.9758],[3.9024,47.9262],[3.9263,47.9348],[3.9848,47.9306],[4.0046,47.9425],[4.0171,47.9294],[4.046,47.926],[4.0607,47.9457],[4.0897,47.945],[4.0962,47.9295],[4.112,47.9278],[4.1658,47.96],[4.2007,47.9414],[4.2064,47.9504],[4.1929,47.965],[4.2037,47.9735],[4.2258,47.9721],[4.2248,47.9492],[4.246,47.9299],[4.3048,47.9216],[4.3129,47.9051],[4.2801,47.9],[4.2596,47.8823],[4.2641,47.8452],[4.2719,47.8392],[4.3298,47.8462],[4.3229,47.8136],[4.3403,47.7996],[4.3293,47.7865],[4.3325,47.7567],[4.3086,47.751],[4.2931,47.733],[4.261,47.7387],[4.2517,47.718],[4.2675,47.7055],[4.2655,47.6918],[4.284,47.6827],[4.2328,47.677],[4.2326,47.6685],[4.2503,47.6599],[4.2165,47.6281],[4.2155,47.6009],[4.2009,47.6014],[4.1805,47.5593],[4.1578,47.5521],[4.1361,47.5176],[4.1171,47.5124],[4.1299,47.4627],[4.119,47.4433],[4.0989,47.4305],[4.0859,47.4343],[4.0709,47.4062],[4.0901,47.3947],[4.08,47.3769],[4.1068,47.3765],[4.108,47.3397],[4.0471,47.3405],[4.0276,47.3135],[4.0033,47.3104],[3.9737,47.3313],[3.9619,47.367],[3.9696,47.3765],[3.9531,47.3912],[3.9444,47.3801],[3.9076,47.3821],[3.8875,47.3659],[3.872,47.3658],[3.8594,47.3924],[3.8921,47.4155],[3.8686,47.4342],[3.8533,47.4333],[3.8284,47.3824],[3.8168,47.3785],[3.7857,47.3906],[3.7762,47.4044],[3.726,47.3982],[3.7019,47.4266],[3.6748,47.4331],[3.7048,47.453],[3.7069,47.4637],[3.6961,47.4739],[3.6808,47.4731],[3.6789,47.4471],[3.6157,47.4575],[3.6104,47.4676],[3.5871,47.4562],[3.5766,47.4974],[3.513,47.5274],[3.5106,47.5505],[3.4959,47.5643],[3.5191,47.5673],[3.5174,47.5846],[3.5594,47.5838],[3.5843,47.5985],[3.5897,47.6081],[3.5776,47.6281],[3.5921,47.648],[3.6318,47.6746],[3.6538,47.6771],[3.6599,47.6983],[3.7048,47.7084],[3.7163,47.726],[3.6625,47.7699],[3.7023,47.7906],[3.6887,47.8222],[3.7051,47.8415],[3.6848,47.8461],[3.638,47.8303],[3.6296,47.8614],[3.6122,47.8703],[3.5842,47.867],[3.5793,47.8549],[3.5601,47.8518],[3.5303,47.8909],[3.488,47.8962],[3.4899,47.922],[3.4758,47.9298],[3.4623,47.9242],[3.4544,47.9354],[3.459,47.9589],[3.4352,47.9688]]]},"properties":{"id":"89-02","nm":"Avallon","dept":"89","ins":72260,"nbv":255,"dG":-8.932,"dCD":-3.095,"dED":12.95,"dAB":-1.294,"af":35.05}},{"type":"Feature","geometry":{"type":"Polygon","coordinates":[[[2.8484,47.7171],[2.8564,47.7618],[2.9133,47.7695],[2.9328,47.7635],[3.0231,47.7877],[3.0277,47.8024],[3.015,47.8134],[3.0122,47.8342],[3.0286,47.8358],[3.0324,47.8457],[3.0226,47.8603],[2.9946,47.8674],[3.011,47.8758],[3.0093,47.9055],[3.0478,47.9101],[3.0509,47.9242],[3.1055,47.9487],[3.1092,47.962],[3.1257,47.9683],[3.1201,47.9865],[3.1427,47.9915],[3.1389,47.968],[3.1606,47.9688],[3.1681,47.9568],[3.1897,47.9592],[3.198,47.9495],[3.1919,47.9321],[3.2204,47.9155],[3.2622,47.9078],[3.3421,47.9466],[3.4135,47.9237],[3.4349,47.9385],[3.46,47.9248],[3.4752,47.9307],[3.4889,47.924],[3.4898,47.8965],[3.5347,47.8913],[3.5601,47.8535],[3.615,47.8726],[3.6378,47.8593],[3.6305,47.8517],[3.6386,47.8355],[3.7076,47.8455],[3.6884,47.8161],[3.7074,47.7919],[3.6672,47.7681],[3.6834,47.7505],[3.6998,47.7507],[3.7006,47.737],[3.7209,47.7375],[3.7192,47.718],[3.7596,47.7114],[3.743,47.7035],[3.6939,47.7088],[3.6634,47.7015],[3.6572,47.6763],[3.6139,47.664],[3.5812,47.6314],[3.591,47.6053],[3.5586,47.5821],[3.5477,47.5878],[3.5241,47.5773],[3.518,47.5643],[3.4994,47.5665],[3.4884,47.4939],[3.4443,47.5077],[3.3974,47.5088],[3.38,47.4864],[3.3492,47.4782],[3.3459,47.4695],[3.2875,47.5],[3.2474,47.4872],[3.2037,47.5218],[3.1652,47.5175],[3.1351,47.5414],[3.122,47.5404],[3.1198,47.5781],[3.1021,47.5879],[3.0224,47.5564],[2.9629,47.576],[2.9602,47.5868],[2.9361,47.5994],[2.9434,47.6098],[2.9323,47.6271],[2.9498,47.6486],[2.9183,47.6697],[2.9229,47.6841],[2.8792,47.7038],[2.8797,47.7182],[2.8608,47.7102],[2.8484,47.7171]]]},"properties":{"id":"89-01","nm":"Auxerre","dept":"89","ins":74973,"nbv":158,"dG":-5.767,"dCD":0.641,"dED":7.094,"dAB":-3.296,"af":33.79}},{"type":"Feature","geometry":{"type":"Polygon","coordinates":[[[2.9347,48.1791],[2.9692,48.1948],[2.9729,48.2054],[3.0042,48.2074],[3.0188,48.2351],[3.0435,48.2537],[3.0431,48.2695],[3.0251,48.2766],[3.0147,48.3063],[3.0369,48.3282],[3.0461,48.358],[3.1056,48.355],[3.1172,48.3666],[3.1745,48.377],[3.2029,48.3644],[3.2534,48.3659],[3.2827,48.3816],[3.3455,48.3732],[3.3833,48.4],[3.4147,48.3902],[3.4292,48.3604],[3.4508,48.3739],[3.4978,48.3695],[3.545,48.3343],[3.5466,48.3215],[3.5641,48.3211],[3.5672,48.3098],[3.5879,48.3009],[3.5869,48.2821],[3.6152,48.2725],[3.6243,48.2545],[3.6057,48.2374],[3.6216,48.2259],[3.5831,48.1927],[3.5843,48.1839],[3.5955,48.1796],[3.6231,48.1921],[3.6414,48.184],[3.6705,48.1403],[3.6946,48.1548],[3.7039,48.1448],[3.7188,48.1532],[3.7185,48.1756],[3.7464,48.1671],[3.7551,48.1503],[3.7257,48.1391],[3.7105,48.1127],[3.6448,48.1291],[3.6208,48.1094],[3.6246,48.094],[3.6064,48.0792],[3.6141,48.0694],[3.5626,48.0667],[3.5188,48.088],[3.4808,48.0897],[3.4577,48.078],[3.4722,48.0525],[3.442,48.0131],[3.4609,47.987],[3.4417,47.9821],[3.4386,47.9728],[3.4592,47.9644],[3.4593,47.9266],[3.4353,47.9379],[3.4159,47.9223],[3.3404,47.9464],[3.2585,47.9068],[3.2086,47.9181],[3.1914,47.9319],[3.1964,47.9495],[3.1892,47.9591],[3.1666,47.9551],[3.1568,47.9679],[3.1359,47.9664],[3.1368,47.9889],[3.1221,47.9915],[3.122,48.0082],[3.0997,48.0192],[3.1096,48.0346],[3.0502,48.0722],[3.0338,48.1147],[3.0159,48.1158],[3.0236,48.1346],[2.9366,48.1635],[2.9347,48.1791]]]},"properties":{"id":"89-03","nm":"Sens","dept":"89","ins":89716,"nbv":161,"dG":-6.932,"dCD":-7.443,"dED":16.754,"dAB":2.187,"af":36.85}},{"type":"Feature","geometry":{"type":"Polygon","coordinates":[[[6.7875,47.6574],[6.8307,47.6713],[6.8784,47.6502],[6.8985,47.6632],[6.9258,47.6622],[6.929,47.6912],[6.9674,47.6904],[7.0275,47.7053],[7.0484,47.6821],[7.0357,47.6615],[7.0393,47.6505],[7.0204,47.6495],[7.0166,47.6267],[7.006,47.6249],[7.011,47.5999],[7.0257,47.5909],[7.0398,47.6011],[7.0852,47.5932],[7.1092,47.551],[7.1434,47.5246],[7.135,47.5058],[7.1125,47.4951],[7.0749,47.4882],[7.0223,47.5039],[6.9905,47.4951],[6.9881,47.4759],[7.0022,47.4542],[6.9403,47.4333],[6.9314,47.4571],[6.9084,47.4744],[6.9077,47.495],[6.9287,47.5002],[6.9432,47.4856],[6.9474,47.5107],[6.9075,47.5259],[6.9127,47.5358],[6.8733,47.5673],[6.877,47.5793],[6.8589,47.5823],[6.8594,47.5979],[6.8398,47.603],[6.8463,47.6224],[6.8347,47.6372],[6.8132,47.6531],[6.7875,47.6574]]]},"properties":{"id":"90-01","nm":"Belfort","dept":"90","ins":47553,"nbv":81,"dG":-9.122,"dCD":6.604,"dED":3.951,"dAB":-1.153,"af":34.42}},{"type":"Feature","geometry":{"type":"Polygon","coordinates":[[[6.7563,47.7255],[6.7582,47.748],[6.7847,47.7814],[6.8113,47.7944],[6.8394,47.8247],[6.867,47.7839],[6.9393,47.7717],[6.9725,47.7515],[7.0166,47.7426],[7.0376,47.7216],[7.0275,47.7053],[6.9577,47.6891],[6.9306,47.6916],[6.9263,47.6615],[6.901,47.6636],[6.8764,47.6498],[6.8383,47.6597],[6.832,47.6411],[6.8469,47.6272],[6.8438,47.608],[6.8646,47.5936],[6.8634,47.5829],[6.8845,47.5809],[6.8763,47.5693],[6.8834,47.5555],[6.8288,47.5465],[6.8168,47.5481],[6.8071,47.5631],[6.8129,47.5779],[6.7777,47.6157],[6.8,47.6395],[6.7812,47.6556],[6.7787,47.6957],[6.7563,47.7255]]]},"properties":{"id":"90-02","nm":"Belfort","dept":"90","ins":46433,"nbv":70,"dG":-3.129,"dCD":2.584,"dED":3.341,"dAB":-1.887,"af":34.54}},{"type":"Feature","geometry":{"type":"Polygon","coordinates":[[[1.9588,48.3066],[1.9786,48.3285],[1.9685,48.3414],[1.9795,48.3747],[1.9667,48.3812],[1.9784,48.401],[2.0068,48.4015],[2.0188,48.4123],[2.0169,48.4351],[2.0325,48.4468],[2.0197,48.4541],[2.0214,48.463],[2.0704,48.4668],[2.0604,48.4817],[2.0685,48.5075],[2.1071,48.5091],[2.106,48.496],[2.1216,48.4922],[2.1271,48.4714],[2.1402,48.4808],[2.1874,48.4733],[2.1932,48.4804],[2.2405,48.4455],[2.2636,48.453],[2.2709,48.5039],[2.3062,48.5002],[2.3384,48.5228],[2.3469,48.5439],[2.3352,48.5745],[2.3388,48.5938],[2.3931,48.6085],[2.4208,48.574],[2.4797,48.581],[2.4971,48.5675],[2.5312,48.5736],[2.5206,48.5691],[2.4981,48.5266],[2.5151,48.5059],[2.5042,48.483],[2.5038,48.4428],[2.5088,48.4294],[2.5471,48.4017],[2.4836,48.3947],[2.4849,48.3834],[2.4435,48.3654],[2.4408,48.3516],[2.4303,48.3478],[2.4337,48.3345],[2.3998,48.3317],[2.3973,48.3132],[2.3583,48.3084],[2.3153,48.3307],[2.2956,48.3079],[2.2681,48.3126],[2.2452,48.2982],[2.2397,48.3264],[2.207,48.3408],[2.1898,48.3327],[2.1812,48.3135],[2.1586,48.3121],[2.1639,48.2984],[2.1104,48.297],[2.1045,48.3064],[2.0894,48.2948],[2.0047,48.285],[1.9723,48.2882],[1.9588,48.3066]]]},"properties":{"id":"91-02","nm":"Etampes","dept":"91","ins":92918,"nbv":124,"dG":-1.032,"dCD":-3.789,"dED":6.646,"dAB":0.801,"af":34.99}},{"type":"Feature","geometry":{"type":"Polygon","coordinates":[[[1.9145,48.4618],[1.9151,48.4737],[1.9327,48.4826],[1.9457,48.5177],[1.9613,48.5298],[1.9343,48.5476],[1.9363,48.5613],[2.013,48.5575],[2.0334,48.6058],[2.0548,48.6078],[2.0628,48.5963],[2.1109,48.5899],[2.1324,48.5943],[2.1538,48.5786],[2.2029,48.5789],[2.2334,48.5887],[2.2369,48.613],[2.2646,48.6235],[2.3594,48.6181],[2.3603,48.5955],[2.3413,48.5931],[2.3379,48.5769],[2.3577,48.5368],[2.3403,48.5369],[2.3418,48.5254],[2.3073,48.5],[2.2756,48.5004],[2.2684,48.484],[2.275,48.463],[2.2561,48.4472],[2.2396,48.444],[2.2003,48.4766],[2.1418,48.4807],[2.1236,48.4668],[2.1215,48.4895],[2.1052,48.493],[2.1051,48.5085],[2.0947,48.5142],[2.0723,48.5087],[2.0629,48.4835],[2.0736,48.4669],[2.0376,48.4624],[2.0387,48.4474],[2.0201,48.4355],[2.0217,48.415],[2.0055,48.4012],[1.932,48.4035],[1.9258,48.4128],[1.9365,48.4382],[1.9145,48.4618]]]},"properties":{"id":"91-03","nm":"Brétigny-Sur-Orge","dept":"91","ins":97409,"nbv":106,"dG":4.662,"dCD":-3.318,"dED":-0.245,"dAB":-2.257,"af":34.73}},{"type":"Feature","geometry":{"type":"Polygon","coordinates":[[[2.3267,48.6867],[2.3514,48.7028],[2.3439,48.7347],[2.3629,48.7461],[2.3738,48.7212],[2.4158,48.7209],[2.3881,48.6895],[2.3962,48.6737],[2.3659,48.6461],[2.3583,48.6496],[2.3591,48.6665],[2.3381,48.6676],[2.3267,48.6867]]]},"properties":{"id":"91-07","nm":"Savigny-Sur-Orge","dept":"91","ins":74148,"nbv":72,"dG":9.868,"dCD":-2.656,"dED":-6.669,"dAB":3.129,"af":37.23}},{"type":"Feature","geometry":{"type":"Polygon","coordinates":[[[2.01,48.6484],[2.0117,48.6599],[2.0266,48.6594],[2.0457,48.6875],[2.0814,48.6865],[2.0903,48.6988],[2.1164,48.6912],[2.1049,48.683],[2.1088,48.6745],[2.1205,48.6852],[2.1498,48.6865],[2.1567,48.676],[2.1943,48.6706],[2.2046,48.6753],[2.2098,48.7017],[2.2367,48.7011],[2.2669,48.7183],[2.2962,48.7108],[2.3421,48.6677],[2.3368,48.6505],[2.3154,48.6616],[2.3005,48.6511],[2.2916,48.6189],[2.2655,48.6231],[2.2421,48.6122],[2.2398,48.5909],[2.1836,48.5787],[2.1533,48.5773],[2.1297,48.5936],[2.0603,48.5971],[2.054,48.6205],[2.01,48.6484]]]},"properties":{"id":"91-04","nm":"Longjumeau","dept":"91","ins":97943,"nbv":110,"dG":-0.521,"dCD":2.602,"dED":-1.242,"dAB":-3.246,"af":34.02}},{"type":"Feature","geometry":{"type":"Polygon","coordinates":[[[2.0969,48.7028],[2.1084,48.7145],[2.0982,48.7344],[2.1335,48.7382],[2.1514,48.7546],[2.1885,48.757],[2.1907,48.775],[2.2266,48.7761],[2.2853,48.7475],[2.2386,48.7358],[2.2269,48.748],[2.2168,48.7456],[2.2175,48.7357],[2.1933,48.7158],[2.2096,48.7015],[2.2034,48.6857],[2.212,48.6791],[2.1955,48.6689],[2.1546,48.6761],[2.1452,48.6868],[2.1024,48.6757],[2.0969,48.7028]]]},"properties":{"id":"91-05","nm":"Gif-Sur-Yvette","dept":"91","ins":68066,"nbv":71,"dG":11.277,"dCD":6.652,"dED":-14.385,"dAB":-9.688,"af":28.85}},{"type":"Feature","geometry":{"type":"Polygon","coordinates":[[[2.3573,48.6108],[2.3746,48.6271],[2.3987,48.6252],[2.4376,48.6485],[2.4922,48.6104],[2.4812,48.5691],[2.4698,48.5773],[2.417,48.5757],[2.4062,48.5896],[2.3935,48.5891],[2.4029,48.5956],[2.3981,48.6042],[2.368,48.6003],[2.3573,48.6108]]]},"properties":{"id":"91-01","nm":"Evry-Courcouronnes","dept":"91","ins":69794,"nbv":79,"dG":17.922,"dCD":-8.944,"dED":-8.211,"dAB":8.975,"af":42.16}},{"type":"Feature","geometry":{"type":"Polygon","coordinates":[[[2.3833,48.6301],[2.4019,48.6651],[2.386,48.6831],[2.4005,48.7018],[2.4677,48.6707],[2.5037,48.6796],[2.5224,48.7046],[2.5533,48.6895],[2.5819,48.6896],[2.5856,48.6789],[2.5686,48.6667],[2.5562,48.6743],[2.5387,48.6643],[2.5474,48.6515],[2.5414,48.6323],[2.5243,48.6252],[2.5439,48.6041],[2.5185,48.5726],[2.4838,48.5708],[2.4898,48.6124],[2.4394,48.6465],[2.3993,48.6241],[2.3833,48.6301]]]},"properties":{"id":"91-09","nm":"Draveil","dept":"91","ins":79787,"nbv":90,"dG":6.848,"dCD":-4.34,"dED":-3.586,"dAB":1.921,"af":36.75}},{"type":"Feature","geometry":{"type":"Polygon","coordinates":[[[2.4005,48.7018],[2.4303,48.7236],[2.51,48.7348],[2.5296,48.7062],[2.5038,48.6796],[2.4667,48.6713],[2.4005,48.7018]]]},"properties":{"id":"91-08","nm":"Yerres","dept":"91","ins":76565,"nbv":86,"dG":4.042,"dCD":-6.408,"dED":4.264,"dAB":1.97,"af":36.9}},{"type":"Feature","geometry":{"type":"Polygon","coordinates":[[[2.1929,48.7166],[2.2103,48.7281],[2.2041,48.737],[2.2289,48.7492],[2.2391,48.7369],[2.2824,48.734],[2.311,48.7366],[2.3236,48.7523],[2.3541,48.7383],[2.3484,48.7293],[2.3559,48.7164],[2.3514,48.7026],[2.3283,48.6875],[2.3069,48.692],[2.2806,48.7152],[2.2273,48.7014],[2.2037,48.7023],[2.1929,48.7166]]]},"properties":{"id":"91-06","nm":"Massy","dept":"91","ins":81352,"nbv":86,"dG":24.285,"dCD":-12.35,"dED":-9.411,"dAB":-0.596,"af":34.01}},{"type":"Feature","geometry":{"type":"Polygon","coordinates":[[[2.2928,48.6284],[2.3157,48.6649],[2.3336,48.6521],[2.348,48.6695],[2.37,48.655],[2.3962,48.6737],[2.4073,48.6673],[2.3716,48.6177],[2.2928,48.6284]]]},"properties":{"id":"91-10","nm":"Sainte-Geneviève-Des-Bois","dept":"91","ins":62824,"nbv":66,"dG":16.39,"dCD":-9.298,"dED":-6.048,"dAB":6.468,"af":40.06}},{"type":"Feature","geometry":{"type":"Polygon","coordinates":[[[2.2289,48.7745],[2.3125,48.7893],[2.3266,48.7787],[2.3118,48.7574],[2.3187,48.737],[2.3085,48.7294],[2.276,48.7375],[2.2797,48.7528],[2.2289,48.7745]]]},"properties":{"id":"92-13","nm":"Antony","dept":"92","ins":88374,"nbv":91,"dG":6.172,"dCD":12.636,"dED":-15.07,"dAB":-9.675,"af":28.97}},{"type":"Feature","geometry":{"type":"Polygon","coordinates":[[[2.2366,48.9113],[2.273,48.9338],[2.2995,48.9153],[2.322,48.9187],[2.2864,48.9032],[2.2595,48.9146],[2.2366,48.9113]]]},"properties":{"id":"92-02","nm":"Asnières-Sur-Seine","dept":"92","ins":68943,"nbv":65,"dG":8.609,"dCD":12.24,"dED":-17.808,"dAB":-8.103,"af":30.4}},{"type":"Feature","geometry":{"type":"Polygon","coordinates":[[[2.2764,48.8123],[2.303,48.8248],[2.3325,48.8182],[2.3097,48.7849],[2.2922,48.796],[2.2953,48.8085],[2.2764,48.8123]]]},"properties":{"id":"92-11","nm":"Montrouge","dept":"92","ins":71659,"nbv":76,"dG":22.929,"dCD":-4.91,"dED":-15.027,"dAB":-4.349,"af":32.21}},{"type":"Feature","geometry":{"type":"Polygon","coordinates":[[[2.2293,48.906],[2.2733,48.9268],[2.2806,48.9191],[2.2747,48.909],[2.2843,48.9023],[2.2554,48.8886],[2.2293,48.906]]]},"properties":{"id":"92-03","nm":"Courbevoie","dept":"92","ins":83095,"nbv":81,"dG":-1.674,"dCD":20.599,"dED":-16.443,"dAB":-8.528,"af":29.92}},{"type":"Feature","geometry":{"type":"Polygon","coordinates":[[[2.2269,48.8288],[2.2242,48.8535],[2.2628,48.8339],[2.2269,48.8288]]]},"properties":{"id":"92-09","nm":"Boulogne-Billancourt","dept":"92","ins":63463,"nbv":61,"dG":-9.734,"dCD":28.794,"dED":-16.032,"dAB":-10.893,"af":28.17}},{"type":"Feature","geometry":{"type":"Polygon","coordinates":[[[2.2275,48.8272],[2.2678,48.8346],[2.3013,48.8251],[2.2489,48.8048],[2.2275,48.8272]]]},"properties":{"id":"92-10","nm":"Issy-Les-Moulineaux","dept":"92","ins":78246,"nbv":83,"dG":5.826,"dCD":12.195,"dED":-14.838,"dAB":-9.235,"af":30.18}},{"type":"Feature","geometry":{"type":"Polygon","coordinates":[[[2.2243,48.7777],[2.2519,48.8164],[2.3059,48.8086],[2.2973,48.7987],[2.3034,48.7854],[2.2602,48.7733],[2.2243,48.7777]]]},"properties":{"id":"92-12","nm":"Clamart","dept":"92","ins":93165,"nbv":101,"dG":9.032,"dCD":6.701,"dED":-13.151,"dAB":-7.332,"af":30.92}},{"type":"Feature","geometry":{"type":"Polygon","coordinates":[[[2.1503,48.8188],[2.1523,48.8488],[2.1826,48.8516],[2.19,48.8295],[2.2191,48.8275],[2.2241,48.8351],[2.2549,48.8105],[2.2348,48.7845],[2.2063,48.7849],[2.203,48.7981],[2.1833,48.7972],[2.174,48.8145],[2.1503,48.8188]]]},"properties":{"id":"92-08","nm":"Meudon","dept":"92","ins":69015,"nbv":73,"dG":1.976,"dCD":15.914,"dED":-14.543,"dAB":-10.967,"af":28.52}},{"type":"Feature","geometry":{"type":"Polygon","coordinates":[[[2.2711,48.8984],[2.3138,48.914],[2.3201,48.9026],[2.2845,48.8856],[2.2711,48.8984]]]},"properties":{"id":"92-05","nm":"Levallois-Perret","dept":"92","ins":77069,"nbv":77,"dG":6.284,"dCD":12.097,"dED":-16.315,"dAB":-4.412,"af":33.15}},{"type":"Feature","geometry":{"type":"Polygon","coordinates":[[[2.2213,48.9212],[2.2855,48.9504],[2.3241,48.946],[2.3368,48.9359],[2.3221,48.9188],[2.2964,48.9127],[2.2789,48.9322],[2.2558,48.9281],[2.254,48.9149],[2.246,48.9185],[2.2291,48.906],[2.2213,48.9212]]]},"properties":{"id":"92-01","nm":"Colombes","dept":"92","ins":66736,"nbv":66,"dG":34.733,"dCD":-17.315,"dED":-15.463,"dAB":9.242,"af":43.89}},{"type":"Feature","geometry":{"type":"Polygon","coordinates":[[[2.2225,48.8831],[2.2475,48.8979],[2.2574,48.8914],[2.2711,48.8984],[2.2845,48.8856],[2.2318,48.8691],[2.2225,48.8831]]]},"properties":{"id":"92-06","nm":"Neuilly-Sur-Seine","dept":"92","ins":76447,"nbv":81,"dG":-12.397,"dCD":27.065,"dED":-11.339,"dAB":-9.946,"af":28.13}},{"type":"Feature","geometry":{"type":"Polygon","coordinates":[[[2.148,48.8693],[2.1689,48.8955],[2.185,48.888],[2.2257,48.8594],[2.2238,48.8297],[2.1808,48.8306],[2.148,48.8693]]]},"properties":{"id":"92-07","nm":"Rueil-Malmaison","dept":"92","ins":88339,"nbv":90,"dG":-6.641,"dCD":21.121,"dED":-12.165,"dAB":-9.16,"af":29.2}},{"type":"Feature","geometry":{"type":"Polygon","coordinates":[[[2.1694,48.8958],[2.2204,48.9206],[2.2368,48.8735],[2.2257,48.8594],[2.1998,48.8614],[2.204,48.879],[2.1694,48.8958]]]},"properties":{"id":"92-04","nm":"Nanterre","dept":"92","ins":80390,"nbv":82,"dG":22.312,"dCD":-6.496,"dED":-13.347,"dAB":1.088,"af":36.7}},{"type":"Feature","geometry":{"type":"Polygon","coordinates":[[[2.3658,48.9034],[2.3661,48.9215],[2.3994,48.9224],[2.4277,48.8959],[2.4116,48.8838],[2.3917,48.9006],[2.3658,48.9034]]]},"properties":{"id":"93-06","nm":"Aubervilliers","dept":"93","ins":58257,"nbv":47,"dG":41.816,"dCD":-22.989,"dED":-18.29,"dAB":9.12,"af":43.01}},{"type":"Feature","geometry":{"type":"Polygon","coordinates":[[[2.4607,48.9584],[2.4925,48.9746],[2.5241,48.9505],[2.509,48.9375],[2.5181,48.9254],[2.5107,48.9146],[2.5213,48.9121],[2.4982,48.8909],[2.4774,48.8888],[2.4807,48.9356],[2.4607,48.9584]]]},"properties":{"id":"93-10","nm":"Aulnay-Sous-Bois","dept":"93","ins":67983,"nbv":81,"dG":19.475,"dCD":-6.778,"dED":-12.316,"dAB":10.295,"af":43.37}},{"type":"Feature","geometry":{"type":"Polygon","coordinates":[[[2.4135,48.8728],[2.4635,48.8784],[2.4828,48.864],[2.4163,48.8492],[2.4135,48.8728]]]},"properties":{"id":"93-07","nm":"Montreuil","dept":"93","ins":82459,"nbv":75,"dG":48.279,"dCD":-26.12,"dED":-19.496,"dAB":2.481,"af":39.03}},{"type":"Feature","geometry":{"type":"Polygon","coordinates":[[[2.3655,48.9588],[2.3842,48.9711],[2.4041,48.9566],[2.4723,48.9516],[2.4842,48.936],[2.4761,48.9189],[2.462,48.9216],[2.4554,48.9364],[2.4265,48.942],[2.4101,48.9166],[2.3801,48.9199],[2.3751,48.9277],[2.3841,48.9425],[2.3655,48.9588]]]},"properties":{"id":"93-04","nm":"Le Blanc-Mesnil","dept":"93","ins":67437,"nbv":65,"dG":36.157,"dCD":-24.624,"dED":-14.077,"dAB":16.217,"af":46.09}},{"type":"Feature","geometry":{"type":"Polygon","coordinates":[[[2.4112,48.9162],[2.4134,48.9355],[2.4328,48.9458],[2.4632,48.9313],[2.4762,48.9129],[2.424,48.8952],[2.4112,48.9162]]]},"properties":{"id":"93-05","nm":"Drancy","dept":"93","ins":65908,"nbv":66,"dG":22.255,"dCD":-7.293,"dED":-14.664,"dAB":12.31,"af":44.43}},{"type":"Feature","geometry":{"type":"Polygon","coordinates":[[[2.399,48.8895],[2.4174,48.8851],[2.4277,48.8959],[2.4714,48.9058],[2.477,48.9202],[2.4914,48.9174],[2.4922,48.8973],[2.4649,48.8781],[2.4158,48.8751],[2.399,48.8895]]]},"properties":{"id":"93-09","nm":"Noisy-Le-Sec","dept":"93","ins":72519,"nbv":73,"dG":35.236,"dCD":-18.016,"dED":-15.078,"dAB":5.785,"af":40.22}},{"type":"Feature","geometry":{"type":"Polygon","coordinates":[[[2.5058,48.9175],[2.5689,48.9433],[2.6033,48.9377],[2.5896,48.9215],[2.588,48.8961],[2.5568,48.8851],[2.5412,48.8972],[2.5114,48.8896],[2.5141,48.9082],[2.5058,48.9175]]]},"properties":{"id":"93-12","nm":"Livry-Gargan","dept":"93","ins":65314,"nbv":70,"dG":11.165,"dCD":-6.447,"dED":-5.533,"dAB":9.386,"af":39.76}},{"type":"Feature","geometry":{"type":"MultiPolygon","coordinates":[[[[2.2889,48.9573],[2.2989,48.9663],[2.3279,48.9595],[2.3616,48.9381],[2.3656,48.9018],[2.3196,48.9014],[2.3138,48.914],[2.3329,48.927],[2.336,48.9405],[2.2889,48.9573]]],[[[2.3693,48.9413],[2.3691,48.9416],[2.3695,48.9417],[2.3693,48.9413]]],[[[2.3746,48.9442],[2.3741,48.9446],[2.3755,48.9441],[2.3746,48.9442]]],[[[2.3771,48.9435],[2.3767,48.9439],[2.3773,48.9437],[2.3771,48.9435]]]]},"properties":{"id":"93-01","nm":"Epinay-Sur-Seine","dept":"93","ins":64571,"nbv":67,"dG":39.271,"dCD":-19.785,"dED":-17.665,"dAB":9.474,"af":43.1}},{"type":"Feature","geometry":{"type":"Polygon","coordinates":[[[2.4653,48.878],[2.5023,48.8993],[2.5144,48.8899],[2.5462,48.8989],[2.5512,48.8863],[2.5714,48.8798],[2.5674,48.8658],[2.5096,48.8768],[2.4916,48.8596],[2.4653,48.878]]]},"properties":{"id":"93-08","nm":"Rosny-Sous-Bois","dept":"93","ins":60435,"nbv":65,"dG":17.796,"dCD":-9.556,"dED":-6.754,"dAB":4.868,"af":39.57}},{"type":"Feature","geometry":{"type":"Polygon","coordinates":[[[2.4949,48.8588],[2.5094,48.8781],[2.5875,48.865],[2.578,48.8483],[2.5959,48.8098],[2.4949,48.8588]]]},"properties":{"id":"93-03","nm":"Noisy-Le-Grand","dept":"93","ins":76122,"nbv":80,"dG":12.213,"dCD":-2.131,"dED":-10.816,"dAB":2.386,"af":38.09}},{"type":"Feature","geometry":{"type":"MultiPolygon","coordinates":[[[[2.334,48.9549],[2.3439,48.9684],[2.367,48.9737],[2.3757,48.9721],[2.3714,48.9488],[2.3981,48.949],[2.3661,48.9182],[2.334,48.9549]]],[[[2.3447,48.9146],[2.3448,48.9148],[2.345,48.9148],[2.3447,48.9146]]]]},"properties":{"id":"93-02","nm":"Saint-Denis","dept":"93","ins":59304,"nbv":59,"dG":47.125,"dCD":-28.036,"dED":-17.634,"dAB":15.367,"af":48.06}},{"type":"Feature","geometry":{"type":"Polygon","coordinates":[[[2.4958,48.975],[2.5322,49.0052],[2.5691,49.0113],[2.5814,48.986],[2.5704,48.9712],[2.5959,48.9386],[2.515,48.9269],[2.5054,48.936],[2.5186,48.9545],[2.4958,48.975]]]},"properties":{"id":"93-11","nm":"Sevran","dept":"93","ins":64617,"nbv":73,"dG":33.872,"dCD":-21.23,"dED":-11.669,"dAB":14.716,"af":43.22}},{"type":"Feature","geometry":{"type":"Polygon","coordinates":[[[2.3702,48.7279],[2.4266,48.745],[2.4266,48.7605],[2.4408,48.7718],[2.4839,48.7576],[2.4998,48.7631],[2.5696,48.7503],[2.5873,48.7639],[2.6018,48.753],[2.5913,48.7442],[2.5947,48.7319],[2.5708,48.7105],[2.5815,48.6974],[2.5492,48.6891],[2.5045,48.7346],[2.4666,48.7282],[2.451,48.7144],[2.4381,48.7247],[2.3766,48.7195],[2.3702,48.7279]]]},"properties":{"id":"94-03","nm":"Limeil-Brévannes","dept":"94","ins":74372,"nbv":80,"dG":10.668,"dCD":-4.369,"dED":-5.529,"dAB":5.607,"af":39.67}},{"type":"Feature","geometry":{"type":"Polygon","coordinates":[[[2.3711,48.77],[2.3716,48.7975],[2.4062,48.7996],[2.4094,48.8166],[2.4225,48.8096],[2.4339,48.784],[2.4282,48.7761],[2.3711,48.77]]]},"properties":{"id":"94-09","nm":"Vitry-Sur-Seine","dept":"94","ins":54445,"nbv":59,"dG":31.127,"dCD":-17.625,"dED":-11.969,"dAB":5.995,"af":40.89}},{"type":"Feature","geometry":{"type":"Polygon","coordinates":[[[2.3179,48.8084],[2.3502,48.8157],[2.3457,48.8043],[2.3671,48.8081],[2.3769,48.7866],[2.3264,48.7812],[2.3179,48.8084]]]},"properties":{"id":"94-11","nm":"Villejuif","dept":"94","ins":66060,"nbv":68,"dG":29.076,"dCD":-11.099,"dED":-15.016,"dAB":0.904,"af":37.85}},{"type":"Feature","geometry":{"type":"Polygon","coordinates":[[[2.4475,48.7935],[2.4607,48.8094],[2.4963,48.8239],[2.5232,48.7996],[2.4978,48.7746],[2.4996,48.763],[2.4846,48.757],[2.4735,48.7617],[2.4712,48.781],[2.4475,48.7935]]]},"properties":{"id":"94-01","nm":"Saint-Maur-Des-Fossés","dept":"94","ins":82182,"nbv":76,"dG":4.827,"dCD":9.866,"dED":-11.631,"dAB":-5.149,"af":32.09}},{"type":"Feature","geometry":{"type":"Polygon","coordinates":[[[2.4647,48.8276],[2.4698,48.8413],[2.5055,48.8572],[2.5408,48.8394],[2.5298,48.8206],[2.5655,48.814],[2.5521,48.8038],[2.5223,48.8042],[2.4647,48.8276]]]},"properties":{"id":"94-05","nm":"Champigny-Sur-Marne","dept":"94","ins":85636,"nbv":85,"dG":7.83,"dCD":5.128,"dED":-11.505,"dAB":-1.021,"af":35.94}},{"type":"Feature","geometry":{"type":"Polygon","coordinates":[[[2.3901,48.8257],[2.4577,48.8171],[2.4732,48.8299],[2.4825,48.82],[2.4338,48.7867],[2.4173,48.8149],[2.3901,48.8257]]]},"properties":{"id":"94-08","nm":"Maisons-Alfort","dept":"94","ins":74524,"nbv":78,"dG":5.397,"dCD":12.277,"dED":-15.354,"dAB":-7.675,"af":31.64}},{"type":"Feature","geometry":{"type":"Polygon","coordinates":[[[2.4947,48.7643],[2.5219,48.7918],[2.525,48.8068],[2.5561,48.8098],[2.5531,48.8185],[2.525,48.8214],[2.5367,48.8385],[2.5964,48.8057],[2.5888,48.7756],[2.6072,48.7745],[2.6156,48.7621],[2.5883,48.763],[2.5753,48.7523],[2.4947,48.7643]]]},"properties":{"id":"94-04","nm":"Sucy-En-Brie","dept":"94","ins":72020,"nbv":78,"dG":2.222,"dCD":3.675,"dED":-4.894,"dAB":-0.413,"af":34.99}},{"type":"Feature","geometry":{"type":"Polygon","coordinates":[[[2.3103,48.7568],[2.3284,48.7844],[2.3436,48.7911],[2.372,48.7723],[2.3987,48.7748],[2.406,48.7511],[2.3567,48.7381],[2.3103,48.7568]]]},"properties":{"id":"94-07","nm":"L'Haÿ-Les-Roses","dept":"94","ins":65684,"nbv":61,"dG":12.759,"dCD":-0.011,"dED":-11.971,"dAB":1.26,"af":36.5}},{"type":"Feature","geometry":{"type":"Polygon","coordinates":[[[2.3693,48.7461],[2.4022,48.752],[2.3987,48.7748],[2.4275,48.7772],[2.4542,48.8058],[2.4605,48.8029],[2.4545,48.7901],[2.4752,48.7828],[2.4735,48.7617],[2.4483,48.7684],[2.4293,48.7608],[2.4366,48.7451],[2.3717,48.7279],[2.3693,48.7461]]]},"properties":{"id":"94-02","nm":"Créteil","dept":"94","ins":60632,"nbv":67,"dG":26.568,"dCD":-12.596,"dED":-12.013,"dAB":6.451,"af":40.25}},{"type":"Feature","geometry":{"type":"MultiPolygon","coordinates":[[[[2.4126,48.8354],[2.4163,48.8492],[2.4264,48.8492],[2.4352,48.8534],[2.4467,48.8524],[2.4668,48.8601],[2.5,48.8557],[2.4832,48.8424],[2.4501,48.8455],[2.4126,48.8354]]],[[[2.4186,48.8494],[2.4186,48.8494],[2.4186,48.8494],[2.4186,48.8494]]]]},"properties":{"id":"94-06","nm":"Fontenay-Sous-Bois","dept":"94","ins":82431,"nbv":80,"dG":13.568,"dCD":4.541,"dED":-15.101,"dAB":-8.285,"af":31.34}},{"type":"Feature","geometry":{"type":"Polygon","coordinates":[[[2.3407,48.8101],[2.3901,48.8257],[2.4085,48.8171],[2.4228,48.791],[2.4013,48.7981],[2.3915,48.7871],[2.3407,48.8101]]]},"properties":{"id":"94-10","nm":"Ivry-Sur-Seine","dept":"94","ins":64451,"nbv":73,"dG":34.082,"dCD":-17.44,"dED":-13.826,"dAB":3.069,"af":38.74}},{"type":"Feature","geometry":{"type":"Polygon","coordinates":[[[1.6101,49.078],[1.6533,49.1287],[1.674,49.2119],[1.7094,49.2415],[1.7404,49.2243],[1.7242,49.2025],[1.7543,49.1751],[1.8031,49.1851],[1.8424,49.1681],[1.8761,49.175],[1.8884,49.1641],[1.9608,49.1743],[1.9736,49.1839],[1.9991,49.1759],[2.0807,49.2107],[2.0909,49.2086],[2.097,49.191],[2.128,49.1936],[2.1649,49.179],[2.1655,49.166],[2.1761,49.176],[2.2186,49.1807],[2.2354,49.167],[2.2235,49.1544],[2.2361,49.1503],[2.2814,49.1596],[2.3013,49.184],[2.3215,49.1844],[2.3593,49.1473],[2.3188,49.1446],[2.3201,49.1249],[2.3056,49.1203],[2.213,49.1258],[2.2111,49.1438],[2.2011,49.149],[2.1919,49.1373],[2.1994,49.1182],[2.1866,49.1071],[2.209,49.0927],[2.204,49.0842],[2.1649,49.0645],[2.1281,49.0647],[2.1013,49.0466],[2.0908,49.0243],[2.0723,49.0472],[2.0905,49.0663],[2.0848,49.0811],[2.0439,49.0827],[2.0358,49.1015],[2.0106,49.0655],[1.9953,49.064],[1.9837,49.0348],[1.9378,49.0219],[1.9057,49.0461],[1.8844,49.034],[1.8812,49.0198],[1.8593,49.0139],[1.8519,49.0354],[1.8614,49.0555],[1.824,49.0761],[1.8023,49.0718],[1.7943,49.0586],[1.7595,49.0619],[1.7512,49.048],[1.7229,49.0447],[1.6947,49.0561],[1.6944,49.0673],[1.6727,49.0784],[1.6458,49.0813],[1.6144,49.0712],[1.6101,49.078]]]},"properties":{"id":"95-01","nm":"Pontoise","dept":"95","ins":82785,"nbv":132,"dG":2.06,"dCD":-2.923,"dED":1.746,"dAB":-1.012,"af":35.6}},{"type":"Feature","geometry":{"type":"Polygon","coordinates":[[[2.2258,48.971],[2.2362,48.9841],[2.2821,48.9771],[2.283,49.003],[2.3015,49.0241],[2.3131,49.0166],[2.3155,48.982],[2.3655,48.9735],[2.3334,48.9553],[2.2258,48.971]]]},"properties":{"id":"95-06","nm":"Sannois","dept":"95","ins":75753,"nbv":75,"dG":7.851,"dCD":1.46,"dED":-8.344,"dAB":1.419,"af":38.12}},{"type":"Feature","geometry":{"type":"Polygon","coordinates":[[[2.2006,48.9087],[2.2033,48.9566],[2.2227,48.9724],[2.2884,48.9598],[2.2923,48.9514],[2.2647,48.9455],[2.2006,48.9087]]]},"properties":{"id":"95-05","nm":"Argenteuil","dept":"95","ins":70843,"nbv":67,"dG":25.367,"dCD":-12.429,"dED":-13.936,"dAB":9.737,"af":41.61}},{"type":"Feature","geometry":{"type":"Polygon","coordinates":[[[2.3644,49.0083],[2.4098,49.0241],[2.4229,49.0189],[2.4282,49.0121],[2.4199,48.9966],[2.4553,48.9557],[2.3979,48.9605],[2.3713,48.9825],[2.3644,49.0083]]]},"properties":{"id":"95-08","nm":"Garges-Lès-Gonesse","dept":"95","ins":51214,"nbv":53,"dG":25.04,"dCD":-13.086,"dED":-11.141,"dAB":15.405,"af":45.32}},{"type":"Feature","geometry":{"type":"MultiPolygon","coordinates":[[[[2.0363,49.0378],[2.0632,49.0464],[2.0935,49.0361],[2.1316,49.0664],[2.1698,49.0644],[2.1972,49.0763],[2.205,49.0913],[2.1809,49.1086],[2.1965,49.1194],[2.1923,49.1557],[2.2118,49.1435],[2.2163,49.1267],[2.3002,49.1214],[2.3151,49.1253],[2.3134,49.1423],[2.3579,49.147],[2.3728,49.1595],[2.391,49.1497],[2.4408,49.1459],[2.3948,49.1142],[2.3962,49.0867],[2.3755,49.0718],[2.335,49.0748],[2.3355,49.0504],[2.2903,49.0463],[2.2574,49.0725],[2.2344,49.0495],[2.2049,49.0587],[2.1682,49.0315],[2.1537,49.0356],[2.1103,49.0088],[2.0875,49.0134],[2.0712,49.0024],[2.0363,49.0378]]],[[[2.0259,49.0527],[2.026,49.0527],[2.026,49.0526],[2.0259,49.0527]]]]},"properties":{"id":"95-02","nm":"Saint-Ouen-L'Aumône","dept":"95","ins":78709,"nbv":80,"dG":4.219,"dCD":-2.177,"dED":-1.722,"dAB":1.111,"af":36.28}},{"type":"Feature","geometry":{"type":"Polygon","coordinates":[[[2.2746,49.0363],[2.2862,49.0502],[2.3299,49.0516],[2.3383,49.0766],[2.3755,49.064],[2.3941,49.0689],[2.4345,49.0345],[2.3717,49.01],[2.3731,48.9986],[2.382,48.9981],[2.3759,48.9902],[2.3824,48.9712],[2.3276,48.984],[2.3166,48.9713],[2.3068,48.9792],[2.3117,49.0156],[2.2905,49.0346],[2.2746,49.0363]]]},"properties":{"id":"95-07","nm":"Montmorency","dept":"95","ins":68539,"nbv":70,"dG":9.371,"dCD":-3.845,"dED":-3.616,"dAB":4.323,"af":38.83}},{"type":"Feature","geometry":{"type":"Polygon","coordinates":[[[2.1161,49.0232],[2.1691,49.0329],[2.2025,49.0602],[2.2354,49.052],[2.2566,49.0751],[2.2812,49.0658],[2.2846,49.0466],[2.2747,49.0365],[2.2457,49.0365],[2.2335,49.0172],[2.2506,49.0008],[2.2437,48.9942],[2.2153,49.0025],[2.2056,48.9916],[2.2287,48.9729],[2.207,48.9605],[2.2059,48.9499],[2.1733,48.9535],[2.1753,48.973],[2.1645,48.983],[2.1207,48.9933],[2.1264,49.0111],[2.1161,49.0232]]]},"properties":{"id":"95-03","nm":"Herblay-Sur-Seine","dept":"95","ins":94424,"nbv":104,"dG":6.028,"dCD":-1.547,"dED":-3.66,"dAB":1.016,"af":37.36}},{"type":"Feature","geometry":{"type":"Polygon","coordinates":[[[2.3673,49.0683],[2.389,49.0824],[2.3893,49.1081],[2.412,49.136],[2.4389,49.1416],[2.4991,49.1222],[2.4965,49.1079],[2.5063,49.1035],[2.528,49.1013],[2.533,49.1195],[2.5569,49.1237],[2.5599,49.0988],[2.5901,49.0779],[2.5773,49.0627],[2.5945,49.0472],[2.5765,49.0459],[2.566,49.0286],[2.5498,49.0231],[2.5493,49.0032],[2.5323,49.0043],[2.5147,48.9822],[2.4558,48.9557],[2.417,48.9984],[2.4239,49.013],[2.4106,49.0239],[2.427,49.0385],[2.3952,49.0675],[2.3673,49.0683]]]},"properties":{"id":"95-09","nm":"Goussainville","dept":"95","ins":69303,"nbv":86,"dG":10.289,"dCD":-8.391,"dED":-0.851,"dAB":10.012,"af":42.32}},{"type":"Feature","geometry":{"type":"Polygon","coordinates":[[[1.9554,49.0229],[1.9609,49.0348],[1.9832,49.0375],[1.9925,49.0612],[2.0111,49.068],[2.0287,49.0985],[2.0403,49.0999],[2.0517,49.0848],[2.0843,49.0842],[2.0957,49.0701],[2.0694,49.0312],[2.0579,49.0442],[2.0407,49.0394],[2.0393,49.0275],[2.0641,49.0085],[2.0436,49.0008],[2.0237,48.998],[1.9923,49.0204],[1.9554,49.0229]]]},"properties":{"id":"95-10","nm":"Cergy","dept":"95","ins":62461,"nbv":68,"dG":16.393,"dCD":-6.021,"dED":-9.308,"dAB":4.151,"af":39.53}},{"type":"Feature","geometry":{"type":"Polygon","coordinates":[[[2.203,48.9853],[2.2445,49.0383],[2.3014,49.0241],[2.288,49.003],[2.2916,48.9768],[2.2425,48.9824],[2.2293,48.9723],[2.203,48.9853]]]},"properties":{"id":"95-04","nm":"Franconville","dept":"95","ins":76262,"nbv":75,"dG":8.874,"dCD":-0.406,"dED":-6.009,"dAB":-0.202,"af":36.34}},{"type":"Feature","geometry":{"type":"MultiPolygon","coordinates":[[[[-13.164,49.3841],[-12.8446,49.6397],[-12.8014,49.6431],[-12.7808,49.486],[-12.6815,49.5297],[-12.6537,49.5023],[-12.7903,49.4462],[-12.7697,49.3927],[-12.8754,49.337],[-13.0338,49.3666],[-13.0749,49.3152],[-13.164,49.3841]]],[[[-12.6379,49.5061],[-12.6387,49.507],[-12.6374,49.5065],[-12.6379,49.5061]]],[[[-13.8626,49.6915],[-13.6151,49.8289],[-13.5377,49.9659],[-13.5749,50.2403],[-13.6691,50.4094],[-13.768,50.4671],[-13.7761,50.7398],[-13.8472,50.8357],[-13.7924,50.9367],[-13.6023,51.0048],[-13.595,50.956],[-13.7526,50.8832],[-13.7329,50.8194],[-13.6109,50.807],[-13.2179,50.6444],[-13.1991,50.5579],[-13.2851,50.3837],[-13.4777,50.2313],[-13.5094,50.0249],[-13.3729,49.9235],[-13.1798,49.9128],[-13.1456,49.7613],[-13.226,49.6765],[-13.6246,49.4569],[-13.6417,49.5057],[-13.72,49.5044],[-13.7226,49.6328],[-13.7996,49.6529],[-13.8519,49.6226],[-13.8626,49.6915]]]]},"properties":{"id":"ZS-01","nm":"Saint-Pierre","dept":"ZS","ins":5069,"nbv":4,"dG":14.808,"dCD":1.767,"dED":-23.597,"dAB":-1.801,"af":41.51}},{"type":"Feature","geometry":{"type":"MultiPolygon","coordinates":[[[[-10.5799,49.5876],[-10.536,49.6198],[-10.5351,49.671],[-10.4278,49.7491],[-10.3223,49.6958],[-10.2275,49.5584],[-10.2471,49.4913],[-10.3454,49.4202],[-10.4348,49.4021],[-10.5321,49.4336],[-10.5799,49.5876]]],[[[-11.1249,50.2842],[-11.1222,50.3008],[-11.0999,50.2787],[-11.1249,50.2842]]],[[[-11.0952,50.275],[-11.0618,50.2906],[-11.1066,50.3543],[-11.1009,50.4159],[-11.121,50.4409],[-11.0685,50.5056],[-11.0573,50.5992],[-11.0217,50.5811],[-10.8505,50.6173],[-10.7844,50.5489],[-10.7446,50.5484],[-10.7371,50.5016],[-10.8144,50.482],[-10.8674,50.3711],[-11.0083,50.3149],[-11.069,50.2599],[-11.0952,50.275]]],[[[-11.2225,50.5764],[-11.2059,50.6073],[-11.1791,50.5957],[-11.1843,50.5863],[-11.2225,50.5764]]]]},"properties":{"id":"ZA-01","nm":"Les Abymes","dept":"ZA","ins":75757,"nbv":105,"dG":56.113,"dCD":-42.907,"dED":-22.27,"dAB":25.546,"af":61.97}},{"type":"Feature","geometry":{"type":"MultiPolygon","coordinates":[[[[-9.9893,50.4585],[-9.969,50.5033],[-9.7659,50.5972],[-9.7498,50.5583],[-9.8736,50.4905],[-9.9893,50.4585]]],[[[-10.07,50.1567],[-10.0363,50.1581],[-10.0004,50.178],[-10.0123,50.1497],[-10.07,50.1567]]],[[[-11.0858,50.8151],[-11.0548,50.8731],[-10.8951,51.0048],[-10.8857,50.9721],[-10.8434,50.9701],[-10.7606,50.8892],[-10.7312,50.7688],[-10.7406,50.665],[-10.6856,50.5841],[-10.4816,50.5425],[-10.3865,50.4833],[-10.3493,50.4142],[-10.1698,50.3406],[-10.3788,50.3644],[-10.6549,50.3082],[-10.8978,50.2183],[-11.0444,50.2617],[-11.0586,50.2706],[-11.014,50.3174],[-10.8515,50.385],[-10.8092,50.4986],[-10.7852,50.4858],[-10.7411,50.5078],[-10.7547,50.5464],[-10.8275,50.569],[-10.8582,50.613],[-10.983,50.6128],[-10.9719,50.67],[-11.0469,50.7094],[-11.0858,50.8151]]]]},"properties":{"id":"ZA-02","nm":"Le Gosier","dept":"ZA","ins":88708,"nbv":115,"dG":13.416,"dCD":-17.467,"dED":-18.429,"dAB":23.175,"af":59.04}},{"type":"Feature","geometry":{"type":"MultiPolygon","coordinates":[[[[-11.7502,50.407],[-11.7321,50.5053],[-11.6974,50.5578],[-11.5872,50.6274],[-11.5085,50.5665],[-11.3567,50.5269],[-11.2943,50.4783],[-11.2339,50.4803],[-11.2636,50.4305],[-11.2455,50.4115],[-11.2242,50.4291],[-11.2208,50.3944],[-11.1809,50.4343],[-11.121,50.4372],[-11.1068,50.3171],[-11.0865,50.3042],[-11.1014,50.2842],[-11.1863,50.3124],[-11.2064,50.2129],[-11.169,50.0787],[-11.1326,50.0539],[-11.1541,50.0058],[-11.2841,49.9382],[-11.3879,49.9655],[-11.43,50.015],[-11.5058,50.021],[-11.5684,50.177],[-11.6662,50.1861],[-11.696,50.2146],[-11.6903,50.2896],[-11.7299,50.332],[-11.7502,50.407]]],[[[-11.1358,50.1014],[-11.1361,50.1037],[-11.1341,50.1032],[-11.1358,50.1014]]],[[[-11.6806,50.64],[-11.6714,50.6428],[-11.6722,50.6329],[-11.6806,50.64]]]]},"properties":{"id":"ZA-03","nm":"Baie-Mahault","dept":"ZA","ins":85766,"nbv":103,"dG":29.596,"dCD":-31.497,"dED":-7.576,"dAB":24.329,"af":60.2}},{"type":"Feature","geometry":{"type":"MultiPolygon","coordinates":[[[[-11.6994,50.1443],[-11.6957,50.1505],[-11.6974,50.1425],[-11.6994,50.1443]]],[[[-11.6645,50.1307],[-11.6804,50.1963],[-11.5739,50.1846],[-11.5117,50.0323],[-11.4278,50.0155],[-11.3847,49.9652],[-11.2832,49.9402],[-11.1774,49.9982],[-11.1373,49.9952],[-11.1202,49.8637],[-11.143,49.8162],[-11.2628,49.7077],[-11.278,49.6616],[-11.4934,49.6039],[-11.5053,49.6658],[-11.5897,49.7515],[-11.6529,49.885],[-11.6549,50.0588],[-11.6766,50.0782],[-11.6645,50.1307]]],[[[-11.3562,49.3543],[-11.3186,49.4123],[-11.2646,49.3739],[-11.3139,49.334],[-11.3562,49.3543]]],[[[-11.2472,49.3781],[-11.2203,49.4071],[-11.2349,49.4279],[-11.1576,49.4415],[-11.1477,49.4167],[-11.1762,49.3739],[-11.2472,49.3781]]],[[[-11.2099,49.3424],[-11.1918,49.3206],[-11.1945,49.3152],[-11.2269,49.3254],[-11.2099,49.3424]]],[[[-11.2576,49.3338],[-11.25,49.3216],[-11.2609,49.331],[-11.2576,49.3338]]]]},"properties":{"id":"ZA-04","nm":"Capesterre-Belle-Eau","dept":"ZA","ins":68730,"nbv":96,"dG":30.487,"dCD":-17.626,"dED":-23.374,"dAB":23.346,"af":55.31}},{"type":"Feature","geometry":{"type":"Polygon","coordinates":[[[-8.4766,50.4721],[-8.3595,50.5384],[-8.2379,50.5084],[-8.0897,50.6051],[-8.032,50.5464],[-7.7964,50.6642],[-7.7494,50.6531],[-7.7415,50.5878],[-7.8006,50.5813],[-7.8058,50.5105],[-7.87,50.508],[-7.9273,50.5633],[-7.9837,50.5281],[-7.945,50.4669],[-7.8845,50.4428],[-7.8793,50.3934],[-7.7944,50.3778],[-7.7695,50.3326],[-7.8976,50.3512],[-7.9799,50.2828],[-7.927,50.2275],[-7.7709,50.3001],[-7.8092,50.2054],[-7.7992,50.1239],[-7.7322,50.108],[-7.7515,50.0804],[-7.7256,50.061],[-7.7,50.0838],[-7.7166,50.1077],[-7.6534,50.1394],[-7.6648,50.078],[-7.7318,50.0317],[-7.6596,50.0009],[-7.8261,49.9146],[-7.9609,49.9971],[-7.9691,50.0462],[-8.0261,50.0783],[-8.1574,49.9902],[-8.1902,49.9111],[-8.2231,49.9881],[-8.2652,49.9868],[-8.2728,50.0607],[-8.3032,50.0655],[-8.3208,50.1996],[-8.1778,50.2417],[-8.1768,50.3025],[-8.4766,50.4721]]]},"properties":{"id":"ZB-01","nm":"Le Lamentin","dept":"ZB","ins":80328,"nbv":85,"dG":59.077,"dCD":-41.882,"dED":-23.029,"dAB":29.155,"af":63.08}},{"type":"Feature","geometry":{"type":"MultiPolygon","coordinates":[[[[-8.0576,50.6341],[-8.0545,50.6352],[-8.0541,50.6348],[-8.0576,50.6341]]],[[[-8.9737,50.7713],[-8.9654,50.8431],[-8.8932,50.9478],[-8.6963,51.0048],[-8.5771,50.9761],[-8.3706,50.848],[-8.2835,50.8362],[-8.2427,50.7619],[-8.1875,50.7595],[-8.1781,50.6977],[-8.1401,50.6929],[-8.0897,50.6051],[-8.2341,50.507],[-8.3557,50.5346],[-8.4625,50.4618],[-8.1647,50.2997],[-8.175,50.2396],[-8.3605,50.2009],[-8.4773,50.2956],[-8.4573,50.3958],[-8.497,50.412],[-8.5388,50.3502],[-8.4645,50.1097],[-8.4853,50.0797],[-8.496,50.0438],[-8.5022,50.0427],[-8.5575,50.1194],[-8.6525,50.1567],[-8.7246,50.2365],[-8.8217,50.4168],[-8.7955,50.5464],[-8.9222,50.6704],[-8.9737,50.7713]]],[[[-8.4766,50.0918],[-8.4766,50.0918],[-8.4766,50.0918],[-8.4766,50.0918]]]]},"properties":{"id":"ZB-02","nm":"Sainte-Marie","dept":"ZB","ins":79675,"nbv":101,"dG":39.397,"dCD":-21.871,"dED":-22.279,"dAB":24.589,"af":60.28}},{"type":"Feature","geometry":{"type":"Polygon","coordinates":[[[-8.5371,50.3547],[-8.4953,50.4151],[-8.44,50.3985],[-8.4676,50.3022],[-8.3063,50.1747],[-8.3105,50.0227],[-8.5008,50.0372],[-8.4683,50.1709],[-8.5371,50.3547]]]},"properties":{"id":"ZB-03","nm":"Fort-De-France","dept":"ZB","ins":60258,"nbv":61,"dG":39.879,"dCD":-34.876,"dED":-25.821,"dAB":25.678,"af":62.37}},{"type":"Feature","geometry":{"type":"MultiPolygon","coordinates":[[[[-8.5312,49.7221],[-8.4576,49.8527],[-8.4141,49.8389],[-8.3633,49.9114],[-8.2801,49.8323],[-8.24,49.8693],[-8.1933,49.8216],[-8.1547,49.8292],[-8.1256,49.8793],[-8.1906,49.9128],[-8.1657,49.9864],[-8.089,50.0593],[-8.0165,50.0735],[-7.9349,49.976],[-7.8251,49.9249],[-7.6655,49.9916],[-7.6327,49.9425],[-7.5819,49.9332],[-7.6151,49.87],[-7.5263,49.5584],[-7.5677,49.5404],[-7.5494,49.5035],[-7.6037,49.3874],[-7.6576,49.3902],[-7.7232,49.3152],[-7.8134,49.4254],[-7.7709,49.4824],[-7.7816,49.5304],[-7.7322,49.5619],[-7.7467,49.5905],[-7.8351,49.5166],[-7.8935,49.584],[-8.126,49.6047],[-8.1533,49.5809],[-8.2573,49.6289],[-8.4003,49.5442],[-8.4649,49.594],[-8.4853,49.7132],[-8.5312,49.7221]]],[[[-8.1989,49.87],[-8.1968,49.869],[-8.1982,49.8686],[-8.1989,49.87]]],[[[-8.3143,49.4997],[-8.3156,49.5049],[-8.3136,49.4993],[-8.3143,49.4997]]]]},"properties":{"id":"ZB-04","nm":"Ducos","dept":"ZB","ins":84422,"nbv":86,"dG":-25.04,"dCD":-10.325,"dED":-35.658,"dAB":14.499,"af":53.92}},{"type":"Feature","geometry":{"type":"MultiPolygon","coordinates":[[[[-13.387,47.2256],[-13.369,47.2346],[-13.3754,47.2506],[-13.3698,47.2574],[-13.3712,47.278],[-13.3571,47.2803],[-13.3621,47.2936],[-13.3406,47.3207],[-13.3282,47.3281],[-13.3314,47.3481],[-13.3138,47.3704],[-13.3096,47.3868],[-13.2869,47.3979],[-13.2814,47.4097],[-13.2667,47.4158],[-13.2672,47.4551],[-13.2534,47.4783],[-13.2517,47.4896],[-13.2544,47.4998],[-13.2626,47.5071],[-13.2729,47.505],[-13.2799,47.5312],[-13.2955,47.5382],[-13.3075,47.5575],[-13.2993,47.5734],[-13.3011,47.6001],[-13.2846,47.6123],[-13.2868,47.6257],[-13.2942,47.6337],[-13.2874,47.6508],[-13.2735,47.6656],[-13.2748,47.685],[-13.268,47.6933],[-13.2742,47.6984],[-13.2844,47.6917],[-13.2901,47.6943],[-13.2869,47.7083],[-13.2924,47.7388],[-13.3132,47.7671],[-13.3235,47.7712],[-13.3342,47.7902],[-13.3205,47.7927],[-13.3027,47.813],[-13.2902,47.8188],[-13.2894,47.8274],[-13.2998,47.8349],[-13.2986,47.8393],[-13.2803,47.8488],[-13.2742,47.8566],[-13.2639,47.8585],[-13.256,47.8673],[-13.2474,47.8643],[-13.243,47.8728],[-13.2227,47.8806],[-13.2171,47.896],[-13.204,47.898],[-13.198,47.9059],[-13.2006,47.9189],[-13.1887,47.9246],[-13.1862,47.9398],[-13.163,47.9529],[-13.1619,47.9595],[-13.1535,47.9664],[-13.1444,47.9678],[-13.1434,48.0003],[-13.1509,48.0111],[-13.146,48.0153],[-13.1436,48.0278],[-13.1583,48.0452],[-13.1591,48.0613],[-13.1639,48.0667],[-13.1571,48.0827],[-13.1468,48.087],[-13.147,48.0931],[-13.1379,48.0924],[-13.1272,48.1209],[-13.1214,48.1221],[-13.1163,48.135],[-13.1101,48.1369],[-13.1041,48.1469],[-13.1038,48.1596],[-13.0858,48.1697],[-13.0853,48.1774],[-13.0723,48.1906],[-13.0693,48.2003],[-13.0617,48.2023],[-13.0599,48.2103],[-13.0519,48.2119],[-13.0491,48.219],[-13.0248,48.2161],[-13.0004,48.1986],[-12.9743,48.1922],[-12.9569,48.23],[-12.9548,48.2486],[-12.9386,48.2365],[-12.9322,48.241],[-12.9359,48.2514],[-12.9336,48.269],[-12.9399,48.2802],[-12.9468,48.2798],[-12.9491,48.2879],[-12.9386,48.2854],[-12.9395,48.2958],[-12.9292,48.3075],[-12.917,48.3095],[-12.9135,48.3251],[-12.8948,48.3305],[-12.8954,48.3253],[-12.8884,48.3243],[-12.877,48.311],[-12.8788,48.305],[-12.87,48.2942],[-12.8827,48.277],[-12.8708,48.2779],[-12.8652,48.285],[-12.8541,48.2851],[-12.825,48.2546],[-12.8068,48.2502],[-12.758,48.2117],[-12.7525,48.1738],[-12.7392,48.152],[-12.7235,48.0916],[-12.719,48.0938],[-12.7202,48.1793],[-12.7148,48.1968],[-12.6897,48.1971],[-12.6656,48.178],[-12.6534,48.1521],[-12.6465,48.1024],[-12.6353,48.0909],[-12.638,48.0797],[-12.6197,48.0636],[-12.6092,48.0655],[-12.6218,48.0476],[-12.6141,48.019],[-12.595,47.995],[-12.593,47.9868],[-12.5826,47.9753],[-12.5752,47.9748],[-12.5826,47.9633],[-12.5926,47.9054],[-12.6499,47.868],[-12.6517,47.8458],[-12.66,47.8265],[-12.6871,47.801],[-12.6952,47.7873],[-12.717,47.7749],[-12.718,47.7499],[-12.7317,47.7485],[-12.742,47.7406],[-12.7515,47.712],[-12.7494,47.7043],[-12.7887,47.6509],[-12.7995,47.6266],[-12.8433,47.5586],[-12.845,47.5481],[-12.8655,47.5214],[-12.8703,47.5205],[-12.8774,47.527],[-12.8925,47.5149],[-12.8977,47.502],[-12.8966,47.4904],[-12.911,47.4879],[-12.9148,47.4772],[-12.9114,47.4728],[-12.9209,47.4686],[-12.9144,47.4643],[-12.9174,47.4534],[-12.9087,47.4448],[-12.9391,47.3822],[-12.9407,47.373],[-12.9329,47.3686],[-12.9394,47.3597],[-12.9546,47.3557],[-12.9783,47.3109],[-12.981,47.2916],[-13.0047,47.2437],[-13.0114,47.2445],[-13.0162,47.2396],[-13.0108,47.23],[-13.0131,47.2242],[-13.0037,47.2114],[-13.0083,47.1998],[-13.0143,47.2009],[-13.0191,47.1962],[-13.0154,47.1816],[-13.0313,47.1703],[-13.0356,47.161],[-13.0468,47.1593],[-13.0429,47.1498],[-13.059,47.1409],[-13.0668,47.1125],[-13.0899,47.1056],[-13.0934,47.0981],[-13.1568,47.0684],[-13.1579,47.0607],[-13.1653,47.0589],[-13.1676,47.0499],[-13.1732,47.0478],[-13.1811,47.0241],[-13.1956,47.0258],[-13.199,47.0205],[-13.2192,47.0152],[-13.2517,47.026],[-13.2615,47.0392],[-13.2751,47.0429],[-13.324,47.0359],[-13.3318,47.0311],[-13.3416,47.0357],[-13.3509,47.0255],[-13.3594,47.0249],[-13.3584,47.0395],[-13.3489,47.0427],[-13.3494,47.0536],[-13.3434,47.0514],[-13.3341,47.0606],[-13.348,47.0638],[-13.3594,47.0797],[-13.3688,47.0812],[-13.3764,47.0961],[-13.3648,47.105],[-13.3634,47.1171],[-13.3519,47.126],[-13.3425,47.1446],[-13.3548,47.1501],[-13.3679,47.1664],[-13.3773,47.1688],[-13.378,47.18],[-13.3839,47.1861],[-13.3736,47.1956],[-13.3724,47.2103],[-13.3816,47.215],[-13.387,47.2256]],[[-13.0042,47.6502],[-13.0034,47.6459],[-12.9944,47.6464],[-12.9753,47.6368],[-12.969,47.6292],[-12.957,47.6329],[-12.9507,47.6304],[-12.9481,47.608],[-12.9389,47.6019],[-12.9288,47.6067],[-12.9224,47.5985],[-12.8917,47.6116],[-12.8787,47.6255],[-12.8691,47.6434],[-12.8479,47.8266],[-12.8524,47.8325],[-12.8566,47.8323],[-12.8577,47.8232],[-12.8672,47.8101],[-12.8758,47.8087],[-12.8825,47.7956],[-12.9115,47.7872],[-12.9322,47.788],[-12.9371,47.7711],[-12.9344,47.7666],[-12.9382,47.7304],[-12.9485,47.7173],[-12.9731,47.7103],[-12.9824,47.7164],[-12.9876,47.6997],[-12.9865,47.6807],[-12.9925,47.6641],[-13.0042,47.6502]]],[[[-12.7249,48.2687],[-12.7245,48.2691],[-12.7245,48.2691],[-12.7249,48.2687]]],[[[-12.7403,48.2656],[-12.7404,48.2657],[-12.7404,48.2658],[-12.7403,48.2656]]],[[[-12.8423,48.2996],[-12.8402,48.3018],[-12.8397,48.3002],[-12.8423,48.2996]]],[[[-12.8323,48.2996],[-12.8335,48.2995],[-12.8323,48.3005],[-12.8323,48.2996]]],[[[-12.8525,48.3194],[-12.8498,48.3193],[-12.8499,48.3169],[-12.8525,48.3194]]],[[[-12.8734,48.3335],[-12.8734,48.3336],[-12.8733,48.3335],[-12.8734,48.3335]]]]},"properties":{"id":"ZC-01","nm":"Cayenne","dept":"ZC","ins":55455,"nbv":74,"dG":-26.599,"dCD":-0.276,"dED":-35.753,"dAB":12.623,"af":56.4}},{"type":"Feature","geometry":{"type":"MultiPolygon","coordinates":[[[[-12.922,48.3717],[-12.9221,48.3719],[-12.922,48.372],[-12.922,48.3717]]],[[[-13.9248,48.3049],[-13.9063,48.3293],[-13.9053,48.3593],[-13.8951,48.3811],[-13.8955,48.3897],[-13.8753,48.4033],[-13.8729,48.4138],[-13.8636,48.4204],[-13.8434,48.4592],[-13.8294,48.4766],[-13.7847,48.5056],[-13.7675,48.5243],[-13.7535,48.549],[-13.7436,48.5547],[-13.7296,48.5776],[-13.7087,48.5976],[-13.7029,48.6154],[-13.7116,48.6463],[-13.6836,48.7034],[-13.6562,48.7003],[-13.6468,48.7048],[-13.6252,48.695],[-13.6215,48.6973],[-13.595,48.6893],[-13.5073,48.6393],[-13.4497,48.6197],[-13.4188,48.6181],[-13.3749,48.6059],[-13.3681,48.6073],[-13.3655,48.616],[-13.3564,48.6176],[-13.3501,48.6106],[-13.2888,48.5916],[-13.2608,48.5722],[-13.2001,48.5651],[-13.1584,48.53],[-13.1465,48.5088],[-13.1259,48.4996],[-13.1247,48.4916],[-13.1043,48.4711],[-13.0692,48.4462],[-13.0513,48.4281],[-13.0518,48.4214],[-13.0268,48.4023],[-13.0188,48.4034],[-12.9224,48.3125],[-12.9392,48.2951],[-12.9368,48.2887],[-12.9403,48.2811],[-12.9327,48.2744],[-12.9359,48.258],[-12.9308,48.2391],[-12.9366,48.2357],[-12.9449,48.2417],[-12.9572,48.241],[-12.9562,48.2307],[-12.9742,48.1916],[-13.0013,48.1989],[-13.0304,48.2178],[-13.0466,48.2178],[-13.0609,48.2013],[-13.0692,48.2003],[-13.0715,48.1895],[-13.0849,48.1777],[-13.0849,48.1686],[-13.1024,48.1595],[-13.1096,48.1368],[-13.116,48.1348],[-13.1215,48.1213],[-13.1273,48.1198],[-13.1304,48.1014],[-13.1361,48.0993],[-13.1374,48.0924],[-13.1567,48.0825],[-13.1635,48.0669],[-13.1592,48.0631],[-13.158,48.045],[-13.1436,48.0281],[-13.1484,48.0115],[-13.1426,48.0008],[-13.1426,47.9683],[-13.1521,47.9659],[-13.16,47.9602],[-13.1607,47.9527],[-13.1692,47.9517],[-13.1744,47.9435],[-13.1847,47.9398],[-13.1862,47.9231],[-13.1982,47.9199],[-13.1969,47.9074],[-13.2041,47.8972],[-13.2162,47.8962],[-13.2221,47.8807],[-13.2423,47.873],[-13.2463,47.8645],[-13.2562,47.8668],[-13.2639,47.8583],[-13.2741,47.8564],[-13.2983,47.8394],[-13.2988,47.8343],[-13.2891,47.8271],[-13.2897,47.8194],[-13.303,47.8126],[-13.3195,47.7933],[-13.3342,47.7887],[-13.3238,47.7717],[-13.3134,47.7676],[-13.2926,47.7393],[-13.2869,47.7078],[-13.2902,47.6948],[-13.2842,47.6924],[-13.274,47.6985],[-13.2675,47.6919],[-13.2746,47.6845],[-13.2732,47.6661],[-13.2871,47.6509],[-13.2934,47.6351],[-13.2841,47.613],[-13.3011,47.5994],[-13.2991,47.5734],[-13.307,47.5577],[-13.2954,47.5383],[-13.2792,47.5325],[-13.2744,47.5166],[-13.2866,47.5182],[-13.3077,47.5347],[-13.3117,47.5448],[-13.3413,47.5574],[-13.3392,47.5959],[-13.3557,47.6013],[-13.3754,47.5988],[-13.3785,47.6035],[-13.4011,47.6105],[-13.4181,47.6118],[-13.4279,47.6063],[-13.4294,47.6163],[-13.4249,47.6184],[-13.4242,47.6303],[-13.415,47.6434],[-13.4133,47.6813],[-13.4084,47.6931],[-13.4153,47.7086],[-13.4234,47.7121],[-13.4248,47.7339],[-13.4208,47.7469],[-13.4353,47.767],[-13.4498,47.7728],[-13.468,47.7909],[-13.471,47.804],[-13.4758,47.8055],[-13.4727,47.8133],[-13.4839,47.8261],[-13.4936,47.8287],[-13.4951,47.8381],[-13.4889,47.8473],[-13.4991,47.8534],[-13.515,47.8481],[-13.5188,47.8596],[-13.5269,47.8563],[-13.5369,47.8631],[-13.5438,47.8614],[-13.5504,47.8687],[-13.5638,47.8692],[-13.5688,47.8735],[-13.5773,47.8685],[-13.581,47.8716],[-13.5845,47.9051],[-13.5714,47.9168],[-13.5886,47.9304],[-13.5819,47.9418],[-13.5844,47.9794],[-13.5888,47.9823],[-13.5921,47.9986],[-13.601,48.0078],[-13.6148,48.0152],[-13.6316,48.0167],[-13.6358,48.027],[-13.6513,48.0388],[-13.6556,48.0553],[-13.6531,48.0601],[-13.6607,48.0663],[-13.6585,48.0719],[-13.6665,48.0854],[-13.6715,48.0868],[-13.6792,48.0801],[-13.6876,48.0851],[-13.6839,48.1023],[-13.6911,48.1179],[-13.6916,48.1333],[-13.6825,48.1549],[-13.6845,48.1593],[-13.7073,48.1454],[-13.7311,48.1412],[-13.7379,48.1214],[-13.7388,48.0502],[-13.7342,47.9913],[-13.7371,47.9874],[-13.7455,47.9908],[-13.756,47.9832],[-13.765,47.9853],[-13.7843,47.9947],[-13.7871,48.0028],[-13.7994,48.0062],[-13.8064,48.0025],[-13.809,47.9949],[-13.8048,47.9871],[-13.8066,47.9738],[-13.8321,47.9393],[-13.8369,47.9435],[-13.8509,47.9437],[-13.8519,47.9497],[-13.8636,47.9594],[-13.8804,47.9639],[-13.8858,47.9772],[-13.8791,48.0039],[-13.8848,48.0239],[-13.8809,48.0458],[-13.8855,48.0523],[-13.9002,48.0561],[-13.9,48.0743],[-13.907,48.0868],[-13.9025,48.0995],[-13.9072,48.1055],[-13.9106,48.128],[-13.9056,48.136],[-13.8973,48.1388],[-13.8928,48.1512],[-13.8942,48.1675],[-13.9023,48.182],[-13.8963,48.2112],[-13.8983,48.2195],[-13.914,48.2217],[-13.9187,48.2299],[-13.9156,48.2474],[-13.9188,48.2913],[-13.9248,48.3049]]],[[[-13.8483,47.2308],[-13.8305,47.2507],[-13.8235,47.2775],[-13.8002,47.297],[-13.7927,47.316],[-13.7967,47.3285],[-13.7871,47.3311],[-13.7837,47.3415],[-13.7907,47.3538],[-13.7864,47.3663],[-13.7889,47.3728],[-13.7805,47.3786],[-13.7836,47.3837],[-13.7777,47.3932],[-13.7861,47.4082],[-13.7787,47.4153],[-13.7905,47.4387],[-13.7812,47.4442],[-13.7842,47.4498],[-13.7813,47.4581],[-13.7871,47.4704],[-13.7923,47.4665],[-13.7984,47.4684],[-13.7997,47.4802],[-13.794,47.4839],[-13.7879,47.5055],[-13.7809,47.5064],[-13.7629,47.5336],[-13.7461,47.5499],[-13.7377,47.546],[-13.7311,47.5517],[-13.7242,47.5795],[-13.7267,47.5895],[-13.7049,47.6086],[-13.7081,47.617],[-13.6989,47.6553],[-13.7031,47.6615],[-13.7024,47.6756],[-13.6921,47.6827],[-13.6894,47.6932],[-13.703,47.7142],[-13.716,47.7057],[-13.7222,47.7075],[-13.7231,47.7158],[-13.7377,47.7263],[-13.7363,47.7452],[-13.7557,47.7818],[-13.7917,47.7888],[-13.7934,47.7966],[-13.7888,47.8072],[-13.8116,47.8163],[-13.8179,47.8319],[-13.8316,47.8455],[-13.8323,47.857],[-13.7625,47.8446],[-13.6555,47.8484],[-13.6524,47.8165],[-13.6415,47.8224],[-13.6418,47.8305],[-13.6288,47.8426],[-13.616,47.8416],[-13.6057,47.8485],[-13.61,47.6752],[-13.4088,47.2237],[-13.8483,47.2308]]],[[[-13.6055,47.8498],[-13.6055,47.8498],[-13.6055,47.8499],[-13.6055,47.8498]]]]},"properties":{"id":"ZC-02","nm":"Saint-Laurent-Du-Maroni","dept":"ZC","ins":47194,"nbv":60,"dG":18.045,"dCD":-1.556,"dED":-31.065,"dAB":26.665,"af":63.88}},{"type":"Feature","geometry":{"type":"MultiPolygon","coordinates":[[[[-10.7966,48.541],[-10.7969,48.5406],[-10.7966,48.541],[-10.7966,48.541]]],[[[-11.2413,48.6244],[-11.1556,48.679],[-11.002,48.7048],[-10.8728,48.6587],[-10.8391,48.5724],[-10.879,48.5495],[-10.8604,48.5158],[-10.9039,48.5001],[-10.9594,48.3899],[-10.8627,48.3245],[-10.963,48.2365],[-11.0379,48.316],[-11.153,48.3399],[-11.1416,48.4265],[-11.2413,48.6244]]],[[[-10.8558,48.5168],[-10.8555,48.5174],[-10.8545,48.5174],[-10.8558,48.5168]]]]},"properties":{"id":"ZD-01","nm":"Saint-Denis","dept":"ZD","ins":88547,"nbv":106,"dG":20.274,"dCD":-15.049,"dED":-7.491,"dAB":18.443,"af":50.86}},{"type":"Feature","geometry":{"type":"MultiPolygon","coordinates":[[[[-11.6801,48.2091],[-11.5598,48.2947],[-11.5438,48.5243],[-11.3894,48.5227],[-11.242,48.6253],[-11.1396,48.4269],[-11.1462,48.3484],[-11.0458,48.3193],[-10.963,48.2365],[-11.0111,48.0652],[-10.9539,48.0054],[-11.0847,47.9027],[-11.1638,47.9599],[-11.2933,47.9792],[-11.431,48.0779],[-11.4614,48.0482],[-11.4718,48.0982],[-11.5216,48.0923],[-11.5569,48.1362],[-11.5922,48.1048],[-11.6,48.1443],[-11.6406,48.1518],[-11.6331,48.1895],[-11.6801,48.2091]]],[[[-11.4745,48.0122],[-11.4444,47.9913],[-11.4669,47.9825],[-11.4745,48.0122]]],[[[-11.5006,48.0511],[-11.5016,48.0505],[-11.5016,48.0518],[-11.5006,48.0511]]],[[[-11.5892,48.0188],[-11.5912,48.0194],[-11.587,48.0194],[-11.5892,48.0188]]],[[[-11.69,47.9847],[-11.6893,47.9854],[-11.689,47.9851],[-11.69,47.9847]]],[[[-11.7419,48.1159],[-11.7554,48.1587],[-11.7007,48.1244],[-11.7419,48.1159]]],[[[-11.7158,48.1839],[-11.7151,48.1849],[-11.7128,48.1839],[-11.7158,48.1839]]]]},"properties":{"id":"ZD-02","nm":"Saint-Paul","dept":"ZD","ins":101743,"nbv":142,"dG":16.198,"dCD":-21.966,"dED":-16.662,"dAB":19.673,"af":48.76}},{"type":"Feature","geometry":{"type":"MultiPolygon","coordinates":[[[[-11.1504,47.832],[-10.9539,48.005],[-10.8273,47.8961],[-10.8025,47.8353],[-10.5978,47.8487],[-10.536,47.7215],[-10.4519,47.6882],[-10.3839,47.7395],[-10.3104,47.6201],[-10.3319,47.5914],[-10.3843,47.6443],[-10.4362,47.6152],[-10.4846,47.5538],[-10.5036,47.3942],[-10.722,47.2506],[-10.8048,47.3082],[-10.793,47.3386],[-10.9012,47.4521],[-10.9621,47.3615],[-11.0729,47.3255],[-11.1187,47.3569],[-11.0808,47.3968],[-11.1334,47.5122],[-11.0706,47.5698],[-11.0396,47.6591],[-11.1504,47.832]]],[[[-11.1988,47.5521],[-11.1929,47.5845],[-11.1524,47.5852],[-11.152,47.575],[-11.1988,47.5521]]]]},"properties":{"id":"ZD-03","nm":"Le Tampon","dept":"ZD","ins":98835,"nbv":129,"dG":-0.087,"dCD":1.892,"dED":-5.252,"dAB":16.537,"af":42.41}},{"type":"Feature","geometry":{"type":"Polygon","coordinates":[[[-11.1498,47.2928],[-10.9706,47.3559],[-10.9032,47.4534],[-10.7348,47.2654],[-10.6926,47.268],[-10.5072,47.3935],[-10.4915,47.5394],[-10.3872,47.6489],[-10.3303,47.5868],[-10.3447,47.5191],[-10.2512,47.5008],[-10.2364,47.4168],[-10.1992,47.3854],[-10.2224,47.2892],[-10.1652,47.0669],[-10.3466,47.0152],[-10.4781,47.0204],[-10.554,47.0692],[-10.6164,47.0492],[-10.9643,47.1686],[-11.1498,47.2928]]]},"properties":{"id":"ZD-04","nm":"Saint-Pierre","dept":"ZD","ins":111483,"nbv":160,"dG":13.102,"dCD":-5.996,"dED":-10.756,"dAB":12.698,"af":44.64}},{"type":"Feature","geometry":{"type":"MultiPolygon","coordinates":[[[[-11.0199,48.0688],[-10.947,48.2499],[-10.8123,48.2859],[-10.7717,48.2604],[-10.6615,48.2666],[-10.5301,48.3804],[-10.3924,48.4416],[-10.3682,48.5164],[-10.3372,48.5164],[-10.3362,48.4596],[-10.2593,48.486],[-10.1835,48.3667],[-10.1635,48.2071],[-10.0762,48.1218],[-10.0618,48.0603],[-9.9144,47.8831],[-9.7679,47.8131],[-9.7404,47.7608],[-9.7378,47.6839],[-9.81,47.5819],[-9.8496,47.436],[-9.8254,47.2029],[-9.864,47.1395],[-9.9497,47.0907],[-10.1805,47.0548],[-10.1854,47.1973],[-10.2227,47.2742],[-10.2077,47.3818],[-10.2554,47.4988],[-10.3551,47.5194],[-10.3169,47.628],[-10.3758,47.731],[-10.4431,47.6891],[-10.5376,47.7189],[-10.5948,47.8461],[-10.8139,47.8288],[-10.8496,47.9194],[-11.0199,48.0688]]],[[[-10.3787,48.5387],[-10.4114,48.5367],[-10.415,48.5779],[-10.3797,48.5707],[-10.3787,48.5387]]],[[[-10.3202,48.5305],[-10.3208,48.5308],[-10.3198,48.5305],[-10.3202,48.5305]]]]},"properties":{"id":"ZD-05","nm":"Saint-Benoît","dept":"ZD","ins":90636,"nbv":118,"dG":23.962,"dCD":-18.724,"dED":-10.675,"dAB":20.719,"af":52.76}},{"type":"Feature","geometry":{"type":"MultiPolygon","coordinates":[[[[-10.2211,48.3824],[-10.2214,48.383],[-10.2211,48.384],[-10.2211,48.3824]]],[[[-10.2139,48.4098],[-10.2142,48.4098],[-10.2142,48.4102],[-10.2139,48.4098]]],[[[-10.966,48.3821],[-10.8715,48.5524],[-10.9065,48.6126],[-10.829,48.6705],[-10.3793,48.5704],[-10.2381,48.4684],[-10.3228,48.4105],[-10.3748,48.4671],[-10.6612,48.264],[-10.7796,48.2578],[-10.8185,48.284],[-10.9375,48.2535],[-10.8846,48.332],[-10.966,48.3821]]],[[[-10.3525,48.3922],[-10.3532,48.3925],[-10.3525,48.3928],[-10.3525,48.3922]]],[[[-10.3228,48.3722],[-10.3218,48.3719],[-10.3228,48.3716],[-10.3228,48.3722]]],[[[-10.9241,48.592],[-10.9248,48.591],[-10.9254,48.5913],[-10.9241,48.592]]],[[[-10.9424,48.5907],[-10.9437,48.59],[-10.9428,48.5907],[-10.9424,48.5907]]],[[[-10.2652,48.3778],[-10.2649,48.3775],[-10.2652,48.3771],[-10.2652,48.3778]]],[[[-10.4317,48.3863],[-10.432,48.3863],[-10.432,48.3866],[-10.4317,48.3863]]],[[[-11.0003,48.5151],[-10.9987,48.5158],[-11.0003,48.5148],[-11.0003,48.5151]]]]},"properties":{"id":"ZD-06","nm":"Sainte-Marie","dept":"ZD","ins":84755,"nbv":111,"dG":29.28,"dCD":-20.134,"dED":-11.477,"dAB":19.623,"af":53.36}},{"type":"Feature","geometry":{"type":"MultiPolygon","coordinates":[[[[-11.7622,48.1548],[-11.7043,48.2248],[-11.6111,48.1695],[-11.5238,48.2048],[-11.4908,48.1809],[-11.4872,48.1571],[-11.5281,48.1489],[-11.4934,48.107],[-11.2966,47.9815],[-11.1635,47.9609],[-11.0889,47.9059],[-11.1478,47.8294],[-11.0412,47.6761],[-11.0706,47.5691],[-11.1347,47.508],[-11.1167,47.4671],[-11.0579,47.472],[-11.0288,47.4357],[-11.034,47.4014],[-11.0464,47.4305],[-11.084,47.4226],[-11.0503,47.3585],[-11.0817,47.3255],[-11.1498,47.2928],[-11.1887,47.3291],[-11.3571,47.3648],[-11.4238,47.4799],[-11.5127,47.5332],[-11.5536,47.6241],[-11.5327,47.7578],[-11.7482,48.0318],[-11.7622,48.1548]]],[[[-11.0347,47.3563],[-11.036,47.3576],[-11.0333,47.3566],[-11.0347,47.3563]]],[[[-11.0039,47.3563],[-11.017,47.3585],[-10.997,47.3723],[-11.0039,47.3563]]],[[[-11.4539,48.1623],[-11.4542,48.1633],[-11.4539,48.1633],[-11.4539,48.1623]]],[[[-11.4532,48.1829],[-11.4764,48.195],[-11.4758,48.2006],[-11.4548,48.2038],[-11.4532,48.1829]]],[[[-11.4437,48.215],[-11.445,48.2182],[-11.4405,48.2202],[-11.4437,48.215]]],[[[-11.4568,48.1211],[-11.4578,48.1205],[-11.4575,48.1214],[-11.4568,48.1211]]],[[[-11.0242,47.5227],[-11.0235,47.5299],[-11.017,47.5322],[-11.0242,47.5227]]],[[[-11.3963,48.2284],[-11.3545,48.262],[-11.341,48.2352],[-11.3613,48.2414],[-11.3963,48.2284]]],[[[-11.3875,48.3032],[-11.3891,48.3059],[-11.3849,48.3049],[-11.3875,48.3032]]],[[[-11.5791,48.2601],[-11.5785,48.2637],[-11.5762,48.2565],[-11.5791,48.2601]]]]},"properties":{"id":"ZD-07","nm":"Saint-Paul","dept":"ZD","ins":121146,"nbv":164,"dG":11.325,"dCD":-3.994,"dED":-13.187,"dAB":18.333,"af":50.21}},{"type":"Feature","geometry":{"type":"MultiPolygon","coordinates":[[[[-7.8157,48.0338],[-7.7276,48.0664],[-7.6749,48.1444],[-7.6042,48.0279],[-7.6776,47.9338],[-7.6602,47.8774],[-7.8157,48.0338]]],[[[-8.7976,48.3122],[-8.7435,48.4099],[-8.6541,48.4535],[-8.6747,48.5007],[-8.6142,48.4952],[-8.5554,48.6099],[-8.4926,48.6355],[-8.5302,48.5438],[-8.438,48.5209],[-8.4582,48.4686],[-8.383,48.4626],[-8.4041,48.3663],[-8.3697,48.2874],[-8.2532,48.2613],[-8.2188,48.3338],[-8.1739,48.2824],[-7.9982,48.2654],[-7.8936,48.1687],[-7.8936,48.021],[-7.9615,47.9999],[-8.0766,47.8545],[-8.1509,47.9059],[-8.1922,47.882],[-8.2605,47.9614],[-8.2055,48.0159],[-8.2064,48.1191],[-8.3793,48.1581],[-8.5513,48.2645],[-8.6774,48.2558],[-8.782,48.1934],[-8.7261,48.2847],[-8.7976,48.3122]]],[[[-8.705,48.5273],[-8.7082,48.5191],[-8.7284,48.5227],[-8.705,48.5273]]],[[[-8.7439,48.5278],[-8.7439,48.525],[-8.7476,48.5305],[-8.7439,48.5278]]],[[[-8.7513,48.5356],[-8.754,48.5374],[-8.7568,48.5457],[-8.7513,48.5356]]],[[[-7.8891,47.8894],[-7.9051,47.916],[-7.9019,47.9338],[-7.8891,47.8894]]],[[[-8.8958,48.6732],[-8.8572,48.7048],[-8.7949,48.647],[-8.8563,48.6053],[-8.8958,48.6732]]]]},"properties":{"id":"ZM-01","nm":"Mamoudzou","dept":"ZM","ins":45660,"nbv":76,"dG":-26.93,"dCD":38.413,"dED":-30.093,"dAB":6.336,"af":49.31}},{"type":"Feature","geometry":{"type":"MultiPolygon","coordinates":[[[[-7.9152,47.9045],[-7.9024,47.9338],[-7.8822,47.8907],[-7.9152,47.9045]]],[[[-7.9115,47.4963],[-7.9235,47.5156],[-7.9065,47.5114],[-7.9115,47.4963]]],[[[-8.782,48.1934],[-8.6774,48.2563],[-8.544,48.2654],[-8.4032,48.1645],[-8.1867,48.12],[-8.1766,48.0113],[-8.1005,48.1127],[-7.9225,48.1375],[-7.912,48.0302],[-7.9849,47.9834],[-8.0991,47.7793],[-8.0523,47.6752],[-7.962,47.6238],[-8.0817,47.4968],[-8.0266,47.3995],[-8.1239,47.4142],[-8.1927,47.273],[-8.1606,47.189],[-8.0432,47.1532],[-8.0913,47.0955],[-8.1413,47.1051],[-8.1725,47.0597],[-8.2381,47.1514],[-8.2908,47.0418],[-8.3477,47.0152],[-8.4206,47.1234],[-8.4945,47.09],[-8.4894,47.2028],[-8.6187,47.211],[-8.5238,47.2798],[-8.5105,47.3404],[-8.5307,47.3771],[-8.5793,47.3642],[-8.655,47.4991],[-8.5233,47.5009],[-8.4977,47.3945],[-8.3821,47.3317],[-8.2904,47.3546],[-8.3422,47.3986],[-8.2959,47.4459],[-8.5724,47.7394],[-8.5321,47.7275],[-8.5022,47.7724],[-8.4958,47.888],[-8.5499,48.026],[-8.5233,48.0797],[-8.782,48.1934]]],[[[-7.9748,47.1225],[-7.9835,47.1253],[-7.9835,47.1262],[-7.9748,47.1225]]],[[[-8.0597,47.3395],[-8.056,47.3459],[-8.0551,47.3459],[-8.0597,47.3395]]]]},"properties":{"id":"ZM-02","nm":"Sada","dept":"ZM","ins":52449,"nbv":107,"dG":-31.143,"dCD":37.236,"dED":-11.17,"dAB":5.286,"af":45.16}},{"type":"Feature","geometry":{"type":"MultiPolygon","coordinates":[[[[-13.7849,45.4162],[-13.7932,45.4234],[-13.79,45.431],[-13.7961,45.4304],[-13.7918,45.4328],[-13.7961,45.4359],[-13.8096,45.431],[-13.8428,45.4437],[-13.8487,45.4502],[-13.852,45.4604],[-13.8604,45.4625],[-13.868,45.468],[-13.8745,45.4691],[-13.89,45.4922],[-13.8894,45.4973],[-13.892,45.4994],[-13.8938,45.4993],[-13.8963,45.4985],[-13.8979,45.4976],[-13.8986,45.4939],[-13.901,45.4926],[-13.9035,45.4939],[-13.9048,45.4977],[-13.9089,45.4947],[-13.9143,45.4959],[-13.9092,45.5011],[-13.9099,45.5056],[-13.9141,45.508],[-13.92,45.507],[-13.9178,45.511],[-13.919,45.5137],[-13.9255,45.5181],[-13.9279,45.5144],[-13.927,45.5087],[-13.9291,45.5051],[-13.932,45.5034],[-13.9347,45.5041],[-13.9384,45.509],[-13.9347,45.5181],[-13.9431,45.5227],[-13.9664,45.5502],[-13.9683,45.5688],[-13.9705,45.5717],[-13.9757,45.57],[-13.9737,45.5776],[-13.9794,45.5792],[-13.9781,45.5824],[-13.9831,45.5811],[-13.9837,45.5779],[-13.9868,45.5775],[-13.9893,45.5796],[-13.9903,45.5838],[-13.9954,45.5836],[-13.9976,45.582],[-13.9959,45.5792],[-13.9996,45.5755],[-14.0046,45.5882],[-14.008,45.5934],[-14.0125,45.596],[-14.0073,45.5995],[-14.0199,45.6073],[-14.0134,45.6094],[-14.0145,45.6145],[-14.0237,45.6179],[-14.0238,45.6221],[-14.0297,45.6194],[-14.0404,45.6275],[-14.0517,45.6295],[-14.0562,45.6369],[-14.0671,45.6409],[-14.0906,45.6611],[-14.0933,45.6654],[-14.0833,45.6665],[-14.0812,45.6707],[-14.0828,45.6742],[-14.0956,45.6805],[-14.1016,45.6932],[-14.1066,45.6961],[-14.1147,45.7147],[-14.1203,45.7129],[-14.123,45.7177],[-14.1402,45.7283],[-14.1443,45.7342],[-14.1494,45.7535],[-14.1589,45.7594],[-14.1602,45.765],[-14.1571,45.7656],[-14.1498,45.7631],[-14.1472,45.7659],[-14.1461,45.7788],[-14.1472,45.7807],[-14.1564,45.7892],[-14.1724,45.791],[-14.1703,45.7981],[-14.172,45.7999],[-14.1759,45.7984],[-14.1747,45.7957],[-14.1763,45.7927],[-14.1814,45.7892],[-14.1855,45.7902],[-14.1874,45.7952],[-14.1937,45.7991],[-14.1928,45.8044],[-14.1878,45.8081],[-14.1796,45.8058],[-14.1771,45.809],[-14.1833,45.8186],[-14.1781,45.8225],[-14.1796,45.8296],[-14.1836,45.8327],[-14.1945,45.8296],[-14.1908,45.8372],[-14.1947,45.8385],[-14.1961,45.841],[-14.1945,45.8482],[-14.1887,45.8482],[-14.1783,45.8411],[-14.1741,45.8365],[-14.1714,45.8301],[-14.1628,45.826],[-14.1387,45.8001],[-14.1262,45.7934],[-14.1208,45.7925],[-14.113,45.7946],[-14.1066,45.7843],[-14.1017,45.7836],[-14.1081,45.7961],[-14.1093,45.807],[-14.0581,45.7894],[-14.0495,45.7822],[-14.0311,45.7614],[-14.0154,45.7537],[-14.0069,45.7465],[-13.9959,45.7426],[-13.9844,45.7296],[-13.9779,45.7258],[-13.9682,45.7129],[-13.9541,45.701],[-13.9432,45.696],[-13.9391,45.6922],[-13.9404,45.6887],[-13.9356,45.6855],[-13.9246,45.6851],[-13.9049,45.6719],[-13.8762,45.6665],[-13.8717,45.6626],[-13.8677,45.6647],[-13.8626,45.6637],[-13.8499,45.6504],[-13.8511,45.6463],[-13.8484,45.6352],[-13.8456,45.6313],[-13.834,45.6235],[-13.8326,45.6193],[-13.816,45.6165],[-13.8097,45.6136],[-13.8108,45.6046],[-13.8144,45.5949],[-13.8114,45.5849],[-13.7855,45.5654],[-13.7745,45.5634],[-13.775,45.5587],[-13.7713,45.5607],[-13.7671,45.5575],[-13.7671,45.5471],[-13.7713,45.5495],[-13.7675,45.5438],[-13.7671,45.5435],[-13.7671,45.4079],[-13.7849,45.4162]]],[[[-14.148,45.8539],[-14.1461,45.8539],[-14.1341,45.8387],[-14.1273,45.8278],[-14.1325,45.8291],[-14.1465,45.8373],[-14.148,45.8539]]],[[[-14.2001,45.852],[-14.2041,45.8507],[-14.2067,45.8528],[-14.2093,45.8594],[-14.206,45.8701],[-14.2038,45.8707],[-14.2012,45.8685],[-14.1991,45.8611],[-14.1964,45.8578],[-14.1982,45.8482],[-14.2001,45.852]]],[[[-14.2898,45.9455],[-14.2904,45.9626],[-14.2919,45.9666],[-14.2964,45.9692],[-14.2947,45.9726],[-14.2872,45.9664],[-14.2746,45.9343],[-14.2818,45.9282],[-14.2898,45.9455]]]]},"properties":{"id":"ZN-01","nm":"Nouméa","dept":"ZN","ins":97070,"nbv":107,"dG":-36.246,"dCD":29.018,"dED":-29.187,"dAB":4.528,"af":53.91}},{"type":"Feature","geometry":{"type":"MultiPolygon","coordinates":[[[[-13.3763,45.2601],[-13.3726,45.2542],[-13.3783,45.2397],[-13.3817,45.2358],[-13.383,45.2383],[-13.3905,45.2341],[-13.3891,45.2303],[-13.4027,45.2219],[-13.4094,45.2229],[-13.4039,45.2248],[-13.4001,45.2286],[-13.4062,45.228],[-13.414,45.2419],[-13.4178,45.2341],[-13.4201,45.2353],[-13.4244,45.2434],[-13.4207,45.2451],[-13.4232,45.2484],[-13.4256,45.2476],[-13.4274,45.244],[-13.429,45.2333],[-13.428,45.2303],[-13.4224,45.2266],[-13.4336,45.2276],[-13.4401,45.2229],[-13.4469,45.2243],[-13.4505,45.2277],[-13.4502,45.2315],[-13.4449,45.2341],[-13.4449,45.2358],[-13.4557,45.236],[-13.4595,45.2384],[-13.4578,45.2434],[-13.4596,45.2451],[-13.4637,45.2437],[-13.47,45.2459],[-13.4794,45.254],[-13.4883,45.2508],[-13.4973,45.254],[-13.5006,45.2581],[-13.4975,45.2612],[-13.503,45.2647],[-13.5136,45.2656],[-13.5212,45.2513],[-13.5266,45.2526],[-13.5282,45.2508],[-13.5261,45.2457],[-13.5289,45.2445],[-13.5325,45.2457],[-13.5318,45.2572],[-13.5299,45.2619],[-13.5375,45.2625],[-13.5431,45.2676],[-13.5343,45.2673],[-13.5305,45.2683],[-13.5282,45.2711],[-13.5331,45.2714],[-13.5348,45.2737],[-13.5338,45.2824],[-13.5449,45.2824],[-13.5477,45.2748],[-13.5511,45.2743],[-13.555,45.2685],[-13.5576,45.2675],[-13.5584,45.272],[-13.556,45.2748],[-13.5654,45.2824],[-13.5619,45.2898],[-13.5662,45.2872],[-13.5733,45.2886],[-13.5728,45.2861],[-13.578,45.2842],[-13.5868,45.288],[-13.5915,45.288],[-13.5917,45.2931],[-13.5942,45.2972],[-13.6081,45.3056],[-13.6114,45.3061],[-13.6155,45.3009],[-13.6212,45.3046],[-13.6192,45.3122],[-13.6122,45.3085],[-13.61,45.3096],[-13.6116,45.3164],[-13.6192,45.3214],[-13.6062,45.3196],[-13.6065,45.3224],[-13.6141,45.3267],[-13.6118,45.3343],[-13.6139,45.3404],[-13.6267,45.3456],[-13.63,45.3437],[-13.6318,45.3445],[-13.6284,45.3493],[-13.6333,45.3526],[-13.6341,45.3585],[-13.6399,45.3535],[-13.6409,45.3449],[-13.6489,45.3456],[-13.6481,45.341],[-13.6499,45.3388],[-13.6599,45.3483],[-13.6684,45.3513],[-13.6739,45.3602],[-13.6852,45.3667],[-13.6993,45.3659],[-13.7019,45.3674],[-13.7026,45.3715],[-13.6969,45.3691],[-13.7063,45.3787],[-13.7048,45.3854],[-13.7101,45.3856],[-13.7112,45.384],[-13.7101,45.3787],[-13.7146,45.3802],[-13.7159,45.3917],[-13.7231,45.3998],[-13.7231,45.4049],[-13.7251,45.4049],[-13.7301,45.3972],[-13.738,45.3937],[-13.7381,45.4023],[-13.7401,45.4034],[-13.7453,45.4031],[-13.7457,45.3999],[-13.7488,45.3994],[-13.7671,45.4079],[-13.7671,45.5435],[-13.7583,45.5385],[-13.7528,45.5273],[-13.7302,45.5207],[-13.7251,45.516],[-13.7172,45.518],[-13.7099,45.5142],[-13.7046,45.5077],[-13.7026,45.5014],[-13.6978,45.5025],[-13.6949,45.491],[-13.6896,45.4865],[-13.6925,45.4918],[-13.6915,45.4959],[-13.6864,45.4972],[-13.6822,45.4922],[-13.6804,45.4975],[-13.6843,45.5033],[-13.6794,45.5021],[-13.6643,45.4765],[-13.6655,45.4741],[-13.6713,45.4754],[-13.6693,45.4726],[-13.6582,45.4661],[-13.6598,45.4636],[-13.6526,45.4652],[-13.6605,45.4818],[-13.661,45.4868],[-13.659,45.4887],[-13.6536,45.4857],[-13.6452,45.4772],[-13.6332,45.4745],[-13.6327,45.4726],[-13.6377,45.47],[-13.6323,45.468],[-13.6304,45.4569],[-13.6242,45.4598],[-13.6192,45.4598],[-13.6007,45.4456],[-13.5942,45.4429],[-13.5915,45.4382],[-13.582,45.4323],[-13.5504,45.4214],[-13.5504,45.4197],[-13.558,45.4197],[-13.5541,45.4122],[-13.5355,45.407],[-13.5324,45.4018],[-13.5219,45.3945],[-13.5181,45.3853],[-13.5116,45.3824],[-13.5136,45.3807],[-13.4954,45.3629],[-13.4716,45.3454],[-13.469,45.3493],[-13.456,45.3419],[-13.456,45.3399],[-13.4652,45.3363],[-13.4652,45.3343],[-13.4551,45.3343],[-13.4465,45.3315],[-13.4449,45.3327],[-13.44,45.3251],[-13.4141,45.3196],[-13.3965,45.3074],[-13.3905,45.2968],[-13.3909,45.2898],[-13.394,45.2847],[-13.3876,45.283],[-13.3817,45.2748],[-13.3721,45.2676],[-13.3713,45.2623],[-13.3763,45.2601]]],[[[-13.763,45.5543],[-13.7549,45.5439],[-13.7636,45.5451],[-13.7671,45.5471],[-13.7671,45.5575],[-13.763,45.5543]]],[[[-13.5375,45.6702],[-13.5449,45.6739],[-13.5407,45.6758],[-13.5266,45.6757],[-13.5279,45.6733],[-13.5375,45.6702]]],[[[-13.4683,45.7451],[-13.4792,45.7445],[-13.4852,45.7414],[-13.4938,45.7218],[-13.4931,45.7101],[-13.4916,45.7082],[-13.4802,45.7092],[-13.4905,45.6906],[-13.4992,45.6824],[-13.517,45.6776],[-13.5208,45.6813],[-13.5129,45.6856],[-13.4995,45.7016],[-13.4992,45.7229],[-13.4912,45.7359],[-13.4872,45.7465],[-13.4884,45.7516],[-13.496,45.7607],[-13.4987,45.7594],[-13.4981,45.7618],[-13.4911,45.7663],[-13.4872,45.7668],[-13.4839,45.7652],[-13.4782,45.7555],[-13.4671,45.7482],[-13.4683,45.7451]]],[[[-13.2329,45.1584],[-13.2361,45.1651],[-13.2388,45.1656],[-13.2402,45.1635],[-13.2388,45.1534],[-13.2425,45.1474],[-13.2511,45.1484],[-13.2665,45.1543],[-13.265,45.1769],[-13.2628,45.1822],[-13.258,45.1834],[-13.2436,45.1788],[-13.2297,45.1633],[-13.2296,45.1562],[-13.2329,45.1584]]],[[[-13.4231,45.2123],[-13.4263,45.2138],[-13.4336,45.2099],[-13.4336,45.2083],[-13.4284,45.2075],[-13.4319,45.2039],[-13.442,45.207],[-13.4369,45.2189],[-13.4336,45.221],[-13.4272,45.2219],[-13.4224,45.2174],[-13.4231,45.2123]]],[[[-12.2045,45.2357],[-12.2036,45.2353],[-12.2041,45.2345],[-12.2045,45.2357]]],[[[-13.0748,45.4314],[-13.0995,45.4215],[-13.111,45.4225],[-13.1204,45.427],[-13.1199,45.4345],[-13.1256,45.4369],[-13.14,45.4386],[-13.1461,45.4364],[-13.1479,45.4402],[-13.1416,45.4448],[-13.139,45.4485],[-13.1385,45.4532],[-13.1479,45.4643],[-13.1514,45.4809],[-13.161,45.4959],[-13.1501,45.4984],[-13.1348,45.4935],[-13.1124,45.509],[-13.1117,45.5054],[-13.1167,45.4982],[-13.1182,45.4931],[-13.1135,45.4836],[-13.107,45.4772],[-13.0986,45.4754],[-13.0889,45.4765],[-13.0719,45.4829],[-13.0701,45.4773],[-13.0702,45.4675],[-13.0721,45.4571],[-13.0756,45.4495],[-13.0748,45.4314]]],[[[-13.2647,45.5757],[-13.2653,45.5599],[-13.267,45.5565],[-13.2741,45.5515],[-13.2903,45.5554],[-13.2926,45.5635],[-13.3035,45.5664],[-13.3075,45.5751],[-13.3323,45.5776],[-13.3403,45.5801],[-13.3474,45.5858],[-13.3538,45.5923],[-13.356,45.5988],[-13.3617,45.6008],[-13.3633,45.6036],[-13.3613,45.6108],[-13.3722,45.6201],[-13.3743,45.6238],[-13.3577,45.6226],[-13.347,45.6265],[-13.3308,45.646],[-13.3282,45.6513],[-13.3297,45.6572],[-13.3474,45.6648],[-13.3679,45.6626],[-13.3672,45.671],[-13.364,45.6768],[-13.3585,45.6794],[-13.3493,45.6808],[-13.3435,45.6779],[-13.3381,45.6776],[-13.3334,45.6804],[-13.3316,45.686],[-13.3223,45.6887],[-13.302,45.678],[-13.2983,45.6776],[-13.2964,45.6727],[-13.3037,45.6582],[-13.3018,45.648],[-13.2983,45.6406],[-13.3037,45.6285],[-13.3028,45.6265],[-13.2903,45.619],[-13.2755,45.6157],[-13.2702,45.6073],[-13.2741,45.5977],[-13.2718,45.5947],[-13.2595,45.5899],[-13.2541,45.5826],[-13.263,45.5796],[-13.2647,45.5757]]]]},"properties":{"id":"ZN-02","nm":"Dumbéa","dept":"ZN","ins":121185,"nbv":181,"dG":-32.376,"dCD":23.469,"dED":-33.227,"dAB":0.471,"af":52.02}},{"type":"Feature","geometry":{"type":"MultiPolygon","coordinates":[[[[-11.1607,45.0818],[-11.1603,45.0822],[-11.1569,45.0827],[-11.1547,45.082],[-11.1542,45.0807],[-11.1553,45.0794],[-11.1591,45.079],[-11.1606,45.0804],[-11.1607,45.0818]]],[[[-11.3195,45.155],[-11.3207,45.1593],[-11.3212,45.1612],[-11.3204,45.1629],[-11.3196,45.1629],[-11.3187,45.1619],[-11.3177,45.16],[-11.3183,45.1556],[-11.3195,45.155]]],[[[-11.1561,45.563],[-11.166,45.5655],[-11.1675,45.5706],[-11.1689,45.5719],[-11.1704,45.5751],[-11.1707,45.5767],[-11.1699,45.5807],[-11.1674,45.5831],[-11.164,45.5845],[-11.1563,45.5858],[-11.1524,45.5852],[-11.1507,45.5845],[-11.1507,45.5641],[-11.1561,45.563]]],[[[-11.2576,45.5708],[-11.2566,45.572],[-11.2563,45.5711],[-11.2567,45.57],[-11.2576,45.5708]]],[[[-11.194,45.5823],[-11.196,45.5842],[-11.1966,45.586],[-11.1941,45.5876],[-11.1926,45.5877],[-11.1916,45.586],[-11.1909,45.586],[-11.1888,45.5871],[-11.1872,45.5866],[-11.1862,45.5882],[-11.183,45.588],[-11.1846,45.5833],[-11.1861,45.5811],[-11.1879,45.5795],[-11.1895,45.5796],[-11.194,45.5823]]],[[[-11.1656,45.6293],[-11.1643,45.6298],[-11.1659,45.6282],[-11.1656,45.6293]]],[[[-11.3227,45.6378],[-11.324,45.6384],[-11.3244,45.637],[-11.3257,45.6366],[-11.3282,45.6377],[-11.3291,45.6405],[-11.3293,45.6497],[-11.3282,45.6507],[-11.327,45.6508],[-11.3241,45.6499],[-11.3174,45.6404],[-11.3227,45.6378]]],[[[-11.5404,45.6476],[-11.5393,45.6471],[-11.5378,45.6427],[-11.5389,45.6438],[-11.5404,45.6476]]],[[[-11.2866,45.6448],[-11.2871,45.6438],[-11.2883,45.6436],[-11.2904,45.6454],[-11.2901,45.6474],[-11.2867,45.6487],[-11.2854,45.6471],[-11.2858,45.6446],[-11.2866,45.6448]]],[[[-11.2908,45.6535],[-11.2897,45.6546],[-11.288,45.65],[-11.2912,45.6483],[-11.2917,45.6494],[-11.2908,45.6535]]],[[[-11.3332,45.663],[-11.3321,45.664],[-11.3277,45.6642],[-11.3282,45.663],[-11.3258,45.663],[-11.3248,45.6618],[-11.325,45.6609],[-11.3265,45.6601],[-11.3269,45.6562],[-11.3335,45.6594],[-11.3332,45.663]]],[[[-11.3545,45.6717],[-11.3541,45.673],[-11.3527,45.6735],[-11.3518,45.6725],[-11.3513,45.6689],[-11.3526,45.6689],[-11.3538,45.6701],[-11.3545,45.6717]]],[[[-11.3954,45.6762],[-11.394,45.676],[-11.395,45.6753],[-11.3956,45.6757],[-11.3954,45.6762]]],[[[-11.5892,45.7292],[-11.59,45.7289],[-11.5894,45.7312],[-11.5907,45.7319],[-11.5896,45.7321],[-11.589,45.7307],[-11.5892,45.7292]]]]},"properties":{"id":"ZP-01","nm":"Papeete","dept":"ZP","ins":73776,"nbv":112,"dG":-31.058,"dCD":28.617,"dED":-31.663,"dAB":1.585,"af":50.79}},{"type":"Feature","geometry":{"type":"MultiPolygon","coordinates":[[[[-11.0039,45.038],[-11.0061,45.0386],[-11.0061,45.0392],[-11.0045,45.0397],[-10.9995,45.0403],[-11.0002,45.0392],[-11.0039,45.038]]],[[[-11.1442,45.5631],[-11.1454,45.5666],[-11.1462,45.5666],[-11.1475,45.5648],[-11.1507,45.5641],[-11.1507,45.5845],[-11.1488,45.5838],[-11.1459,45.5819],[-11.1438,45.5785],[-11.1437,45.5695],[-11.1416,45.5671],[-11.1381,45.5662],[-11.1313,45.5655],[-11.1293,45.5633],[-11.1283,45.5594],[-11.129,45.5556],[-11.1319,45.5537],[-11.1392,45.5557],[-11.1442,45.5631]]],[[[-10.8914,45.7048],[-10.889,45.7054],[-10.8871,45.7043],[-10.8863,45.7022],[-10.8872,45.7001],[-10.8896,45.7004],[-10.8917,45.7014],[-10.8926,45.7029],[-10.8914,45.7048]]],[[[-10.8494,45.7236],[-10.8539,45.7278],[-10.8508,45.7258],[-10.8494,45.7245],[-10.8494,45.7236]]],[[[-11.0495,45.7271],[-11.0495,45.7263],[-11.0513,45.7254],[-11.0531,45.7266],[-11.0537,45.7286],[-11.0534,45.7303],[-11.0522,45.731],[-11.0495,45.7271]]],[[[-10.8999,45.7309],[-10.8995,45.7289],[-10.9013,45.7319],[-10.8999,45.7309]]],[[[-10.8768,45.7721],[-10.8753,45.7716],[-10.8747,45.7701],[-10.8755,45.7665],[-10.875,45.77],[-10.8759,45.7717],[-10.8768,45.7721]]],[[[-10.913,45.7799],[-10.9117,45.7797],[-10.9106,45.7789],[-10.9094,45.7765],[-10.9114,45.7793],[-10.913,45.7799]]],[[[-10.9647,45.7799],[-10.9643,45.7789],[-10.9647,45.7793],[-10.9659,45.7799],[-10.9647,45.7799]]],[[[-11.0083,45.7802],[-11.0072,45.7797],[-11.0108,45.7813],[-11.0104,45.7815],[-11.0083,45.7802]]],[[[-10.9895,45.7939],[-10.9862,45.792],[-10.9833,45.7894],[-10.9895,45.7939]]],[[[-11.0244,45.7938],[-11.0243,45.7942],[-11.0239,45.7929],[-11.0244,45.7938]]],[[[-11.0345,45.8033],[-11.0337,45.8],[-11.037,45.8037],[-11.0392,45.805],[-11.0449,45.8065],[-11.0374,45.8053],[-11.0345,45.8033]]],[[[-11.089,45.8124],[-11.0847,45.8114],[-11.0832,45.8103],[-11.0836,45.8089],[-11.0853,45.8108],[-11.089,45.8124]]],[[[-10.8802,45.843],[-10.8787,45.8465],[-10.8814,45.8483],[-10.879,45.848],[-10.878,45.8465],[-10.8784,45.8445],[-10.8802,45.843]]],[[[-10.8543,45.8476],[-10.8552,45.8476],[-10.8515,45.8484],[-10.8543,45.8476]]],[[[-10.8461,45.8561],[-10.8508,45.8559],[-10.846,45.8567],[-10.844,45.8563],[-10.845,45.8542],[-10.8446,45.8559],[-10.8461,45.8561]]],[[[-10.7133,44.7152],[-10.7155,44.7157],[-10.7162,44.7173],[-10.7164,44.7199],[-10.7156,44.7221],[-10.7138,44.7228],[-10.7114,44.7212],[-10.7109,44.7204],[-10.7126,44.7187],[-10.712,44.7169],[-10.7133,44.7152]]],[[[-10.4519,45.4391],[-10.4507,45.4403],[-10.4494,45.44],[-10.4486,45.4387],[-10.4488,45.4371],[-10.4491,45.4384],[-10.4509,45.4395],[-10.4519,45.4391]]],[[[-10.4022,45.5089],[-10.4009,45.5066],[-10.4029,45.5089],[-10.4078,45.5112],[-10.4103,45.5137],[-10.4022,45.5089]]],[[[-10.4227,45.5351],[-10.4204,45.5313],[-10.4145,45.5261],[-10.4139,45.5237],[-10.4161,45.5268],[-10.4201,45.5296],[-10.422,45.5331],[-10.4268,45.5373],[-10.4227,45.5351]]],[[[-10.6069,45.5558],[-10.6078,45.5546],[-10.6086,45.555],[-10.6076,45.5564],[-10.6069,45.5561],[-10.6059,45.5538],[-10.6069,45.5558]]],[[[-10.4151,45.5549],[-10.4149,45.557],[-10.4104,45.5637],[-10.3992,45.5695],[-10.3969,45.5693],[-10.3965,45.5676],[-10.3972,45.5657],[-10.4015,45.5613],[-10.4057,45.559],[-10.4106,45.5546],[-10.4143,45.5544],[-10.4151,45.5549]]],[[[-10.5698,45.5825],[-10.5644,45.5792],[-10.5628,45.5768],[-10.5644,45.5749],[-10.5634,45.5766],[-10.5698,45.5825]]],[[[-10.805,45.5866],[-10.8096,45.5924],[-10.8071,45.5902],[-10.805,45.5866]]],[[[-10.6383,45.5906],[-10.6415,45.5913],[-10.6382,45.5911],[-10.6369,45.5903],[-10.6362,45.589],[-10.6383,45.5906]]],[[[-10.4664,45.5948],[-10.467,45.5973],[-10.468,45.598],[-10.4704,45.5983],[-10.4686,45.5986],[-10.4673,45.598],[-10.4665,45.5967],[-10.4664,45.5948]]],[[[-10.8232,45.5988],[-10.8232,45.6004],[-10.822,45.5954],[-10.8232,45.5988]]],[[[-10.606,45.6275],[-10.6075,45.6276],[-10.6094,45.6291],[-10.6067,45.6282],[-10.606,45.6275]]],[[[-10.696,45.6506],[-10.6957,45.6519],[-10.6934,45.6525],[-10.6919,45.6513],[-10.6909,45.6489],[-10.693,45.6514],[-10.6943,45.6521],[-10.696,45.6506]]],[[[-10.7035,45.6589],[-10.7026,45.6586],[-10.7011,45.6568],[-10.7037,45.6584],[-10.7035,45.6589]]],[[[-10.6338,45.6566],[-10.6396,45.6604],[-10.6479,45.6606],[-10.6406,45.6613],[-10.6385,45.6608],[-10.6338,45.6566]]],[[[-10.6539,45.6598],[-10.6609,45.6642],[-10.6579,45.6635],[-10.653,45.66],[-10.6497,45.6595],[-10.6539,45.6598]]],[[[-10.6747,45.6739],[-10.6722,45.6713],[-10.6708,45.6677],[-10.6735,45.6717],[-10.6762,45.6738],[-10.6805,45.6754],[-10.6747,45.6739]]],[[[-10.7089,45.6753],[-10.7115,45.6783],[-10.7088,45.6761],[-10.7081,45.6744],[-10.7085,45.673],[-10.7089,45.6753]]],[[[-10.7205,45.6862],[-10.7185,45.6848],[-10.7213,45.6858],[-10.7231,45.6855],[-10.7238,45.6866],[-10.7232,45.686],[-10.7219,45.6865],[-10.7205,45.6862]]],[[[-10.825,45.7071],[-10.8241,45.7037],[-10.8218,45.7002],[-10.8203,45.694],[-10.8167,45.6901],[-10.8147,45.6853],[-10.8137,45.6842],[-10.8154,45.6852],[-10.8178,45.6901],[-10.8198,45.6924],[-10.8218,45.6967],[-10.823,45.701],[-10.8244,45.7029],[-10.825,45.7071]]],[[[-10.5562,45.7124],[-10.5603,45.7048],[-10.5597,45.7068],[-10.5562,45.7124]]],[[[-10.825,45.7095],[-10.8331,45.7088],[-10.8287,45.7104],[-10.8265,45.7108],[-10.825,45.7095]]],[[[-10.7926,45.7236],[-10.7912,45.7228],[-10.7867,45.7183],[-10.7926,45.7236]]],[[[-10.7773,45.7247],[-10.7773,45.7224],[-10.7789,45.7262],[-10.7835,45.7331],[-10.7861,45.7348],[-10.7838,45.7344],[-10.7773,45.7247]]],[[[-10.4195,45.7295],[-10.4164,45.7299],[-10.4187,45.7279],[-10.4195,45.728],[-10.4201,45.7289],[-10.4195,45.7295]]],[[[-10.7423,45.7372],[-10.7408,45.7373],[-10.7399,45.7367],[-10.7397,45.7357],[-10.7407,45.735],[-10.7422,45.7356],[-10.7423,45.7372]]],[[[-10.8195,45.7611],[-10.8136,45.7591],[-10.8104,45.7587],[-10.8094,45.7579],[-10.8099,45.7573],[-10.8116,45.7585],[-10.8173,45.7595],[-10.8195,45.7611]]],[[[-10.792,45.8324],[-10.7942,45.8262],[-10.7923,45.8266],[-10.789,45.8289],[-10.7914,45.8266],[-10.7947,45.8254],[-10.795,45.8264],[-10.792,45.8324]]],[[[-10.7653,45.8494],[-10.7625,45.8506],[-10.762,45.8503],[-10.7623,45.849],[-10.7684,45.8453],[-10.7726,45.8418],[-10.7684,45.8459],[-10.7646,45.8479],[-10.7627,45.8498],[-10.7649,45.8489],[-10.7726,45.8476],[-10.771,45.8486],[-10.7653,45.8494]]],[[[-10.4473,45.8715],[-10.4441,45.8694],[-10.4445,45.8688],[-10.4473,45.8715]]],[[[-10.4009,45.2284],[-10.3993,45.2295],[-10.3977,45.2283],[-10.3963,45.2263],[-10.3963,45.2236],[-10.3974,45.2231],[-10.3997,45.2238],[-10.4013,45.2259],[-10.4009,45.2284]]],[[[-10.4052,45.4451],[-10.403,45.4464],[-10.4008,45.4453],[-10.4,45.4435],[-10.4021,45.4427],[-10.4008,45.4444],[-10.4017,45.4453],[-10.4052,45.4451]]],[[[-10.398,46.404],[-10.3997,46.4028],[-10.4012,46.4025],[-10.4019,46.4018],[-10.4032,46.398],[-10.404,46.3971],[-10.4049,46.397],[-10.4057,46.3981],[-10.4057,46.4012],[-10.4039,46.4037],[-10.401,46.4048],[-10.398,46.404]]]]},"properties":{"id":"ZP-02","nm":"Mahina","dept":"ZP","ins":65826,"nbv":73,"dG":-37.07,"dCD":27.165,"dED":-33.127,"dAB":5.971,"af":54.87}},{"type":"Feature","geometry":{"type":"MultiPolygon","coordinates":[[[[-9.9159,45.1026],[-9.9159,45.1033],[-9.914,45.1034],[-9.9112,45.1056],[-9.9093,45.1062],[-9.9129,45.1015],[-9.9159,45.1026]]],[[[-10.0141,45.198],[-10.0142,45.1971],[-10.016,45.1962],[-10.0141,45.198]]],[[[-10.2464,45.2103],[-10.2445,45.2102],[-10.2516,45.2102],[-10.2499,45.2109],[-10.2464,45.2103]]],[[[-10.3951,45.2243],[-10.3963,45.2236],[-10.3963,45.2263],[-10.3951,45.2243]]],[[[-9.9545,45.2413],[-9.9535,45.2397],[-9.9593,45.2432],[-9.9574,45.243],[-9.9545,45.2413]]],[[[-10.0324,45.2448],[-10.034,45.2453],[-10.0355,45.2445],[-10.0348,45.2455],[-10.0326,45.2456],[-10.0324,45.2448]]],[[[-10.0472,45.2561],[-10.0457,45.2566],[-10.0451,45.256],[-10.0454,45.255],[-10.0466,45.2541],[-10.046,45.2556],[-10.0472,45.2561]]],[[[-10.0555,45.2569],[-10.0559,45.2573],[-10.0549,45.257],[-10.0546,45.2557],[-10.0555,45.2569]]],[[[-10.0637,45.2575],[-10.0641,45.2579],[-10.0639,45.2579],[-10.0634,45.2578],[-10.0637,45.2575]]],[[[-10.0626,45.2577],[-10.0637,45.2589],[-10.0646,45.2585],[-10.064,45.2593],[-10.0629,45.2587],[-10.0626,45.2577]]],[[[-10.2182,45.3038],[-10.2162,45.3009],[-10.2156,45.2972],[-10.2175,45.2956],[-10.2162,45.2969],[-10.216,45.2979],[-10.218,45.303],[-10.2188,45.3036],[-10.2204,45.3032],[-10.2201,45.3035],[-10.2182,45.3038]]],[[[-10.2701,45.3017],[-10.2691,45.3022],[-10.2696,45.3019],[-10.2701,45.3017]]],[[[-10.3786,45.3996],[-10.3764,45.4017],[-10.3767,45.4027],[-10.3788,45.4039],[-10.3782,45.4043],[-10.3761,45.4029],[-10.3756,45.402],[-10.3758,45.401],[-10.3786,45.3996]]],[[[-10.2751,45.4258],[-10.275,45.4273],[-10.2759,45.4279],[-10.2749,45.4279],[-10.2743,45.4266],[-10.2751,45.4258]]],[[[-10.24,45.4317],[-10.2413,45.4323],[-10.2398,45.4324],[-10.24,45.4317]]],[[[-10.2397,45.4756],[-10.2428,45.4772],[-10.2416,45.4771],[-10.2404,45.4768],[-10.2397,45.4756]]],[[[-10.0329,45.4983],[-10.0346,45.4998],[-10.0385,45.5019],[-10.0396,45.5022],[-10.0399,45.5007],[-10.0411,45.5019],[-10.0394,45.5026],[-10.0366,45.5016],[-10.0328,45.4987],[-10.0284,45.4971],[-10.0262,45.4956],[-10.027,45.4937],[-10.0271,45.4955],[-10.0284,45.4967],[-10.0329,45.4983]]],[[[-10.0895,45.5186],[-10.0867,45.5163],[-10.0844,45.5136],[-10.0834,45.5114],[-10.0916,45.5196],[-10.0895,45.5186]]],[[[-10.211,45.5976],[-10.2095,45.5968],[-10.2112,45.5968],[-10.2112,45.5982],[-10.21,45.5997],[-10.2082,45.6003],[-10.211,45.5976]]],[[[-10.3533,45.7173],[-10.3555,45.7174],[-10.358,45.716],[-10.3563,45.7177],[-10.354,45.718],[-10.3525,45.7174],[-10.3527,45.716],[-10.3533,45.7173]]],[[[-10.2305,46.1824],[-10.2311,46.1838],[-10.2312,46.1853],[-10.23,46.1883],[-10.2316,46.1923],[-10.2275,46.1919],[-10.2263,46.1911],[-10.2249,46.1884],[-10.2249,46.1851],[-10.2263,46.1824],[-10.2293,46.1817],[-10.2305,46.1824]]],[[[-10.2657,46.2322],[-10.2687,46.2276],[-10.2698,46.2291],[-10.2694,46.2324],[-10.2698,46.234],[-10.2678,46.2371],[-10.2664,46.2385],[-10.2622,46.2363],[-10.2616,46.2355],[-10.2657,46.2322]]],[[[-10.2607,46.2459],[-10.2622,46.2455],[-10.2622,46.2429],[-10.2628,46.2414],[-10.2636,46.2414],[-10.2683,46.2426],[-10.2698,46.2436],[-10.2716,46.2458],[-10.2723,46.2483],[-10.272,46.2494],[-10.2693,46.2503],[-10.2619,46.2545],[-10.2588,46.2551],[-10.2561,46.2547],[-10.2541,46.2517],[-10.2525,46.251],[-10.246,46.2499],[-10.2434,46.2511],[-10.2415,46.2513],[-10.2462,46.2468],[-10.2482,46.246],[-10.2536,46.2452],[-10.2607,46.2459]]],[[[-10.3528,46.2771],[-10.3569,46.2828],[-10.352,46.2867],[-10.3498,46.287],[-10.3479,46.285],[-10.3468,46.2846],[-10.3456,46.2852],[-10.3487,46.2773],[-10.3512,46.2763],[-10.3528,46.2771]]],[[[-10.3104,46.3186],[-10.31,46.3199],[-10.3115,46.3237],[-10.3087,46.3269],[-10.308,46.3269],[-10.3074,46.326],[-10.3044,46.3261],[-10.3016,46.3247],[-10.3006,46.3234],[-10.3011,46.3223],[-10.3024,46.3214],[-10.3077,46.3208],[-10.3092,46.3201],[-10.3104,46.3186]]],[[[-10.3498,46.322],[-10.3515,46.3217],[-10.3534,46.3228],[-10.3544,46.3219],[-10.3578,46.3208],[-10.3586,46.3201],[-10.359,46.3187],[-10.3599,46.319],[-10.3628,46.321],[-10.3634,46.3222],[-10.3647,46.3286],[-10.3657,46.3299],[-10.3645,46.333],[-10.3619,46.3335],[-10.351,46.3317],[-10.3477,46.3318],[-10.3456,46.3328],[-10.3475,46.3299],[-10.3452,46.3279],[-10.3445,46.3249],[-10.3449,46.3236],[-10.348,46.3251],[-10.3485,46.3233],[-10.3498,46.322]]]]},"properties":{"id":"ZP-03","nm":"Faaa","dept":"ZP","ins":62717,"nbv":65,"dG":-36.645,"dCD":27.949,"dED":-36.571,"dAB":1.358,"af":50.12}},{"type":"Feature","geometry":{"type":"MultiPolygon","coordinates":[[[[-9.2523,45.0729],[-9.2145,45.0306],[-9.1552,45.0028],[-9.1552,44.9959],[-9.2183,44.9959],[-9.2668,45.0105],[-9.2964,45.0683],[-9.2886,45.0841],[-9.2523,45.0729]]],[[[-7.234,46.1241],[-7.2036,46.068],[-7.2138,46.047],[-7.2062,46.0332],[-7.2228,46.0306],[-7.2201,45.995],[-7.2255,45.983],[-7.238,45.9804],[-7.2617,45.9916],[-7.2788,46.0411],[-7.2617,46.054],[-7.2692,46.0752],[-7.2491,46.1114],[-7.234,46.1241]]]]},"properties":{"id":"ZW-01","nm":"Wallis-Et-Futuna","dept":"ZW","ins":717,"nbv":1,"dG":-22.982,"dCD":51.246,"dED":-27.652,"dAB":-25.127,"af":19.34}},{"type":"Feature","geometry":{"type":"MultiPolygon","coordinates":[[[[-12.5525,42.602],[-12.6492,42.7788],[-12.6421,42.8301],[-12.2036,42.7499],[-12.3928,42.5596],[-12.4818,42.5525],[-12.5525,42.602]]],[[[-13.535,43.4448],[-14.0618,43.6139],[-14.0618,43.6428],[-14.2227,43.5986],[-14.2964,43.6622],[-13.9976,43.7123],[-13.8491,43.8962],[-13.535,43.9675],[-13.4943,43.4884],[-13.535,43.4448]]]]},"properties":{"id":"ZX-01","nm":"Saint-Martin","dept":"ZX","ins":25227,"nbv":24,"dG":-39.563,"dCD":43.845,"dED":-23.581,"dAB":23.658,"af":65.25}},{"type":"Feature","geometry":{"type":"Polygon","coordinates":[[[-14.375,40.1],[-13.375,40.1],[-13.375,41.1],[-14.375,41.1],[-14.375,40.1]]]},"properties":{"id":"ZZ-01","nm":"Montreal","dept":"ZZ","ins":265932,"nbv":15,"dG":-1.602,"dCD":14.475,"dED":-20.152,"dAB":24.163,"af":69.04}},{"type":"Feature","geometry":{"type":"Polygon","coordinates":[[[-13.125,40.1],[-12.125,40.1],[-12.125,41.1],[-13.125,41.1],[-13.125,40.1]]]},"properties":{"id":"ZZ-02","nm":"Mexico","dept":"ZZ","ins":81400,"nbv":25,"dG":-0.291,"dCD":9.86,"dED":-18.867,"dAB":32.066,"af":76.05}},{"type":"Feature","geometry":{"type":"Polygon","coordinates":[[[-11.875,40.1],[-10.875,40.1],[-10.875,41.1],[-11.875,41.1],[-11.875,40.1]]]},"properties":{"id":"ZZ-03","nm":"Londres","dept":"ZZ","ins":160634,"nbv":11,"dG":3.283,"dCD":12.759,"dED":-23.098,"dAB":17.103,"af":64.07}},{"type":"Feature","geometry":{"type":"Polygon","coordinates":[[[-10.625,40.1],[-9.625,40.1],[-9.625,41.1],[-10.625,41.1],[-10.625,40.1]]]},"properties":{"id":"ZZ-04","nm":"Bruxelles","dept":"ZZ","ins":158039,"nbv":3,"dG":2.952,"dCD":10.667,"dED":-19.905,"dAB":15.518,"af":58.96}},{"type":"Feature","geometry":{"type":"Polygon","coordinates":[[[-9.375,40.1],[-8.375,40.1],[-8.375,41.1],[-9.375,41.1],[-9.375,40.1]]]},"properties":{"id":"ZZ-05","nm":"Madrid","dept":"ZZ","ins":115502,"nbv":6,"dG":-0.816,"dCD":6.996,"dED":-14.016,"dAB":21.982,"af":68.41}},{"type":"Feature","geometry":{"type":"Polygon","coordinates":[[[-8.125,40.1],[-7.125,40.1],[-7.125,41.1],[-8.125,41.1],[-8.125,40.1]]]},"properties":{"id":"ZZ-06","nm":"Geneve","dept":"ZZ","ins":159746,"nbv":2,"dG":-4.882,"dCD":14.862,"dED":-16.534,"dAB":22.193,"af":62.46}},{"type":"Feature","geometry":{"type":"Polygon","coordinates":[[[-14.375,38.5],[-13.375,38.5],[-13.375,39.5],[-14.375,39.5],[-14.375,38.5]]]},"properties":{"id":"ZZ-07","nm":"Berlin","dept":"ZZ","ins":130824,"nbv":22,"dG":2.346,"dCD":11.15,"dED":-22.551,"dAB":15.56,"af":59.38}},{"type":"Feature","geometry":{"type":"Polygon","coordinates":[[[-13.125,38.5],[-12.125,38.5],[-12.125,39.5],[-13.125,39.5],[-13.125,38.5]]]},"properties":{"id":"ZZ-08","nm":"Tel Aviv","dept":"ZZ","ins":144844,"nbv":12,"dG":-22.753,"dCD":33.145,"dED":-23.116,"dAB":33.121,"af":81.1}},{"type":"Feature","geometry":{"type":"Polygon","coordinates":[[[-11.875,38.5],[-10.875,38.5],[-10.875,39.5],[-11.875,39.5],[-11.875,38.5]]]},"properties":{"id":"ZZ-09","nm":"Casablanca","dept":"ZZ","ins":130387,"nbv":18,"dG":19.403,"dCD":-6.341,"dED":-21.415,"dAB":32.227,"af":71.84}},{"type":"Feature","geometry":{"type":"Polygon","coordinates":[[[-10.625,38.5],[-9.625,38.5],[-9.625,39.5],[-10.625,39.5],[-10.625,38.5]]]},"properties":{"id":"ZZ-10","nm":"Beyrouth","dept":"ZZ","ins":113791,"nbv":46,"dG":-5.983,"dCD":12.233,"dED":-15.508,"dAB":26.659,"af":65.28}},{"type":"Feature","geometry":{"type":"Polygon","coordinates":[[[-9.375,38.5],[-8.375,38.5],[-8.375,39.5],[-9.375,39.5],[-9.375,38.5]]]},"properties":{"id":"ZZ-11","nm":"Sydney","dept":"ZZ","ins":104526,"nbv":48,"dG":-1.36,"dCD":6.03,"dED":-13.469,"dAB":18.805,"af":62.42}}]}